[DEBUG] [Audio] SDL version: 3.4.14
[DEBUG] [Audio] Available audio drivers: 3
[DEBUG] [Audio] Driver[0]: alsa
[DEBUG] [Audio] Driver[1]: disk
[DEBUG] [Audio] Driver[2]: dummy
[DEBUG] [Audio] Audio subsystem before init: not initialized
[DEBUG] [Audio] Current audio driver after init: alsa
[DEBUG] [Audio] Playback device count: 3
[DEBUG] [Audio] Playback device[0]: HD-Audio Generic:HDMI 0 id=15
[DEBUG] [Audio] Playback device[1]: HD-Audio Generic:ALC236 Analog id=19
[DEBUG] [Audio] Playback device[2]: ALSA default playback device id=31
[DEBUG] [Audio] Audio stream opened: yes
[DEBUG] [Audio] Procedural vehicle audio initialized, driver=alsa
[DEBUG] [Audio] Callback count=1 additionalBytes=8192 totalBytes=8192
[DEBUG] [Audio] GenerateAudio rpm=883.070862 torque=0.000000 speed=0.080182 slip=0.000000 running=1
[DEBUG] [Audio] Submitted bytes=8192
[DEBUG] [Tire] FL grounded=1 omega=-5.416 wheelSpeed=-0.095 Vx=-0.215 Vy=-0.074 slipVel=-0.120 kappa=0.120 alpha=0.000 Fz=7801.951 Fx=7411.854 Fy=-0.000
[DEBUG] [Tire] FR grounded=1 omega=0.000 wheelSpeed=-0.197 Vx=-0.144 Vy=-0.031 slipVel=0.054 kappa=-0.054 alpha=0.000 Fz=7768.359 Fx=-4079.274 Fy=-0.000
[DEBUG] [Tire] RL grounded=1 omega=-4.914 wheelSpeed=-0.024 Vx=-0.158 Vy=0.016 slipVel=-0.134 kappa=0.134 alpha=0.000 Fz=7481.136 Fx=7107.079 Fy=-0.000
[DEBUG] [Tire] RR grounded=1 omega=-3.793 wheelSpeed=-0.034 Vx=-0.098 Vy=0.073 slipVel=-0.064 kappa=0.064 alpha=0.000 Fz=7482.895 Fx=5096.327 Fy=-0.000
[DEBUG] [Tire] FL grounded=1 omega=-1.232 wheelSpeed=-1.844 Vx=-0.223 Vy=-0.012 slipVel=1.621 kappa=-0.879 alpha=0.000 Fz=3449.447 Fx=-3059.660 Fy=-0.000
[DEBUG] [Tire] FR grounded=1 omega=-4.947 wheelSpeed=-0.046 Vx=-0.194 Vy=0.061 slipVel=-0.148 kappa=0.148 alpha=0.000 Fz=3414.275 Fx=3243.562 Fy=-0.000
[DEBUG] [Tire] RL grounded=1 omega=-1.153 wheelSpeed=-1.792 Vx=-0.128 Vy=-0.014 slipVel=1.664 kappa=-0.929 alpha=0.000 Fz=3384.636 Fx=-3002.172 Fy=-0.000
[DEBUG] [Tire] RR grounded=1 omega=-1.060 wheelSpeed=-1.647 Vx=-0.119 Vy=0.077 slipVel=1.528 kappa=-0.928 alpha=0.000 Fz=3111.377 Fx=-2759.791 Fy=-0.000
[DEBUG] [Tire] FL grounded=1 omega=-1.097 wheelSpeed=-0.350 Vx=-0.351 Vy=-0.004 slipVel=-0.001 kappa=0.001 alpha=0.000 Fz=102.932 Fx=2.711 Fy=-0.000
[DEBUG] [Tire] FR grounded=1 omega=-0.973 wheelSpeed=-0.272 Vx=-0.303 Vy=0.051 slipVel=-0.031 kappa=0.031 alpha=0.000 Fz=212.103 Fx=82.889 Fy=-0.000
[DEBUG] [Tire] RL grounded=1 omega=-0.863 wheelSpeed=-0.276 Vx=-0.281 Vy=0.039 slipVel=-0.005 kappa=0.005 alpha=0.000 Fz=8.412 Fx=0.579 Fy=-0.000
[DEBUG] [Tire] RR grounded=1 omega=-0.765 wheelSpeed=0.000 Vx=0.000 Vy=0.000 slipVel=0.000 kappa=0.000 alpha=0.000 Fz=0.000 Fx=0.000 Fy=0.000
[DEBUG] [Tire] FL grounded=1 omega=-1.114 wheelSpeed=-0.353 Vx=-0.353 Vy=0.045 slipVel=0.001 kappa=-0.001 alpha=0.000 Fz=749.092 Fx=6.735 Fy=-0.000
[DEBUG] [Tire] FR grounded=1 omega=-1.003 wheelSpeed=-0.311 Vx=-0.312 Vy=0.070 slipVel=-0.001 kappa=0.001 alpha=0.000 Fz=851.360 Fx=20.549 Fy=-0.000
[DEBUG] [Tire] RL grounded=1 omega=-1.048 wheelSpeed=-0.320 Vx=-0.322 Vy=0.099 slipVel=-0.002 kappa=0.002 alpha=0.000 Fz=844.638 Fx=32.449 Fy=-0.000
[DEBUG] [Tire] RR grounded=1 omega=-0.891 wheelSpeed=-0.290 Vx=-0.288 Vy=0.128 slipVel=0.003 kappa=-0.003 alpha=0.000 Fz=775.955 Fx=-10.287 Fy=-0.000
[DEBUG] [Tire] FL grounded=1 omega=-3.683 wheelSpeed=-0.297 Vx=-0.394 Vy=0.084 slipVel=-0.097 kappa=0.097 alpha=0.000 Fz=1957.574 Fx=1859.695 Fy=-0.000
[DEBUG] [Tire] FR grounded=1 omega=-2.903 wheelSpeed=-0.043 Vx=-0.351 Vy=0.091 slipVel=-0.308 kappa=0.308 alpha=0.000 Fz=2038.273 Fx=1869.097 Fy=-0.000
[DEBUG] [Tire] RL grounded=1 omega=-2.732 wheelSpeed=0.000 Vx=-0.387 Vy=0.155 slipVel=-0.387 kappa=0.387 alpha=0.000 Fz=2011.383 Fx=1844.439 Fy=-0.000
[DEBUG] [Tire] RR grounded=1 omega=0.000 wheelSpeed=-0.752 Vx=-0.344 Vy=0.162 slipVel=0.408 kappa=-0.408 alpha=0.000 Fz=1948.445 Fx=-1728.271 Fy=-0.000
[DEBUG] [Energy] x=0.083 y=2.909 z=-0.177 vx=0.136 vy=0.135 vz=-0.357 total=34573.859 potential=33961.371 linear=97.499 angular=0.971 wheels=8.676 suspension=505.345 suspensionPower=1248.104 suspensionResidual=0.000
[DEBUG] [Tire] FL grounded=1 omega=-4.452 wheelSpeed=-0.227 Vx=-0.456 Vy=0.124 slipVel=-0.229 kappa=0.229 alpha=0.000 Fz=2739.757 Fx=2526.224 Fy=-0.000
[DEBUG] [Tire] FR grounded=1 omega=-3.801 wheelSpeed=0.000 Vx=-0.416 Vy=0.123 slipVel=-0.416 kappa=0.416 alpha=0.000 Fz=2798.143 Fx=2565.897 Fy=-0.000
[DEBUG] [Tire] RL grounded=1 omega=-3.552 wheelSpeed=0.000 Vx=-0.457 Vy=0.193 slipVel=-0.457 kappa=0.457 alpha=0.000 Fz=2614.966 Fx=2397.923 Fy=-0.000
[DEBUG] [Tire] RR grounded=1 omega=-1.323 wheelSpeed=-0.417 Vx=-0.416 Vy=0.193 slipVel=0.001 kappa=-0.001 alpha=0.000 Fz=2561.237 Fx=14.116 Fy=-0.000
[DEBUG] [Tire] FL grounded=1 omega=0.000 wheelSpeed=-1.121 Vx=-0.490 Vy=0.094 slipVel=0.631 kappa=-0.563 alpha=0.000 Fz=2781.021 Fx=-2466.766 Fy=-0.000
[DEBUG] [Tire] FR grounded=1 omega=-4.833 wheelSpeed=-0.105 Vx=-0.490 Vy=0.092 slipVel=-0.385 kappa=0.385 alpha=0.000 Fz=3316.654 Fx=3041.372 Fy=-0.000
[DEBUG] [Tire] RL grounded=1 omega=-3.558 wheelSpeed=-0.012 Vx=-0.490 Vy=0.091 slipVel=-0.479 kappa=0.479 alpha=0.000 Fz=2592.033 Fx=2376.895 Fy=-0.000
[DEBUG] [Tire] RR grounded=1 omega=-3.980 wheelSpeed=0.000 Vx=-0.493 Vy=0.090 slipVel=-0.493 kappa=0.493 alpha=0.090 Fz=3033.372 Fx=2686.737 Fy=-1041.950
[DEBUG] [Tire] FL grounded=1 omega=0.000 wheelSpeed=-1.064 Vx=-0.527 Vy=0.034 slipVel=0.537 kappa=-0.505 alpha=0.034 Fz=2680.546 Fx=-2377.644 Fy=-469.418
[DEBUG] [Tire] FR grounded=1 omega=-0.597 wheelSpeed=-0.544 Vx=-0.524 Vy=0.033 slipVel=0.020 kappa=-0.020 alpha=0.033 Fz=3453.091 Fx=-744.914 Fy=-572.165
[DEBUG] [Tire] RL grounded=1 omega=-3.634 wheelSpeed=-0.062 Vx=-0.527 Vy=0.038 slipVel=-0.465 kappa=0.465 alpha=0.038 Fz=2533.482 Fx=2323.203 Fy=-484.190
[DEBUG] [Tire] RR grounded=1 omega=-4.396 wheelSpeed=0.000 Vx=-0.526 Vy=0.037 slipVel=-0.526 kappa=0.526 alpha=0.037 Fz=3235.893 Fx=2967.314 Fy=-602.544
[DEBUG] [Tire] FL grounded=1 omega=-0.381 wheelSpeed=-1.236 Vx=-0.536 Vy=0.022 slipVel=0.700 kappa=-0.566 alpha=0.022 Fz=2649.756 Fx=-2350.334 Fy=-298.259
[DEBUG] [Tire] FR grounded=1 omega=0.000 wheelSpeed=-0.927 Vx=-0.540 Vy=0.022 slipVel=0.387 kappa=-0.387 alpha=0.022 Fz=3307.545 Fx=-2933.793 Fy=-377.902
[DEBUG] [Tire] RL grounded=1 omega=-4.399 wheelSpeed=-0.262 Vx=-0.536 Vy=0.014 slipVel=-0.274 kappa=0.274 alpha=0.014 Fz=2635.689 Fx=2416.927 Fy=-189.391
[DEBUG] [Tire] RR grounded=1 omega=-5.075 wheelSpeed=-0.218 Vx=-0.541 Vy=0.013 slipVel=-0.323 kappa=0.323 alpha=0.013 Fz=3235.401 Fx=2966.862 Fy=-222.636
[DEBUG] [Tire] FL grounded=1 omega=-1.117 wheelSpeed=-1.469 Vx=-0.549 Vy=-0.000 slipVel=0.920 kappa=-0.626 alpha=-0.000 Fz=2643.714 Fx=-2344.974 Fy=3.962
[DEBUG] [Tire] FR grounded=1 omega=-1.077 wheelSpeed=-1.655 Vx=-0.539 Vy=0.000 slipVel=1.116 kappa=-0.674 alpha=0.000 Fz=3116.868 Fx=-2764.662 Fy=-7.405
[DEBUG] [Tire] RL grounded=1 omega=-4.375 wheelSpeed=-0.196 Vx=-0.549 Vy=0.018 slipVel=-0.353 kappa=0.353 alpha=0.018 Fz=2770.291 Fx=2540.357 Fy=-267.339
[DEBUG] [Tire] RR grounded=1 omega=0.000 wheelSpeed=-1.104 Vx=-0.539 Vy=0.017 slipVel=0.565 kappa=-0.512 alpha=0.017 Fz=3202.841 Fx=-2840.920 Fy=-278.977
[DEBUG] [Performance] FPS=61 PhysicsHz=120
[DEBUG] [Energy] x=0.130 y=2.893 z=-0.421 vx=0.000 vy=-0.022 vz=-0.562 total=34561.746 potential=33775.746 linear=188.372 angular=0.597 wheels=23.472 suspension=573.559 suspensionPower=-21.120 suspensionResidual=0.000
[DEBUG] [Audio] Submitted bytes=409600
[DEBUG] [Tire] FL grounded=1 omega=-1.315 wheelSpeed=-1.543 Vx=-0.579 Vy=-0.002 slipVel=0.965 kappa=-0.625 alpha=-0.002 Fz=2670.724 Fx=-2368.932 Fy=32.463
[DEBUG] [Tire] FR grounded=1 omega=-1.330 wheelSpeed=-1.691 Vx=-0.578 Vy=-0.001 slipVel=1.113 kappa=-0.658 alpha=-0.001 Fz=3009.484 Fx=-2669.412 Fy=14.811
[DEBUG] [Tire] RL grounded=1 omega=0.000 wheelSpeed=-1.125 Vx=-0.579 Vy=0.003 slipVel=0.546 kappa=-0.486 alpha=0.003 Fz=2840.500 Fx=-2519.524 Fy=-40.742
[DEBUG] [Tire] RR grounded=1 omega=0.000 wheelSpeed=-1.247 Vx=-0.577 Vy=0.001 slipVel=0.670 kappa=-0.538 alpha=0.001 Fz=3149.312 Fx=-2793.440 Fy=-20.535
[DEBUG] [Tire] FL grounded=1 omega=-3.266 wheelSpeed=0.000 Vx=-0.689 Vy=-0.067 slipVel=-0.689 kappa=0.689 alpha=-0.067 Fz=2671.015 Fx=2205.679 Fy=1254.474
[DEBUG] [Tire] FR grounded=1 omega=-5.225 wheelSpeed=-0.399 Vx=-0.687 Vy=-0.066 slipVel=-0.288 kappa=0.288 alpha=-0.066 Fz=3242.221 Fx=2686.758 Fy=1506.125
[DEBUG] [Tire] RL grounded=1 omega=-1.247 wheelSpeed=-1.405 Vx=-0.688 Vy=-0.065 slipVel=0.718 kappa=-0.511 alpha=-0.065 Fz=2574.460 Fx=-2123.332 Fy=1213.711
[DEBUG] [Tire] RR grounded=1 omega=0.000 wheelSpeed=-1.119 Vx=-0.687 Vy=-0.065 slipVel=0.432 kappa=-0.386 alpha=-0.065 Fz=3144.119 Fx=-2593.091 Fy=1482.407
[DEBUG] [Tire] FL grounded=1 omega=-2.982 wheelSpeed=0.000 Vx=-0.807 Vy=-0.086 slipVel=-0.807 kappa=0.807 alpha=-0.086 Fz=2781.986 Fx=2014.092 Fy=1711.223
[DEBUG] [Tire] FR grounded=1 omega=0.000 wheelSpeed=-0.977 Vx=-0.792 Vy=-0.086 slipVel=0.185 kappa=-0.185 alpha=-0.086 Fz=3351.121 Fx=-2511.851 Fy=1955.938
[DEBUG] [Tire] RL grounded=1 omega=-2.837 wheelSpeed=0.000 Vx=-0.805 Vy=-0.064 slipVel=-0.805 kappa=0.805 alpha=-0.064 Fz=2452.222 Fx=1915.294 Fy=1326.174
[DEBUG] [Tire] RR grounded=1 omega=0.000 wheelSpeed=-0.917 Vx=-0.793 Vy=-0.064 slipVel=0.124 kappa=-0.124 alpha=-0.064 Fz=3054.334 Fx=-2523.434 Fy=1432.364
[DEBUG] [Tire] FL grounded=1 omega=-3.378 wheelSpeed=0.000 Vx=-0.883 Vy=-0.049 slipVel=-0.883 kappa=0.883 alpha=-0.049 Fz=2828.249 Fx=2281.390 Fy=1419.278
[DEBUG] [Tire] FR grounded=1 omega=-1.372 wheelSpeed=-0.907 Vx=-0.880 Vy=-0.049 slipVel=0.027 kappa=-0.027 alpha=-0.049 Fz=3287.685 Fx=-988.040 Fy=1843.774
[DEBUG] [Tire] RL grounded=1 omega=-3.006 wheelSpeed=0.000 Vx=-0.881 Vy=-0.049 slipVel=-0.881 kappa=0.881 alpha=-0.049 Fz=2504.146 Fx=2028.916 Fy=1242.115
[DEBUG] [Tire] RR grounded=1 omega=-6.138 wheelSpeed=-0.802 Vx=-0.881 Vy=-0.048 slipVel=-0.080 kappa=0.080 alpha=-0.048 Fz=3015.765 Fx=2452.691 Fy=1480.674
[DEBUG] [Tire] FL grounded=1 omega=-3.552 wheelSpeed=-0.223 Vx=-0.861 Vy=-0.064 slipVel=-0.638 kappa=0.638 alpha=-0.064 Fz=2544.465 Fx=1927.913 Fy=1458.152
[DEBUG] [Tire] FR grounded=1 omega=-1.055 wheelSpeed=-1.470 Vx=-0.862 Vy=-0.062 slipVel=0.608 kappa=-0.414 alpha=-0.062 Fz=3159.649 Fx=-2389.217 Fy=1817.043
[DEBUG] [Tire] RL grounded=1 omega=-2.445 wheelSpeed=-1.690 Vx=-0.858 Vy=-0.069 slipVel=0.832 kappa=-0.492 alpha=-0.069 Fz=2618.611 Fx=-1914.218 Fy=1588.812
[DEBUG] [Tire] RR grounded=1 omega=-0.047 wheelSpeed=-0.912 Vx=-0.863 Vy=-0.070 slipVel=0.049 kappa=-0.049 alpha=-0.070 Fz=3304.662 Fx=-1891.444 Fy=2483.347
[DEBUG] [Energy] x=0.136 y=2.880 z=-0.810 vx=0.073 vy=-0.035 vz=-0.911 total=34697.895 potential=33617.355 linear=497.366 angular=2.008 wheels=16.157 suspension=565.008 suspensionPower=-39.877 suspensionResidual=-0.000
[DEBUG] [Tire] FL grounded=1 omega=-2.702 wheelSpeed=-1.757 Vx=-0.911 Vy=-0.060 slipVel=0.846 kappa=-0.481 alpha=-0.060 Fz=2542.580 Fx=-1882.673 Fy=1513.256
[DEBUG] [Tire] FR grounded=1 omega=-6.163 wheelSpeed=-0.843 Vx=-0.917 Vy=-0.058 slipVel=-0.074 kappa=0.074 alpha=-0.058 Fz=3216.284 Fx=2383.665 Fy=1911.554
[DEBUG] [Tire] RL grounded=1 omega=-3.912 wheelSpeed=-0.406 Vx=-0.908 Vy=-0.076 slipVel=-0.502 kappa=0.502 alpha=-0.075 Fz=2558.050 Fx=1784.496 Fy=1649.604
[DEBUG] [Tire] RR grounded=1 omega=-1.335 wheelSpeed=-0.947 Vx=-0.918 Vy=-0.076 slipVel=0.029 kappa=-0.029 alpha=-0.076 Fz=3331.979 Fx=-1097.128 Fy=2878.982
[DEBUG] [Tire] FL grounded=1 omega=-2.523 wheelSpeed=-1.732 Vx=-0.926 Vy=-0.050 slipVel=0.806 kappa=-0.465 alpha=-0.049 Fz=2496.152 Fx=-1952.561 Fy=1345.651
[DEBUG] [Tire] FR grounded=1 omega=0.000 wheelSpeed=-1.159 Vx=-0.938 Vy=-0.048 slipVel=0.221 kappa=-0.191 alpha=-0.047 Fz=3176.980 Fx=-2562.264 Fy=1594.967
[DEBUG] [Tire] RL grounded=1 omega=-1.687 wheelSpeed=-1.372 Vx=-0.923 Vy=-0.075 slipVel=0.450 kappa=-0.328 alpha=-0.075 Fz=2578.507 Fx=-1755.904 Fy=1707.997
[DEBUG] [Tire] RR grounded=1 omega=-5.436 wheelSpeed=-0.643 Vx=-0.939 Vy=-0.075 slipVel=-0.296 kappa=0.296 alpha=-0.075 Fz=3385.689 Fx=2312.551 Fy=2235.478
[DEBUG] [Tire] FL grounded=1 omega=-3.733 wheelSpeed=-0.416 Vx=-1.032 Vy=-0.087 slipVel=-0.616 kappa=0.597 alpha=-0.084 Fz=2597.527 Fx=1644.039 Fy=1840.227
[DEBUG] [Tire] FR grounded=1 omega=-5.834 wheelSpeed=-0.948 Vx=-1.015 Vy=-0.086 slipVel=-0.067 kappa=0.066 alpha=-0.084 Fz=3356.756 Fx=1938.828 Fy=2531.827
[DEBUG] [Tire] RL grounded=1 omega=-3.486 wheelSpeed=-0.329 Vx=-1.029 Vy=-0.066 slipVel=-0.700 kappa=0.680 alpha=-0.064 Fz=2377.990 Fx=1658.521 Fy=1533.884
[DEBUG] [Tire] RR grounded=1 omega=-0.225 wheelSpeed=-1.092 Vx=-1.017 Vy=-0.065 slipVel=0.075 kappa=-0.069 alpha=-0.063 Fz=3314.972 Fx=-2150.977 Fy=2300.197
[DEBUG] [Tire] FL grounded=1 omega=-4.595 wheelSpeed=-0.638 Vx=-1.055 Vy=-0.074 slipVel=-0.416 kappa=0.395 alpha=-0.070 Fz=2603.437 Fx=1756.702 Fy=1740.987
[DEBUG] [Tire] FR grounded=1 omega=-0.297 wheelSpeed=-1.213 Vx=-1.033 Vy=-0.072 slipVel=0.179 kappa=-0.148 alpha=-0.070 Fz=3273.082 Fx=-2358.778 Fy=2026.008
[DEBUG] [Tire] RL grounded=1 omega=-3.703 wheelSpeed=-0.254 Vx=-1.052 Vy=-0.044 slipVel=-0.798 kappa=0.759 alpha=-0.042 Fz=2440.805 Fx=1964.415 Fy=1231.967
[DEBUG] [Tire] RR grounded=1 omega=-0.179 wheelSpeed=-1.321 Vx=-1.035 Vy=-0.043 slipVel=0.286 kappa=-0.217 alpha=-0.042 Fz=3321.507 Fx=-2665.443 Fy=1688.835
[DEBUG] [Tire] FL grounded=1 omega=-2.984 wheelSpeed=-1.698 Vx=-1.031 Vy=-0.077 slipVel=0.666 kappa=-0.393 alpha=-0.074 Fz=2419.130 Fx=-1567.790 Fy=1680.368
[DEBUG] [Tire] FR grounded=1 omega=-1.170 wheelSpeed=-1.393 Vx=-1.046 Vy=-0.074 slipVel=0.347 kappa=-0.249 alpha=-0.071 Fz=3259.720 Fx=-2150.173 Fy=2228.568
[DEBUG] [Tire] RL grounded=1 omega=-5.208 wheelSpeed=-0.886 Vx=-1.026 Vy=-0.110 slipVel=-0.140 kappa=0.137 alpha=-0.107 Fz=2446.196 Fx=1646.838 Fy=1639.625
[DEBUG] [Tire] RR grounded=1 omega=-0.292 wheelSpeed=-1.202 Vx=-1.047 Vy=-0.110 slipVel=0.155 kappa=-0.129 alpha=-0.105 Fz=3509.505 Fx=-2338.031 Fy=2376.840
[DEBUG] [Performance] FPS=60 PhysicsHz=120
[DEBUG] [Energy] x=0.162 y=2.861 z=-1.319 vx=0.012 vy=-0.041 vz=-1.098 total=34748.043 potential=33395.176 linear=718.268 angular=2.228 wheels=68.010 suspension=564.361 suspensionPower=-56.201 suspensionResidual=-0.000
[DEBUG] [Tire] FL grounded=1 omega=-5.149 wheelSpeed=-0.753 Vx=-1.092 Vy=-0.049 slipVel=-0.340 kappa=0.311 alpha=-0.045 Fz=2395.415 Fx=1888.093 Fy=1270.300
[DEBUG] [Tire] FR grounded=1 omega=-5.506 wheelSpeed=-1.077 Vx=-1.118 Vy=-0.048 slipVel=-0.041 kappa=0.037 alpha=-0.043 Fz=3157.597 Fx=1445.336 Fy=1868.504
[DEBUG] [Tire] RL grounded=1 omega=-3.528 wheelSpeed=-1.859 Vx=-1.092 Vy=-0.093 slipVel=0.767 kappa=-0.413 alpha=-0.085 Fz=2490.195 Fx=-1540.075 Fy=1795.728
[DEBUG] [Tire] RR grounded=1 omega=-0.616 wheelSpeed=-1.306 Vx=-1.118 Vy=-0.093 slipVel=0.188 kappa=-0.144 alpha=-0.083 Fz=3407.532 Fx=-2339.183 Fy=2237.722
[DEBUG] [Audio] Callback count=100 additionalBytes=8192 totalBytes=8192
[DEBUG] [Audio] Submitted bytes=819200
[DEBUG] [Tire] FL grounded=1 omega=-5.044 wheelSpeed=-0.801 Vx=-1.155 Vy=-0.073 slipVel=-0.354 kappa=0.306 alpha=-0.063 Fz=2452.654 Fx=1715.217 Fy=1577.032
[DEBUG] [Tire] FR grounded=1 omega=-1.240 wheelSpeed=-1.493 Vx=-1.175 Vy=-0.073 slipVel=0.317 kappa=-0.213 alpha=-0.062 Fz=3285.225 Fx=-2311.702 Fy=2096.771
[DEBUG] [Tire] RL grounded=1 omega=-3.032 wheelSpeed=-1.667 Vx=-1.154 Vy=-0.109 slipVel=0.512 kappa=-0.307 alpha=-0.095 Fz=2437.905 Fx=-1468.874 Fy=1790.617
[DEBUG] [Tire] RR grounded=1 omega=-1.450 wheelSpeed=-1.243 Vx=-1.176 Vy=-0.109 slipVel=0.067 kappa=-0.054 alpha=-0.092 Fz=3427.661 Fx=-1643.202 Fy=2811.268
[DEBUG] [Tire] FL grounded=1 omega=-4.407 wheelSpeed=-0.585 Vx=-1.229 Vy=-0.081 slipVel=-0.643 kappa=0.524 alpha=-0.066 Fz=2529.692 Fx=1740.213 Fy=1657.427
[DEBUG] [Tire] FR grounded=1 omega=-6.951 wheelSpeed=-1.053 Vx=-1.238 Vy=-0.081 slipVel=-0.185 kappa=0.149 alpha=-0.066 Fz=3329.477 Fx=2470.049 Fy=1975.713
[DEBUG] [Tire] RL grounded=1 omega=-3.446 wheelSpeed=-1.824 Vx=-1.229 Vy=-0.099 slipVel=0.596 kappa=-0.326 alpha=-0.080 Fz=2416.337 Fx=-1522.210 Fy=1718.223
[DEBUG] [Tire] RR grounded=1 omega=-6.870 wheelSpeed=-1.068 Vx=-1.239 Vy=-0.098 slipVel=-0.171 kappa=0.138 alpha=-0.079 Fz=3373.191 Fx=2384.488 Fy=2140.849
[DEBUG] [Tire] FL grounded=1 omega=-5.508 wheelSpeed=-0.896 Vx=-1.306 Vy=-0.083 slipVel=-0.409 kappa=0.314 alpha=-0.064 Fz=2617.391 Fx=1826.885 Fy=1686.796
[DEBUG] [Tire] FR grounded=1 omega=-6.442 wheelSpeed=-1.244 Vx=-1.303 Vy=-0.084 slipVel=-0.058 kappa=0.045 alpha=-0.064 Fz=3340.165 Fx=1723.715 Fy=2664.156
[DEBUG] [Tire] RL grounded=1 omega=-4.171 wheelSpeed=-0.523 Vx=-1.306 Vy=-0.079 slipVel=-0.783 kappa=0.599 alpha=-0.060 Fz=2404.334 Fx=1711.594 Fy=1512.493
[DEBUG] [Tire] RR grounded=1 omega=-7.286 wheelSpeed=-1.192 Vx=-1.303 Vy=-0.078 slipVel=-0.111 kappa=0.085 alpha=-0.060 Fz=3283.126 Fx=2404.683 Fy=1986.322
[DEBUG] [Tire] FL grounded=1 omega=-5.551 wheelSpeed=-0.870 Vx=-1.307 Vy=-0.067 slipVel=-0.438 kappa=0.335 alpha=-0.051 Fz=2535.048 Fx=1912.566 Fy=1463.550
[DEBUG] [Tire] FR grounded=1 omega=-2.197 wheelSpeed=-1.852 Vx=-1.320 Vy=-0.067 slipVel=0.532 kappa=-0.287 alpha=-0.051 Fz=3232.465 Fx=-2423.330 Fy=1886.144
[DEBUG] [Tire] RL grounded=1 omega=-3.520 wheelSpeed=-1.923 Vx=-1.307 Vy=-0.089 slipVel=0.616 kappa=-0.320 alpha=-0.068 Fz=2510.693 Fx=-1679.771 Fy=1693.325
[DEBUG] [Tire] RR grounded=1 omega=-7.291 wheelSpeed=-1.202 Vx=-1.320 Vy=-0.089 slipVel=-0.118 kappa=0.089 alpha=-0.067 Fz=3355.190 Fx=2385.159 Fy=2114.410
[DEBUG] [Energy] x=0.177 y=2.826 z=-1.936 vx=0.046 vy=-0.074 vz=-1.319 total=34665.918 potential=32991.961 linear=1039.827 angular=1.519 wheels=67.433 suspension=565.176 suspensionPower=-33.176 suspensionResidual=0.000
[DEBUG] [Tire] FL grounded=1 omega=-5.099 wheelSpeed=-0.783 Vx=-1.367 Vy=-0.083 slipVel=-0.584 kappa=0.427 alpha=-0.061 Fz=2521.454 Fx=1790.090 Fy=1591.675
[DEBUG] [Tire] FR grounded=1 omega=-2.003 wheelSpeed=-1.741 Vx=-1.373 Vy=-0.083 slipVel=0.368 kappa=-0.211 alpha=-0.060 Fz=3256.177 Fx=-2320.015 Fy=2046.084
[DEBUG] [Tire] RL grounded=1 omega=-3.699 wheelSpeed=-1.967 Vx=-1.367 Vy=-0.094 slipVel=0.601 kappa=-0.305 alpha=-0.069 Fz=2482.041 Fx=-1653.342 Fy=1681.171
[DEBUG] [Tire] RR grounded=1 omega=-7.443 wheelSpeed=-1.199 Vx=-1.373 Vy=-0.094 slipVel=-0.174 kappa=0.127 alpha=-0.068 Fz=3370.429 Fx=2495.488 Fy=2006.179
[DEBUG] [Tire] FL grounded=1 omega=-5.022 wheelSpeed=-0.834 Vx=-1.440 Vy=-0.111 slipVel=-0.606 kappa=0.421 alpha=-0.077 Fz=2508.092 Fx=1631.178 Fy=1736.795
[DEBUG] [Tire] FR grounded=1 omega=-2.650 wheelSpeed=-1.500 Vx=-1.439 Vy=-0.111 slipVel=0.061 kappa=-0.040 alpha=-0.077 Fz=3351.482 Fx=-1375.156 Fy=2871.622
[DEBUG] [Tire] RL grounded=1 omega=-6.422 wheelSpeed=-1.248 Vx=-1.440 Vy=-0.111 slipVel=-0.192 kappa=0.133 alpha=-0.077 Fz=2383.054 Fx=1701.450 Fy=1493.425
[DEBUG] [Tire] RR grounded=1 omega=-1.727 wheelSpeed=-1.555 Vx=-1.439 Vy=-0.109 slipVel=0.116 kappa=-0.074 alpha=-0.076 Fz=3384.321 Fx=-2114.420 Fy=2422.010
[DEBUG] [Tire] FL grounded=1 omega=-5.608 wheelSpeed=-0.899 Vx=-1.512 Vy=-0.088 slipVel=-0.613 kappa=0.406 alpha=-0.058 Fz=2616.441 Fx=1890.322 Fy=1613.997
[DEBUG] [Tire] FR grounded=1 omega=-7.983 wheelSpeed=-1.371 Vx=-1.509 Vy=-0.088 slipVel=-0.138 kappa=0.092 alpha=-0.058 Fz=3323.781 Fx=2497.103 Fy=1932.581
[DEBUG] [Tire] RL grounded=1 omega=-4.378 wheelSpeed=-0.559 Vx=-1.512 Vy=-0.084 slipVel=-0.953 kappa=0.630 alpha=-0.055 Fz=2414.038 Fx=1774.707 Fy=1452.516
[DEBUG] [Tire] RR grounded=1 omega=-4.120 wheelSpeed=-1.529 Vx=-1.509 Vy=-0.083 slipVel=0.020 kappa=-0.013 alpha=-0.055 Fz=3277.368 Fx=-444.054 Fy=2429.925
[DEBUG] [Tire] FL grounded=1 omega=-5.891 wheelSpeed=-1.078 Vx=-1.528 Vy=-0.104 slipVel=-0.450 kappa=0.295 alpha=-0.068 Fz=2503.918 Fx=1703.202 Fy=1660.549
[DEBUG] [Tire] FR grounded=1 omega=-7.292 wheelSpeed=-1.441 Vx=-1.525 Vy=-0.104 slipVel=-0.084 kappa=0.055 alpha=-0.068 Fz=3283.782 Fx=1881.112 Fy=2488.629
[DEBUG] [Tire] RL grounded=1 omega=-3.488 wheelSpeed=-1.922 Vx=-1.528 Vy=-0.101 slipVel=0.394 kappa=-0.205 alpha=-0.066 Fz=2452.758 Fx=-1700.297 Fy=1593.250
[DEBUG] [Tire] RR grounded=1 omega=-1.643 wheelSpeed=-1.690 Vx=-1.525 Vy=-0.100 slipVel=0.164 kappa=-0.097 alpha=-0.065 Fz=3389.853 Fx=-2455.124 Fy=2084.007
[DEBUG] [Tire] FL grounded=1 omega=-5.259 wheelSpeed=-0.733 Vx=-1.588 Vy=-0.076 slipVel=-0.855 kappa=0.538 alpha=-0.048 Fz=2589.343 Fx=2003.352 Fy=1427.434
[DEBUG] [Tire] FR grounded=1 omega=-6.938 wheelSpeed=-1.541 Vx=-1.597 Vy=-0.076 slipVel=-0.056 kappa=0.035 alpha=-0.047 Fz=3273.688 Fx=1433.015 Fy=2123.488
[DEBUG] [Tire] RL grounded=1 omega=-3.904 wheelSpeed=-2.083 Vx=-1.588 Vy=-0.092 slipVel=0.495 kappa=-0.238 alpha=-0.058 Fz=2466.131 Fx=-1758.648 Fy=1547.896
[DEBUG] [Tire] RR grounded=1 omega=-8.119 wheelSpeed=-1.379 Vx=-1.597 Vy=-0.091 slipVel=-0.218 kappa=0.137 alpha=-0.057 Fz=3298.326 Fx=2570.941 Fy=1791.235
[DEBUG] [Performance] FPS=60 PhysicsHz=120
[DEBUG] [Energy] x=0.187 y=2.785 z=-2.687 vx=-0.012 vy=-0.088 vz=-1.612 total=34740.676 potential=32507.283 linear=1551.706 angular=1.369 wheels=115.055 suspension=565.264 suspensionPower=-93.085 suspensionResidual=0.000
[DEBUG] [Tire] FL grounded=1 omega=-5.608 wheelSpeed=-0.798 Vx=-1.652 Vy=-0.071 slipVel=-0.853 kappa=0.517 alpha=-0.043 Fz=2635.309 Fx=2101.451 Fy=1360.748
[DEBUG] [Tire] FR grounded=1 omega=-5.836 wheelSpeed=-1.633 Vx=-1.653 Vy=-0.071 slipVel=-0.020 kappa=0.012 alpha=-0.043 Fz=3250.136 Fx=494.905 Fy=1927.145
[DEBUG] [Tire] RL grounded=1 omega=-3.359 wheelSpeed=-2.024 Vx=-1.652 Vy=-0.074 slipVel=0.372 kappa=-0.184 alpha=-0.045 Fz=2487.081 Fx=-2001.730 Fy=1255.210
[DEBUG] [Tire] RR grounded=1 omega=-6.686 wheelSpeed=-0.917 Vx=-1.653 Vy=-0.073 slipVel=-0.736 kappa=0.445 alpha=-0.044 Fz=3251.647 Fx=2578.783 Fy=1700.647
[DEBUG] [Audio] Submitted bytes=1228800
[DEBUG] [Tire] FL grounded=1 omega=-5.485 wheelSpeed=-0.836 Vx=-1.721 Vy=-0.095 slipVel=-0.884 kappa=0.514 alpha=-0.055 Fz=2629.308 Fx=1937.643 Fy=1576.312
[DEBUG] [Tire] FR grounded=1 omega=-8.642 wheelSpeed=-1.538 Vx=-1.714 Vy=-0.095 slipVel=-0.176 kappa=0.103 alpha=-0.055 Fz=3322.436 Fx=2588.989 Fy=1805.395
[DEBUG] [Tire] RL grounded=1 omega=-6.389 wheelSpeed=-1.165 Vx=-1.721 Vy=-0.084 slipVel=-0.556 kappa=0.323 alpha=-0.049 Fz=2415.387 Fx=1854.287 Fy=1351.625
[DEBUG] [Tire] RR grounded=1 omega=-8.599 wheelSpeed=-1.489 Vx=-1.714 Vy=-0.083 slipVel=-0.225 kappa=0.131 alpha=-0.048 Fz=3262.576 Fx=2664.340 Fy=1583.623
[DEBUG] [Tire] FL grounded=1 omega=-3.969 wheelSpeed=-2.250 Vx=-1.736 Vy=-0.074 slipVel=0.514 kappa=-0.228 alpha=-0.042 Fz=2598.099 Fx=-2066.199 Fy=1350.112
[DEBUG] [Tire] FR grounded=1 omega=-6.967 wheelSpeed=-1.689 Vx=-1.739 Vy=-0.073 slipVel=-0.050 kappa=0.029 alpha=-0.042 Fz=3219.610 Fx=1139.727 Fy=1864.931
[DEBUG] [Tire] RL grounded=1 omega=-6.120 wheelSpeed=-1.020 Vx=-1.736 Vy=-0.079 slipVel=-0.716 kappa=0.412 alpha=-0.046 Fz=2521.388 Fx=1979.577 Fy=1348.638
[DEBUG] [Tire] RR grounded=1 omega=-7.950 wheelSpeed=-1.659 Vx=-1.739 Vy=-0.078 slipVel=-0.080 kappa=0.046 alpha=-0.045 Fz=3295.541 Fx=1867.218 Fy=2039.403
[DEBUG] [Tire] FL grounded=1 omega=-4.626 wheelSpeed=-2.347 Vx=-1.747 Vy=-0.091 slipVel=0.600 kappa=-0.256 alpha=-0.052 Fz=2464.095 Fx=-1828.579 Fy=1461.529
[DEBUG] [Tire] FR grounded=1 omega=-2.619 wheelSpeed=-2.045 Vx=-1.757 Vy=-0.090 slipVel=0.288 kappa=-0.141 alpha=-0.051 Fz=3198.489 Fx=-2546.392 Fy=1657.940
[DEBUG] [Tire] RL grounded=1 omega=-3.560 wheelSpeed=-2.044 Vx=-1.747 Vy=-0.108 slipVel=0.297 kappa=-0.145 alpha=-0.062 Fz=2541.580 Fx=-1908.336 Fy=1479.211
[DEBUG] [Tire] RR grounded=1 omega=-2.339 wheelSpeed=-1.978 Vx=-1.757 Vy=-0.108 slipVel=0.220 kappa=-0.111 alpha=-0.061 Fz=3427.881 Fx=-2592.894 Fy=1970.180
[DEBUG] [Tire] FL grounded=1 omega=-5.858 wheelSpeed=-2.866 Vx=-1.785 Vy=-0.064 slipVel=1.081 kappa=-0.377 alpha=-0.036 Fz=2513.944 Fx=-2091.594 Fy=1152.804
[DEBUG] [Tire] FR grounded=1 omega=-2.256 wheelSpeed=-1.963 Vx=-1.786 Vy=-0.062 slipVel=0.177 kappa=-0.090 alpha=-0.035 Fz=3067.267 Fx=-2618.008 Fy=1279.401
[DEBUG] [Tire] RL grounded=1 omega=-3.801 wheelSpeed=-2.274 Vx=-1.785 Vy=-0.065 slipVel=0.489 kappa=-0.215 alpha=-0.036 Fz=2679.459 Fx=-2231.019 Fy=1225.584
[DEBUG] [Tire] RR grounded=1 omega=-2.765 wheelSpeed=-2.228 Vx=-1.786 Vy=-0.066 slipVel=0.442 kappa=-0.198 alpha=-0.037 Fz=3381.401 Fx=-2833.057 Fy=1514.219
[DEBUG] [Energy] x=0.194 y=2.736 z=-3.570 vx=0.033 vy=-0.104 vz=-1.876 total=34778.309 potential=31938.258 linear=2101.975 angular=0.923 wheels=171.865 suspension=565.288 suspensionPower=-12.283 suspensionResidual=0.000
[DEBUG] [Tire] FL grounded=1 omega=-4.779 wheelSpeed=-2.494 Vx=-1.852 Vy=-0.075 slipVel=0.642 kappa=-0.257 alpha=-0.041 Fz=2530.675 Fx=-2035.627 Fy=1279.109
[DEBUG] [Tire] FR grounded=1 omega=-3.175 wheelSpeed=-2.241 Vx=-1.847 Vy=-0.074 slipVel=0.394 kappa=-0.176 alpha=-0.040 Fz=3106.223 Fx=-2584.162 Fy=1424.776
[DEBUG] [Tire] RL grounded=1 omega=-3.684 wheelSpeed=-2.246 Vx=-1.853 Vy=-0.065 slipVel=0.394 kappa=-0.175 alpha=-0.035 Fz=2634.204 Fx=-2251.322 Fy=1092.714
[DEBUG] [Tire] RR grounded=1 omega=-2.679 wheelSpeed=-1.965 Vx=-1.847 Vy=-0.066 slipVel=0.118 kappa=-0.060 alpha=-0.036 Fz=3365.113 Fx=-2336.350 Fy=1642.115
[DEBUG] [Tire] FL grounded=1 omega=-7.831 wheelSpeed=-1.360 Vx=-1.950 Vy=-0.046 slipVel=-0.590 kappa=0.302 alpha=-0.024 Fz=2694.049 Fx=2416.065 Fy=844.323
[DEBUG] [Tire] FR grounded=1 omega=-2.570 wheelSpeed=-2.114 Vx=-1.952 Vy=-0.046 slipVel=0.161 kappa=-0.076 alpha=-0.024 Fz=3150.562 Fx=-2723.619 Fy=1004.308
[DEBUG] [Tire] RL grounded=1 omega=-3.485 wheelSpeed=-2.225 Vx=-1.950 Vy=-0.050 slipVel=0.275 kappa=-0.124 alpha=-0.026 Fz=2592.227 Fx=-2342.235 Fy=760.534
[DEBUG] [Tire] RR grounded=1 omega=-7.409 wheelSpeed=-1.021 Vx=-1.952 Vy=-0.050 slipVel=-0.931 kappa=0.477 alpha=-0.026 Fz=3206.179 Fx=2847.192 Fy=1082.045
[DEBUG] [Tire] FL grounded=1 omega=-7.817 wheelSpeed=-1.400 Vx=-1.974 Vy=-0.051 slipVel=-0.574 kappa=0.291 alpha=-0.026 Fz=2621.764 Fx=2324.648 Fy=894.133
[DEBUG] [Tire] FR grounded=1 omega=-3.097 wheelSpeed=-2.325 Vx=-1.980 Vy=-0.050 slipVel=0.345 kappa=-0.149 alpha=-0.025 Fz=3117.381 Fx=-2813.775 Fy=923.700
[DEBUG] [Tire] RL grounded=1 omega=-4.934 wheelSpeed=-2.647 Vx=-1.974 Vy=-0.061 slipVel=0.674 kappa=-0.254 alpha=-0.031 Fz=2629.561 Fx=-2253.701 Fy=1077.614
[DEBUG] [Tire] RR grounded=1 omega=-9.169 wheelSpeed=-1.869 Vx=-1.980 Vy=-0.061 slipVel=-0.111 kappa=0.056 alpha=-0.031 Fz=3274.650 Fx=2247.105 Fy=1382.911
[DEBUG] [Tire] FL grounded=1 omega=-7.943 wheelSpeed=-1.366 Vx=-2.035 Vy=-0.034 slipVel=-0.669 kappa=0.329 alpha=-0.016 Fz=2704.312 Fx=2479.854 Fy=594.360
[DEBUG] [Tire] FR grounded=1 omega=-3.546 wheelSpeed=-2.170 Vx=-2.039 Vy=-0.033 slipVel=0.131 kappa=-0.061 alpha=-0.016 Fz=3092.866 Fx=-2184.582 Fy=672.868
[DEBUG] [Tire] RL grounded=1 omega=-5.090 wheelSpeed=-2.745 Vx=-2.035 Vy=-0.040 slipVel=0.710 kappa=-0.259 alpha=-0.019 Fz=2655.153 Fx=-2355.121 Fy=694.400
[DEBUG] [Tire] RR grounded=1 omega=-10.009 wheelSpeed=-1.800 Vx=-2.039 Vy=-0.039 slipVel=-0.239 kappa=0.117 alpha=-0.019 Fz=3199.496 Fx=2960.314 Fy=689.367
[DEBUG] [Tire] FL grounded=1 omega=-7.921 wheelSpeed=-1.320 Vx=-2.096 Vy=-0.008 slipVel=-0.776 kappa=0.370 alpha=-0.004 Fz=2794.711 Fx=2562.750 Fy=132.766
[DEBUG] [Tire] FR grounded=1 omega=-4.434 wheelSpeed=-2.716 Vx=-2.101 Vy=-0.008 slipVel=0.615 kappa=-0.226 alpha=-0.004 Fz=3060.324 Fx=-2736.332 Fy=148.413
[DEBUG] [Tire] RL grounded=1 omega=-4.212 wheelSpeed=-2.553 Vx=-2.096 Vy=-0.018 slipVel=0.457 kappa=-0.179 alpha=-0.008 Fz=2692.242 Fx=-2542.169 Fy=280.800
[DEBUG] [Tire] RR grounded=1 omega=-8.171 wheelSpeed=-1.264 Vx=-2.102 Vy=-0.017 slipVel=-0.838 kappa=0.399 alpha=-0.008 Fz=3107.122 Fx=2849.231 Fy=330.266
[DEBUG] [Performance] FPS=59 PhysicsHz=119
[DEBUG] [Energy] x=0.201 y=2.680 z=-4.584 vx=0.012 vy=-0.118 vz=-2.133 total=34700.961 potential=31284.438 linear=2716.597 angular=0.020 wheels=133.209 suspension=566.696 suspensionPower=-3.398 suspensionResidual=-0.000
[DEBUG] [Tire] FL grounded=1 omega=-7.459 wheelSpeed=-1.147 Vx=-2.160 Vy=0.005 slipVel=-1.013 kappa=0.469 alpha=0.002 Fz=2852.438 Fx=2615.686 Fy=-86.331
[DEBUG] [Tire] FR grounded=1 omega=-3.867 wheelSpeed=-2.600 Vx=-2.161 Vy=0.005 slipVel=0.439 kappa=-0.169 alpha=0.002 Fz=3026.953 Fx=-2874.475 Fy=-80.609
[DEBUG] [Tire] RL grounded=1 omega=-3.760 wheelSpeed=-2.430 Vx=-2.160 Vy=0.004 slipVel=0.270 kappa=-0.111 alpha=0.002 Fz=2724.178 Fx=-2587.456 Fy=-51.577
[DEBUG] [Tire] RR grounded=1 omega=-7.639 wheelSpeed=-1.119 Vx=-2.161 Vy=0.004 slipVel=-1.042 kappa=0.482 alpha=0.002 Fz=3048.541 Fx=2795.512 Fy=-69.007
[DEBUG] [Tire] FL grounded=1 omega=-7.537 wheelSpeed=-1.180 Vx=-2.209 Vy=0.006 slipVel=-1.029 kappa=0.466 alpha=0.003 Fz=2832.304 Fx=2597.223 Fy=-96.037
[DEBUG] [Tire] FR grounded=1 omega=-3.657 wheelSpeed=-2.519 Vx=-2.209 Vy=0.006 slipVel=0.310 kappa=-0.123 alpha=0.003 Fz=2997.412 Fx=-2846.149 Fy=-89.027
[DEBUG] [Tire] RL grounded=1 omega=-3.953 wheelSpeed=-2.504 Vx=-2.209 Vy=0.006 slipVel=0.295 kappa=-0.118 alpha=0.003 Fz=2753.122 Fx=-2614.090 Fy=-84.824
[DEBUG] [Tire] RR grounded=1 omega=-7.639 wheelSpeed=-1.111 Vx=-2.209 Vy=0.006 slipVel=-1.099 kappa=0.497 alpha=0.003 Fz=3068.336 Fx=2813.665 Fy=-103.914
[DEBUG] [Audio] Callback count=200 additionalBytes=8192 totalBytes=8192
[DEBUG] [Audio] GenerateAudio rpm=878.514099 torque=0.000000 speed=8.059684 slip=0.480260 running=1
[DEBUG] [Audio] Submitted bytes=1638400
[DEBUG] [Tire] FL grounded=1 omega=-7.802 wheelSpeed=-1.271 Vx=-2.260 Vy=0.005 slipVel=-0.989 kappa=0.438 alpha=0.002 Fz=2818.751 Fx=2584.794 Fy=-83.607
[DEBUG] [Tire] FR grounded=1 omega=-3.702 wheelSpeed=-2.528 Vx=-2.259 Vy=0.005 slipVel=0.269 kappa=-0.106 alpha=0.002 Fz=2984.632 Fx=-2834.252 Fy=-80.681
[DEBUG] [Tire] RL grounded=1 omega=-3.891 wheelSpeed=-2.490 Vx=-2.260 Vy=0.007 slipVel=0.230 kappa=-0.092 alpha=0.003 Fz=2765.364 Fx=-2625.013 Fy=-104.597
[DEBUG] [Tire] RR grounded=1 omega=-7.955 wheelSpeed=-1.206 Vx=-2.259 Vy=0.007 slipVel=-1.053 kappa=0.466 alpha=0.003 Fz=3081.753 Fx=2825.967 Fy=-116.598
[DEBUG] [Tire] FL grounded=1 omega=-7.988 wheelSpeed=-1.328 Vx=-2.313 Vy=0.007 slipVel=-0.985 kappa=0.426 alpha=0.003 Fz=2825.658 Fx=2591.128 Fy=-112.178
[DEBUG] [Tire] FR grounded=1 omega=-3.911 wheelSpeed=-2.596 Vx=-2.314 Vy=0.007 slipVel=0.282 kappa=-0.109 alpha=0.003 Fz=2987.420 Fx=-2836.096 Fy=-105.251
[DEBUG] [Tire] RL grounded=1 omega=-4.083 wheelSpeed=-2.525 Vx=-2.313 Vy=0.006 slipVel=0.212 kappa=-0.084 alpha=0.003 Fz=2762.830 Fx=-2570.215 Fy=-89.333
[DEBUG] [Tire] RR grounded=1 omega=-7.789 wheelSpeed=-1.154 Vx=-2.314 Vy=0.006 slipVel=-1.160 kappa=0.501 alpha=0.002 Fz=3077.916 Fx=2822.449 Fy=-97.372
[DEBUG] [Tire] FL grounded=1 omega=-8.058 wheelSpeed=-1.349 Vx=-2.365 Vy=0.007 slipVel=-1.016 kappa=0.430 alpha=0.003 Fz=2827.761 Fx=2593.057 Fy=-108.380
[DEBUG] [Tire] FR grounded=1 omega=-4.504 wheelSpeed=-2.536 Vx=-2.366 Vy=0.007 slipVel=0.169 kappa=-0.067 alpha=0.003 Fz=2988.302 Fx=-2308.251 Fy=-113.241
[DEBUG] [Tire] RL grounded=1 omega=-4.371 wheelSpeed=-2.641 Vx=-2.365 Vy=0.005 slipVel=0.275 kappa=-0.104 alpha=0.002 Fz=2758.577 Fx=-2619.636 Fy=-72.812
[DEBUG] [Tire] RR grounded=1 omega=-8.103 wheelSpeed=-1.257 Vx=-2.366 Vy=0.005 slipVel=-1.109 kappa=0.469 alpha=0.002 Fz=3072.419 Fx=2817.408 Fy=-89.637
[DEBUG] [Energy] x=0.208 y=2.616 z=-5.739 vx=0.015 vy=-0.132 vz=-2.396 total=34691.312 potential=30542.262 linear=3426.889 angular=0.004 wheels=155.568 suspension=566.594 suspensionPower=0.518 suspensionResidual=-0.000
[DEBUG] [Tire] FL grounded=1 omega=-8.205 wheelSpeed=-1.393 Vx=-2.418 Vy=0.007 slipVel=-1.025 kappa=0.424 alpha=0.003 Fz=2834.791 Fx=2599.503 Fy=-108.427
[DEBUG] [Tire] FR grounded=1 omega=-4.340 wheelSpeed=-2.620 Vx=-2.419 Vy=0.007 slipVel=0.200 kappa=-0.076 alpha=0.003 Fz=2995.267 Fx=-2595.871 Fy=-111.940
[DEBUG] [Tire] RL grounded=1 omega=-4.452 wheelSpeed=-2.640 Vx=-2.418 Vy=0.006 slipVel=0.222 kappa=-0.084 alpha=0.002 Fz=2754.297 Fx=-2564.448 Fy=-80.267
[DEBUG] [Tire] RR grounded=1 omega=-8.135 wheelSpeed=-1.271 Vx=-2.419 Vy=0.006 slipVel=-1.148 kappa=0.475 alpha=0.002 Fz=3064.542 Fx=2810.185 Fy=-90.929
[DEBUG] [Tire] FL grounded=1 omega=-8.751 wheelSpeed=-1.574 Vx=-2.462 Vy=0.008 slipVel=-0.888 kappa=0.361 alpha=0.003 Fz=2820.050 Fx=2585.986 Fy=-114.413
[DEBUG] [Tire] FR grounded=1 omega=-4.381 wheelSpeed=-2.744 Vx=-2.464 Vy=0.008 slipVel=0.280 kappa=-0.102 alpha=0.003 Fz=2982.361 Fx=-2831.102 Fy=-110.115
[DEBUG] [Tire] RL grounded=1 omega=-4.626 wheelSpeed=-2.727 Vx=-2.462 Vy=0.004 slipVel=0.264 kappa=-0.097 alpha=0.002 Fz=2767.877 Fx=-2628.814 Fy=-59.310
[DEBUG] [Tire] RR grounded=1 omega=-8.391 wheelSpeed=-1.346 Vx=-2.464 Vy=0.004 slipVel=-1.118 kappa=0.454 alpha=0.002 Fz=3079.485 Fx=2823.888 Fy=-68.971
[DEBUG] [Tire] FL grounded=1 omega=-8.538 wheelSpeed=-1.501 Vx=-2.518 Vy=0.006 slipVel=-1.017 kappa=0.404 alpha=0.003 Fz=2832.536 Fx=2597.436 Fy=-92.302
[DEBUG] [Tire] FR grounded=1 omega=-4.446 wheelSpeed=-2.767 Vx=-2.518 Vy=0.006 slipVel=0.249 kappa=-0.090 alpha=0.003 Fz=2986.635 Fx=-2835.773 Fy=-93.157
[DEBUG] [Tire] RL grounded=1 omega=-4.884 wheelSpeed=-2.736 Vx=-2.518 Vy=0.006 slipVel=0.219 kappa=-0.080 alpha=0.003 Fz=2759.901 Fx=-2475.655 Fy=-89.373
[DEBUG] [Tire] RR grounded=1 omega=-8.689 wheelSpeed=-1.445 Vx=-2.518 Vy=0.006 slipVel=-1.072 kappa=0.426 alpha=0.003 Fz=3071.357 Fx=2816.434 Fy=-99.572
[DEBUG] [Suspension] FL=0.094244 FR=0.099454 RL=0.092113 RR=0.102533
[DEBUG] [Wheel] FL=-8.611104 FR=-4.738481 RL=-4.894926 RR=-8.643291
[DEBUG] [Powertrain] gear=0 rpm=878.514099 torque=0.000000 clutch=0.000000 running=1
[DEBUG] [Tire] FL grounded=1 omega=-8.852 wheelSpeed=-1.601 Vx=-2.567 Vy=0.008 slipVel=-0.966 kappa=0.376 alpha=0.003 Fz=2832.364 Fx=2597.278 Fy=-113.460
[DEBUG] [Tire] FR grounded=1 omega=-5.019 wheelSpeed=-2.767 Vx=-2.569 Vy=0.008 slipVel=0.198 kappa=-0.072 alpha=0.003 Fz=2985.271 Fx=-2448.792 Fy=-118.025
[DEBUG] [Tire] RL grounded=1 omega=-5.004 wheelSpeed=-2.844 Vx=-2.567 Vy=0.006 slipVel=0.277 kappa=-0.097 alpha=0.002 Fz=2761.558 Fx=-2622.495 Fy=-71.864
[DEBUG] [Tire] RR grounded=1 omega=-8.734 wheelSpeed=-1.460 Vx=-2.569 Vy=0.006 slipVel=-1.109 kappa=0.432 alpha=0.002 Fz=3071.129 Fx=2816.226 Fy=-85.685
[DEBUG] [Tire] FL grounded=1 omega=-8.884 wheelSpeed=-1.615 Vx=-2.616 Vy=0.006 slipVel=-1.000 kappa=0.382 alpha=0.002 Fz=2823.762 Fx=2589.390 Fy=-84.130
[DEBUG] [Tire] FR grounded=1 omega=-4.760 wheelSpeed=-2.863 Vx=-2.615 Vy=0.006 slipVel=0.248 kappa=-0.087 alpha=0.002 Fz=2977.348 Fx=-2827.091 Fy=-88.636
[DEBUG] [Tire] RL grounded=1 omega=-5.188 wheelSpeed=-2.907 Vx=-2.616 Vy=0.007 slipVel=0.291 kappa=-0.100 alpha=0.003 Fz=2769.107 Fx=-2629.269 Fy=-85.274
[DEBUG] [Tire] RR grounded=1 omega=-9.327 wheelSpeed=-1.646 Vx=-2.615 Vy=0.007 slipVel=-0.970 kappa=0.371 alpha=0.003 Fz=3080.253 Fx=2824.593 Fy=-101.278
[DEBUG] [Performance] FPS=60 PhysicsHz=120
[DEBUG] [Energy] x=0.216 y=2.546 z=-7.024 vx=0.016 vy=-0.146 vz=-2.655 total=34693.512 potential=29716.207 linear=4207.399 angular=0.006 wheels=203.687 suspension=566.212 suspensionPower=0.235 suspensionResidual=0.000
[DEBUG] [Tire] FL grounded=1 omega=-9.025 wheelSpeed=-1.657 Vx=-2.668 Vy=0.007 slipVel=-1.011 kappa=0.379 alpha=0.003 Fz=2831.071 Fx=2596.092 Fy=-95.330
[DEBUG] [Tire] FR grounded=1 omega=-5.209 wheelSpeed=-3.008 Vx=-2.668 Vy=0.007 slipVel=0.340 kappa=-0.113 alpha=0.003 Fz=2979.220 Fx=-2828.913 Fy=-87.290
[DEBUG] [Tire] RL grounded=1 omega=-5.340 wheelSpeed=-2.955 Vx=-2.668 Vy=0.007 slipVel=0.287 kappa=-0.097 alpha=0.002 Fz=2767.812 Fx=-2628.181 Fy=-80.734
[DEBUG] [Tire] RR grounded=1 omega=-9.071 wheelSpeed=-1.567 Vx=-2.668 Vy=0.007 slipVel=-1.101 kappa=0.413 alpha=0.002 Fz=3073.148 Fx=2818.077 Fy=-95.448
[DEBUG] [Suspension] FL=0.094244 FR=0.099336 RL=0.092231 RR=0.102533
[DEBUG] [Wheel] FL=-9.312533 FR=-5.067005 RL=-5.386206 RR=-9.193327
[DEBUG] [Powertrain] gear=0 rpm=878.514099 torque=0.000000 clutch=0.000000 running=1
[DEBUG] [Tire] FL grounded=1 omega=-9.230 wheelSpeed=-1.719 Vx=-2.722 Vy=0.008 slipVel=-1.003 kappa=0.369 alpha=0.003 Fz=2841.178 Fx=2605.361 Fy=-101.291
[DEBUG] [Tire] FR grounded=1 omega=-5.223 wheelSpeed=-2.966 Vx=-2.723 Vy=0.007 slipVel=0.243 kappa=-0.082 alpha=0.003 Fz=2987.484 Fx=-2729.974 Fy=-103.832
[DEBUG] [Tire] RL grounded=1 omega=-5.647 wheelSpeed=-2.950 Vx=-2.722 Vy=0.006 slipVel=0.228 kappa=-0.077 alpha=0.002 Fz=2759.673 Fx=-2409.916 Fy=-77.527
[DEBUG] [Tire] RR grounded=1 omega=-9.161 wheelSpeed=-1.600 Vx=-2.723 Vy=0.006 slipVel=-1.123 kappa=0.412 alpha=0.002 Fz=3062.920 Fx=2808.698 Fy=-86.910
[DEBUG] [Tire] FL grounded=1 omega=-9.540 wheelSpeed=-1.824 Vx=-2.767 Vy=0.006 slipVel=-0.944 kappa=0.341 alpha=0.002 Fz=2827.233 Fx=2592.573 Fy=-80.514
[DEBUG] [Tire] FR grounded=1 omega=-5.352 wheelSpeed=-3.052 Vx=-2.767 Vy=0.006 slipVel=0.285 kappa=-0.093 alpha=0.002 Fz=2974.775 Fx=-2824.886 Fy=-80.618
[DEBUG] [Tire] RL grounded=1 omega=-5.683 wheelSpeed=-3.012 Vx=-2.767 Vy=0.007 slipVel=0.245 kappa=-0.081 alpha=0.003 Fz=2771.815 Fx=-2517.493 Fy=-89.497
[DEBUG] [Tire] RR grounded=1 omega=-9.851 wheelSpeed=-1.815 Vx=-2.767 Vy=0.007 slipVel=-0.952 kappa=0.344 alpha=0.002 Fz=3076.995 Fx=2821.604 Fy=-97.264
[DEBUG] [Audio] Submitted bytes=2048000
[DEBUG] [Suspension] FL=0.094363 FR=0.099336 RL=0.092231 RR=0.102415
[DEBUG] [Wheel] FL=-9.645136 FR=-5.464041 RL=-5.845505 RR=-9.897583
[DEBUG] [Powertrain] gear=0 rpm=878.514099 torque=0.000000 clutch=0.000000 running=1
[DEBUG] [Tire] FL grounded=1 omega=-9.765 wheelSpeed=-1.891 Vx=-2.820 Vy=0.008 slipVel=-0.929 kappa=0.329 alpha=0.003 Fz=2838.326 Fx=2602.745 Fy=-100.435
[DEBUG] [Tire] FR grounded=1 omega=-5.591 wheelSpeed=-3.130 Vx=-2.821 Vy=0.008 slipVel=0.309 kappa=-0.099 alpha=0.003 Fz=2979.728 Fx=-2829.112 Fy=-96.039
[DEBUG] [Tire] RL grounded=1 omega=-6.063 wheelSpeed=-3.045 Vx=-2.820 Vy=0.006 slipVel=0.225 kappa=-0.074 alpha=0.002 Fz=2767.119 Fx=-2329.848 Fy=-80.449
[DEBUG] [Tire] RR grounded=1 omega=-9.583 wheelSpeed=-1.732 Vx=-2.821 Vy=0.006 slipVel=-1.088 kappa=0.386 alpha=0.002 Fz=3069.028 Fx=2814.299 Fy=-88.411
[DEBUG] [Tire] FL grounded=1 omega=0.000 wheelSpeed=0.000 Vx=-2.449 Vy=-0.003 slipVel=-2.449 kappa=1.000 alpha=-0.001 Fz=1949.686 Fx=1787.862 Fy=32.385
[DEBUG] [Tire] FR grounded=1 omega=0.000 wheelSpeed=0.000 Vx=-2.447 Vy=0.008 slipVel=-2.447 kappa=1.000 alpha=0.003 Fz=2093.431 Fx=1919.677 Fy=-89.555
[DEBUG] [Tire] RL grounded=1 omega=0.000 wheelSpeed=0.000 Vx=-2.449 Vy=0.015 slipVel=-2.449 kappa=1.000 alpha=0.006 Fz=3645.123 Fx=3342.578 Fy=-259.075
[DEBUG] [Tire] RR grounded=1 omega=0.000 wheelSpeed=0.000 Vx=-2.447 Vy=0.002 slipVel=-2.447 kappa=1.000 alpha=0.001 Fz=3951.140 Fx=3623.195 Fy=-41.439
[DEBUG] [Energy] x=0.224 y=2.472 z=-8.366 vx=0.010 vy=-0.101 vz=-1.799 total=31445.809 potential=28853.352 linear=1930.837 angular=49.746 wheels=0.000 suspension=611.873 suspensionPower=-2363.830 suspensionResidual=-0.000
[DEBUG] [Tire] FL grounded=1 omega=0.000 wheelSpeed=0.000 Vx=-1.528 Vy=-0.009 slipVel=-1.528 kappa=1.000 alpha=-0.006 Fz=657.810 Fx=603.212 Fy=50.949
[DEBUG] [Tire] FR grounded=1 omega=0.000 wheelSpeed=0.000 Vx=-1.529 Vy=0.011 slipVel=-1.529 kappa=1.000 alpha=0.008 Fz=802.796 Fx=736.164 Fy=-78.289
[DEBUG] [Tire] RL grounded=1 omega=0.000 wheelSpeed=0.000 Vx=-1.528 Vy=0.014 slipVel=-1.528 kappa=1.000 alpha=0.009 Fz=4909.739 Fx=4502.230 Fy=-434.190
[DEBUG] [Tire] RR grounded=1 omega=0.000 wheelSpeed=0.000 Vx=-1.529 Vy=-0.004 slipVel=-1.529 kappa=1.000 alpha=-0.003 Fz=5215.862 Fx=4782.946 Fy=117.063
[DEBUG] [Suspension] FL=0.059551 FR=0.064406 RL=0.126688 RR=0.136871
[DEBUG] [Wheel] FL=0.000000 FR=0.000000 RL=0.000000 RR=0.000000
[DEBUG] [Powertrain] gear=0 rpm=878.514099 torque=0.000000 clutch=0.000000 running=1
[DEBUG] [Tire] FL grounded=1 omega=0.000 wheelSpeed=0.000 Vx=-0.769 Vy=-0.066 slipVel=-0.769 kappa=0.769 alpha=-0.066 Fz=330.015 Fx=261.685 Fy=172.663
[DEBUG] [Tire] FR grounded=1 omega=0.000 wheelSpeed=0.000 Vx=-0.784 Vy=-0.052 slipVel=-0.784 kappa=0.784 alpha=-0.052 Fz=829.918 Fx=689.789 Fy=381.840
[DEBUG] [Tire] RL grounded=1 omega=0.000 wheelSpeed=0.000 Vx=-0.769 Vy=-0.076 slipVel=-0.769 kappa=0.769 alpha=-0.076 Fz=4903.092 Fx=3788.849 Fy=2709.428
[DEBUG] [Tire] RR grounded=1 omega=0.000 wheelSpeed=0.000 Vx=-0.784 Vy=-0.085 slipVel=-0.784 kappa=0.784 alpha=-0.085 Fz=5562.262 Fx=4133.606 Fy=3291.736
[DEBUG] [Tire] FL grounded=1 omega=0.000 wheelSpeed=0.000 Vx=-0.047 Vy=0.020 slipVel=-0.047 kappa=0.047 alpha=0.000 Fz=745.045 Fx=435.352 Fy=-0.000
[DEBUG] [Tire] FR grounded=1 omega=0.000 wheelSpeed=0.000 Vx=-0.042 Vy=0.024 slipVel=-0.042 kappa=0.042 alpha=0.000 Fz=755.508 Fx=394.230 Fy=-0.000
[DEBUG] [Tire] RL grounded=1 omega=0.000 wheelSpeed=0.000 Vx=-0.047 Vy=0.035 slipVel=-0.047 kappa=0.047 alpha=0.000 Fz=4993.288 Fx=2598.039 Fy=-0.000
[DEBUG] [Tire] RR grounded=1 omega=0.000 wheelSpeed=0.000 Vx=-0.042 Vy=0.030 slipVel=-0.042 kappa=0.042 alpha=0.000 Fz=5165.000 Fx=2322.231 Fy=-0.000
[DEBUG] [Suspension] FL=0.038119 FR=0.039895 RL=0.151791 RR=0.158895
[DEBUG] [Wheel] FL=0.000000 FR=0.000000 RL=0.000000 RR=0.000000
[DEBUG] [Powertrain] gear=0 rpm=878.514099 torque=0.000000 clutch=0.000000 running=1
[DEBUG] [Tire] FL grounded=1 omega=0.000 wheelSpeed=0.000 Vx=-0.013 Vy=0.073 slipVel=-0.013 kappa=0.013 alpha=0.000 Fz=2303.840 Fx=377.110 Fy=-0.000
[DEBUG] [Tire] FR grounded=1 omega=0.000 wheelSpeed=0.000 Vx=-0.012 Vy=0.059 slipVel=-0.012 kappa=0.012 alpha=0.000 Fz=2179.703 Fx=340.711 Fy=-0.000
[DEBUG] [Tire] RL grounded=1 omega=0.000 wheelSpeed=0.000 Vx=-0.013 Vy=0.056 slipVel=-0.013 kappa=0.013 alpha=0.000 Fz=3603.284 Fx=546.484 Fy=-0.000
[DEBUG] [Tire] RR grounded=1 omega=0.000 wheelSpeed=0.000 Vx=-0.012 Vy=0.070 slipVel=-0.012 kappa=0.012 alpha=0.000 Fz=3640.962 Fx=524.016 Fy=-0.000
[DEBUG] [Tire] FL grounded=1 omega=0.000 wheelSpeed=0.000 Vx=-0.001 Vy=0.096 slipVel=-0.001 kappa=0.001 alpha=0.000 Fz=3054.886 Fx=31.588 Fy=-0.000
[DEBUG] [Tire] FR grounded=1 omega=0.000 wheelSpeed=0.000 Vx=-0.001 Vy=0.081 slipVel=-0.001 kappa=0.001 alpha=0.000 Fz=2932.954 Fx=76.646 Fy=-0.000
[DEBUG] [Tire] RL grounded=1 omega=0.000 wheelSpeed=0.000 Vx=-0.001 Vy=0.076 slipVel=-0.001 kappa=0.001 alpha=0.000 Fz=2802.086 Fx=24.064 Fy=-0.000
[DEBUG] [Tire] RR grounded=1 omega=0.000 wheelSpeed=0.000 Vx=-0.001 Vy=0.092 slipVel=-0.001 kappa=0.001 alpha=0.000 Fz=2840.933 Fx=28.854 Fy=-0.000
[DEBUG] [Performance] FPS=60 PhysicsHz=120
[DEBUG] [Tire] FL grounded=1 omega=0.000 wheelSpeed=0.000 Vx=0.004 Vy=0.119 slipVel=0.004 kappa=-0.004 alpha=0.000 Fz=3247.658 Fx=-206.474 Fy=-0.000
[DEBUG] [Tire] FR grounded=1 omega=0.000 wheelSpeed=0.000 Vx=0.004 Vy=0.110 slipVel=0.004 kappa=-0.004 alpha=0.000 Fz=3138.090 Fx=-183.773 Fy=-0.000
[DEBUG] [Tire] RL grounded=1 omega=0.000 wheelSpeed=0.000 Vx=0.004 Vy=0.105 slipVel=0.004 kappa=-0.004 alpha=0.000 Fz=2584.725 Fx=-167.674 Fy=-0.000
[DEBUG] [Tire] RR grounded=1 omega=0.000 wheelSpeed=0.000 Vx=0.004 Vy=0.116 slipVel=0.004 kappa=-0.004 alpha=0.000 Fz=2638.022 Fx=-156.090 Fy=-0.000
[DEBUG] [Energy] x=0.243 y=2.463 z=-8.522 vx=0.103 vy=0.006 vz=0.109 total=29347.262 potential=28747.342 linear=13.412 angular=12.832 wheels=0.000 suspension=573.675 suspensionPower=-142.239 suspensionResidual=-0.000
[DEBUG] [Suspension] FL=0.088798 FR=0.086074 RL=0.105256 RR=0.107861
[DEBUG] [Wheel] FL=0.000000 FR=0.000000 RL=0.000000 RR=0.000000
[DEBUG] [Powertrain] gear=0 rpm=878.514099 torque=0.000000 clutch=0.000000 running=1
[DEBUG] [Tire] FL grounded=1 omega=0.000 wheelSpeed=0.000 Vx=0.003 Vy=0.145 slipVel=0.003 kappa=-0.003 alpha=0.000 Fz=3170.941 Fx=-165.662 Fy=-0.000
[DEBUG] [Tire] FR grounded=1 omega=0.000 wheelSpeed=0.000 Vx=0.003 Vy=0.141 slipVel=0.003 kappa=-0.003 alpha=0.000 Fz=3064.418 Fx=-143.251 Fy=-0.000
[DEBUG] [Tire] RL grounded=1 omega=0.000 wheelSpeed=0.000 Vx=0.003 Vy=0.139 slipVel=0.003 kappa=-0.003 alpha=0.000 Fz=2668.519 Fx=-140.958 Fy=-0.000
[DEBUG] [Tire] RR grounded=1 omega=0.000 wheelSpeed=0.000 Vx=0.003 Vy=0.143 slipVel=0.003 kappa=-0.003 alpha=0.000 Fz=2726.468 Fx=-127.859 Fy=-0.000
[DEBUG] [Tire] FL grounded=1 omega=0.000 wheelSpeed=0.000 Vx=0.001 Vy=0.174 slipVel=0.001 kappa=-0.001 alpha=0.000 Fz=3017.649 Fx=-82.091 Fy=-0.000
[DEBUG] [Tire] FR grounded=1 omega=0.000 wheelSpeed=0.000 Vx=0.001 Vy=0.174 slipVel=0.001 kappa=-0.001 alpha=0.000 Fz=2906.806 Fx=-24.086 Fy=-0.000
[DEBUG] [Tire] RL grounded=1 omega=0.000 wheelSpeed=0.000 Vx=0.001 Vy=0.173 slipVel=0.001 kappa=-0.001 alpha=0.000 Fz=2828.885 Fx=-77.241 Fy=-0.000
[DEBUG] [Tire] RR grounded=1 omega=0.000 wheelSpeed=0.000 Vx=0.001 Vy=0.173 slipVel=0.001 kappa=-0.001 alpha=0.000 Fz=2894.583 Fx=-23.920 Fy=-0.000
[DEBUG] [Suspension] FL=0.099336 FR=0.095902 RL=0.095310 RR=0.097560
[DEBUG] [Wheel] FL=0.000000 FR=0.000000 RL=0.000000 RR=0.000000
[DEBUG] [Powertrain] gear=0 rpm=878.514099 torque=0.000000 clutch=0.000000 running=1
[DEBUG] [Audio] Callback count=300 additionalBytes=8192 totalBytes=8192
[DEBUG] [Audio] Submitted bytes=2457600
[DEBUG] [Tire] FL grounded=1 omega=-0.197 wheelSpeed=0.000 Vx=-0.003 Vy=0.205 slipVel=-0.003 kappa=0.003 alpha=0.000 Fz=2900.860 Fx=132.885 Fy=-0.000
[DEBUG] [Tire] FR grounded=1 omega=-0.194 wheelSpeed=0.000 Vx=-0.003 Vy=0.206 slipVel=-0.003 kappa=0.003 alpha=0.000 Fz=2787.043 Fx=130.845 Fy=-0.000
[DEBUG] [Tire] RL grounded=1 omega=-0.201 wheelSpeed=0.000 Vx=-0.003 Vy=0.207 slipVel=-0.003 kappa=0.003 alpha=0.000 Fz=2949.491 Fx=135.380 Fy=-0.000
[DEBUG] [Tire] RR grounded=1 omega=-0.210 wheelSpeed=0.000 Vx=-0.003 Vy=0.205 slipVel=-0.003 kappa=0.003 alpha=0.000 Fz=3017.106 Fx=141.805 Fy=-0.000
[DEBUG] [Tire] FL grounded=1 omega=0.000 wheelSpeed=-1.009 Vx=-0.174 Vy=0.240 slipVel=0.836 kappa=-0.828 alpha=0.000 Fz=3124.793 Fx=-2771.691 Fy=-0.000
[DEBUG] [Tire] FR grounded=1 omega=0.000 wheelSpeed=-1.030 Vx=-0.174 Vy=0.238 slipVel=0.857 kappa=-0.831 alpha=0.000 Fz=3003.700 Fx=-2664.282 Fy=-0.000
[DEBUG] [Tire] RL grounded=1 omega=-4.092 wheelSpeed=-0.082 Vx=-0.174 Vy=0.237 slipVel=-0.092 kappa=0.092 alpha=0.000 Fz=2726.287 Fx=2589.972 Fy=-0.000
[DEBUG] [Tire] RR grounded=1 omega=-4.135 wheelSpeed=-0.064 Vx=-0.174 Vy=0.239 slipVel=-0.109 kappa=0.109 alpha=0.000 Fz=2794.942 Fx=2655.195 Fy=-0.000
[DEBUG] [Tire] FL grounded=1 omega=-0.530 wheelSpeed=-1.468 Vx=-0.255 Vy=0.271 slipVel=1.213 kappa=-0.826 alpha=0.000 Fz=3087.345 Fx=-2738.475 Fy=-0.000
[DEBUG] [Tire] FR grounded=1 omega=-0.518 wheelSpeed=-1.411 Vx=-0.255 Vy=0.271 slipVel=1.156 kappa=-0.819 alpha=0.000 Fz=2961.442 Fx=-2626.799 Fy=-0.000
[DEBUG] [Tire] RL grounded=1 omega=-4.381 wheelSpeed=-0.156 Vx=-0.255 Vy=0.271 slipVel=-0.099 kappa=0.099 alpha=0.000 Fz=2767.235 Fx=2628.873 Fy=-0.000
[DEBUG] [Tire] RR grounded=1 omega=-4.516 wheelSpeed=-0.173 Vx=-0.255 Vy=0.271 slipVel=-0.082 kappa=0.082 alpha=0.000 Fz=2835.939 Fx=2683.872 Fy=-0.000
[DEBUG] [Energy] x=0.336 y=2.458 z=-8.546 vx=0.262 vy=-0.023 vz=-0.255 total=29384.477 potential=28696.398 linear=79.830 angular=0.042 wheels=41.874 suspension=566.332 suspensionPower=-1.180 suspensionResidual=0.000
[DEBUG] [Suspension] FL=0.102178 FR=0.098270 RL=0.092705 RR=0.095073
[DEBUG] [Wheel] FL=-0.858454 FR=-0.834561 RL=-1.725831 RR=-1.092357
[DEBUG] [Powertrain] gear=0 rpm=878.514099 torque=0.000000 clutch=0.000000 running=1
[DEBUG] [Tire] FL grounded=1 omega=-0.985 wheelSpeed=-1.567 Vx=-0.303 Vy=0.301 slipVel=1.265 kappa=-0.807 alpha=0.000 Fz=2978.049 Fx=-2641.529 Fy=-0.000
[DEBUG] [Tire] FR grounded=1 omega=-0.952 wheelSpeed=-1.513 Vx=-0.303 Vy=0.302 slipVel=1.211 kappa=-0.800 alpha=0.000 Fz=2874.506 Fx=-2549.687 Fy=-0.000
[DEBUG] [Tire] RL grounded=1 omega=-4.403 wheelSpeed=-0.105 Vx=-0.302 Vy=0.302 slipVel=-0.197 kappa=0.197 alpha=0.000 Fz=2903.940 Fx=2758.743 Fy=-0.000
[DEBUG] [Tire] RR grounded=1 omega=-4.616 wheelSpeed=-0.141 Vx=-0.302 Vy=0.302 slipVel=-0.161 kappa=0.161 alpha=0.000 Fz=2976.136 Fx=2827.330 Fy=-0.000
[DEBUG] [Tire] FL grounded=1 omega=-0.086 wheelSpeed=-1.276 Vx=-0.347 Vy=0.335 slipVel=0.929 kappa=-0.728 alpha=0.000 Fz=2967.881 Fx=-2632.510 Fy=-0.000
[DEBUG] [Tire] FR grounded=1 omega=-0.405 wheelSpeed=-1.331 Vx=-0.347 Vy=0.336 slipVel=0.984 kappa=-0.739 alpha=0.000 Fz=2855.823 Fx=-2533.115 Fy=-0.000
[DEBUG] [Tire] RL grounded=1 omega=-3.902 wheelSpeed=0.000 Vx=-0.348 Vy=0.335 slipVel=-0.348 kappa=0.348 alpha=0.000 Fz=2881.350 Fx=2642.198 Fy=-0.000
[DEBUG] [Tire] RR grounded=1 omega=-4.337 wheelSpeed=-0.111 Vx=-0.348 Vy=0.336 slipVel=-0.236 kappa=0.236 alpha=0.000 Fz=2943.725 Fx=2701.022 Fy=-0.000
[DEBUG] [Suspension] FL=0.099573 FR=0.096139 RL=0.095902 RR=0.098152
[DEBUG] [Wheel] FL=-0.788662 FR=-0.149026 RL=-4.299505 RR=-4.726192
[DEBUG] [Powertrain] gear=0 rpm=2818.750488 torque=262.697327 clutch=0.000000 running=1
[DEBUG] [Tire] FL grounded=1 omega=0.000 wheelSpeed=-0.456 Vx=-0.380 Vy=0.351 slipVel=0.076 kappa=-0.076 alpha=0.337 Fz=2955.847 Fx=-2546.369 Fy=-950.349
[DEBUG] [Tire] FR grounded=1 omega=-0.349 wheelSpeed=-1.320 Vx=-0.370 Vy=0.350 slipVel=0.950 kappa=-0.720 alpha=0.337 Fz=2874.398 Fx=-2549.591 Fy=-897.510
[DEBUG] [Tire] RL grounded=1 omega=-4.541 wheelSpeed=-0.228 Vx=-0.382 Vy=0.367 slipVel=-0.154 kappa=0.154 alpha=0.351 Fz=2859.376 Fx=2592.729 Fy=-810.325
[DEBUG] [Tire] RR grounded=1 omega=-3.893 wheelSpeed=-0.317 Vx=-0.371 Vy=0.369 slipVel=-0.054 kappa=0.054 alpha=0.353 Fz=2953.078 Fx=1965.504 Fy=-969.792
[DEBUG] [Tire] FL grounded=1 omega=-0.542 wheelSpeed=-1.341 Vx=-0.398 Vy=0.307 slipVel=0.942 kappa=-0.703 alpha=0.298 Fz=2775.976 Fx=-2462.291 Fy=-845.687
[DEBUG] [Tire] FR grounded=1 omega=-0.439 wheelSpeed=-1.422 Vx=-0.406 Vy=0.308 slipVel=1.015 kappa=-0.714 alpha=0.299 Fz=3046.792 Fx=-2702.504 Fy=-952.330
[DEBUG] [Tire] RL grounded=1 omega=-4.070 wheelSpeed=-0.141 Vx=-0.402 Vy=0.292 slipVel=-0.260 kappa=0.260 alpha=0.000 Fz=2678.891 Fx=2456.543 Fy=-0.000
[DEBUG] [Tire] RR grounded=1 omega=-4.353 wheelSpeed=-0.059 Vx=-0.406 Vy=0.295 slipVel=-0.347 kappa=0.347 alpha=0.287 Fz=3128.613 Fx=2821.869 Fy=-933.231
[DEBUG] [Performance] FPS=59 PhysicsHz=120
[DEBUG] [Tire] FL grounded=1 omega=-0.175 wheelSpeed=-1.187 Vx=-0.427 Vy=0.251 slipVel=0.761 kappa=-0.641 alpha=0.000 Fz=2689.994 Fx=-2386.025 Fy=-0.000
[DEBUG] [Tire] FR grounded=1 omega=-1.126 wheelSpeed=-1.681 Vx=-0.425 Vy=0.251 slipVel=1.256 kappa=-0.747 alpha=0.000 Fz=3140.106 Fx=-2785.274 Fy=-0.000
[DEBUG] [Tire] RL grounded=1 omega=-3.618 wheelSpeed=-0.037 Vx=-0.430 Vy=0.251 slipVel=-0.393 kappa=0.393 alpha=0.000 Fz=2586.140 Fx=2371.490 Fy=-0.000
[DEBUG] [Tire] RR grounded=1 omega=-4.849 wheelSpeed=-0.158 Vx=-0.425 Vy=0.255 slipVel=-0.266 kappa=0.266 alpha=0.000 Fz=3213.647 Fx=2946.914 Fy=-0.000
[DEBUG] [Energy] x=0.491 y=2.451 z=-8.724 vx=0.256 vy=-0.011 vz=-0.414 total=29354.094 potential=28606.955 linear=140.893 angular=0.529 wheels=35.607 suspension=570.110 suspensionPower=-22.053 suspensionResidual=0.000
[DEBUG] [Suspension] FL=0.092350 FR=0.101941 RL=0.089626 RR=0.105138
[DEBUG] [Wheel] FL=-0.382408 FR=-0.321699 RL=-3.539070 RR=-5.175789
[DEBUG] [Powertrain] gear=0 rpm=5274.200684 torque=295.976257 clutch=0.000000 running=1
[DEBUG] [Tire] FL grounded=1 omega=-0.667 wheelSpeed=-1.359 Vx=-0.433 Vy=0.250 slipVel=0.927 kappa=-0.682 alpha=0.000 Fz=2725.145 Fx=-2417.204 Fy=-0.000
[DEBUG] [Tire] FR grounded=1 omega=-1.337 wheelSpeed=-1.709 Vx=-0.434 Vy=0.249 slipVel=1.275 kappa=-0.746 alpha=0.244 Fz=3046.758 Fx=-2702.474 Fy=-918.801
[DEBUG] [Tire] RL grounded=1 omega=-4.298 wheelSpeed=-0.206 Vx=-0.434 Vy=0.245 slipVel=-0.227 kappa=0.227 alpha=0.000 Fz=2679.460 Fx=2473.487 Fy=-0.000
[DEBUG] [Tire] RR grounded=1 omega=-4.309 wheelSpeed=-0.028 Vx=-0.436 Vy=0.247 slipVel=-0.408 kappa=0.408 alpha=0.242 Fz=3167.478 Fx=2858.358 Fy=-940.475
[DEBUG] [Tire] FL grounded=1 omega=-0.137 wheelSpeed=-1.180 Vx=-0.457 Vy=0.194 slipVel=0.722 kappa=-0.612 alpha=0.000 Fz=2700.963 Fx=-2395.754 Fy=-0.000
[DEBUG] [Tire] FR grounded=1 omega=-1.259 wheelSpeed=-1.705 Vx=-0.456 Vy=0.194 slipVel=1.249 kappa=-0.733 alpha=0.000 Fz=3097.100 Fx=-2747.127 Fy=-0.000
[DEBUG] [Tire] RL grounded=1 omega=-4.368 wheelSpeed=-0.238 Vx=-0.459 Vy=0.195 slipVel=-0.221 kappa=0.221 alpha=0.000 Fz=2638.990 Fx=2454.633 Fy=-0.000
[DEBUG] [Tire] RR grounded=1 omega=-4.577 wheelSpeed=-0.079 Vx=-0.457 Vy=0.197 slipVel=-0.378 kappa=0.378 alpha=0.000 Fz=3195.821 Fx=2930.568 Fy=-0.000
[DEBUG] [Suspension] FL=0.089982 FR=0.103480 RL=0.088206 RR=0.107151
[DEBUG] [Wheel] FL=-0.587185 FR=-0.503863 RL=-2.564352 RR=-4.944744
[DEBUG] [Powertrain] gear=0 rpm=7000.000000 torque=280.000000 clutch=0.000000 running=1
[DEBUG] [Tire] FL grounded=1 omega=-1.034 wheelSpeed=-1.452 Vx=-0.478 Vy=0.135 slipVel=0.974 kappa=-0.671 alpha=0.000 Fz=2666.036 Fx=-2364.774 Fy=-0.000
[DEBUG] [Tire] FR grounded=1 omega=-0.543 wheelSpeed=-1.492 Vx=-0.472 Vy=0.135 slipVel=1.020 kappa=-0.683 alpha=0.000 Fz=3135.310 Fx=-2781.020 Fy=-0.000
[DEBUG] [Tire] RL grounded=1 omega=-3.410 wheelSpeed=0.000 Vx=-0.479 Vy=0.142 slipVel=-0.479 kappa=0.479 alpha=0.141 Fz=2599.108 Fx=2307.901 Fy=-877.672
[DEBUG] [Tire] RR grounded=1 omega=-5.533 wheelSpeed=-0.322 Vx=-0.473 Vy=0.145 slipVel=-0.151 kappa=0.151 alpha=0.000 Fz=3224.358 Fx=3063.140 Fy=-0.000
[DEBUG] [Audio] Submitted bytes=2867200
[DEBUG] [Tire] FL grounded=1 omega=-4.198 wheelSpeed=-0.203 Vx=-0.525 Vy=0.041 slipVel=-0.321 kappa=0.321 alpha=0.041 Fz=2622.140 Fx=2404.503 Fy=-541.634
[DEBUG] [Tire] FR grounded=1 omega=-0.039 wheelSpeed=-1.411 Vx=-0.521 Vy=0.040 slipVel=0.889 kappa=-0.631 alpha=0.040 Fz=3324.531 Fx=-2948.859 Fy=-667.485
[DEBUG] [Tire] RL grounded=1 omega=-3.542 wheelSpeed=-0.079 Vx=-0.528 Vy=0.043 slipVel=-0.449 kappa=0.449 alpha=0.043 Fz=2432.214 Fx=2230.340 Fy=-534.382
[DEBUG] [Tire] RR grounded=1 omega=-4.545 wheelSpeed=-0.032 Vx=-0.522 Vy=0.048 slipVel=-0.489 kappa=0.489 alpha=0.047 Fz=3278.808 Fx=3006.667 Fy=-779.454
[DEBUG] [Tire] FL grounded=1 omega=0.000 wheelSpeed=-0.201 Vx=-0.110 Vy=0.104 slipVel=0.091 kappa=-0.091 alpha=0.000 Fz=2158.688 Fx=-2050.754 Fy=-0.000
[DEBUG] [Tire] FR grounded=1 omega=0.000 wheelSpeed=-0.143 Vx=-0.107 Vy=0.110 slipVel=0.036 kappa=-0.036 alpha=0.000 Fz=2209.675 Fx=-915.895 Fy=-0.000
[DEBUG] [Tire] RL grounded=1 omega=31.975 wheelSpeed=16.057 Vx=-0.098 Vy=0.124 slipVel=-16.155 kappa=1.006 alpha=0.000 Fz=3628.296 Fx=3327.147 Fy=-0.000
[DEBUG] [Tire] RR grounded=1 omega=35.524 wheelSpeed=17.274 Vx=-0.103 Vy=0.111 slipVel=-17.378 kappa=1.006 alpha=0.000 Fz=3816.545 Fx=3499.771 Fy=-0.000
[DEBUG] [Suspension] FL=0.081930 FR=0.096612 RL=0.096020 RR=0.115558
[DEBUG] [Wheel] FL=-0.336068 FR=-0.217817 RL=48.436432 RR=51.674469
[DEBUG] [Powertrain] gear=1 rpm=6847.018066 torque=281.846436 clutch=0.000000 running=1
[DEBUG] [Energy] x=0.564 y=2.445 z=-8.935 vx=0.052 vy=-0.016 vz=-0.076 total=32671.344 potential=28542.301 linear=5.215 angular=17.164 wheels=3525.394 suspension=581.270 suspensionPower=-728.676 suspensionResidual=0.000
[DEBUG] [Tire] FL grounded=1 omega=2.247 wheelSpeed=0.085 Vx=0.524 Vy=0.118 slipVel=0.439 kappa=-0.439 alpha=0.118 Fz=1546.415 Fx=-1336.979 Fy=-608.872
[DEBUG] [Tire] FR grounded=1 omega=1.966 wheelSpeed=0.089 Vx=0.534 Vy=0.128 slipVel=0.445 kappa=-0.445 alpha=0.128 Fz=1323.966 Fx=-1138.888 Fy=-533.774
[DEBUG] [Tire] RL grounded=1 omega=40.960 wheelSpeed=10.710 Vx=0.541 Vy=0.162 slipVel=-10.169 kappa=0.949 alpha=0.160 Fz=4566.598 Fx=3927.146 Fy=-1843.393
[DEBUG] [Tire] RR grounded=1 omega=44.551 wheelSpeed=11.819 Vx=0.544 Vy=0.141 slipVel=-11.275 kappa=0.954 alpha=0.140 Fz=4505.337 Fx=3841.916 Fy=-1886.447
[DEBUG] [Tire] FL grounded=1 omega=4.417 wheelSpeed=0.926 Vx=1.094 Vy=0.140 slipVel=0.168 kappa=-0.154 alpha=0.127 Fz=1530.702 Fx=-1028.012 Fy=-1028.490
[DEBUG] [Tire] FR grounded=1 omega=3.054 wheelSpeed=1.143 Vx=1.106 Vy=0.142 slipVel=-0.037 kappa=0.032 alpha=0.127 Fz=1128.104 Fx=349.348 Fy=-1013.160
[DEBUG] [Tire] RL grounded=1 omega=47.539 wheelSpeed=12.371 Vx=1.110 Vy=0.177 slipVel=-11.260 kappa=0.910 alpha=0.158 Fz=4743.896 Fx=2991.441 Fy=-3370.703
[DEBUG] [Tire] RR grounded=1 omega=43.600 wheelSpeed=11.013 Vx=1.110 Vy=0.156 slipVel=-9.902 kappa=0.899 alpha=0.140 Fz=4537.636 Fx=2782.769 Fy=-3292.234
[DEBUG] [Suspension] FL=0.053394 FR=0.060261 RL=0.135214 RR=0.148357
[DEBUG] [Wheel] FL=5.434653 FR=3.417809 RL=41.033398 RR=34.833511
[DEBUG] [Powertrain] gear=1 rpm=7000.000000 torque=281.778473 clutch=0.000000 running=1
[DEBUG] [Tire] FL grounded=1 omega=5.999 wheelSpeed=1.407 Vx=1.501 Vy=0.119 slipVel=0.095 kappa=-0.063 alpha=0.079 Fz=1871.231 Fx=-1082.242 Fy=-1410.270
[DEBUG] [Tire] FR grounded=1 omega=4.995 wheelSpeed=2.067 Vx=1.504 Vy=0.113 slipVel=-0.562 kappa=0.272 alpha=0.075 Fz=1532.794 Fx=988.119 Fy=-1069.583
[DEBUG] [Tire] RL grounded=1 omega=51.661 wheelSpeed=13.527 Vx=1.511 Vy=0.131 slipVel=-12.017 kappa=0.888 alpha=0.087 Fz=4286.435 Fx=2648.309 Fy=-3093.310
[DEBUG] [Tire] RR grounded=1 omega=43.644 wheelSpeed=10.988 Vx=1.504 Vy=0.115 slipVel=-9.484 kappa=0.863 alpha=0.077 Fz=4187.914 Fx=2703.370 Fy=-2918.972
[DEBUG] [Tire] FL grounded=1 omega=8.011 wheelSpeed=1.832 Vx=2.020 Vy=0.076 slipVel=0.188 kappa=-0.093 alpha=0.038 Fz=1819.623 Fx=-1543.902 Fy=-777.539
[DEBUG] [Tire] FR grounded=1 omega=5.371 wheelSpeed=2.371 Vx=2.019 Vy=0.070 slipVel=-0.352 kappa=0.148 alpha=0.034 Fz=1588.551 Fx=1377.147 Fy=-617.187
[DEBUG] [Tire] RL grounded=1 omega=50.927 wheelSpeed=13.934 Vx=2.020 Vy=0.083 slipVel=-11.914 kappa=0.855 alpha=0.041 Fz=4827.778 Fx=3987.377 Fy=-2266.227
[DEBUG] [Tire] RR grounded=1 omega=35.276 wheelSpeed=9.034 Vx=2.019 Vy=0.066 slipVel=-7.015 kappa=0.776 alpha=0.033 Fz=4840.800 Fx=4216.393 Fy=-1835.927
[DEBUG] [Performance] FPS=60 PhysicsHz=120
[DEBUG] [Tire] FL grounded=1 omega=8.914 wheelSpeed=2.235 Vx=2.633 Vy=0.007 slipVel=0.399 kappa=-0.151 alpha=0.003 Fz=1372.610 Fx=-1303.323 Fy=-41.379
[DEBUG] [Tire] FR grounded=1 omega=7.291 wheelSpeed=2.792 Vx=2.630 Vy=0.004 slipVel=-0.162 kappa=0.058 alpha=0.001 Fz=1426.198 Fx=969.478 Fy=-25.443
[DEBUG] [Tire] RL grounded=1 omega=66.161 wheelSpeed=18.919 Vx=2.633 Vy=0.006 slipVel=-16.285 kappa=0.861 alpha=0.002 Fz=4431.813 Fx=3931.019 Fy=-97.294
[DEBUG] [Tire] RR grounded=1 omega=45.055 wheelSpeed=12.290 Vx=2.630 Vy=-0.004 slipVel=-9.660 kappa=0.786 alpha=-0.001 Fz=4730.042 Fx=4195.548 Fy=57.274
[DEBUG] [Suspension] FL=0.051262 FR=0.055051 RL=0.143029 RR=0.155225
[DEBUG] [Wheel] FL=9.365540 FR=7.354406 RL=54.597275 RR=32.746490
[DEBUG] [Powertrain] gear=1 rpm=6770.332520 torque=0.000000 clutch=0.000000 running=1
[DEBUG] [Energy] x=0.570 y=2.463 z=-8.233 vx=-0.018 vy=0.171 vz=2.802 total=36389.773 potential=28755.572 linear=4688.644 angular=0.342 wheels=2193.308 suspension=751.908 suspensionPower=71.986 suspensionResidual=-0.000
[DEBUG] [Tire] FL grounded=1 omega=10.835 wheelSpeed=2.832 Vx=3.201 Vy=0.009 slipVel=0.369 kappa=-0.115 alpha=0.003 Fz=1412.484 Fx=-1341.141 Fy=-43.914
[DEBUG] [Tire] FR grounded=1 omega=9.176 wheelSpeed=3.399 Vx=3.200 Vy=0.003 slipVel=-0.199 kappa=0.058 alpha=0.001 Fz=1431.133 Fx=976.704 Fy=-14.494
[DEBUG] [Tire] RL grounded=1 omega=41.803 wheelSpeed=19.410 Vx=3.201 Vy=0.008 slipVel=-16.209 kappa=0.835 alpha=0.002 Fz=4238.584 Fx=3759.624 Fy=-107.187
[DEBUG] [Tire] RR grounded=1 omega=16.383 wheelSpeed=11.388 Vx=3.200 Vy=0.000 slipVel=-8.188 kappa=0.719 alpha=0.000 Fz=4506.835 Fx=3997.563 Fy=-2.707
[DEBUG] [Tire] FL grounded=1 omega=12.638 wheelSpeed=3.338 Vx=3.735 Vy=0.025 slipVel=0.397 kappa=-0.106 alpha=0.007 Fz=1572.872 Fx=-1489.655 Fy=-116.822
[DEBUG] [Tire] FR grounded=1 omega=10.543 wheelSpeed=4.065 Vx=3.724 Vy=0.015 slipVel=-0.340 kappa=0.084 alpha=0.004 Fz=1571.689 Fx=1458.661 Fy=-81.128
[DEBUG] [Tire] RL grounded=1 omega=44.984 wheelSpeed=17.931 Vx=3.735 Vy=0.003 slipVel=-14.196 kappa=0.792 alpha=0.001 Fz=4076.321 Fx=3615.697 Fy=-38.480
[DEBUG] [Tire] RR grounded=1 omega=19.939 wheelSpeed=10.019 Vx=3.724 Vy=-0.004 slipVel=-6.294 kappa=0.628 alpha=-0.001 Fz=4319.724 Fx=3831.595 Fy=44.225
[DEBUG] [Suspension] FL=0.050552 FR=0.051617 RL=0.138884 RR=0.148357
[DEBUG] [Wheel] FL=13.928840 FR=11.853350 RL=63.694878 RR=35.938229
[DEBUG] [Powertrain] gear=1 rpm=6082.497559 torque=292.006805 clutch=0.000000 running=1
[DEBUG] [Tire] FL grounded=1 omega=14.507 wheelSpeed=3.954 Vx=4.293 Vy=0.015 slipVel=0.339 kappa=-0.079 alpha=0.003 Fz=1581.632 Fx=-1453.178 Fy=-68.313
[DEBUG] [Tire] FR grounded=1 omega=12.505 wheelSpeed=4.619 Vx=4.292 Vy=0.005 slipVel=-0.327 kappa=0.071 alpha=0.001 Fz=1604.836 Fx=1303.253 Fy=-22.697
[DEBUG] [Tire] RL grounded=1 omega=46.167 wheelSpeed=19.525 Vx=4.293 Vy=0.012 slipVel=-15.232 kappa=0.780 alpha=0.003 Fz=4056.228 Fx=3597.874 Fy=-122.855
[DEBUG] [Tire] RR grounded=1 omega=16.934 wheelSpeed=10.285 Vx=4.292 Vy=0.003 slipVel=-5.993 kappa=0.583 alpha=0.001 Fz=4330.158 Fx=3840.851 Fy=-30.811
[DEBUG] [Tire] FL grounded=1 omega=15.979 wheelSpeed=4.460 Vx=4.787 Vy=0.025 slipVel=0.327 kappa=-0.068 alpha=0.005 Fz=1685.595 Fx=-1377.771 Fy=-111.492
[DEBUG] [Tire] FR grounded=1 omega=14.087 wheelSpeed=5.099 Vx=4.779 Vy=0.014 slipVel=-0.320 kappa=0.063 alpha=0.003 Fz=1710.508 Fx=1247.682 Fy=-65.223
[DEBUG] [Tire] RL grounded=1 omega=36.566 wheelSpeed=17.622 Vx=4.787 Vy=0.009 slipVel=-12.835 kappa=0.728 alpha=0.002 Fz=3971.812 Fx=3522.998 Fy=-81.982
[DEBUG] [Tire] RR grounded=1 omega=14.234 wheelSpeed=10.589 Vx=4.779 Vy=-0.000 slipVel=-5.810 kappa=0.549 alpha=-0.000 Fz=4240.447 Fx=3761.276 Fy=1.333
[DEBUG] [Audio] Callback count=400 additionalBytes=8192 totalBytes=8192
[DEBUG] [Audio] GenerateAudio rpm=5483.941406 torque=0.000000 speed=17.719954 slip=0.712066 running=1
[DEBUG] [Audio] Submitted bytes=3276800
[DEBUG] [Tire] FL grounded=1 omega=16.903 wheelSpeed=5.147 Vx=5.288 Vy=0.020 slipVel=0.140 kappa=-0.027 alpha=0.004 Fz=1673.656 Fx=-551.999 Fy=-79.953
[DEBUG] [Tire] FR grounded=1 omega=16.129 wheelSpeed=5.462 Vx=5.286 Vy=0.010 slipVel=-0.176 kappa=0.032 alpha=0.002 Fz=1711.178 Fx=633.766 Fy=-42.275
[DEBUG] [Tire] RL grounded=1 omega=33.657 wheelSpeed=16.694 Vx=5.288 Vy=0.016 slipVel=-11.406 kappa=0.683 alpha=0.003 Fz=3978.936 Fx=3529.316 Fy=-128.906
[DEBUG] [Tire] RR grounded=1 omega=16.551 wheelSpeed=11.338 Vx=5.286 Vy=0.005 slipVel=-6.053 kappa=0.534 alpha=0.001 Fz=4260.008 Fx=3778.627 Fy=-41.186
[DEBUG] [Suspension] FL=0.055643 FR=0.056472 RL=0.133201 RR=0.142200
[DEBUG] [Wheel] FL=16.858715 FR=16.269592 RL=49.840038 RR=38.181038
[DEBUG] [Powertrain] gear=1 rpm=5617.322754 torque=0.000000 clutch=0.000000 running=1
[DEBUG] [Energy] x=0.564 y=2.584 z=-6.093 vx=-0.004 vy=0.300 vz=5.482 total=52415.699 potential=30171.074 linear=17937.297 angular=0.060 wheels=3644.196 suspension=663.075 suspensionPower=13.246 suspensionResidual=-0.000
[DEBUG] [Tire] FL grounded=1 omega=18.163 wheelSpeed=5.696 Vx=5.759 Vy=0.043 slipVel=0.062 kappa=-0.011 alpha=0.008 Fz=1759.797 Fx=-244.624 Fy=-171.654
[DEBUG] [Tire] FR grounded=1 omega=18.150 wheelSpeed=5.652 Vx=5.736 Vy=0.033 slipVel=0.084 kappa=-0.015 alpha=0.006 Fz=1789.713 Fx=-329.816 Fy=-131.151
[DEBUG] [Tire] RL grounded=1 omega=35.201 wheelSpeed=12.821 Vx=5.759 Vy=0.003 slipVel=-7.062 kappa=0.551 alpha=0.000 Fz=3915.524 Fx=3473.070 Fy=-19.022
[DEBUG] [Tire] RR grounded=1 omega=30.077 wheelSpeed=11.292 Vx=5.736 Vy=-0.008 slipVel=-5.556 kappa=0.492 alpha=-0.001 Fz=4179.409 Fx=3707.135 Fy=57.657
[DEBUG] [Tire] FL grounded=1 omega=19.587 wheelSpeed=6.229 Vx=6.247 Vy=0.027 slipVel=0.018 kappa=-0.003 alpha=0.004 Fz=1722.214 Fx=-81.702 Fy=-96.666
[DEBUG] [Tire] FR grounded=1 omega=19.574 wheelSpeed=6.220 Vx=6.241 Vy=0.017 slipVel=0.021 kappa=-0.003 alpha=0.003 Fz=1762.223 Fx=-91.825 Fy=-62.468
[DEBUG] [Tire] RL grounded=1 omega=44.313 wheelSpeed=11.584 Vx=6.247 Vy=0.016 slipVel=-5.336 kappa=0.461 alpha=0.003 Fz=3938.637 Fx=3493.571 Fy=-112.930
[DEBUG] [Tire] RR grounded=1 omega=41.772 wheelSpeed=10.886 Vx=6.241 Vy=0.005 slipVel=-4.645 kappa=0.427 alpha=0.001 Fz=4213.991 Fx=3737.810 Fy=-34.061
[DEBUG] [Suspension] FL=0.056117 FR=0.057419 RL=0.132490 RR=0.141726
[DEBUG] [Wheel] FL=20.764847 FR=20.779564 RL=35.463306 RR=31.821781
[DEBUG] [Powertrain] gear=1 rpm=5572.288574 torque=295.321442 clutch=0.000000 running=1
[DEBUG] [Tire] FL grounded=1 omega=21.313 wheelSpeed=6.770 Vx=6.802 Vy=0.022 slipVel=0.032 kappa=-0.005 alpha=0.003 Fz=1572.175 Fx=-105.160 Fy=-63.488
[DEBUG] [Tire] FR grounded=1 omega=21.324 wheelSpeed=6.771 Vx=6.803 Vy=0.012 slipVel=0.032 kappa=-0.005 alpha=0.002 Fz=1635.965 Fx=-111.874 Fy=-36.776
[DEBUG] [Tire] RL grounded=1 omega=46.181 wheelSpeed=12.233 Vx=6.802 Vy=0.026 slipVel=-5.431 kappa=0.444 alpha=0.004 Fz=4061.054 Fx=3602.155 Fy=-165.469
[DEBUG] [Tire] RR grounded=1 omega=40.558 wheelSpeed=10.561 Vx=6.803 Vy=0.012 slipVel=-3.758 kappa=0.356 alpha=0.002 Fz=4364.044 Fx=3870.907 Fy=-77.523
[DEBUG] [Tire] FL grounded=1 omega=22.972 wheelSpeed=7.305 Vx=7.337 Vy=0.025 slipVel=0.032 kappa=-0.004 alpha=0.003 Fz=1531.956 Fx=-98.031 Fy=-67.274
[DEBUG] [Tire] FR grounded=1 omega=22.978 wheelSpeed=7.306 Vx=7.337 Vy=0.015 slipVel=0.031 kappa=-0.004 alpha=0.002 Fz=1603.126 Fx=-99.864 Fy=-41.923
[DEBUG] [Tire] RL grounded=1 omega=39.980 wheelSpeed=10.264 Vx=7.337 Vy=0.027 slipVel=-2.927 kappa=0.285 alpha=0.004 Fz=4097.744 Fx=3634.699 Fy=-162.763
[DEBUG] [Tire] RR grounded=1 omega=35.080 wheelSpeed=8.957 Vx=7.337 Vy=0.013 slipVel=-1.621 kappa=0.181 alpha=0.002 Fz=4407.715 Fx=4186.676 Fy=-73.941
[DEBUG] [Performance] FPS=60 PhysicsHz=120
[DEBUG] [Tire] FL grounded=1 omega=24.695 wheelSpeed=7.856 Vx=7.892 Vy=0.027 slipVel=0.036 kappa=-0.005 alpha=0.003 Fz=1493.313 Fx=-98.598 Fy=-64.557
[DEBUG] [Tire] FR grounded=1 omega=24.709 wheelSpeed=7.859 Vx=7.893 Vy=0.016 slipVel=0.034 kappa=-0.004 alpha=0.002 Fz=1586.035 Fx=-100.216 Fy=-40.061
[DEBUG] [Tire] RL grounded=1 omega=54.806 wheelSpeed=15.016 Vx=7.892 Vy=0.031 slipVel=-7.124 kappa=0.474 alpha=0.004 Fz=4116.129 Fx=3651.007 Fy=-173.911
[DEBUG] [Tire] RR grounded=1 omega=46.886 wheelSpeed=12.621 Vx=7.893 Vy=0.017 slipVel=-4.728 kappa=0.375 alpha=0.002 Fz=4448.323 Fx=3945.662 Fy=-90.666
[DEBUG] [Suspension] FL=0.051736 FR=0.054222 RL=0.135806 RR=0.146226
[DEBUG] [Wheel] FL=24.987137 FR=25.005192 RL=43.991585 RR=34.775513
[DEBUG] [Powertrain] gear=1 rpm=6416.289062 torque=288.339111 clutch=0.000000 running=1
[DEBUG] [Energy] x=0.566 y=2.773 z=-2.639 vx=0.009 vy=0.445 vz=8.159 total=79009.258 potential=32370.090 linear=39721.844 angular=0.223 wheels=6233.240 suspension=683.850 suspensionPower=-75.378 suspensionResidual=0.000
[DEBUG] [Tire] FL grounded=1 omega=26.277 wheelSpeed=8.418 Vx=8.397 Vy=0.053 slipVel=-0.021 kappa=0.002 alpha=0.006 Fz=1637.383 Fx=19.918 Fy=-133.447
[DEBUG] [Tire] FR grounded=1 omega=26.196 wheelSpeed=8.428 Vx=8.375 Vy=0.040 slipVel=-0.052 kappa=0.006 alpha=0.005 Fz=1733.682 Fx=94.829 Fy=-106.911
[DEBUG] [Tire] RL grounded=1 omega=53.172 wheelSpeed=14.435 Vx=8.398 Vy=0.014 slipVel=-6.038 kappa=0.418 alpha=0.002 Fz=3978.880 Fx=3529.267 Fy=-70.184
[DEBUG] [Tire] RR grounded=1 omega=50.194 wheelSpeed=13.621 Vx=8.375 Vy=0.001 slipVel=-5.246 kappa=0.385 alpha=0.000 Fz=4309.179 Fx=3822.241 Fy=-2.560
[DEBUG] [Tire] FL grounded=1 omega=28.038 wheelSpeed=8.926 Vx=8.965 Vy=0.033 slipVel=0.039 kappa=-0.004 alpha=0.004 Fz=1548.818 Fx=-98.267 Fy=-72.025
[DEBUG] [Tire] FR grounded=1 omega=28.045 wheelSpeed=8.927 Vx=8.964 Vy=0.021 slipVel=0.037 kappa=-0.004 alpha=0.002 Fz=1642.013 Fx=-100.361 Fy=-49.804
[DEBUG] [Tire] RL grounded=1 omega=49.372 wheelSpeed=13.254 Vx=8.965 Vy=0.032 slipVel=-4.289 kappa=0.324 alpha=0.004 Fz=4060.401 Fx=3601.575 Fy=-155.309
[DEBUG] [Tire] RR grounded=1 omega=40.084 wheelSpeed=10.550 Vx=8.964 Vy=0.018 slipVel=-1.586 kappa=0.150 alpha=0.002 Fz=4388.445 Fx=4168.308 Fy=-77.229
[DEBUG] [Suspension] FL=0.036461 FR=0.043802 RL=0.136161 RR=0.145515
[DEBUG] [Wheel] FL=28.570868 FR=28.777597 RL=44.918747 RR=38.597740
[DEBUG] [Powertrain] gear=1 rpm=7000.000000 torque=281.778473 clutch=0.000000 running=1
[DEBUG] [Tire] FL grounded=1 omega=29.230 wheelSpeed=9.302 Vx=9.407 Vy=0.069 slipVel=0.105 kappa=-0.011 alpha=0.007 Fz=763.283 Fx=-109.206 Fy=-72.599
[DEBUG] [Tire] FR grounded=1 omega=29.339 wheelSpeed=9.344 Vx=9.393 Vy=0.049 slipVel=0.049 kappa=-0.005 alpha=0.005 Fz=1289.819 Fx=-94.879 Fy=-86.148
[DEBUG] [Tire] RL grounded=1 omega=44.788 wheelSpeed=11.917 Vx=9.406 Vy=0.037 slipVel=-2.511 kappa=0.211 alpha=0.004 Fz=4228.085 Fx=3875.772 Fy=-169.928
[DEBUG] [Tire] RR grounded=1 omega=41.182 wheelSpeed=9.786 Vx=9.391 Vy=0.025 slipVel=-0.394 kappa=0.040 alpha=0.003 Fz=4284.528 Fx=1813.846 Fy=-113.964
[DEBUG] [Tire] FL grounded=1 omega=30.941 wheelSpeed=9.857 Vx=9.911 Vy=0.068 slipVel=0.053 kappa=-0.005 alpha=0.007 Fz=1220.970 Fx=-91.991 Fy=-108.306
[DEBUG] [Tire] FR grounded=1 omega=30.934 wheelSpeed=9.851 Vx=9.886 Vy=0.050 slipVel=0.035 kappa=-0.004 alpha=0.005 Fz=1855.979 Fx=-100.404 Fy=-120.911
[DEBUG] [Tire] RL grounded=1 omega=43.392 wheelSpeed=16.054 Vx=9.914 Vy=0.016 slipVel=-6.140 kappa=0.382 alpha=0.002 Fz=4266.617 Fx=3784.489 Fy=-68.161
[DEBUG] [Tire] RR grounded=1 omega=44.300 wheelSpeed=16.278 Vx=9.888 Vy=0.011 slipVel=-6.390 kappa=0.393 alpha=0.001 Fz=4109.316 Fx=3644.964 Fy=-46.843
[DEBUG] [Audio] Submitted bytes=3686400
[DEBUG] [Tire] FL grounded=1 omega=32.336 wheelSpeed=10.307 Vx=10.339 Vy=0.060 slipVel=0.031 kappa=-0.003 alpha=0.006 Fz=1734.768 Fx=-84.543 Fy=-129.094
[DEBUG] [Tire] FR grounded=1 omega=32.342 wheelSpeed=10.309 Vx=10.329 Vy=0.046 slipVel=0.020 kappa=-0.002 alpha=0.004 Fz=2354.052 Fx=-86.186 Fy=-135.691
[DEBUG] [Tire] RL grounded=1 omega=45.889 wheelSpeed=10.140 Vx=10.339 Vy=0.035 slipVel=0.199 kappa=-0.019 alpha=0.003 Fz=2573.929 Fx=-618.053 Fy=-110.864
[DEBUG] [Tire] RR grounded=1 omega=45.573 wheelSpeed=10.374 Vx=10.329 Vy=0.033 slipVel=-0.045 kappa=0.004 alpha=0.003 Fz=2658.947 Fx=89.106 Fy=-106.761
[DEBUG] [Suspension] FL=0.043802 FR=0.062156 RL=0.123491 RR=0.123965
[DEBUG] [Wheel] FL=32.434845 FR=32.467159 RL=45.916592 RR=45.383247
[DEBUG] [Powertrain] gear=1 rpm=6236.222168 torque=0.000000 clutch=0.000000 running=1
[DEBUG] [Energy] x=0.570 y=2.965 z=2.197 vx=-0.009 vy=0.192 vz=10.630 total=105926.414 potential=34617.133 linear=67253.461 angular=10.438 wheels=3527.773 suspension=517.610 suspensionPower=100.461 suspensionResidual=0.000
[DEBUG] [Tire] FL grounded=1 omega=33.087 wheelSpeed=10.494 Vx=10.557 Vy=0.041 slipVel=0.063 kappa=-0.006 alpha=0.004 Fz=2407.885 Fx=-198.320 Fy=-118.577
[DEBUG] [Tire] FR grounded=1 omega=33.225 wheelSpeed=10.447 Vx=10.554 Vy=0.030 slipVel=0.107 kappa=-0.010 alpha=0.003 Fz=2979.259 Fx=-390.500 Fy=-109.196
[DEBUG] [Tire] RL grounded=1 omega=47.625 wheelSpeed=9.713 Vx=10.557 Vy=0.034 slipVel=0.844 kappa=-0.080 alpha=0.003 Fz=2901.835 Fx=-2689.510 Fy=-118.292
[DEBUG] [Tire] RR grounded=1 omega=47.565 wheelSpeed=9.849 Vx=10.554 Vy=0.030 slipVel=0.706 kappa=-0.067 alpha=0.003 Fz=2942.624 Fx=-2363.246 Fy=-104.975
[DEBUG] [Tire] FL grounded=1 omega=33.229 wheelSpeed=10.453 Vx=10.563 Vy=0.024 slipVel=0.110 kappa=-0.010 alpha=0.002 Fz=2830.942 Fx=-379.138 Fy=-81.942
[DEBUG] [Tire] FR grounded=1 omega=33.584 wheelSpeed=10.356 Vx=10.568 Vy=0.018 slipVel=0.212 kappa=-0.020 alpha=0.002 Fz=3329.980 Fx=-825.062 Fy=-72.741
[DEBUG] [Tire] RL grounded=1 omega=45.415 wheelSpeed=11.549 Vx=10.563 Vy=0.030 slipVel=-0.985 kappa=0.085 alpha=0.003 Fz=2842.312 Fx=2674.077 Fy=-103.736
[DEBUG] [Tire] RR grounded=1 omega=45.470 wheelSpeed=11.554 Vx=10.568 Vy=0.028 slipVel=-0.986 kappa=0.085 alpha=0.003 Fz=2814.098 Fx=2647.940 Fy=-96.509
[DEBUG] [Suspension] FL=0.075417 FR=0.092823 RL=0.105848 RR=0.105493
[DEBUG] [Wheel] FL=34.365906 FR=34.400101 RL=36.201187 RR=36.441223
[DEBUG] [Powertrain] gear=1 rpm=6857.616211 torque=285.769104 clutch=0.000000 running=1
[DEBUG] [Tire] FL grounded=1 omega=34.915 wheelSpeed=11.123 Vx=11.165 Vy=0.019 slipVel=0.041 kappa=-0.004 alpha=0.002 Fz=1852.104 Fx=-104.351 Fy=-39.430
[DEBUG] [Tire] FR grounded=1 omega=34.951 wheelSpeed=11.136 Vx=11.166 Vy=0.017 slipVel=0.030 kappa=-0.003 alpha=0.002 Fz=2283.826 Fx=-102.520 Fy=-44.920
[DEBUG] [Tire] RL grounded=1 omega=46.927 wheelSpeed=11.702 Vx=11.165 Vy=0.028 slipVel=-0.537 kappa=0.046 alpha=0.003 Fz=3906.095 Fx=1976.439 Fy=-108.126
[DEBUG] [Tire] RR grounded=1 omega=46.888 wheelSpeed=11.740 Vx=11.166 Vy=0.020 slipVel=-0.575 kappa=0.049 alpha=0.002 Fz=3812.641 Fx=2084.081 Fy=-77.623
[DEBUG] [Tire] FL grounded=1 omega=36.316 wheelSpeed=11.574 Vx=11.625 Vy=0.015 slipVel=0.052 kappa=-0.004 alpha=0.001 Fz=1545.353 Fx=-100.155 Fy=-25.127
[DEBUG] [Tire] FR grounded=1 omega=36.352 wheelSpeed=11.584 Vx=11.625 Vy=0.012 slipVel=0.041 kappa=-0.003 alpha=0.001 Fz=1910.570 Fx=-103.228 Fy=-25.263
[DEBUG] [Tire] RL grounded=1 omega=50.054 wheelSpeed=11.459 Vx=11.625 Vy=0.022 slipVel=0.166 kappa=-0.014 alpha=0.002 Fz=4240.321 Fx=-646.882 Fy=-81.429
[DEBUG] [Tire] RR grounded=1 omega=49.893 wheelSpeed=11.520 Vx=11.625 Vy=0.013 slipVel=0.104 kappa=-0.009 alpha=0.001 Fz=4075.963 Fx=-408.097 Fy=-47.503
[DEBUG] [Performance] FPS=60 PhysicsHz=120
[DEBUG] [Tire] FL grounded=1 omega=36.575 wheelSpeed=11.639 Vx=11.687 Vy=0.004 slipVel=0.048 kappa=-0.004 alpha=0.000 Fz=2243.806 Fx=-136.353 Fy=-10.602
[DEBUG] [Tire] FR grounded=1 omega=36.618 wheelSpeed=11.630 Vx=11.690 Vy=-0.000 slipVel=0.060 kappa=-0.005 alpha=-0.000 Fz=2550.391 Fx=-185.824 Fy=0.581
[DEBUG] [Tire] RL grounded=1 omega=51.515 wheelSpeed=10.932 Vx=11.687 Vy=0.013 slipVel=0.755 kappa=-0.065 alpha=0.001 Fz=3580.767 Fx=-2744.936 Fy=-45.321
[DEBUG] [Tire] RR grounded=1 omega=51.402 wheelSpeed=10.868 Vx=11.690 Vy=0.008 slipVel=0.822 kappa=-0.070 alpha=0.001 Fz=3358.310 Fx=-2803.656 Fy=-28.146
[DEBUG] [Suspension] FL=0.065945 FR=0.078733 RL=0.125031 RR=0.120176
[DEBUG] [Wheel] FL=36.540504 FR=36.586044 RL=51.478561 RR=51.165672
[DEBUG] [Powertrain] gear=1 rpm=6641.922852 torque=285.185791 clutch=0.000000 running=1
[DEBUG] [Energy] x=0.547 y=3.060 z=7.871 vx=-0.071 vy=0.217 vz=11.757 total=123966.000 potential=35724.227 linear=82271.789 angular=5.499 wheels=5369.189 suspension=595.299 suspensionPower=79.844 suspensionResidual=0.000
[DEBUG] [Tire] FL grounded=1 omega=37.249 wheelSpeed=11.870 Vx=11.903 Vy=-0.000 slipVel=0.033 kappa=-0.003 alpha=-0.000 Fz=2271.451 Fx=-104.670 Fy=1.018
[DEBUG] [Tire] FR grounded=1 omega=37.264 wheelSpeed=11.875 Vx=11.903 Vy=-0.003 slipVel=0.028 kappa=-0.002 alpha=-0.000 Fz=2524.386 Fx=-104.384 Fy=6.985
[DEBUG] [Tire] RL grounded=1 omega=50.875 wheelSpeed=11.722 Vx=11.903 Vy=0.002 slipVel=0.181 kappa=-0.015 alpha=0.000 Fz=3572.058 Fx=-644.984 Fy=-8.570
[DEBUG] [Tire] RR grounded=1 omega=49.953 wheelSpeed=12.282 Vx=11.903 Vy=-0.001 slipVel=-0.379 kappa=0.031 alpha=-0.000 Fz=3291.646 Fx=1158.228 Fy=3.693
[DEBUG] [Tire] FL grounded=1 omega=38.341 wheelSpeed=12.225 Vx=12.290 Vy=-0.022 slipVel=0.065 kappa=-0.005 alpha=-0.002 Fz=1254.440 Fx=-93.236 Fy=28.365
[DEBUG] [Tire] FR grounded=1 omega=38.351 wheelSpeed=12.229 Vx=12.296 Vy=-0.025 slipVel=0.068 kappa=-0.006 alpha=-0.002 Fz=1196.541 Fx=-91.959 Fy=30.707
[DEBUG] [Tire] RL grounded=1 omega=53.525 wheelSpeed=11.565 Vx=12.290 Vy=-0.006 slipVel=0.725 kappa=-0.059 alpha=-0.001 Fz=4022.513 Fx=-2766.358 Fy=22.059
[DEBUG] [Tire] RR grounded=1 omega=53.255 wheelSpeed=11.638 Vx=12.297 Vy=-0.010 slipVel=0.659 kappa=-0.054 alpha=-0.001 Fz=3852.647 Fx=-2429.107 Fy=34.354
[DEBUG] [Suspension] FL=0.061682 FR=0.064169 RL=0.121360 RR=0.115203
[DEBUG] [Wheel] FL=38.073586 FR=38.087948 RL=52.783138 RR=52.672958
[DEBUG] [Powertrain] gear=1 rpm=6949.972656 torque=280.000000 clutch=0.000000 running=1
[DEBUG] [Tire] FL grounded=1 omega=38.035 wheelSpeed=12.083 Vx=12.141 Vy=-0.021 slipVel=0.058 kappa=-0.005 alpha=-0.002 Fz=2723.761 Fx=-186.886 Fy=59.450
[DEBUG] [Tire] FR grounded=1 omega=38.038 wheelSpeed=12.098 Vx=12.148 Vy=-0.023 slipVel=0.051 kappa=-0.004 alpha=-0.002 Fz=2548.326 Fx=-157.402 Fy=62.196
[DEBUG] [Tire] RL grounded=1 omega=52.497 wheelSpeed=11.303 Vx=12.145 Vy=-0.011 slipVel=0.842 kappa=-0.069 alpha=-0.001 Fz=3169.414 Fx=-2625.484 Fy=34.938
[DEBUG] [Tire] RR grounded=1 omega=52.391 wheelSpeed=11.310 Vx=12.154 Vy=-0.009 slipVel=0.844 kappa=-0.069 alpha=-0.001 Fz=3060.672 Fx=-2539.552 Fy=30.093
[DEBUG] [Tire] FL grounded=1 omega=38.943 wheelSpeed=12.411 Vx=12.437 Vy=-0.031 slipVel=0.026 kappa=-0.002 alpha=-0.003 Fz=2778.723 Fx=-106.476 Fy=88.695
[DEBUG] [Tire] FR grounded=1 omega=38.940 wheelSpeed=12.413 Vx=12.439 Vy=-0.032 slipVel=0.026 kappa=-0.002 alpha=-0.003 Fz=2635.402 Fx=-100.590 Fy=85.735
[DEBUG] [Tire] RL grounded=1 omega=52.235 wheelSpeed=12.374 Vx=12.437 Vy=-0.029 slipVel=0.064 kappa=-0.005 alpha=-0.002 Fz=2609.311 Fx=-188.831 Fy=76.472
[DEBUG] [Tire] RR grounded=1 omega=52.209 wheelSpeed=12.647 Vx=12.439 Vy=-0.029 slipVel=-0.207 kappa=0.016 alpha=-0.002 Fz=2300.603 Fx=403.731 Fy=67.474
[DEBUG] [Tire] FL grounded=1 omega=39.304 wheelSpeed=12.470 Vx=12.538 Vy=-0.030 slipVel=0.068 kappa=-0.005 alpha=-0.002 Fz=2982.615 Fx=-227.412 Fy=91.513
[DEBUG] [Tire] FR grounded=1 omega=39.288 wheelSpeed=12.480 Vx=12.540 Vy=-0.030 slipVel=0.060 kappa=-0.005 alpha=-0.002 Fz=2832.401 Fx=-193.976 Fy=87.422
[DEBUG] [Tire] RL grounded=1 omega=53.516 wheelSpeed=11.634 Vx=12.538 Vy=-0.026 slipVel=0.904 kappa=-0.072 alpha=-0.002 Fz=3055.998 Fx=-2613.570 Fy=79.843
[DEBUG] [Tire] RR grounded=1 omega=53.124 wheelSpeed=11.640 Vx=12.540 Vy=-0.026 slipVel=0.900 kappa=-0.072 alpha=-0.002 Fz=2741.147 Fx=-2337.049 Fy=72.670
[DEBUG] [Suspension] FL=0.090337 FR=0.086666 RL=0.098152 RR=0.089034
[DEBUG] [Wheel] FL=39.322136 FR=39.304096 RL=48.246410 RR=47.850983
[DEBUG] [Powertrain] gear=2 rpm=6949.972656 torque=280.000000 clutch=0.000000 running=1
[DEBUG] [Audio] Callback count=500 additionalBytes=8192 totalBytes=8192
[DEBUG] [Audio] Submitted bytes=4096000
[DEBUG] [Energy] x=0.508 y=3.059 z=14.148 vx=-0.072 vy=-0.153 vz=12.751 total=145871.344 potential=35715.020 linear=96757.039 angular=5.161 wheels=12868.664 suspension=525.472 suspensionPower=-633.279 suspensionResidual=0.000
[DEBUG] [Tire] FL grounded=1 omega=40.604 wheelSpeed=12.942 Vx=12.981 Vy=-0.028 slipVel=0.039 kappa=-0.003 alpha=-0.002 Fz=2235.606 Fx=-108.910 Fy=60.363
[DEBUG] [Tire] FR grounded=1 omega=40.584 wheelSpeed=12.936 Vx=12.978 Vy=-0.028 slipVel=0.043 kappa=-0.003 alpha=-0.002 Fz=2093.637 Fx=-107.931 Fy=56.553
[DEBUG] [Tire] RL grounded=1 omega=75.085 wheelSpeed=24.526 Vx=12.981 Vy=-0.031 slipVel=-11.545 kappa=0.471 alpha=-0.002 Fz=3929.072 Fx=3485.087 Fy=101.805
[DEBUG] [Tire] RR grounded=1 omega=78.811 wheelSpeed=25.590 Vx=12.978 Vy=-0.032 slipVel=-12.611 kappa=0.493 alpha=-0.002 Fz=3623.074 Fx=3213.667 Fy=104.406
[DEBUG] [Tire] FL grounded=1 omega=42.513 wheelSpeed=13.554 Vx=13.621 Vy=-0.033 slipVel=0.067 kappa=-0.005 alpha=-0.002 Fz=1512.333 Fx=-106.711 Fy=46.628
[DEBUG] [Tire] FR grounded=1 omega=42.481 wheelSpeed=13.544 Vx=13.619 Vy=-0.033 slipVel=0.075 kappa=-0.006 alpha=-0.002 Fz=1380.133 Fx=-106.045 Fy=42.200
[DEBUG] [Tire] RL grounded=1 omega=71.487 wheelSpeed=22.262 Vx=13.621 Vy=-0.036 slipVel=-8.640 kappa=0.388 alpha=-0.003 Fz=4606.855 Fx=4086.281 Fy=113.432
[DEBUG] [Tire] RR grounded=1 omega=79.926 wheelSpeed=24.839 Vx=13.619 Vy=-0.036 slipVel=-11.221 kappa=0.452 alpha=-0.003 Fz=4314.583 Fx=3827.035 Fy=115.198
[DEBUG] [Suspension] FL=0.064524 FR=0.060261 RL=0.136516 RR=0.126688
[DEBUG] [Wheel] FL=43.782394 FR=43.746410 RL=62.677635 RR=74.175880
[DEBUG] [Powertrain] gear=2 rpm=6034.252441 torque=0.000000 clutch=0.000000 running=1
[DEBUG] [Tire] FL grounded=1 omega=44.425 wheelSpeed=14.164 Vx=14.252 Vy=-0.041 slipVel=0.088 kappa=-0.006 alpha=-0.003 Fz=1288.573 Fx=-108.672 Fy=46.671
[DEBUG] [Tire] FR grounded=1 omega=44.388 wheelSpeed=14.153 Vx=14.252 Vy=-0.039 slipVel=0.099 kappa=-0.007 alpha=-0.003 Fz=1162.909 Fx=-108.804 Fy=40.429
[DEBUG] [Tire] RL grounded=1 omega=55.970 wheelSpeed=20.258 Vx=14.252 Vy=-0.039 slipVel=-6.006 kappa=0.296 alpha=-0.003 Fz=4783.224 Fx=4242.719 Fy=118.398
[DEBUG] [Tire] RR grounded=1 omega=68.997 wheelSpeed=24.305 Vx=14.252 Vy=-0.038 slipVel=-10.053 kappa=0.414 alpha=-0.003 Fz=4493.987 Fx=3986.167 Fy=116.488
[DEBUG] [Tire] FL grounded=1 omega=46.157 wheelSpeed=14.759 Vx=14.762 Vy=-0.082 slipVel=0.003 kappa=-0.000 alpha=-0.006 Fz=1396.872 Fx=-24.380 Fy=99.993
[DEBUG] [Tire] FR grounded=1 omega=46.206 wheelSpeed=14.755 Vx=14.801 Vy=-0.078 slipVel=0.046 kappa=-0.003 alpha=-0.005 Fz=1301.391 Fx=-64.136 Fy=88.736
[DEBUG] [Tire] RL grounded=1 omega=49.508 wheelSpeed=17.853 Vx=14.761 Vy=-0.011 slipVel=-3.091 kappa=0.173 alpha=-0.001 Fz=4497.529 Fx=4272.549 Fy=29.701
[DEBUG] [Tire] RR grounded=1 omega=53.146 wheelSpeed=18.822 Vx=14.802 Vy=-0.009 slipVel=-4.020 kappa=0.214 alpha=-0.001 Fz=4235.662 Fx=3860.925 Fy=26.220
[DEBUG] [Tire] FL grounded=1 omega=46.619 wheelSpeed=14.986 Vx=14.890 Vy=-0.060 slipVel=-0.096 kappa=0.006 alpha=-0.004 Fz=2508.259 Fx=143.680 Fy=129.399
[DEBUG] [Tire] FR grounded=1 omega=46.734 wheelSpeed=15.023 Vx=14.925 Vy=-0.056 slipVel=-0.097 kappa=0.006 alpha=-0.004 Fz=2465.729 Fx=142.864 Fy=117.988
[DEBUG] [Tire] RL grounded=1 omega=42.974 wheelSpeed=17.853 Vx=14.890 Vy=0.005 slipVel=-2.963 kappa=0.166 alpha=0.000 Fz=3444.006 Fx=3271.782 Fy=-12.344
[DEBUG] [Tire] RR grounded=1 omega=42.368 wheelSpeed=17.566 Vx=14.926 Vy=0.006 slipVel=-2.640 kappa=0.150 alpha=0.000 Fz=3237.201 Fx=3075.302 Fy=-15.490
[DEBUG] [Performance] FPS=60 PhysicsHz=120
[DEBUG] [Suspension] FL=0.059432 FR=0.056472 RL=0.139713 RR=0.131306
[DEBUG] [Wheel] FL=46.561535 FR=46.664078 RL=43.195244 RR=42.713928
[DEBUG] [Powertrain] gear=2 rpm=4270.588379 torque=0.000000 clutch=0.000000 running=1
[DEBUG] [Energy] x=0.464 y=2.985 z=21.386 vx=-0.122 vy=-0.168 vz=15.071 total=178002.203 potential=34849.262 linear=135171.141 angular=31.982 wheels=7357.339 suspension=592.475 suspensionPower=-141.428 suspensionResidual=0.000
[DEBUG] [Tire] FL grounded=1 omega=46.659 wheelSpeed=14.985 Vx=14.917 Vy=-0.037 slipVel=-0.068 kappa=0.005 alpha=-0.002 Fz=3182.088 Fx=113.798 Fy=99.391
[DEBUG] [Tire] FR grounded=1 omega=46.714 wheelSpeed=15.001 Vx=14.934 Vy=-0.034 slipVel=-0.067 kappa=0.004 alpha=-0.002 Fz=3144.478 Fx=110.115 Fy=91.316
[DEBUG] [Tire] RL grounded=1 omega=48.562 wheelSpeed=17.567 Vx=14.917 Vy=-0.005 slipVel=-2.651 kappa=0.151 alpha=-0.000 Fz=2647.129 Fx=2514.753 Fy=9.972
[DEBUG] [Tire] RR grounded=1 omega=48.662 wheelSpeed=17.509 Vx=14.934 Vy=-0.005 slipVel=-2.575 kappa=0.147 alpha=-0.000 Fz=2446.625 Fx=2324.277 Fy=8.649
[DEBUG] [Tire] FL grounded=1 omega=48.611 wheelSpeed=15.505 Vx=15.551 Vy=-0.036 slipVel=0.046 kappa=-0.003 alpha=-0.002 Fz=2241.511 Fx=-106.923 Fy=65.892
[DEBUG] [Tire] FR grounded=1 omega=48.636 wheelSpeed=15.512 Vx=15.560 Vy=-0.035 slipVel=0.048 kappa=-0.003 alpha=-0.002 Fz=2194.127 Fx=-107.994 Fy=63.050
[DEBUG] [Tire] RL grounded=1 omega=52.255 wheelSpeed=17.862 Vx=15.551 Vy=-0.019 slipVel=-2.312 kappa=0.129 alpha=-0.001 Fz=3684.082 Fx=3499.572 Fy=46.232
[DEBUG] [Tire] RR grounded=1 omega=52.989 wheelSpeed=18.001 Vx=15.560 Vy=-0.018 slipVel=-2.441 kappa=0.136 alpha=-0.001 Fz=3470.058 Fx=3296.276 Fy=42.845
[DEBUG] [Suspension] FL=0.076128 FR=0.074233 RL=0.121360 RR=0.113900
[DEBUG] [Wheel] FL=49.790863 FR=49.815319 RL=52.316719 RR=52.716179
[DEBUG] [Powertrain] gear=2 rpm=4789.389160 torque=294.496246 clutch=0.000000 running=1
[DEBUG] [Tire] FL grounded=1 omega=50.290 wheelSpeed=16.062 Vx=16.092 Vy=-0.046 slipVel=0.031 kappa=-0.002 alpha=-0.003 Fz=1816.828 Fx=-65.628 Fy=66.218
[DEBUG] [Tire] FR grounded=1 omega=50.315 wheelSpeed=16.069 Vx=16.103 Vy=-0.045 slipVel=0.034 kappa=-0.002 alpha=-0.003 Fz=1742.115 Fx=-67.536 Fy=61.977
[DEBUG] [Tire] RL grounded=1 omega=52.796 wheelSpeed=18.432 Vx=16.092 Vy=-0.027 slipVel=-2.340 kappa=0.127 alpha=-0.002 Fz=4171.538 Fx=3962.458 Fy=63.102
[DEBUG] [Tire] RR grounded=1 omega=53.179 wheelSpeed=18.446 Vx=16.103 Vy=-0.025 slipVel=-2.342 kappa=0.127 alpha=-0.002 Fz=3929.753 Fx=3732.819 Fy=57.734
[DEBUG] [Tire] FL grounded=1 omega=51.774 wheelSpeed=16.536 Vx=16.570 Vy=-0.055 slipVel=0.034 kappa=-0.002 alpha=-0.003 Fz=1773.636 Fx=-66.603 Fy=74.782
[DEBUG] [Tire] FR grounded=1 omega=51.800 wheelSpeed=16.543 Vx=16.582 Vy=-0.053 slipVel=0.039 kappa=-0.002 alpha=-0.003 Fz=1671.739 Fx=-68.934 Fy=68.495
[DEBUG] [Tire] RL grounded=1 omega=54.317 wheelSpeed=18.920 Vx=16.570 Vy=-0.032 slipVel=-2.351 kappa=0.124 alpha=-0.002 Fz=4249.970 Fx=4036.812 Fy=72.930
[DEBUG] [Tire] RR grounded=1 omega=54.747 wheelSpeed=18.937 Vx=16.583 Vy=-0.030 slipVel=-2.355 kappa=0.124 alpha=-0.002 Fz=3980.808 Fx=3781.167 Fy=67.352
[DEBUG] [Tire] FL grounded=1 omega=53.328 wheelSpeed=17.013 Vx=17.019 Vy=-0.062 slipVel=0.006 kappa=-0.000 alpha=-0.004 Fz=6475.328 Fx=-109.436 Fy=166.536
[DEBUG] [Tire] FR grounded=1 omega=53.386 wheelSpeed=17.021 Vx=17.044 Vy=-0.060 slipVel=0.023 kappa=-0.001 alpha=-0.004 Fz=5496.017 Fx=-132.065 Fy=157.550
[DEBUG] [Tire] RL grounded=1 omega=55.942 wheelSpeed=19.416 Vx=17.048 Vy=-0.035 slipVel=-2.368 kappa=0.122 alpha=-0.002 Fz=4210.248 Fx=3998.983 Fy=77.590
[DEBUG] [Tire] RR grounded=1 omega=56.436 wheelSpeed=19.444 Vx=17.063 Vy=-0.033 slipVel=-2.381 kappa=0.122 alpha=-0.002 Fz=3919.788 Fx=3723.093 Fy=72.484
[DEBUG] [Suspension] FL=0.078970 FR=0.073049 RL=0.137227 RR=0.128701
[DEBUG] [Wheel] FL=53.804653 FR=53.850967 RL=56.164764 RR=56.464390
[DEBUG] [Powertrain] gear=2 rpm=5123.778320 torque=295.779266 clutch=0.000000 running=1
[DEBUG] [Energy] x=0.369 y=2.908 z=29.643 vx=-0.248 vy=0.216 vz=17.431 total=228471.672 potential=33948.035 linear=180856.859 angular=111.160 wheels=12731.519 suspension=824.109 suspensionPower=-536.376 suspensionResidual=0.000
[DEBUG] [Tire] FL grounded=1 omega=55.601 wheelSpeed=17.758 Vx=17.765 Vy=-0.078 slipVel=0.007 kappa=-0.000 alpha=-0.004 Fz=3867.045 Fx=-72.542 Fy=191.862
[DEBUG] [Tire] FR grounded=1 omega=55.606 wheelSpeed=17.757 Vx=17.779 Vy=-0.079 slipVel=0.022 kappa=-0.001 alpha=-0.004 Fz=2728.092 Fx=-77.401 Fy=154.437
[DEBUG] [Tire] RL grounded=1 omega=58.769 wheelSpeed=20.225 Vx=17.777 Vy=-0.066 slipVel=-2.448 kappa=0.121 alpha=-0.004 Fz=3718.386 Fx=3529.726 Fy=139.109
[DEBUG] [Tire] RR grounded=1 omega=58.528 wheelSpeed=20.220 Vx=17.788 Vy=-0.063 slipVel=-2.432 kappa=0.120 alpha=-0.004 Fz=3876.796 Fx=3680.556 Fy=132.925
[DEBUG] [Audio] Submitted bytes=4505600
[DEBUG] [Tire] FL grounded=1 omega=56.467 wheelSpeed=18.194 Vx=18.007 Vy=-0.124 slipVel=-0.188 kappa=0.010 alpha=-0.007 Fz=2564.321 Fx=263.455 Fy=228.009
[DEBUG] [Tire] FR grounded=1 omega=56.641 wheelSpeed=18.195 Vx=18.029 Vy=-0.115 slipVel=-0.166 kappa=0.009 alpha=-0.006 Fz=1661.672 Fx=147.604 Fy=137.448
[DEBUG] [Tire] RL grounded=1 omega=55.486 wheelSpeed=21.504 Vx=18.006 Vy=-0.095 slipVel=-3.497 kappa=0.163 alpha=-0.005 Fz=6249.600 Fx=5932.623 Fy=231.034
[DEBUG] [Tire] RR grounded=1 omega=54.746 wheelSpeed=21.145 Vx=18.029 Vy=-0.088 slipVel=-3.115 kappa=0.147 alpha=-0.005 Fz=5977.947 Fx=5675.365 Fy=204.568
[DEBUG] [Suspension] FL=0.090692 FR=0.063932 RL=0.173104 RR=0.168131
[DEBUG] [Wheel] FL=57.372456 FR=57.255783 RL=61.368061 RR=61.603645
[DEBUG] [Powertrain] gear=2 rpm=5323.083496 torque=295.973663 clutch=0.000000 running=1
[DEBUG] [Tire] FL grounded=1 omega=57.793 wheelSpeed=18.495 Vx=18.467 Vy=-0.120 slipVel=-0.028 kappa=0.002 alpha=-0.006 Fz=1804.993 Fx=3.122 Fy=151.363
[DEBUG] [Tire] FR grounded=1 omega=57.739 wheelSpeed=18.455 Vx=18.496 Vy=-0.104 slipVel=0.041 kappa=-0.002 alpha=-0.006 Fz=1144.843 Fx=-45.089 Fy=82.662
[DEBUG] [Tire] RL grounded=1 omega=56.267 wheelSpeed=21.162 Vx=18.467 Vy=-0.074 slipVel=-2.695 kappa=0.127 alpha=-0.004 Fz=4612.462 Fx=4379.082 Fy=155.417
[DEBUG] [Tire] RR grounded=1 omega=56.369 wheelSpeed=21.171 Vx=18.496 Vy=-0.064 slipVel=-2.675 kappa=0.126 alpha=-0.003 Fz=4559.513 Fx=4329.509 Fy=132.564
[DEBUG] [Tire] FL grounded=1 omega=58.870 wheelSpeed=18.806 Vx=18.841 Vy=-0.088 slipVel=0.035 kappa=-0.002 alpha=-0.005 Fz=1923.629 Fx=-68.465 Fy=115.296
[DEBUG] [Tire] FR grounded=1 omega=58.877 wheelSpeed=18.805 Vx=18.868 Vy=-0.065 slipVel=0.062 kappa=-0.003 alpha=-0.003 Fz=1435.608 Fx=-74.172 Fy=63.013
[DEBUG] [Tire] RL grounded=1 omega=62.429 wheelSpeed=21.336 Vx=18.841 Vy=-0.043 slipVel=-2.496 kappa=0.117 alpha=-0.002 Fz=3801.800 Fx=3610.721 Fy=84.510
[DEBUG] [Tire] RR grounded=1 omega=62.345 wheelSpeed=21.351 Vx=18.868 Vy=-0.030 slipVel=-2.483 kappa=0.116 alpha=-0.002 Fz=3895.406 Fx=3700.170 Fy=58.680
[DEBUG] [Tire] FL grounded=1 omega=60.295 wheelSpeed=19.260 Vx=19.298 Vy=-0.055 slipVel=0.039 kappa=-0.002 alpha=-0.003 Fz=1973.954 Fx=-73.500 Fy=72.251
[DEBUG] [Tire] FR grounded=1 omega=60.315 wheelSpeed=19.265 Vx=19.319 Vy=-0.027 slipVel=0.054 kappa=-0.003 alpha=-0.001 Fz=1635.122 Fx=-75.265 Fy=29.344
[DEBUG] [Tire] RL grounded=1 omega=64.301 wheelSpeed=21.858 Vx=19.298 Vy=-0.021 slipVel=-2.560 kappa=0.117 alpha=-0.001 Fz=3673.366 Fx=3489.463 Fy=40.434
[DEBUG] [Tire] RR grounded=1 omega=63.930 wheelSpeed=21.831 Vx=19.319 Vy=-0.003 slipVel=-2.512 kappa=0.115 alpha=-0.000 Fz=3877.441 Fx=3683.563 Fy=6.338
[DEBUG] [Performance] FPS=60 PhysicsHz=120
[DEBUG] [Suspension] FL=0.069379 FR=0.051973 RL=0.137582 RR=0.139713
[DEBUG] [Wheel] FL=60.539951 FR=60.558823 RL=64.563637 RR=64.156647
[DEBUG] [Powertrain] gear=2 rpm=5735.458496 torque=295.098816 clutch=0.000000 running=1
[DEBUG] [Tire] FL grounded=1 omega=60.676 wheelSpeed=0.000 Vx=0.000 Vy=0.000 slipVel=0.000 kappa=0.000 alpha=0.000 Fz=0.000 Fx=0.000 Fy=0.000
[DEBUG] [Tire] FR grounded=1 omega=61.207 wheelSpeed=19.547 Vx=19.678 Vy=0.038 slipVel=0.130 kappa=-0.007 alpha=0.002 Fz=918.514 Fx=-82.354 Fy=-22.748
[DEBUG] [Tire] RL grounded=1 omega=65.387 wheelSpeed=22.193 Vx=19.669 Vy=0.024 slipVel=-2.524 kappa=0.114 alpha=0.001 Fz=3995.685 Fx=3795.615 Fy=-46.584
[DEBUG] [Tire] RR grounded=1 omega=65.514 wheelSpeed=22.206 Vx=19.679 Vy=0.045 slipVel=-2.527 kappa=0.114 alpha=0.002 Fz=3934.029 Fx=3736.337 Fy=-86.053
[DEBUG] [Energy] x=0.235 y=3.298 z=39.116 vx=-0.284 vy=0.689 vz=19.795 total=286974.156 potential=38497.773 linear=233466.797 angular=22.565 wheels=14395.944 suspension=591.109 suspensionPower=199.744 suspensionResidual=29.303
[DEBUG] [Tire] FL grounded=1 omega=62.324 wheelSpeed=19.888 Vx=20.009 Vy=0.052 slipVel=0.120 kappa=-0.006 alpha=0.003 Fz=1409.141 Fx=-116.513 Fy=-46.997
[DEBUG] [Tire] FR grounded=1 omega=62.567 wheelSpeed=19.999 Vx=20.010 Vy=0.115 slipVel=0.011 kappa=-0.001 alpha=0.006 Fz=2289.542 Fx=-48.554 Fy=-170.043
[DEBUG] [Tire] RL grounded=1 omega=72.409 wheelSpeed=23.139 Vx=20.009 Vy=0.087 slipVel=-3.131 kappa=0.135 alpha=0.004 Fz=1825.603 Fx=1732.001 Fy=-89.723
[DEBUG] [Tire] RR grounded=1 omega=70.935 wheelSpeed=22.849 Vx=20.010 Vy=0.104 slipVel=-2.840 kappa=0.124 alpha=0.005 Fz=2230.231 Fx=2114.685 Fy=-130.701
[DEBUG] [Suspension] FL=0.040605 FR=0.060498 RL=0.103835 RR=0.108809
[DEBUG] [Wheel] FL=63.476940 FR=63.562000 RL=74.960716 RR=72.876778
[DEBUG] [Powertrain] gear=2 rpm=6216.670898 torque=290.675385 clutch=0.000000 running=1
[DEBUG] [Tire] FL grounded=1 omega=64.085 wheelSpeed=20.457 Vx=20.536 Vy=0.051 slipVel=0.079 kappa=-0.004 alpha=0.002 Fz=1819.696 Fx=-105.896 Fy=-57.478
[DEBUG] [Tire] FR grounded=1 omega=64.175 wheelSpeed=20.485 Vx=20.536 Vy=0.106 slipVel=0.051 kappa=-0.002 alpha=0.005 Fz=2530.579 Fx=-107.359 Fy=-167.806
[DEBUG] [Tire] RL grounded=1 omega=75.801 wheelSpeed=24.175 Vx=20.536 Vy=0.067 slipVel=-3.639 kappa=0.151 alpha=0.003 Fz=3267.664 Fx=3101.839 Fy=-123.095
[DEBUG] [Tire] RR grounded=1 omega=72.645 wheelSpeed=23.243 Vx=20.536 Vy=0.104 slipVel=-2.708 kappa=0.116 alpha=0.005 Fz=3444.640 Fx=3266.877 Fy=-190.185
[DEBUG] [Tire] FL grounded=1 omega=66.036 wheelSpeed=21.079 Vx=21.194 Vy=0.027 slipVel=0.115 kappa=-0.005 alpha=0.001 Fz=1468.257 Fx=-111.548 Fy=-23.761
[DEBUG] [Tire] FR grounded=1 omega=66.112 wheelSpeed=21.104 Vx=21.178 Vy=0.086 slipVel=0.074 kappa=-0.004 alpha=0.004 Fz=2034.754 Fx=-110.171 Fy=-106.349
[DEBUG] [Tire] RL grounded=1 omega=73.606 wheelSpeed=23.640 Vx=21.194 Vy=0.005 slipVel=-2.446 kappa=0.103 alpha=0.000 Fz=4238.626 Fx=4026.687 Fy=-8.153
[DEBUG] [Tire] RR grounded=1 omega=72.184 wheelSpeed=23.063 Vx=21.178 Vy=0.068 slipVel=-1.885 kappa=0.082 alpha=0.003 Fz=4227.034 Fx=3769.373 Fy=-139.171
[DEBUG] [Tire] FL grounded=1 omega=67.854 wheelSpeed=21.677 Vx=21.752 Vy=-0.028 slipVel=0.074 kappa=-0.003 alpha=-0.001 Fz=1436.614 Fx=-76.247 Fy=23.659
[DEBUG] [Tire] FR grounded=1 omega=67.860 wheelSpeed=21.684 Vx=21.727 Vy=0.060 slipVel=0.043 kappa=-0.002 alpha=0.003 Fz=1798.153 Fx=-66.772 Fy=-63.646
[DEBUG] [Tire] RL grounded=1 omega=71.024 wheelSpeed=22.381 Vx=21.752 Vy=-0.062 slipVel=-0.630 kappa=0.028 alpha=-0.003 Fz=4482.759 Fx=1212.045 Fy=123.260
[DEBUG] [Tire] RR grounded=1 omega=70.990 wheelSpeed=22.397 Vx=21.727 Vy=0.025 slipVel=-0.670 kappa=0.030 alpha=0.001 Fz=4234.296 Fx=1268.192 Fy=-48.949
[DEBUG] [Suspension] FL=0.030304 FR=0.043329 RL=0.133319 RR=0.132135
[DEBUG] [Wheel] FL=67.854378 FR=67.859856 RL=71.780434 RR=71.721970
[DEBUG] [Powertrain] gear=3 rpm=4065.853271 torque=0.000000 clutch=0.000000 running=1
[DEBUG] [Tire] FL grounded=1 omega=67.854 wheelSpeed=0.000 Vx=0.000 Vy=0.000 slipVel=0.000 kappa=0.000 alpha=0.000 Fz=0.000 Fx=0.000 Fy=0.000
[DEBUG] [Tire] FR grounded=1 omega=67.860 wheelSpeed=0.000 Vx=0.000 Vy=0.000 slipVel=0.000 kappa=0.000 alpha=0.000 Fz=0.000 Fx=0.000 Fy=0.000
[DEBUG] [Tire] RL grounded=1 omega=72.278 wheelSpeed=20.021 Vx=21.453 Vy=-0.075 slipVel=1.432 kappa=-0.067 alpha=-0.004 Fz=3405.248 Fx=-2711.910 Fy=150.207
[DEBUG] [Tire] RR grounded=1 omega=72.032 wheelSpeed=20.072 Vx=21.440 Vy=-0.055 slipVel=1.367 kappa=-0.064 alpha=-0.003 Fz=3162.440 Fx=-2437.860 Fy=102.327
[DEBUG] [Energy] x=0.026 y=3.457 z=49.744 vx=-0.510 vy=-0.047 vz=21.745 total=337848.719 potential=40361.051 linear=281494.125 angular=184.017 wheels=15333.263 suspension=476.248 suspensionPower=943.888 suspensionResidual=-0.004
[DEBUG] [Audio] Callback count=600 additionalBytes=8192 totalBytes=8192
[DEBUG] [Audio] GenerateAudio rpm=4351.215332 torque=290.999298 speed=78.308006 slip=0.000000 running=1
[DEBUG] [Audio] Submitted bytes=4915200
[DEBUG] [Tire] FL grounded=1 omega=67.854 wheelSpeed=0.000 Vx=0.000 Vy=0.000 slipVel=0.000 kappa=0.000 alpha=0.000 Fz=0.000 Fx=0.000 Fy=0.000
[DEBUG] [Tire] FR grounded=1 omega=67.860 wheelSpeed=0.000 Vx=0.000 Vy=0.000 slipVel=0.000 kappa=0.000 alpha=0.000 Fz=0.000 Fx=0.000 Fy=0.000
[DEBUG] [Tire] RL grounded=1 omega=74.536 wheelSpeed=0.000 Vx=0.000 Vy=0.000 slipVel=0.000 kappa=0.000 alpha=0.000 Fz=0.000 Fx=0.000 Fy=0.000
[DEBUG] [Tire] RR grounded=1 omega=74.274 wheelSpeed=0.000 Vx=0.000 Vy=0.000 slipVel=0.000 kappa=0.000 alpha=0.000 Fz=0.000 Fx=0.000 Fy=0.000
[DEBUG] [Suspension] FL=0.000000 FR=0.000000 RL=0.000000 RR=0.000000
[DEBUG] [Wheel] FL=67.854378 FR=67.859856 RL=82.721092 RR=82.459259
[DEBUG] [Powertrain] gear=3 rpm=4894.846680 torque=295.061554 clutch=0.000000 running=1
[DEBUG] [Tire] FL grounded=1 omega=67.854 wheelSpeed=0.000 Vx=0.000 Vy=0.000 slipVel=0.000 kappa=0.000 alpha=0.000 Fz=0.000 Fx=0.000 Fy=0.000
[DEBUG] [Tire] FR grounded=1 omega=67.860 wheelSpeed=0.000 Vx=0.000 Vy=0.000 slipVel=0.000 kappa=0.000 alpha=0.000 Fz=0.000 Fx=0.000 Fy=0.000
[DEBUG] [Tire] RL grounded=1 omega=86.865 wheelSpeed=0.000 Vx=0.000 Vy=0.000 slipVel=0.000 kappa=0.000 alpha=0.000 Fz=0.000 Fx=0.000 Fy=0.000
[DEBUG] [Tire] RR grounded=1 omega=86.603 wheelSpeed=0.000 Vx=0.000 Vy=0.000 slipVel=0.000 kappa=0.000 alpha=0.000 Fz=0.000 Fx=0.000 Fy=0.000
[DEBUG] [Tire] FL grounded=1 omega=67.832 wheelSpeed=21.655 Vx=21.657 Vy=-0.592 slipVel=0.002 kappa=-0.000 alpha=-0.027 Fz=7033.642 Fx=-108.626 Fy=1927.509
[DEBUG] [Tire] FR grounded=1 omega=67.860 wheelSpeed=0.000 Vx=0.000 Vy=0.000 slipVel=0.000 kappa=0.000 alpha=0.000 Fz=0.000 Fx=0.000 Fy=0.000
[DEBUG] [Tire] RL grounded=1 omega=99.259 wheelSpeed=0.000 Vx=0.000 Vy=0.000 slipVel=0.000 kappa=0.000 alpha=0.000 Fz=0.000 Fx=0.000 Fy=0.000
[DEBUG] [Tire] RR grounded=1 omega=98.997 wheelSpeed=0.000 Vx=0.000 Vy=0.000 slipVel=0.000 kappa=0.000 alpha=0.000 Fz=0.000 Fx=0.000 Fy=0.000
[DEBUG] [Tire] FL grounded=1 omega=71.067 wheelSpeed=22.636 Vx=22.706 Vy=-0.231 slipVel=0.070 kappa=-0.003 alpha=-0.010 Fz=6852.509 Fx=-223.559 Fy=545.898
[DEBUG] [Tire] FR grounded=1 omega=70.284 wheelSpeed=22.366 Vx=22.465 Vy=-0.222 slipVel=0.099 kappa=-0.004 alpha=-0.010 Fz=6038.566 Fx=-263.923 Fy=505.901
[DEBUG] [Tire] RL grounded=1 omega=75.804 wheelSpeed=25.485 Vx=22.725 Vy=-0.645 slipVel=-2.759 kappa=0.108 alpha=-0.028 Fz=7019.413 Fx=6435.827 Fy=1745.923
[DEBUG] [Tire] RR grounded=1 omega=107.297 wheelSpeed=35.015 Vx=22.484 Vy=-0.640 slipVel=-12.531 kappa=0.358 alpha=-0.028 Fz=5951.674 Fx=5279.135 Fy=1815.843
[DEBUG] [Performance] FPS=59 PhysicsHz=120
[DEBUG] [Suspension] FL=0.155343 FR=0.109045 RL=0.074589 RR=0.036461
[DEBUG] [Wheel] FL=71.652969 FR=70.978241 RL=75.971100 RR=103.662231
[DEBUG] [Powertrain] gear=3 rpm=5571.187988 torque=0.000000 clutch=0.000000 running=1
[DEBUG] [Tire] FL grounded=1 omega=72.969 wheelSpeed=23.313 Vx=23.337 Vy=-0.234 slipVel=0.024 kappa=-0.001 alpha=-0.010 Fz=2962.046 Fx=-77.810 Fy=389.618
[DEBUG] [Tire] FR grounded=1 omega=72.750 wheelSpeed=23.251 Vx=23.315 Vy=-0.234 slipVel=0.064 kappa=-0.003 alpha=-0.010 Fz=1359.474 Fx=-61.837 Fy=178.629
[DEBUG] [Tire] RL grounded=1 omega=79.181 wheelSpeed=22.925 Vx=23.337 Vy=-0.266 slipVel=0.412 kappa=-0.018 alpha=-0.011 Fz=9003.582 Fx=-1246.196 Fy=753.377
[DEBUG] [Tire] RR grounded=1 omega=77.180 wheelSpeed=24.510 Vx=23.314 Vy=-0.282 slipVel=-1.196 kappa=0.049 alpha=-0.012 Fz=7394.079 Fx=3448.822 Fy=696.626
[DEBUG] [Energy] x=-0.165 y=2.618 z=60.904 vx=0.042 vy=-1.182 vz=22.946 total=367659.219 potential=30564.885 linear=314124.750 angular=185.385 wheels=21706.363 suspension=1077.828 suspensionPower=-9660.145 suspensionResidual=0.002
[DEBUG] [Tire] FL grounded=1 omega=72.075 wheelSpeed=23.041 Vx=23.048 Vy=-0.209 slipVel=0.007 kappa=-0.000 alpha=-0.009 Fz=2620.806 Fx=-48.653 Fy=310.215
[DEBUG] [Tire] FR grounded=1 omega=72.171 wheelSpeed=23.091 Vx=23.069 Vy=-0.205 slipVel=-0.022 kappa=0.001 alpha=-0.009 Fz=1722.838 Fx=-7.510 Fy=199.420
[DEBUG] [Tire] RL grounded=1 omega=78.469 wheelSpeed=21.288 Vx=23.048 Vy=-0.172 slipVel=1.760 kappa=-0.076 alpha=-0.007 Fz=4916.520 Fx=-4220.243 Fy=347.695
[DEBUG] [Tire] RR grounded=1 omega=77.600 wheelSpeed=21.488 Vx=23.069 Vy=-0.173 slipVel=1.581 kappa=-0.069 alpha=-0.008 Fz=4044.898 Fx=-3210.310 Fy=336.691
[DEBUG] [Suspension] FL=0.110585 FR=0.073523 RL=0.164579 RR=0.127872
[DEBUG] [Wheel] FL=71.830383 FR=71.898705 RL=77.110435 RR=76.964157
[DEBUG] [Powertrain] gear=3 rpm=4467.515625 torque=293.066620 clutch=0.000000 running=1
[DEBUG] [Tire] FL grounded=1 omega=72.019 wheelSpeed=23.010 Vx=23.037 Vy=-0.127 slipVel=0.027 kappa=-0.001 alpha=-0.005 Fz=2702.571 Fx=-76.068 Fy=191.360
[DEBUG] [Tire] FR grounded=1 omega=72.061 wheelSpeed=23.028 Vx=23.058 Vy=-0.118 slipVel=0.030 kappa=-0.001 alpha=-0.005 Fz=2239.325 Fx=-65.594 Fy=147.376
[DEBUG] [Tire] RL grounded=1 omega=77.985 wheelSpeed=23.338 Vx=23.037 Vy=-0.088 slipVel=-0.301 kappa=0.013 alpha=-0.004 Fz=3239.580 Fx=432.037 Fy=158.726
[DEBUG] [Tire] RR grounded=1 omega=78.347 wheelSpeed=23.571 Vx=23.058 Vy=-0.086 slipVel=-0.513 kappa=0.022 alpha=-0.004 Fz=2825.148 Fx=679.857 Fy=135.383
[DEBUG] [Tire] FL grounded=1 omega=73.647 wheelSpeed=23.357 Vx=23.454 Vy=-0.065 slipVel=0.097 kappa=-0.004 alpha=-0.003 Fz=12153.688 Fx=-443.724 Fy=194.775
[DEBUG] [Tire] FR grounded=1 omega=73.654 wheelSpeed=23.397 Vx=23.481 Vy=-0.064 slipVel=0.084 kappa=-0.004 alpha=-0.003 Fz=10940.142 Fx=-364.435 Fy=171.681
[DEBUG] [Tire] RL grounded=1 omega=78.832 wheelSpeed=22.882 Vx=23.528 Vy=-0.035 slipVel=0.646 kappa=-0.027 alpha=-0.001 Fz=3229.690 Fx=-1101.994 Fy=61.132
[DEBUG] [Tire] RR grounded=1 omega=78.922 wheelSpeed=22.973 Vx=23.549 Vy=-0.029 slipVel=0.576 kappa=-0.024 alpha=-0.001 Fz=3192.690 Fx=-971.221 Fy=49.565
[DEBUG] [Tire] FL grounded=1 omega=75.299 wheelSpeed=24.057 Vx=24.051 Vy=-0.025 slipVel=-0.006 kappa=0.000 alpha=-0.001 Fz=6036.567 Fx=-80.906 Fy=45.624
[DEBUG] [Tire] FR grounded=1 omega=75.307 wheelSpeed=24.059 Vx=24.065 Vy=-0.048 slipVel=0.007 kappa=-0.000 alpha=-0.002 Fz=4875.684 Fx=-83.138 Fy=86.467
[DEBUG] [Tire] RL grounded=1 omega=85.733 wheelSpeed=22.940 Vx=24.051 Vy=-0.061 slipVel=1.111 kappa=-0.046 alpha=-0.003 Fz=13211.016 Fx=-6060.010 Fy=193.404
[DEBUG] [Tire] RR grounded=1 omega=86.380 wheelSpeed=22.829 Vx=24.066 Vy=-0.009 slipVel=1.237 kappa=-0.051 alpha=-0.000 Fz=12828.936 Fx=-6730.001 Fy=26.120
[DEBUG] [Suspension] FL=0.194536 FR=0.162447 RL=0.154277 RR=0.147883
[DEBUG] [Wheel] FL=75.074333 FR=75.078064 RL=85.306480 RR=86.070129
[DEBUG] [Powertrain] gear=3 rpm=4285.598633 torque=0.000000 clutch=0.000000 running=1
[DEBUG] [Tire] FL grounded=1 omega=73.457 wheelSpeed=23.472 Vx=23.493 Vy=-0.042 slipVel=0.021 kappa=-0.001 alpha=-0.002 Fz=2908.038 Fx=-72.827 Fy=66.517
[DEBUG] [Tire] FR grounded=1 omega=73.466 wheelSpeed=23.491 Vx=23.494 Vy=-0.042 slipVel=0.003 kappa=-0.000 alpha=-0.002 Fz=2300.639 Fx=-37.928 Fy=52.415
[DEBUG] [Tire] RL grounded=1 omega=80.775 wheelSpeed=21.688 Vx=23.493 Vy=-0.049 slipVel=1.805 kappa=-0.077 alpha=-0.002 Fz=5786.359 Fx=-4931.408 Fy=91.991
[DEBUG] [Tire] RR grounded=1 omega=80.927 wheelSpeed=21.769 Vx=23.495 Vy=-0.030 slipVel=1.725 kappa=-0.073 alpha=-0.001 Fz=5980.789 Fx=-4863.434 Fy=55.786
[DEBUG] [Energy] x=-0.057 y=2.470 z=72.696 vx=0.313 vy=1.431 vz=23.235 total=370927.000 potential=28839.160 linear=322496.062 angular=11.385 wheels=17876.939 suspension=1703.464 suspensionPower=4153.613 suspensionResidual=-0.000
[DEBUG] [Tire] FL grounded=1 omega=72.732 wheelSpeed=23.269 Vx=23.247 Vy=-0.015 slipVel=-0.023 kappa=0.001 alpha=-0.001 Fz=2459.535 Fx=-10.498 Fy=20.585
[DEBUG] [Tire] FR grounded=1 omega=72.737 wheelSpeed=23.275 Vx=23.245 Vy=-0.005 slipVel=-0.030 kappa=0.001 alpha=-0.000 Fz=2020.312 Fx=-1.936 Fy=5.201
[DEBUG] [Tire] RL grounded=1 omega=76.470 wheelSpeed=21.887 Vx=23.247 Vy=-0.009 slipVel=1.360 kappa=-0.058 alpha=-0.000 Fz=2804.646 Fx=-2000.773 Fy=14.065
[DEBUG] [Tire] RR grounded=1 omega=76.784 wheelSpeed=21.803 Vx=23.245 Vy=-0.008 slipVel=1.442 kappa=-0.062 alpha=-0.000 Fz=3176.031 Fx=-2389.231 Fy=13.880
[DEBUG] [Audio] Submitted bytes=5324800
[DEBUG] [Suspension] FL=0.113427 FR=0.093771 RL=0.132017 RR=0.139121
[DEBUG] [Wheel] FL=72.468048 FR=72.459389 RL=75.473404 RR=75.847054
[DEBUG] [Powertrain] gear=3 rpm=4107.785645 torque=0.000000 clutch=0.000000 running=1
[DEBUG] [Tire] FL grounded=1 omega=72.386 wheelSpeed=23.156 Vx=23.137 Vy=0.021 slipVel=-0.019 kappa=0.001 alpha=0.001 Fz=2721.686 Fx=-15.937 Fy=-31.304
[DEBUG] [Tire] FR grounded=1 omega=72.372 wheelSpeed=23.154 Vx=23.132 Vy=0.031 slipVel=-0.021 kappa=0.001 alpha=0.001 Fz=2377.146 Fx=-11.737 Fy=-40.019
[DEBUG] [Tire] RL grounded=1 omega=75.294 wheelSpeed=21.834 Vx=23.137 Vy=0.024 slipVel=1.302 kappa=-0.056 alpha=0.001 Fz=2038.816 Fx=-1403.741 Fy=-26.616
[DEBUG] [Tire] RR grounded=1 omega=75.704 wheelSpeed=21.777 Vx=23.132 Vy=0.019 slipVel=1.355 kappa=-0.059 alpha=0.001 Fz=2521.881 Fx=-1801.829 Fy=-25.464
[DEBUG] [Tire] FL grounded=1 omega=72.386 wheelSpeed=0.000 Vx=0.000 Vy=0.000 slipVel=0.000 kappa=0.000 alpha=0.000 Fz=0.000 Fx=0.000 Fy=0.000
[DEBUG] [Tire] FR grounded=1 omega=72.178 wheelSpeed=23.083 Vx=23.087 Vy=0.161 slipVel=0.004 kappa=-0.000 alpha=0.007 Fz=1793.354 Fx=-30.288 Fy=-162.180
[DEBUG] [Tire] RL grounded=1 omega=78.741 wheelSpeed=24.039 Vx=23.112 Vy=0.136 slipVel=-0.926 kappa=0.039 alpha=0.006 Fz=3127.258 Fx=1400.492 Fy=-238.056
[DEBUG] [Tire] RR grounded=1 omega=79.228 wheelSpeed=24.222 Vx=23.093 Vy=0.118 slipVel=-1.128 kappa=0.047 alpha=0.005 Fz=2671.823 Fx=1457.136 Fy=-176.110
[DEBUG] [Tire] FL grounded=1 omega=72.942 wheelSpeed=23.308 Vx=23.357 Vy=0.258 slipVel=0.049 kappa=-0.002 alpha=0.011 Fz=1841.378 Fx=-70.202 Fy=-266.809
[DEBUG] [Tire] FR grounded=1 omega=73.097 wheelSpeed=23.353 Vx=23.379 Vy=0.273 slipVel=0.027 kappa=-0.001 alpha=0.012 Fz=2933.981 Fx=-80.872 Fy=-451.850
[DEBUG] [Tire] RL grounded=1 omega=89.699 wheelSpeed=28.361 Vx=23.356 Vy=0.305 slipVel=-5.005 kappa=0.176 alpha=0.013 Fz=1558.826 Fx=1459.057 Fy=-253.323
[DEBUG] [Tire] RR grounded=1 omega=82.091 wheelSpeed=26.164 Vx=23.379 Vy=0.308 slipVel=-2.784 kappa=0.106 alpha=0.013 Fz=2089.594 Fx=1958.817 Fy=-322.052
[DEBUG] [Performance] FPS=60 PhysicsHz=120
[DEBUG] [Suspension] FL=0.046052 FR=0.077549 RL=0.064998 RR=0.078259
[DEBUG] [Wheel] FL=73.171799 FR=73.356750 RL=90.624939 RR=81.467247
[DEBUG] [Powertrain] gear=3 rpm=5192.632324 torque=295.973602 clutch=0.000000 running=1
[DEBUG] [Tire] FL grounded=1 omega=74.439 wheelSpeed=23.782 Vx=23.855 Vy=0.231 slipVel=0.074 kappa=-0.003 alpha=0.010 Fz=1666.515 Fx=-82.245 Fy=-211.494
[DEBUG] [Tire] FR grounded=1 omega=74.571 wheelSpeed=23.827 Vx=23.850 Vy=0.244 slipVel=0.023 kappa=-0.001 alpha=0.010 Fz=2974.195 Fx=-75.926 Fy=-399.571
[DEBUG] [Tire] RL grounded=1 omega=80.910 wheelSpeed=24.897 Vx=23.855 Vy=0.221 slipVel=-1.042 kappa=0.042 alpha=0.009 Fz=3261.580 Fx=1592.552 Fy=-394.545
[DEBUG] [Tire] RR grounded=1 omega=80.167 wheelSpeed=23.950 Vx=23.850 Vy=0.247 slipVel=-0.101 kappa=0.004 alpha=0.010 Fz=4011.799 Fx=96.811 Fy=-473.256
[DEBUG] [Energy] x=0.119 y=2.920 z=84.573 vx=0.245 vy=0.270 vz=23.853 total=394735.844 potential=34088.590 linear=338617.250 angular=5.839 wheels=21598.973 suspension=425.186 suspensionPower=-1922.357 suspensionResidual=-0.001
[DEBUG] [Tire] FL grounded=1 omega=74.652 wheelSpeed=23.877 Vx=23.868 Vy=0.169 slipVel=-0.009 kappa=0.000 alpha=0.007 Fz=2257.538 Fx=-24.418 Fy=-207.331
[DEBUG] [Tire] FR grounded=1 omega=74.605 wheelSpeed=23.848 Vx=23.850 Vy=0.188 slipVel=0.002 kappa=-0.000 alpha=0.008 Fz=3367.300 Fx=-53.407 Fy=-342.014
[DEBUG] [Tire] RL grounded=1 omega=79.327 wheelSpeed=22.526 Vx=23.868 Vy=0.143 slipVel=1.342 kappa=-0.056 alpha=0.006 Fz=3177.971 Fx=-2186.438 Fy=-246.337
[DEBUG] [Tire] RR grounded=1 omega=79.654 wheelSpeed=22.376 Vx=23.850 Vy=0.163 slipVel=1.474 kappa=-0.062 alpha=0.007 Fz=3730.633 Fx=-2722.970 Fy=-300.491
[DEBUG] [Suspension] FL=0.089982 FR=0.122544 RL=0.094008 RR=0.112953
[DEBUG] [Wheel] FL=72.345375 FR=72.057411 RL=79.228012 RR=79.628113
[DEBUG] [Powertrain] gear=3 rpm=4308.670410 torque=0.000000 clutch=0.000000 running=1
[DEBUG] [Tire] FL grounded=1 omega=71.036 wheelSpeed=22.571 Vx=21.600 Vy=-10.859 slipVel=-0.971 kappa=0.043 alpha=-0.466 Fz=5628.149 Fx=2260.858 Fy=4845.221
[DEBUG] [Tire] FR grounded=1 omega=69.693 wheelSpeed=22.277 Vx=21.380 Vy=-10.738 slipVel=-0.897 kappa=0.040 alpha=-0.465 Fz=2674.411 Fx=1172.443 Fy=2253.993
[DEBUG] [Tire] RL grounded=1 omega=81.174 wheelSpeed=22.505 Vx=24.181 Vy=0.373 slipVel=1.676 kappa=-0.069 alpha=0.015 Fz=4554.489 Fx=-3596.058 Fy=-763.509
[DEBUG] [Tire] RR grounded=1 omega=78.347 wheelSpeed=22.848 Vx=23.905 Vy=0.397 slipVel=1.057 kappa=-0.044 alpha=0.017 Fz=1765.490 Fx=-965.603 Fy=-392.003
[DEBUG] [Tire] FL grounded=1 omega=71.348 wheelSpeed=22.755 Vx=21.724 Vy=-10.912 slipVel=-1.031 kappa=0.045 alpha=-0.465 Fz=5313.875 Fx=2276.974 Fy=4505.499
[DEBUG] [Tire] FR grounded=1 omega=69.090 wheelSpeed=22.126 Vx=21.021 Vy=-10.522 slipVel=-1.105 kappa=0.050 alpha=-0.464 Fz=490.318 Fx=253.487 Fy=390.789
[DEBUG] [Tire] RL grounded=1 omega=83.408 wheelSpeed=22.127 Vx=24.306 Vy=-0.552 slipVel=2.179 kappa=-0.090 alpha=-0.023 Fz=6699.479 Fx=-6207.960 Fy=1402.907
[DEBUG] [Tire] RR grounded=1 omega=76.641 wheelSpeed=22.452 Vx=23.482 Vy=-0.537 slipVel=1.030 kappa=-0.044 alpha=-0.023 Fz=1758.693 Fx=-954.434 Fy=544.821
[DEBUG] [Tire] FL grounded=1 omega=74.963 wheelSpeed=23.983 Vx=23.947 Vy=-0.433 slipVel=-0.036 kappa=0.001 alpha=-0.018 Fz=4430.486 Fx=-11.965 Fy=904.132
[DEBUG] [Tire] FR grounded=1 omega=72.993 wheelSpeed=23.339 Vx=23.371 Vy=-0.430 slipVel=0.032 kappa=-0.001 alpha=-0.018 Fz=1307.766 Fx=-39.338 Fy=322.871
[DEBUG] [Tire] RL grounded=1 omega=79.396 wheelSpeed=22.303 Vx=23.954 Vy=-1.424 slipVel=1.651 kappa=-0.069 alpha=-0.059 Fz=4702.500 Fx=-3210.147 Fy=3106.830
[DEBUG] [Tire] RR grounded=1 omega=75.197 wheelSpeed=22.076 Vx=23.364 Vy=-1.422 slipVel=1.288 kappa=-0.055 alpha=-0.061 Fz=1408.639 Fx=-854.036 Fy=1030.253
[DEBUG] [Suspension] FL=0.149896 FR=0.060735 RL=0.164105 RR=0.069260
[DEBUG] [Wheel] FL=74.836411 FR=73.035538 RL=79.354454 RR=75.088371
[DEBUG] [Powertrain] gear=3 rpm=4168.658203 torque=0.000000 clutch=0.000000 running=1
[DEBUG] [Tire] FL grounded=1 omega=74.362 wheelSpeed=23.784 Vx=23.754 Vy=-0.801 slipVel=-0.029 kappa=0.001 alpha=-0.034 Fz=4739.209 Fx=-26.185 Fy=1919.963
[DEBUG] [Tire] FR grounded=1 omega=73.037 wheelSpeed=23.369 Vx=23.349 Vy=-0.799 slipVel=-0.020 kappa=0.001 alpha=-0.034 Fz=1002.191 Fx=-5.565 Fy=470.650
[DEBUG] [Tire] RL grounded=1 omega=78.947 wheelSpeed=22.107 Vx=23.760 Vy=-1.498 slipVel=1.653 kappa=-0.070 alpha=-0.063 Fz=4809.894 Fx=-3204.356 Fy=3257.532
[DEBUG] [Tire] RR grounded=1 omega=74.281 wheelSpeed=21.921 Vx=23.344 Vy=-1.497 slipVel=1.423 kappa=-0.061 alpha=-0.064 Fz=716.770 Fx=-446.973 Fy=513.695
[DEBUG] [Energy] x=0.568 y=3.338 z=96.630 vx=1.971 vy=1.066 vz=23.444 total=387960.062 potential=38969.891 linear=330009.625 angular=71.469 wheels=18160.674 suspension=748.411 suspensionPower=824.025 suspensionResidual=3427.447
[DEBUG] [Tire] FL grounded=1 omega=73.391 wheelSpeed=23.507 Vx=23.430 Vy=-1.012 slipVel=-0.077 kappa=0.003 alpha=-0.043 Fz=2112.116 Fx=45.719 Fy=1252.891
[DEBUG] [Tire] FR grounded=1 omega=73.007 wheelSpeed=0.000 Vx=0.000 Vy=0.000 slipVel=0.000 kappa=0.000 alpha=0.000 Fz=0.000 Fx=0.000 Fy=0.000
[DEBUG] [Tire] RL grounded=1 omega=78.539 wheelSpeed=21.756 Vx=23.440 Vy=-1.412 slipVel=1.684 kappa=-0.072 alpha=-0.060 Fz=5172.748 Fx=-3578.762 Fy=3367.631
[DEBUG] [Tire] RR grounded=1 omega=73.784 wheelSpeed=21.758 Vx=23.206 Vy=-1.414 slipVel=1.448 kappa=-0.062 alpha=-0.061 Fz=566.439 Fx=-365.946 Fy=394.530
[DEBUG] [Suspension] FL=0.109164 FR=0.000000 RL=0.146344 RR=0.010885
[DEBUG] [Wheel] FL=72.902420 FR=73.007317 RL=75.453011 RR=71.946693
[DEBUG] [Powertrain] gear=3 rpm=4083.970703 torque=0.000000 clutch=0.000000 running=1
[DEBUG] [Tire] FL grounded=1 omega=72.956 wheelSpeed=23.331 Vx=23.314 Vy=-1.045 slipVel=-0.018 kappa=0.001 alpha=-0.045 Fz=3862.442 Fx=-30.721 Fy=2278.666
[DEBUG] [Tire] FR grounded=1 omega=73.007 wheelSpeed=0.000 Vx=0.000 Vy=0.000 slipVel=0.000 kappa=0.000 alpha=0.000 Fz=0.000 Fx=0.000 Fy=0.000
[DEBUG] [Tire] RL grounded=1 omega=76.101 wheelSpeed=22.003 Vx=23.317 Vy=-1.380 slipVel=1.314 kappa=-0.056 alpha=-0.059 Fz=2263.270 Fx=-1408.065 Fy=1624.903
[DEBUG] [Tire] RR grounded=1 omega=71.217 wheelSpeed=0.000 Vx=0.000 Vy=0.000 slipVel=0.000 kappa=0.000 alpha=0.000 Fz=0.000 Fx=0.000 Fy=0.000
[DEBUG] [Audio] Callback count=700 additionalBytes=8192 totalBytes=8192
[DEBUG] [Audio] Submitted bytes=5734400
[DEBUG] [Tire] FL grounded=1 omega=73.220 wheelSpeed=23.409 Vx=23.390 Vy=-1.092 slipVel=-0.019 kappa=0.001 alpha=-0.047 Fz=4986.073 Fx=-45.302 Fy=2890.242
[DEBUG] [Tire] FR grounded=1 omega=73.007 wheelSpeed=0.000 Vx=0.000 Vy=0.000 slipVel=0.000 kappa=0.000 alpha=0.000 Fz=0.000 Fx=0.000 Fy=0.000
[DEBUG] [Tire] RL grounded=1 omega=77.164 wheelSpeed=21.955 Vx=23.392 Vy=-1.491 slipVel=1.437 kappa=-0.061 alpha=-0.064 Fz=3456.602 Fx=-2162.773 Fy=2470.946
[DEBUG] [Tire] RR grounded=1 omega=69.243 wheelSpeed=0.000 Vx=0.000 Vy=0.000 slipVel=0.000 kappa=0.000 alpha=0.000 Fz=0.000 Fx=0.000 Fy=0.000
[DEBUG] [Tire] FL grounded=1 omega=73.424 wheelSpeed=23.461 Vx=23.455 Vy=-1.061 slipVel=-0.006 kappa=0.000 alpha=-0.045 Fz=5425.256 Fx=-72.416 Fy=2980.302
[DEBUG] [Tire] FR grounded=1 omega=72.712 wheelSpeed=23.289 Vx=23.204 Vy=-1.061 slipVel=-0.086 kappa=0.004 alpha=-0.046 Fz=1745.053 Fx=45.401 Fy=1093.666
[DEBUG] [Tire] RL grounded=1 omega=78.160 wheelSpeed=21.899 Vx=23.458 Vy=-1.494 slipVel=1.559 kappa=-0.066 alpha=-0.064 Fz=4545.100 Fx=-2944.560 Fy=3158.061
[DEBUG] [Tire] RR grounded=1 omega=67.287 wheelSpeed=0.000 Vx=0.000 Vy=0.000 slipVel=0.000 kappa=0.000 alpha=0.000 Fz=0.000 Fx=0.000 Fy=0.000
[DEBUG] [Performance] FPS=60 PhysicsHz=120
[DEBUG] [Suspension] FL=0.156527 FR=0.008635 RL=0.128464 RR=0.000000
[DEBUG] [Wheel] FL=73.503494 FR=72.655121 RL=78.651512 RR=67.114929
[DEBUG] [Powertrain] gear=3 rpm=3924.993896 torque=0.000000 clutch=0.000000 running=1
[DEBUG] [Tire] FL grounded=1 omega=73.491 wheelSpeed=0.000 Vx=0.000 Vy=0.000 slipVel=0.000 kappa=0.000 alpha=0.000 Fz=0.000 Fx=0.000 Fy=0.000
[DEBUG] [Tire] FR grounded=1 omega=72.653 wheelSpeed=0.000 Vx=0.000 Vy=0.000 slipVel=0.000 kappa=0.000 alpha=0.000 Fz=0.000 Fx=0.000 Fy=0.000
[DEBUG] [Tire] RL grounded=1 omega=77.528 wheelSpeed=21.188 Vx=23.218 Vy=-1.089 slipVel=2.030 kappa=-0.087 alpha=-0.047 Fz=5628.454 Fx=-4596.763 Fy=2731.393
[DEBUG] [Tire] RR grounded=1 omega=70.411 wheelSpeed=20.687 Vx=23.080 Vy=-1.088 slipVel=2.393 kappa=-0.104 alpha=-0.047 Fz=1042.328 Fx=-849.988 Fy=507.977
[DEBUG] [Energy] x=2.090 y=3.418 z=108.432 vx=4.023 vy=-0.584 vz=22.943 total=383031.219 potential=39900.367 linear=323036.219 angular=149.085 wheels=19555.852 suspension=389.693 suspensionPower=-834.673 suspensionResidual=2583.086
[DEBUG] [Tire] FL grounded=1 omega=73.491 wheelSpeed=0.000 Vx=0.000 Vy=0.000 slipVel=0.000 kappa=0.000 alpha=0.000 Fz=0.000 Fx=0.000 Fy=0.000
[DEBUG] [Tire] FR grounded=1 omega=72.653 wheelSpeed=0.000 Vx=0.000 Vy=0.000 slipVel=0.000 kappa=0.000 alpha=0.000 Fz=0.000 Fx=0.000 Fy=0.000
[DEBUG] [Tire] RL grounded=1 omega=71.151 wheelSpeed=0.000 Vx=0.000 Vy=0.000 slipVel=0.000 kappa=0.000 alpha=0.000 Fz=0.000 Fx=0.000 Fy=0.000
[DEBUG] [Tire] RR grounded=1 omega=67.133 wheelSpeed=0.000 Vx=0.000 Vy=0.000 slipVel=0.000 kappa=0.000 alpha=0.000 Fz=0.000 Fx=0.000 Fy=0.000
[DEBUG] [Suspension] FL=0.003544 FR=0.000000 RL=0.010175 RR=0.000000
[DEBUG] [Wheel] FL=71.981216 FR=72.653130 RL=69.954475 RR=65.936584
[DEBUG] [Powertrain] gear=3 rpm=3979.214844 torque=0.000000 clutch=0.000000 running=1
[DEBUG] [Tire] FL grounded=1 omega=70.546 wheelSpeed=22.178 Vx=22.886 Vy=-1.174 slipVel=0.709 kappa=-0.031 alpha=-0.051 Fz=2178.932 Fx=-837.637 Fy=1523.392
[DEBUG] [Tire] FR grounded=1 omega=72.653 wheelSpeed=0.000 Vx=0.000 Vy=0.000 slipVel=0.000 kappa=0.000 alpha=0.000 Fz=0.000 Fx=0.000 Fy=0.000
[DEBUG] [Tire] RL grounded=1 omega=69.477 wheelSpeed=0.000 Vx=0.000 Vy=0.000 slipVel=0.000 kappa=0.000 alpha=0.000 Fz=0.000 Fx=0.000 Fy=0.000
[DEBUG] [Tire] RR grounded=1 omega=65.459 wheelSpeed=0.000 Vx=0.000 Vy=0.000 slipVel=0.000 kappa=0.000 alpha=0.000 Fz=0.000 Fx=0.000 Fy=0.000
[DEBUG] [Tire] FL grounded=1 omega=73.134 wheelSpeed=23.333 Vx=23.375 Vy=-0.572 slipVel=0.042 kappa=-0.002 alpha=-0.024 Fz=5397.938 Fx=-147.133 Fy=1422.351
[DEBUG] [Tire] FR grounded=1 omega=72.795 wheelSpeed=23.249 Vx=23.265 Vy=-0.573 slipVel=0.016 kappa=-0.001 alpha=-0.025 Fz=4809.149 Fx=-96.968 Fy=1341.222
[DEBUG] [Tire] RL grounded=1 omega=68.151 wheelSpeed=0.000 Vx=0.000 Vy=0.000 slipVel=0.000 kappa=0.000 alpha=0.000 Fz=0.000 Fx=0.000 Fy=0.000
[DEBUG] [Tire] RR grounded=1 omega=64.133 wheelSpeed=0.000 Vx=0.000 Vy=0.000 slipVel=0.000 kappa=0.000 alpha=0.000 Fz=0.000 Fx=0.000 Fy=0.000
[DEBUG] [Tire] FL grounded=1 omega=74.227 wheelSpeed=23.838 Vx=23.697 Vy=-0.370 slipVel=-0.141 kappa=0.006 alpha=-0.016 Fz=10490.699 Fx=179.934 Fy=1311.658
[DEBUG] [Tire] FR grounded=1 omega=73.755 wheelSpeed=23.652 Vx=23.533 Vy=-0.371 slipVel=-0.119 kappa=0.005 alpha=-0.016 Fz=9036.951 Fx=106.828 Fy=1145.335
[DEBUG] [Tire] RL grounded=1 omega=67.777 wheelSpeed=25.890 Vx=23.747 Vy=-0.648 slipVel=-2.144 kappa=0.083 alpha=-0.027 Fz=5680.654 Fx=5020.916 Fy=1675.017
[DEBUG] [Tire] RR grounded=1 omega=67.928 wheelSpeed=22.154 Vx=23.577 Vy=-0.648 slipVel=1.423 kappa=-0.060 alpha=-0.027 Fz=4262.053 Fx=-2965.259 Fy=1424.209
[DEBUG] [Suspension] FL=0.168605 FR=0.110466 RL=0.072694 RR=0.022844
[DEBUG] [Wheel] FL=74.291588 FR=73.815781 RL=68.766495 RR=67.754379
[DEBUG] [Powertrain] gear=3 rpm=4069.440918 torque=0.000000 clutch=0.000000 running=1
[DEBUG] [Tire] FL grounded=1 omega=74.164 wheelSpeed=23.851 Vx=23.658 Vy=-0.394 slipVel=-0.194 kappa=0.008 alpha=-0.017 Fz=6091.292 Fx=250.478 Fy=947.127
[DEBUG] [Tire] FR grounded=1 omega=73.820 wheelSpeed=23.702 Vx=23.556 Vy=-0.396 slipVel=-0.146 kappa=0.006 alpha=-0.017 Fz=4820.383 Fx=167.985 Fy=861.509
[DEBUG] [Tire] RL grounded=1 omega=64.105 wheelSpeed=26.681 Vx=23.661 Vy=-0.565 slipVel=-3.020 kappa=0.113 alpha=-0.024 Fz=9849.635 Fx=9168.985 Fy=1867.090
[DEBUG] [Tire] RR grounded=1 omega=65.616 wheelSpeed=24.949 Vx=23.557 Vy=-0.563 slipVel=-1.392 kappa=0.056 alpha=-0.024 Fz=8167.413 Fx=4494.165 Fy=1793.664
[DEBUG] [Energy] x=4.284 y=2.545 z=120.037 vx=4.930 vy=-0.497 vz=22.673 total=373305.125 potential=29708.170 linear=320481.406 angular=126.449 wheels=21506.934 suspension=1482.194 suspensionPower=-4303.213 suspensionResidual=-0.008
[DEBUG] [Tire] FL grounded=1 omega=73.028 wheelSpeed=23.451 Vx=23.307 Vy=-0.263 slipVel=-0.145 kappa=0.006 alpha=-0.011 Fz=3942.958 Fx=173.771 Fy=517.620
[DEBUG] [Tire] FR grounded=1 omega=72.961 wheelSpeed=23.400 Vx=23.277 Vy=-0.264 slipVel=-0.124 kappa=0.005 alpha=-0.011 Fz=2515.341 Fx=111.358 Fy=375.334
[DEBUG] [Tire] RL grounded=1 omega=66.508 wheelSpeed=25.710 Vx=23.307 Vy=-0.317 slipVel=-2.404 kappa=0.093 alpha=-0.014 Fz=5832.315 Fx=5495.961 Fy=702.676
[DEBUG] [Tire] RR grounded=1 omega=67.816 wheelSpeed=24.910 Vx=23.276 Vy=-0.317 slipVel=-1.634 kappa=0.066 alpha=-0.014 Fz=3989.098 Fx=2925.389 Fy=634.597
[DEBUG] [Suspension] FL=0.157593 FR=0.105730 RL=0.179498 RR=0.113663
[DEBUG] [Wheel] FL=72.629295 FR=72.623512 RL=67.286827 RR=68.025826
[DEBUG] [Powertrain] gear=3 rpm=4181.283691 torque=0.000000 clutch=0.000000 running=1
[DEBUG] [Tire] FL grounded=1 omega=72.489 wheelSpeed=23.237 Vx=23.151 Vy=-0.212 slipVel=-0.087 kappa=0.004 alpha=-0.009 Fz=3256.639 Fx=86.603 Fy=390.155
[DEBUG] [Tire] FR grounded=1 omega=72.489 wheelSpeed=23.225 Vx=23.143 Vy=-0.213 slipVel=-0.082 kappa=0.004 alpha=-0.009 Fz=2479.157 Fx=60.516 Fy=297.452
[DEBUG] [Tire] RL grounded=1 omega=67.466 wheelSpeed=24.627 Vx=23.150 Vy=-0.228 slipVel=-1.477 kappa=0.060 alpha=-0.010 Fz=3785.842 Fx=2565.181 Fy=442.401
[DEBUG] [Tire] RR grounded=1 omega=68.035 wheelSpeed=24.259 Vx=23.142 Vy=-0.228 slipVel=-1.117 kappa=0.046 alpha=-0.010 Fz=2606.194 Fx=1404.475 Fy=335.901
[DEBUG] [Audio] Submitted bytes=6144000
[DEBUG] [Tire] FL grounded=1 omega=72.966 wheelSpeed=23.328 Vx=23.330 Vy=-0.148 slipVel=0.002 kappa=-0.000 alpha=-0.006 Fz=2755.602 Fx=-44.091 Fy=226.600
[DEBUG] [Tire] FR grounded=1 omega=72.937 wheelSpeed=23.316 Vx=23.330 Vy=-0.149 slipVel=0.014 kappa=-0.001 alpha=-0.006 Fz=2369.944 Fx=-51.232 Fy=195.109
[DEBUG] [Tire] RL grounded=1 omega=74.847 wheelSpeed=25.259 Vx=23.330 Vy=-0.151 slipVel=-1.929 kappa=0.076 alpha=-0.006 Fz=3619.870 Fx=3094.754 Fy=281.937
[DEBUG] [Tire] RR grounded=1 omega=76.121 wheelSpeed=25.445 Vx=23.329 Vy=-0.150 slipVel=-2.116 kappa=0.083 alpha=-0.006 Fz=2845.271 Fx=2628.569 Fy=236.919
[DEBUG] [Tire] FL grounded=1 omega=74.012 wheelSpeed=23.714 Vx=23.634 Vy=-0.124 slipVel=-0.080 kappa=0.003 alpha=-0.005 Fz=4166.330 Fx=62.611 Fy=231.587
[DEBUG] [Tire] FR grounded=1 omega=74.005 wheelSpeed=23.703 Vx=23.636 Vy=-0.123 slipVel=-0.067 kappa=0.003 alpha=-0.005 Fz=2722.919 Fx=44.329 Fy=182.877
[DEBUG] [Tire] RL grounded=1 omega=69.795 wheelSpeed=25.234 Vx=23.639 Vy=-0.126 slipVel=-1.595 kappa=0.063 alpha=-0.005 Fz=3093.710 Fx=2272.767 Fy=211.894
[DEBUG] [Tire] RR grounded=1 omega=69.590 wheelSpeed=25.277 Vx=23.640 Vy=-0.125 slipVel=-1.637 kappa=0.065 alpha=-0.005 Fz=3344.793 Fx=2502.156 Fy=226.665
[DEBUG] [Suspension] FL=0.141845 FR=0.097797 RL=0.132609 RR=0.105967
[DEBUG] [Wheel] FL=74.008560 FR=74.011063 RL=66.535339 RR=69.588028
[DEBUG] [Powertrain] gear=3 rpm=4462.691895 torque=0.000000 clutch=0.000000 running=1
[DEBUG] [Performance] FPS=59 PhysicsHz=120
[DEBUG] [Tire] FL grounded=1 omega=73.309 wheelSpeed=23.509 Vx=23.402 Vy=-0.131 slipVel=-0.108 kappa=0.005 alpha=-0.006 Fz=2947.224 Fx=106.783 Fy=212.678
[DEBUG] [Tire] FR grounded=1 omega=73.374 wheelSpeed=23.518 Vx=23.408 Vy=-0.132 slipVel=-0.109 kappa=0.005 alpha=-0.006 Fz=2171.568 Fx=80.627 Fy=157.212
[DEBUG] [Tire] RL grounded=1 omega=68.424 wheelSpeed=25.344 Vx=23.402 Vy=-0.121 slipVel=-1.941 kappa=0.077 alpha=-0.005 Fz=4051.724 Fx=3429.318 Fy=227.087
[DEBUG] [Tire] RR grounded=1 omega=68.722 wheelSpeed=25.225 Vx=23.409 Vy=-0.121 slipVel=-1.816 kappa=0.072 alpha=-0.005 Fz=3672.975 Fx=2977.559 Fy=224.974
[DEBUG] [Energy] x=6.942 y=2.599 z=131.579 vx=5.403 vy=0.532 vz=22.773 total=375421.375 potential=30335.973 linear=326102.719 angular=10.890 wheels=18191.762 suspension=780.052 suspensionPower=1805.151 suspensionResidual=-0.001
[DEBUG] [Tire] FL grounded=1 omega=73.008 wheelSpeed=23.384 Vx=23.317 Vy=-0.087 slipVel=-0.067 kappa=0.003 alpha=-0.004 Fz=2661.429 Fx=45.280 Fy=126.456
[DEBUG] [Tire] FR grounded=1 omega=73.041 wheelSpeed=23.391 Vx=23.323 Vy=-0.087 slipVel=-0.068 kappa=0.003 alpha=-0.004 Fz=2175.517 Fx=37.880 Fy=103.980
[DEBUG] [Tire] RL grounded=1 omega=68.859 wheelSpeed=24.628 Vx=23.318 Vy=-0.076 slipVel=-1.310 kappa=0.053 alpha=-0.003 Fz=2607.844 Fx=1625.120 Fy=107.922
[DEBUG] [Tire] RR grounded=1 omega=68.917 wheelSpeed=24.611 Vx=23.324 Vy=-0.076 slipVel=-1.287 kappa=0.052 alpha=-0.003 Fz=2530.187 Fx=1550.374 Fy=104.491
[DEBUG] [Suspension] FL=0.102059 FR=0.078141 RL=0.111295 RR=0.100757
[DEBUG] [Wheel] FL=72.895424 FR=72.913307 RL=68.732628 RR=68.720428
[DEBUG] [Powertrain] gear=3 rpm=4351.977539 torque=289.443817 clutch=0.000000 running=1
[DEBUG] [Tire] FL grounded=1 omega=72.891 wheelSpeed=23.333 Vx=23.289 Vy=-0.044 slipVel=-0.044 kappa=0.002 alpha=-0.002 Fz=2709.348 Fx=16.426 Fy=64.317
[DEBUG] [Tire] FR grounded=1 omega=72.899 wheelSpeed=23.334 Vx=23.290 Vy=-0.044 slipVel=-0.045 kappa=0.002 alpha=-0.002 Fz=2387.428 Fx=14.691 Fy=57.138
[DEBUG] [Tire] RL grounded=1 omega=72.917 wheelSpeed=24.776 Vx=23.289 Vy=-0.041 slipVel=-1.487 kappa=0.060 alpha=-0.002 Fz=2226.297 Fx=1559.092 Fy=49.629
[DEBUG] [Tire] RR grounded=1 omega=72.851 wheelSpeed=24.790 Vx=23.290 Vy=-0.041 slipVel=-1.500 kappa=0.061 alpha=-0.002 Fz=2313.737 Fx=1632.360 Fy=51.186
[DEBUG] [Tire] FL grounded=1 omega=73.925 wheelSpeed=23.625 Vx=23.651 Vy=-0.010 slipVel=0.025 kappa=-0.001 alpha=-0.000 Fz=2406.209 Fx=-64.518 Fy=12.670
[DEBUG] [Tire] FR grounded=1 omega=73.914 wheelSpeed=23.622 Vx=23.651 Vy=-0.010 slipVel=0.030 kappa=-0.001 alpha=-0.000 Fz=2247.292 Fx=-64.780 Fy=11.898
[DEBUG] [Tire] RL grounded=1 omega=77.792 wheelSpeed=25.869 Vx=23.651 Vy=-0.009 slipVel=-2.219 kappa=0.086 alpha=-0.000 Fz=2865.079 Fx=2705.463 Fy=13.946
[DEBUG] [Tire] RR grounded=1 omega=77.371 wheelSpeed=25.778 Vx=23.651 Vy=-0.009 slipVel=-2.127 kappa=0.083 alpha=-0.000 Fz=3045.673 Fx=2797.795 Fy=15.319
[DEBUG] [Tire] FL grounded=1 omega=74.946 wheelSpeed=23.993 Vx=23.937 Vy=0.018 slipVel=-0.056 kappa=0.002 alpha=0.001 Fz=2015.782 Fx=22.419 Fy=-19.025
[DEBUG] [Tire] FR grounded=1 omega=74.945 wheelSpeed=23.992 Vx=23.936 Vy=0.017 slipVel=-0.056 kappa=0.002 alpha=0.001 Fz=1947.731 Fx=21.231 Fy=-17.776
[DEBUG] [Tire] RL grounded=1 omega=71.340 wheelSpeed=25.677 Vx=23.937 Vy=0.014 slipVel=-1.739 kappa=0.068 alpha=0.001 Fz=3425.774 Fx=2658.086 Fy=-25.418
[DEBUG] [Tire] RR grounded=1 omega=71.105 wheelSpeed=25.713 Vx=23.936 Vy=0.014 slipVel=-1.777 kappa=0.069 alpha=0.001 Fz=3711.264 Fx=2894.281 Fy=-24.130
[DEBUG] [Suspension] FL=0.080035 FR=0.070563 RL=0.105848 RR=0.108809
[DEBUG] [Wheel] FL=74.917023 FR=74.922134 RL=70.865532 RR=70.619049
[DEBUG] [Powertrain] gear=3 rpm=4571.797852 torque=0.000000 clutch=0.000000 running=1
[DEBUG] [Tire] FL grounded=1 omega=69.645 wheelSpeed=22.393 Vx=21.091 Vy=11.051 slipVel=-1.302 kappa=0.058 alpha=0.483 Fz=1638.379 Fx=936.383 Fy=-1243.284
[DEBUG] [Tire] FR grounded=1 omega=69.467 wheelSpeed=22.304 Vx=21.233 Vy=11.136 slipVel=-1.071 kappa=0.048 alpha=0.483 Fz=2887.193 Fx=1451.320 Fy=-2327.403
[DEBUG] [Tire] RL grounded=1 omega=71.293 wheelSpeed=25.111 Vx=23.806 Vy=-0.133 slipVel=-1.304 kappa=0.052 alpha=-0.006 Fz=1645.364 Fx=1001.490 Fy=118.554
[DEBUG] [Tire] RR grounded=1 omega=70.070 wheelSpeed=25.762 Vx=23.974 Vy=-0.133 slipVel=-1.788 kappa=0.069 alpha=-0.006 Fz=4155.746 Fx=3200.709 Fy=246.917
[DEBUG] [Energy] x=9.731 y=2.710 z=143.295 vx=5.445 vy=-0.039 vz=23.333 total=394851.906 potential=31634.461 linear=341566.750 angular=34.625 wheels=21139.984 suspension=476.109 suspensionPower=282.541 suspensionResidual=0.002
[DEBUG] [Tire] FL grounded=1 omega=74.307 wheelSpeed=23.787 Vx=23.740 Vy=0.052 slipVel=-0.047 kappa=0.002 alpha=0.002 Fz=2764.103 Fx=19.409 Fy=-77.268
[DEBUG] [Tire] FR grounded=1 omega=74.827 wheelSpeed=23.959 Vx=23.901 Vy=0.057 slipVel=-0.059 kappa=0.002 alpha=0.002 Fz=2527.751 Fx=30.757 Fy=-76.574
[DEBUG] [Tire] RL grounded=1 omega=70.562 wheelSpeed=24.862 Vx=23.738 Vy=0.330 slipVel=-1.124 kappa=0.045 alpha=0.014 Fz=1833.421 Fx=969.513 Fy=-338.085
[DEBUG] [Tire] RR grounded=1 omega=70.582 wheelSpeed=25.251 Vx=23.903 Vy=0.330 slipVel=-1.348 kappa=0.053 alpha=0.014 Fz=2841.796 Fx=1776.586 Fy=-520.729
[DEBUG] [Suspension] FL=0.097323 FR=0.084653 RL=0.071392 RR=0.107624
[DEBUG] [Wheel] FL=74.455460 FR=74.832298 RL=70.582230 RR=70.160187
[DEBUG] [Powertrain] gear=3 rpm=4356.655273 torque=0.000000 clutch=0.000000 running=1
[DEBUG] [Tire] FL grounded=1 omega=74.919 wheelSpeed=23.959 Vx=23.925 Vy=0.179 slipVel=-0.034 kappa=0.001 alpha=0.007 Fz=5605.127 Fx=-32.188 Fy=-360.913
[DEBUG] [Tire] FR grounded=1 omega=75.274 wheelSpeed=24.078 Vx=24.028 Vy=0.180 slipVel=-0.050 kappa=0.002 alpha=0.007 Fz=6569.008 Fx=-19.250 Fy=-376.144
[DEBUG] [Tire] RL grounded=1 omega=70.479 wheelSpeed=24.579 Vx=23.930 Vy=0.370 slipVel=-0.649 kappa=0.026 alpha=0.015 Fz=1439.717 Fx=429.438 Fy=-296.515
[DEBUG] [Tire] RR grounded=1 omega=70.663 wheelSpeed=25.171 Vx=24.041 Vy=0.368 slipVel=-1.130 kappa=0.045 alpha=0.015 Fz=2959.014 Fx=1553.291 Fy=-603.115
[DEBUG] [Tire] FL grounded=1 omega=74.951 wheelSpeed=24.048 Vx=23.904 Vy=0.261 slipVel=-0.143 kappa=0.006 alpha=0.011 Fz=2562.017 Fx=133.408 Fy=-366.931
[DEBUG] [Tire] FR grounded=1 omega=75.126 wheelSpeed=24.144 Vx=23.967 Vy=0.261 slipVel=-0.178 kappa=0.007 alpha=0.011 Fz=4593.260 Fx=219.328 Fy=-519.762
[DEBUG] [Tire] RL grounded=1 omega=69.868 wheelSpeed=26.004 Vx=23.903 Vy=0.365 slipVel=-2.101 kappa=0.081 alpha=0.015 Fz=4370.353 Fx=3847.637 Fy=-744.445
[DEBUG] [Tire] RR grounded=1 omega=68.848 wheelSpeed=26.936 Vx=23.966 Vy=0.365 slipVel=-2.970 kappa=0.110 alpha=0.015 Fz=6895.444 Fx=6502.438 Fy=-793.474
[DEBUG] [Audio] Callback count=800 additionalBytes=8192 totalBytes=8192
[DEBUG] [Audio] GenerateAudio rpm=4185.806641 torque=0.000000 speed=85.510620 slip=0.078170 running=1
[DEBUG] [Audio] Submitted bytes=6553600
[DEBUG] [Tire] FL grounded=1 omega=74.401 wheelSpeed=23.835 Vx=23.734 Vy=0.371 slipVel=-0.100 kappa=0.004 alpha=0.016 Fz=1735.304 Fx=55.603 Fy=-360.897
[DEBUG] [Tire] FR grounded=1 omega=74.370 wheelSpeed=23.849 Vx=23.748 Vy=0.371 slipVel=-0.101 kappa=0.004 alpha=0.016 Fz=3281.780 Fx=106.078 Fy=-682.290
[DEBUG] [Tire] RL grounded=1 omega=70.112 wheelSpeed=24.802 Vx=23.735 Vy=0.395 slipVel=-1.067 kappa=0.043 alpha=0.017 Fz=2282.710 Fx=1146.725 Fy=-506.950
[DEBUG] [Tire] RR grounded=1 omega=69.097 wheelSpeed=25.397 Vx=23.748 Vy=0.395 slipVel=-1.648 kappa=0.065 alpha=0.017 Fz=4307.077 Fx=3086.643 Fy=-813.132
[DEBUG] [Suspension] FL=0.088679 FR=0.129293 RL=0.094126 RR=0.150488
[DEBUG] [Wheel] FL=74.314011 FR=74.274284 RL=70.097778 RR=69.199600
[DEBUG] [Powertrain] gear=3 rpm=4305.170898 torque=0.000000 clutch=0.000000 running=1
[DEBUG] [Performance] FPS=60 PhysicsHz=120
[DEBUG] [Tire] FL grounded=1 omega=73.981 wheelSpeed=23.691 Vx=23.619 Vy=0.368 slipVel=-0.072 kappa=0.003 alpha=0.016 Fz=1873.258 Fx=34.975 Fy=-389.247
[DEBUG] [Tire] FR grounded=1 omega=73.945 wheelSpeed=23.689 Vx=23.618 Vy=0.368 slipVel=-0.072 kappa=0.003 alpha=0.016 Fz=3025.756 Fx=56.412 Fy=-628.538
[DEBUG] [Tire] RL grounded=1 omega=69.841 wheelSpeed=24.476 Vx=23.620 Vy=0.368 slipVel=-0.857 kappa=0.035 alpha=0.016 Fz=1590.402 Fx=643.041 Fy=-329.679
[DEBUG] [Tire] RR grounded=1 omega=69.296 wheelSpeed=24.951 Vx=23.618 Vy=0.368 slipVel=-1.333 kappa=0.053 alpha=0.016 Fz=3215.757 Fx=2012.170 Fy=-667.236
[DEBUG] [Energy] x=12.404 y=2.921 z=155.093 vx=5.032 vy=0.538 vz=23.092 total=385636.188 potential=34099.840 linear=332518.344 angular=7.981 wheels=18479.619 suspension=530.413 suspensionPower=847.412 suspensionResidual=4516.440
[DEBUG] [Tire] FL grounded=1 omega=73.820 wheelSpeed=0.000 Vx=0.000 Vy=0.000 slipVel=0.000 kappa=0.000 alpha=0.000 Fz=0.000 Fx=0.000 Fy=0.000
[DEBUG] [Tire] FR grounded=1 omega=73.745 wheelSpeed=0.000 Vx=0.000 Vy=0.000 slipVel=0.000 kappa=0.000 alpha=0.000 Fz=0.000 Fx=0.000 Fy=0.000
[DEBUG] [Tire] RL grounded=1 omega=69.523 wheelSpeed=24.448 Vx=23.517 Vy=0.387 slipVel=-0.931 kappa=0.038 alpha=0.016 Fz=1805.429 Fx=798.267 Fy=-396.418
[DEBUG] [Tire] RR grounded=1 omega=69.218 wheelSpeed=24.726 Vx=23.507 Vy=0.387 slipVel=-1.219 kappa=0.049 alpha=0.016 Fz=2752.921 Fx=1590.440 Fy=-605.332
[DEBUG] [Suspension] FL=0.000000 FR=0.073641 RL=0.067247 RR=0.110466
[DEBUG] [Wheel] FL=73.819679 FR=73.065529 RL=69.102036 RR=68.693611
[DEBUG] [Powertrain] gear=3 rpm=4277.543945 torque=0.000000 clutch=0.000000 running=1
[DEBUG] [Tire] FL grounded=1 omega=73.820 wheelSpeed=0.000 Vx=0.000 Vy=0.000 slipVel=0.000 kappa=0.000 alpha=0.000 Fz=0.000 Fx=0.000 Fy=0.000
[DEBUG] [Tire] FR grounded=1 omega=72.770 wheelSpeed=23.304 Vx=23.245 Vy=0.512 slipVel=-0.059 kappa=0.003 alpha=0.022 Fz=2786.709 Fx=36.788 Fy=-829.520
[DEBUG] [Tire] RL grounded=1 omega=69.514 wheelSpeed=0.000 Vx=0.000 Vy=0.000 slipVel=0.000 kappa=0.000 alpha=0.000 Fz=0.000 Fx=0.000 Fy=0.000
[DEBUG] [Tire] RR grounded=1 omega=70.092 wheelSpeed=0.000 Vx=0.000 Vy=0.000 slipVel=0.000 kappa=0.000 alpha=0.000 Fz=0.000 Fx=0.000 Fy=0.000
[DEBUG] [Tire] FL grounded=1 omega=73.541 wheelSpeed=23.516 Vx=23.512 Vy=0.475 slipVel=-0.004 kappa=0.000 alpha=0.020 Fz=2730.611 Fx=-36.025 Fy=-742.629
[DEBUG] [Tire] FR grounded=1 omega=73.781 wheelSpeed=23.587 Vx=23.572 Vy=0.475 slipVel=-0.015 kappa=0.001 alpha=0.020 Fz=4794.336 Fx=-48.700 Fy=-1060.202
[DEBUG] [Tire] RL grounded=1 omega=70.008 wheelSpeed=22.667 Vx=23.514 Vy=0.581 slipVel=0.847 kappa=-0.036 alpha=0.025 Fz=783.251 Fx=-350.144 Fy=-262.810
[DEBUG] [Tire] RR grounded=1 omega=71.991 wheelSpeed=23.351 Vx=23.574 Vy=0.580 slipVel=0.223 kappa=-0.009 alpha=0.025 Fz=1990.037 Fx=-244.328 Fy=-665.278
[DEBUG] [Tire] FL grounded=1 omega=73.679 wheelSpeed=23.597 Vx=23.536 Vy=0.341 slipVel=-0.061 kappa=0.003 alpha=0.014 Fz=3035.511 Fx=41.180 Fy=-583.366
[DEBUG] [Tire] FR grounded=1 omega=73.967 wheelSpeed=23.699 Vx=23.610 Vy=0.340 slipVel=-0.090 kappa=0.004 alpha=0.014 Fz=5509.520 Fx=62.624 Fy=-760.566
[DEBUG] [Tire] RL grounded=1 omega=69.320 wheelSpeed=24.597 Vx=23.538 Vy=0.472 slipVel=-1.059 kappa=0.043 alpha=0.020 Fz=2483.956 Fx=1249.614 Fy=-670.206
[DEBUG] [Tire] RR grounded=1 omega=68.761 wheelSpeed=25.132 Vx=23.613 Vy=0.472 slipVel=-1.518 kappa=0.060 alpha=0.020 Fz=4103.369 Fx=2755.261 Fy=-978.575
[DEBUG] [Suspension] FL=0.064524 FR=0.143029 RL=0.041198 RR=0.091403
[DEBUG] [Wheel] FL=73.690063 FR=73.962845 RL=69.382248 RR=68.697952
[DEBUG] [Powertrain] gear=3 rpm=4276.960938 torque=0.000000 clutch=0.000000 running=1
[DEBUG] [Tire] FL grounded=1 omega=73.657 wheelSpeed=23.603 Vx=23.521 Vy=0.302 slipVel=-0.082 kappa=0.003 alpha=0.013 Fz=4000.396 Fx=68.853 Fy=-597.159
[DEBUG] [Tire] FR grounded=1 omega=73.853 wheelSpeed=23.679 Vx=23.572 Vy=0.302 slipVel=-0.107 kappa=0.005 alpha=0.013 Fz=5126.467 Fx=96.738 Fy=-644.997
[DEBUG] [Tire] RL grounded=1 omega=69.170 wheelSpeed=24.851 Vx=23.524 Vy=0.387 slipVel=-1.327 kappa=0.053 alpha=0.016 Fz=3016.811 Fx=1887.015 Fy=-662.831
[DEBUG] [Tire] RR grounded=1 omega=68.435 wheelSpeed=25.324 Vx=23.574 Vy=0.388 slipVel=-1.750 kappa=0.069 alpha=0.016 Fz=4448.916 Fx=3380.148 Fy=-813.418
[DEBUG] [Energy] x=14.822 y=2.852 z=166.811 vx=4.376 vy=0.254 vz=23.015 total=381508.688 potential=33291.211 linear=326589.656 angular=33.551 wheels=20761.361 suspension=832.870 suspensionPower=-607.203 suspensionResidual=0.005
[DEBUG] [Tire] FL grounded=1 omega=73.548 wheelSpeed=23.571 Vx=23.488 Vy=0.222 slipVel=-0.083 kappa=0.004 alpha=0.009 Fz=3093.944 Fx=75.416 Fy=-381.632
[DEBUG] [Tire] FR grounded=1 omega=73.676 wheelSpeed=23.622 Vx=23.523 Vy=0.221 slipVel=-0.099 kappa=0.004 alpha=0.009 Fz=4040.174 Fx=95.291 Fy=-428.300
[DEBUG] [Tire] RL grounded=1 omega=69.145 wheelSpeed=24.739 Vx=23.490 Vy=0.281 slipVel=-1.249 kappa=0.050 alpha=0.012 Fz=2818.407 Fx=1667.744 Fy=-444.725
[DEBUG] [Tire] RR grounded=1 omega=68.314 wheelSpeed=25.231 Vx=23.524 Vy=0.282 slipVel=-1.707 kappa=0.068 alpha=0.012 Fz=4379.583 Fx=3265.016 Fy=-568.688
[DEBUG] [Suspension] FL=0.092705 FR=0.142555 RL=0.093534 RR=0.135332
[DEBUG] [Wheel] FL=73.299843 FR=73.367165 RL=68.633698 RR=68.343903
[DEBUG] [Powertrain] gear=3 rpm=4240.813477 torque=0.000000 clutch=0.000000 running=1
[DEBUG] [Tire] FL grounded=1 omega=73.184 wheelSpeed=23.451 Vx=23.366 Vy=0.142 slipVel=-0.085 kappa=0.004 alpha=0.006 Fz=2702.903 Fx=68.513 Fy=-211.791
[DEBUG] [Tire] FR grounded=1 omega=73.235 wheelSpeed=23.478 Vx=23.387 Vy=0.142 slipVel=-0.091 kappa=0.004 alpha=0.006 Fz=3534.288 Fx=89.800 Fy=-263.335
[DEBUG] [Tire] RL grounded=1 omega=68.616 wheelSpeed=24.689 Vx=23.366 Vy=0.176 slipVel=-1.323 kappa=0.054 alpha=0.008 Fz=3058.355 Fx=1919.751 Fy=-298.393
[DEBUG] [Tire] RR grounded=1 omega=68.366 wheelSpeed=24.868 Vx=23.387 Vy=0.176 slipVel=-1.481 kappa=0.060 alpha=0.008 Fz=3630.631 Fx=2464.244 Fy=-330.337
[DEBUG] [Tire] FL grounded=1 omega=72.902 wheelSpeed=23.355 Vx=23.282 Vy=0.104 slipVel=-0.073 kappa=0.003 alpha=0.004 Fz=2779.544 Fx=55.186 Fy=-158.775
[DEBUG] [Tire] FR grounded=1 omega=72.936 wheelSpeed=23.372 Vx=23.296 Vy=0.104 slipVel=-0.076 kappa=0.003 alpha=0.004 Fz=3376.466 Fx=68.899 Fy=-190.807
[DEBUG] [Tire] RL grounded=1 omega=68.481 wheelSpeed=24.498 Vx=23.282 Vy=0.127 slipVel=-1.216 kappa=0.050 alpha=0.005 Fz=2761.452 Fx=1606.376 Fy=-193.713
[DEBUG] [Tire] RR grounded=1 omega=68.352 wheelSpeed=24.615 Vx=23.296 Vy=0.127 slipVel=-1.319 kappa=0.054 alpha=0.005 Fz=3091.105 Fx=1940.543 Fy=-216.626
[DEBUG] [Tire] FL grounded=1 omega=72.699 wheelSpeed=23.289 Vx=23.219 Vy=0.072 slipVel=-0.070 kappa=0.003 alpha=0.003 Fz=2905.739 Fx=53.546 Fy=-114.507
[DEBUG] [Tire] FR grounded=1 omega=72.730 wheelSpeed=23.304 Vx=23.231 Vy=0.072 slipVel=-0.072 kappa=0.003 alpha=0.003 Fz=3354.717 Fx=63.112 Fy=-131.518
[DEBUG] [Tire] RL grounded=1 omega=68.293 wheelSpeed=24.439 Vx=23.219 Vy=0.092 slipVel=-1.220 kappa=0.050 alpha=0.004 Fz=2751.715 Fx=1609.579 Fy=-139.227
[DEBUG] [Tire] RR grounded=1 omega=68.239 wheelSpeed=24.506 Vx=23.231 Vy=0.092 slipVel=-1.275 kappa=0.052 alpha=0.004 Fz=2932.727 Fx=1788.116 Fy=-148.204
[DEBUG] [Suspension] FL=0.092231 FR=0.117334 RL=0.094363 RR=0.110703
[DEBUG] [Wheel] FL=72.668587 FR=72.699402 RL=68.256332 RR=68.210678
[DEBUG] [Powertrain] gear=3 rpm=4229.314941 torque=0.000000 clutch=0.000000 running=1
[DEBUG] [Audio] Submitted bytes=6963200
[DEBUG] [Performance] FPS=60 PhysicsHz=120
[DEBUG] [Tire] FL grounded=1 omega=72.420 wheelSpeed=23.199 Vx=23.124 Vy=0.072 slipVel=-0.075 kappa=0.003 alpha=0.003 Fz=2499.018 Fx=52.953 Fy=-99.188
[DEBUG] [Tire] FR grounded=1 omega=72.429 wheelSpeed=23.209 Vx=23.134 Vy=0.072 slipVel=-0.075 kappa=0.003 alpha=0.003 Fz=3403.260 Fx=67.462 Fy=-132.828
[DEBUG] [Tire] RL grounded=1 omega=67.881 wheelSpeed=24.452 Vx=23.124 Vy=0.088 slipVel=-1.328 kappa=0.054 alpha=0.004 Fz=3011.370 Fx=1915.645 Fy=-146.766
[DEBUG] [Tire] RR grounded=1 omega=68.064 wheelSpeed=24.395 Vx=23.134 Vy=0.088 slipVel=-1.261 kappa=0.052 alpha=0.004 Fz=2760.360 Fx=1671.733 Fy=-134.292
[DEBUG] [Tire] FL grounded=1 omega=72.327 wheelSpeed=23.165 Vx=23.105 Vy=0.069 slipVel=-0.060 kappa=0.003 alpha=0.003 Fz=3067.959 Fx=42.474 Fy=-116.485
[DEBUG] [Tire] FR grounded=1 omega=72.378 wheelSpeed=23.183 Vx=23.118 Vy=0.069 slipVel=-0.065 kappa=0.003 alpha=0.003 Fz=3751.277 Fx=46.544 Fy=-127.405
[DEBUG] [Tire] RL grounded=1 omega=67.984 wheelSpeed=24.282 Vx=23.105 Vy=0.091 slipVel=-1.178 kappa=0.049 alpha=0.004 Fz=2618.510 Fx=1487.923 Fy=-132.451
[DEBUG] [Tire] RR grounded=1 omega=68.024 wheelSpeed=24.301 Vx=23.118 Vy=0.091 slipVel=-1.183 kappa=0.049 alpha=0.004 Fz=2631.182 Fx=1500.488 Fy=-132.739
[DEBUG] [Energy] x=16.949 y=3.112 z=178.442 vx=4.046 vy=0.520 vz=22.742 total=372283.125 potential=36329.535 linear=317622.750 angular=5.371 wheels=17747.045 suspension=578.450 suspensionPower=-318.599 suspensionResidual=0.001
[DEBUG] [Suspension] FL=0.093652 FR=0.118518 RL=0.092823 RR=0.095428
[DEBUG] [Wheel] FL=72.277229 FR=72.333786 RL=67.752510 RR=67.828407
[DEBUG] [Powertrain] gear=3 rpm=4205.320312 torque=0.000000 clutch=0.000000 running=1
[DEBUG] [Tire] FL grounded=1 omega=72.233 wheelSpeed=23.146 Vx=23.072 Vy=0.038 slipVel=-0.074 kappa=0.003 alpha=0.002 Fz=3210.188 Fx=66.024 Fy=-66.366
[DEBUG] [Tire] FR grounded=1 omega=72.289 wheelSpeed=23.165 Vx=23.086 Vy=0.037 slipVel=-0.079 kappa=0.003 alpha=0.002 Fz=3797.124 Fx=68.731 Fy=-68.701
[DEBUG] [Tire] RL grounded=1 omega=67.641 wheelSpeed=24.432 Vx=23.072 Vy=0.062 slipVel=-1.360 kappa=0.056 alpha=0.003 Fz=3123.815 Fx=2035.503 Fy=-106.522
[DEBUG] [Tire] RR grounded=1 omega=67.742 wheelSpeed=24.423 Vx=23.087 Vy=0.062 slipVel=-1.337 kappa=0.055 alpha=0.003 Fz=3040.134 Fx=1948.037 Fy=-103.606
[DEBUG] [Tire] FL grounded=1 omega=72.047 wheelSpeed=23.091 Vx=23.011 Vy=0.010 slipVel=-0.079 kappa=0.003 alpha=0.000 Fz=3225.674 Fx=75.169 Fy=-18.063
[DEBUG] [Tire] FR grounded=1 omega=72.098 wheelSpeed=23.108 Vx=23.025 Vy=0.010 slipVel=-0.083 kappa=0.004 alpha=0.000 Fz=3688.302 Fx=76.852 Fy=-18.004
[DEBUG] [Tire] RL grounded=1 omega=67.331 wheelSpeed=24.428 Vx=23.012 Vy=0.033 slipVel=-1.416 kappa=0.058 alpha=0.001 Fz=3307.595 Fx=2234.759 Fy=-59.781
[DEBUG] [Tire] RR grounded=1 omega=67.522 wheelSpeed=24.388 Vx=23.025 Vy=0.033 slipVel=-1.362 kappa=0.056 alpha=0.001 Fz=3092.154 Fx=2021.255 Fy=-55.969
[DEBUG] [Tire] FL grounded=1 omega=71.714 wheelSpeed=22.990 Vx=22.896 Vy=-0.065 slipVel=-0.094 kappa=0.004 alpha=-0.003 Fz=2836.608 Fx=86.445 Fy=101.805
[DEBUG] [Tire] FR grounded=1 omega=71.804 wheelSpeed=23.007 Vx=22.906 Vy=-0.065 slipVel=-0.100 kappa=0.004 alpha=-0.003 Fz=1833.586 Fx=62.069 Fy=65.771
[DEBUG] [Tire] RL grounded=1 omega=67.117 wheelSpeed=24.328 Vx=22.896 Vy=-0.044 slipVel=-1.432 kappa=0.059 alpha=-0.002 Fz=3155.073 Fx=2168.967 Fy=76.241
[DEBUG] [Tire] RR grounded=1 omega=67.072 wheelSpeed=24.347 Vx=22.909 Vy=-0.044 slipVel=-1.439 kappa=0.059 alpha=-0.002 Fz=3247.312 Fx=2240.565 Fy=78.461
[DEBUG] [Suspension] FL=0.098744 FR=0.102178 RL=0.105967 RR=0.103243
[DEBUG] [Wheel] FL=71.615448 FR=71.708534 RL=67.062035 RR=66.939064
[DEBUG] [Powertrain] gear=3 rpm=4163.497559 torque=0.000000 clutch=0.000000 running=1
[DEBUG] [Tire] FL grounded=1 omega=71.286 wheelSpeed=22.833 Vx=22.772 Vy=-0.140 slipVel=-0.061 kappa=0.003 alpha=-0.006 Fz=3083.405 Fx=45.114 Fy=245.247
[DEBUG] [Tire] FR grounded=1 omega=71.344 wheelSpeed=22.845 Vx=22.782 Vy=-0.140 slipVel=-0.063 kappa=0.003 alpha=-0.006 Fz=2032.125 Fx=31.978 Fy=161.684
[DEBUG] [Tire] RL grounded=1 omega=66.911 wheelSpeed=23.878 Vx=22.772 Vy=-0.121 slipVel=-1.106 kappa=0.046 alpha=-0.005 Fz=2506.062 Fx=1359.338 Fy=171.631
[DEBUG] [Tire] RR grounded=1 omega=66.992 wheelSpeed=23.609 Vx=22.783 Vy=-0.121 slipVel=-0.827 kappa=0.035 alpha=-0.005 Fz=1823.623 Fx=737.484 Fy=124.523
[DEBUG] [Tire] FL grounded=1 omega=71.046 wheelSpeed=22.759 Vx=22.694 Vy=-0.199 slipVel=-0.065 kappa=0.003 alpha=-0.009 Fz=3548.685 Fx=52.041 Fy=386.322
[DEBUG] [Tire] FR grounded=1 omega=71.076 wheelSpeed=22.759 Vx=22.690 Vy=-0.192 slipVel=-0.069 kappa=0.003 alpha=-0.008 Fz=1662.398 Fx=30.809 Fy=182.745
[DEBUG] [Tire] RL grounded=1 omega=66.823 wheelSpeed=23.791 Vx=22.694 Vy=-0.202 slipVel=-1.097 kappa=0.046 alpha=-0.009 Fz=2288.451 Fx=1235.438 Fy=265.786
[DEBUG] [Tire] RR grounded=1 omega=66.741 wheelSpeed=23.825 Vx=22.692 Vy=-0.202 slipVel=-1.133 kappa=0.048 alpha=-0.009 Fz=2444.268 Fx=1361.239 Fy=283.435
[DEBUG] [Energy] x=18.935 y=3.457 z=189.933 vx=3.887 vy=0.507 vz=22.465 total=369317.031 potential=40352.848 linear=309416.781 angular=10.734 wheels=19063.760 suspension=472.950 suspensionPower=103.194 suspensionResidual=-0.000
[DEBUG] [Suspension] FL=0.110111 FR=0.065471 RL=0.086429 RR=0.080272
[DEBUG] [Wheel] FL=71.011673 FR=70.996681 RL=66.709846 RR=66.765396
[DEBUG] [Powertrain] gear=3 rpm=4139.492676 torque=0.000000 clutch=0.000000 running=1
[DEBUG] [Tire] FL grounded=1 omega=70.992 wheelSpeed=22.739 Vx=22.677 Vy=-0.211 slipVel=-0.062 kappa=0.003 alpha=-0.009 Fz=3643.354 Fx=45.396 Fy=413.088
[DEBUG] [Tire] FR grounded=1 omega=70.971 wheelSpeed=22.723 Vx=22.667 Vy=-0.210 slipVel=-0.055 kappa=0.002 alpha=-0.009 Fz=2048.720 Fx=24.594 Fy=247.607
[DEBUG] [Tire] RL grounded=1 omega=66.661 wheelSpeed=23.794 Vx=22.677 Vy=-0.226 slipVel=-1.117 kappa=0.047 alpha=-0.010 Fz=2456.765 Fx=1350.571 Fy=320.776
[DEBUG] [Tire] RR grounded=1 omega=66.729 wheelSpeed=23.674 Vx=22.667 Vy=-0.228 slipVel=-1.007 kappa=0.043 alpha=-0.010 Fz=2117.903 Fx=1051.977 Fy=279.525
[DEBUG] [Tire] FL grounded=1 omega=70.896 wheelSpeed=22.689 Vx=22.613 Vy=-0.128 slipVel=-0.076 kappa=0.003 alpha=-0.006 Fz=256.821 Fx=5.769 Fy=18.785
[DEBUG] [Tire] FR grounded=1 omega=70.917 wheelSpeed=0.000 Vx=0.000 Vy=0.000 slipVel=0.000 kappa=0.000 alpha=0.000 Fz=0.000 Fx=0.000 Fy=0.000
[DEBUG] [Tire] RL grounded=1 omega=66.340 wheelSpeed=23.824 Vx=22.623 Vy=-0.137 slipVel=-1.201 kappa=0.050 alpha=-0.006 Fz=2759.390 Fx=1630.007 Fy=216.396
[DEBUG] [Tire] RR grounded=1 omega=66.652 wheelSpeed=23.774 Vx=22.616 Vy=-0.143 slipVel=-1.159 kappa=0.049 alpha=-0.006 Fz=2303.809 Fx=1315.317 Fy=188.378
[DEBUG] [Tire] FL grounded=1 omega=70.101 wheelSpeed=22.453 Vx=22.350 Vy=-0.120 slipVel=-0.103 kappa=0.005 alpha=-0.005 Fz=1203.594 Fx=43.551 Fy=82.963
[DEBUG] [Tire] FR grounded=1 omega=70.171 wheelSpeed=22.495 Vx=22.365 Vy=-0.120 slipVel=-0.130 kappa=0.006 alpha=-0.005 Fz=1703.392 Fx=85.426 Fy=117.537
[DEBUG] [Tire] RL grounded=1 omega=69.477 wheelSpeed=0.000 Vx=0.000 Vy=0.000 slipVel=0.000 kappa=0.000 alpha=0.000 Fz=0.000 Fx=0.000 Fy=0.000
[DEBUG] [Tire] RR grounded=1 omega=66.667 wheelSpeed=23.830 Vx=22.373 Vy=-0.096 slipVel=-1.456 kappa=0.061 alpha=-0.004 Fz=2509.688 Fx=1787.595 Fy=138.479
[DEBUG] [Suspension] FL=0.073405 FR=0.047355 RL=0.079443 RR=0.078259
[DEBUG] [Wheel] FL=70.029350 FR=70.083229 RL=73.043945 RR=72.460075
[DEBUG] [Powertrain] gear=3 rpm=4433.537598 torque=291.198578 clutch=0.000000 running=1
[DEBUG] [Performance] FPS=60 PhysicsHz=120
[DEBUG] [Audio] Callback count=900 additionalBytes=8192 totalBytes=8192
[DEBUG] [Audio] Submitted bytes=7372800
[DEBUG] [Tire] FL grounded=1 omega=70.838 wheelSpeed=22.627 Vx=22.676 Vy=0.014 slipVel=0.049 kappa=-0.002 alpha=0.001 Fz=2234.352 Fx=-87.064 Fy=-16.954
[DEBUG] [Tire] FR grounded=1 omega=70.880 wheelSpeed=22.640 Vx=22.675 Vy=0.014 slipVel=0.034 kappa=-0.002 alpha=0.001 Fz=2751.151 Fx=-87.304 Fy=-20.838
[DEBUG] [Tire] RL grounded=1 omega=77.859 wheelSpeed=25.078 Vx=22.677 Vy=0.027 slipVel=-2.402 kappa=0.096 alpha=0.001 Fz=2059.435 Fx=1956.241 Fy=-29.455
[DEBUG] [Tire] RR grounded=1 omega=81.641 wheelSpeed=26.137 Vx=22.674 Vy=0.011 slipVel=-3.462 kappa=0.132 alpha=0.001 Fz=1721.966 Fx=1635.839 Fy=-9.571
[DEBUG] [Tire] FL grounded=1 omega=72.601 wheelSpeed=23.182 Vx=23.266 Vy=0.092 slipVel=0.084 kappa=-0.004 alpha=0.004 Fz=1909.452 Fx=-105.451 Fy=-96.728
[DEBUG] [Tire] FR grounded=1 omega=72.698 wheelSpeed=23.213 Vx=23.279 Vy=0.092 slipVel=0.066 kappa=-0.003 alpha=0.004 Fz=2286.073 Fx=-106.844 Fy=-115.719
[DEBUG] [Tire] RL grounded=1 omega=78.701 wheelSpeed=25.467 Vx=23.266 Vy=0.114 slipVel=-2.201 kappa=0.086 alpha=0.005 Fz=3323.886 Fx=3150.814 Fy=-208.302
[DEBUG] [Tire] RR grounded=1 omega=77.112 wheelSpeed=24.345 Vx=23.279 Vy=0.113 slipVel=-1.066 kappa=0.044 alpha=0.005 Fz=3844.759 Fx=1857.286 Fy=-212.400
[DEBUG] [Energy] x=20.994 y=3.391 z=201.321 vx=4.193 vy=-0.823 vz=22.845 total=381653.531 potential=39591.336 linear=321399.938 angular=15.409 wheels=20296.078 suspension=350.778 suspensionPower=-2189.681 suspensionResidual=-0.004
[DEBUG] [Suspension] FL=0.069615 FR=0.074589 RL=0.088561 RR=0.098152
[DEBUG] [Wheel] FL=73.221878 FR=73.225403 RL=78.219193 RR=78.646347
[DEBUG] [Powertrain] gear=3 rpm=4323.085449 torque=0.000000 clutch=0.000000 running=1
[DEBUG] [Tire] FL grounded=1 omega=73.137 wheelSpeed=23.390 Vx=23.385 Vy=0.112 slipVel=-0.004 kappa=0.000 alpha=0.005 Fz=2287.675 Fx=-29.705 Fy=-140.106
[DEBUG] [Tire] FR grounded=1 omega=73.119 wheelSpeed=23.378 Vx=23.379 Vy=0.111 slipVel=0.001 kappa=-0.000 alpha=0.005 Fz=2712.982 Fx=-42.460 Fy=-165.909
[DEBUG] [Tire] RL grounded=1 omega=77.942 wheelSpeed=22.003 Vx=23.385 Vy=0.100 slipVel=1.383 kappa=-0.059 alpha=0.004 Fz=3269.736 Fx=-2355.341 Fy=-178.995
[DEBUG] [Tire] RR grounded=1 omega=78.343 wheelSpeed=21.866 Vx=23.379 Vy=0.100 slipVel=1.513 kappa=-0.065 alpha=0.004 Fz=3842.730 Fx=-2914.769 Fy=-185.194
[DEBUG] [Tire] FL grounded=1 omega=73.131 wheelSpeed=23.376 Vx=23.387 Vy=0.129 slipVel=0.011 kappa=-0.000 alpha=0.006 Fz=2735.899 Fx=-55.327 Fy=-195.061
[DEBUG] [Tire] FR grounded=1 omega=73.140 wheelSpeed=23.371 Vx=23.380 Vy=0.130 slipVel=0.008 kappa=-0.000 alpha=0.006 Fz=3859.389 Fx=-70.995 Fy=-243.632
[DEBUG] [Tire] RL grounded=1 omega=77.681 wheelSpeed=22.065 Vx=23.387 Vy=0.119 slipVel=1.322 kappa=-0.057 alpha=0.005 Fz=2962.935 Fx=-2048.792 Fy=-194.641
[DEBUG] [Tire] RR grounded=1 omega=77.820 wheelSpeed=22.005 Vx=23.380 Vy=0.119 slipVel=1.375 kappa=-0.059 alpha=0.005 Fz=3163.356 Fx=-2267.972 Fy=-207.651
[DEBUG] [Tire] FL grounded=1 omega=73.218 wheelSpeed=23.406 Vx=23.411 Vy=0.141 slipVel=0.005 kappa=-0.000 alpha=0.006 Fz=2861.273 Fx=-49.505 Fy=-221.859
[DEBUG] [Tire] FR grounded=1 omega=73.238 wheelSpeed=23.406 Vx=23.410 Vy=0.141 slipVel=0.004 kappa=-0.000 alpha=0.006 Fz=3804.838 Fx=-62.831 Fy=-264.138
[DEBUG] [Tire] RL grounded=1 omega=76.925 wheelSpeed=22.013 Vx=23.411 Vy=0.140 slipVel=1.398 kappa=-0.060 alpha=0.006 Fz=2971.004 Fx=-2160.087 Fy=-229.631
[DEBUG] [Tire] RR grounded=1 omega=77.389 wheelSpeed=21.898 Vx=23.410 Vy=0.140 slipVel=1.513 kappa=-0.065 alpha=0.006 Fz=3534.276 Fx=-2716.505 Fy=-260.617
[DEBUG] [Suspension] FL=0.087732 FR=0.114492 RL=0.096376 RR=0.110466
[DEBUG] [Wheel] FL=73.212311 FR=73.233498 RL=76.939095 RR=77.396896
[DEBUG] [Powertrain] gear=3 rpm=4128.128418 torque=0.000000 clutch=0.000000 running=1
[DEBUG] [Tire] FL grounded=1 omega=73.418 wheelSpeed=23.456 Vx=23.487 Vy=0.119 slipVel=0.031 kappa=-0.001 alpha=0.005 Fz=2702.334 Fx=-79.392 Fy=-176.539
[DEBUG] [Tire] FR grounded=1 omega=73.461 wheelSpeed=23.464 Vx=23.489 Vy=0.119 slipVel=0.025 kappa=-0.001 alpha=0.005 Fz=3492.505 Fx=-90.900 Fy=-219.169
[DEBUG] [Tire] RL grounded=1 omega=79.467 wheelSpeed=23.830 Vx=23.487 Vy=0.124 slipVel=-0.344 kappa=0.014 alpha=0.005 Fz=3107.664 Fx=471.048 Fy=-210.750
[DEBUG] [Tire] RR grounded=1 omega=79.314 wheelSpeed=23.664 Vx=23.489 Vy=0.124 slipVel=-0.174 kappa=0.007 alpha=0.005 Fz=3512.955 Fx=222.958 Fy=-228.193
[DEBUG] [Tire] FL grounded=1 omega=74.651 wheelSpeed=23.849 Vx=23.903 Vy=0.101 slipVel=0.054 kappa=-0.002 alpha=0.004 Fz=2068.891 Fx=-83.270 Fy=-112.527
[DEBUG] [Tire] FR grounded=1 omega=74.695 wheelSpeed=23.860 Vx=23.899 Vy=0.101 slipVel=0.038 kappa=-0.002 alpha=0.004 Fz=2697.268 Fx=-88.511 Fy=-146.720
[DEBUG] [Tire] RL grounded=1 omega=80.949 wheelSpeed=24.713 Vx=23.903 Vy=0.095 slipVel=-0.809 kappa=0.033 alpha=0.004 Fz=3805.828 Fx=1331.680 Fy=-171.761
[DEBUG] [Tire] RR grounded=1 omega=80.838 wheelSpeed=24.605 Vx=23.899 Vy=0.095 slipVel=-0.706 kappa=0.029 alpha=0.004 Fz=4043.463 Fx=1178.196 Fy=-174.048
[DEBUG] [Energy] x=23.113 y=3.069 z=213.040 vx=4.160 vy=-0.400 vz=23.483 total=394579.812 potential=35823.969 linear=338500.719 angular=14.382 wheels=19570.008 suspension=670.749 suspensionPower=-305.798 suspensionResidual=0.004
[DEBUG] [Suspension] FL=0.057775 FR=0.093771 RL=0.113545 RR=0.123018
[DEBUG] [Wheel] FL=74.993774 FR=75.062927 RL=80.134125 RR=80.071609
[DEBUG] [Powertrain] gear=3 rpm=4451.429199 torque=0.000000 clutch=0.000000 running=1
[DEBUG] [Tire] FL grounded=1 omega=74.994 wheelSpeed=0.000 Vx=0.000 Vy=0.000 slipVel=0.000 kappa=0.000 alpha=0.000 Fz=0.000 Fx=0.000 Fy=0.000
[DEBUG] [Tire] FR grounded=1 omega=74.928 wheelSpeed=23.998 Vx=23.826 Vy=0.087 slipVel=-0.173 kappa=0.007 alpha=0.004 Fz=674.074 Fx=44.673 Fy=-31.403
[DEBUG] [Tire] RL grounded=1 omega=79.593 wheelSpeed=22.438 Vx=23.849 Vy=0.061 slipVel=1.411 kappa=-0.059 alpha=0.003 Fz=3621.680 Fx=-2551.420 Fy=-109.735
[DEBUG] [Tire] RR grounded=1 omega=79.523 wheelSpeed=22.417 Vx=23.830 Vy=0.062 slipVel=1.413 kappa=-0.059 alpha=0.003 Fz=3606.057 Fx=-2549.548 Fy=-110.564
[DEBUG] [Tire] FL grounded=1 omega=74.452 wheelSpeed=23.807 Vx=23.808 Vy=0.178 slipVel=0.000 kappa=-0.000 alpha=0.007 Fz=2391.683 Fx=-36.259 Fy=-231.606
[DEBUG] [Tire] FR grounded=1 omega=74.451 wheelSpeed=23.794 Vx=23.804 Vy=0.180 slipVel=0.010 kappa=-0.000 alpha=0.008 Fz=3232.776 Fx=-63.114 Fy=-317.208
[DEBUG] [Tire] RL grounded=1 omega=75.211 wheelSpeed=23.225 Vx=23.807 Vy=0.175 slipVel=0.582 kappa=-0.024 alpha=0.007 Fz=789.333 Fx=-240.037 Fy=-75.156
[DEBUG] [Tire] RR grounded=1 omega=75.322 wheelSpeed=23.307 Vx=23.803 Vy=0.175 slipVel=0.496 kappa=-0.021 alpha=0.007 Fz=544.389 Fx=-141.215 Fy=-51.785
[DEBUG] [Tire] FL grounded=1 omega=75.017 wheelSpeed=23.973 Vx=23.984 Vy=0.060 slipVel=0.011 kappa=-0.000 alpha=0.002 Fz=3489.797 Fx=-68.482 Fy=-106.111
[DEBUG] [Tire] FR grounded=1 omega=75.095 wheelSpeed=23.998 Vx=24.000 Vy=0.060 slipVel=0.002 kappa=-0.000 alpha=0.003 Fz=4381.596 Fx=-69.321 Fy=-108.740
[DEBUG] [Tire] RL grounded=1 omega=78.505 wheelSpeed=22.641 Vx=23.986 Vy=0.095 slipVel=1.345 kappa=-0.056 alpha=0.004 Fz=2925.259 Fx=-2006.573 Fy=-148.171
[DEBUG] [Tire] RR grounded=1 omega=78.385 wheelSpeed=22.681 Vx=24.002 Vy=0.096 slipVel=1.321 kappa=-0.055 alpha=0.004 Fz=2731.852 Fx=-1842.025 Fy=-139.376
[DEBUG] [Suspension] FL=0.073405 FR=0.109282 RL=0.080272 RR=0.080035
[DEBUG] [Wheel] FL=75.076942 FR=75.156143 RL=79.104462 RR=78.955910
[DEBUG] [Powertrain] gear=3 rpm=4248.724609 torque=0.000000 clutch=0.000000 running=1
[DEBUG] [Performance] FPS=60 PhysicsHz=120
[DEBUG] [Tire] FL grounded=1 omega=75.226 wheelSpeed=24.040 Vx=24.049 Vy=0.009 slipVel=0.009 kappa=-0.000 alpha=0.000 Fz=3600.708 Fx=-67.659 Fy=-15.190
[DEBUG] [Tire] FR grounded=1 omega=75.304 wheelSpeed=24.065 Vx=24.067 Vy=0.008 slipVel=0.002 kappa=-0.000 alpha=0.000 Fz=4313.470 Fx=-67.306 Fy=-14.235
[DEBUG] [Tire] RL grounded=1 omega=79.493 wheelSpeed=22.504 Vx=24.051 Vy=0.043 slipVel=1.547 kappa=-0.064 alpha=0.002 Fz=3767.106 Fx=-2850.100 Fy=-75.260
[DEBUG] [Tire] RR grounded=1 omega=79.248 wheelSpeed=22.577 Vx=24.069 Vy=0.043 slipVel=1.491 kappa=-0.062 alpha=0.002 Fz=3392.858 Fx=-2530.152 Fy=-76.091
[DEBUG] [Audio] Submitted bytes=7782400
[DEBUG] [Tire] FL grounded=1 omega=75.381 wheelSpeed=24.082 Vx=24.083 Vy=-0.109 slipVel=0.001 kappa=-0.000 alpha=-0.005 Fz=5504.149 Fx=-84.566 Fy=205.843
[DEBUG] [Tire] FR grounded=1 omega=75.419 wheelSpeed=24.097 Vx=24.109 Vy=-0.108 slipVel=0.011 kappa=-0.000 alpha=-0.004 Fz=4032.950 Fx=-77.389 Fy=196.005
[DEBUG] [Tire] RL grounded=1 omega=79.283 wheelSpeed=22.545 Vx=24.090 Vy=-0.071 slipVel=1.544 kappa=-0.064 alpha=-0.003 Fz=3587.963 Fx=-2730.446 Fy=126.790
[DEBUG] [Tire] RR grounded=1 omega=79.428 wheelSpeed=22.556 Vx=24.110 Vy=-0.071 slipVel=1.553 kappa=-0.064 alpha=-0.003 Fz=3687.124 Fx=-2804.694 Fy=125.771
[DEBUG] [Energy] x=25.165 y=2.693 z=225.033 vx=3.835 vy=-0.313 vz=23.616 total=394576.094 potential=31441.535 linear=340639.469 angular=46.657 wheels=21579.891 suspension=868.531 suspensionPower=-1003.204 suspensionResidual=-0.007
[DEBUG] [Suspension] FL=0.137463 FR=0.123136 RL=0.110940 RR=0.109282
[DEBUG] [Wheel] FL=75.378944 FR=75.387955 RL=81.680428 RR=79.636154
[DEBUG] [Powertrain] gear=3 rpm=4242.384277 torque=0.000000 clutch=0.000000 running=1
[DEBUG] [Tire] FL grounded=1 omega=75.165 wheelSpeed=24.016 Vx=24.031 Vy=-0.212 slipVel=0.014 kappa=-0.001 alpha=-0.009 Fz=3697.885 Fx=-76.968 Fy=392.009
[DEBUG] [Tire] FR grounded=1 omega=75.187 wheelSpeed=24.044 Vx=24.043 Vy=-0.212 slipVel=-0.001 kappa=0.000 alpha=-0.009 Fz=2264.104 Fx=-32.719 Fy=259.796
[DEBUG] [Tire] RL grounded=1 omega=81.521 wheelSpeed=22.128 Vx=24.030 Vy=-0.190 slipVel=1.902 kappa=-0.079 alpha=-0.008 Fz=5215.495 Fx=-4603.193 Fy=376.019
[DEBUG] [Tire] RR grounded=1 omega=80.378 wheelSpeed=22.489 Vx=24.043 Vy=-0.190 slipVel=1.555 kappa=-0.065 alpha=-0.008 Fz=4096.561 Fx=-3071.893 Fy=356.447
[DEBUG] [Tire] FL grounded=1 omega=74.646 wheelSpeed=23.872 Vx=23.861 Vy=-0.228 slipVel=-0.010 kappa=0.000 alpha=-0.010 Fz=3100.087 Fx=-31.704 Fy=387.020
[DEBUG] [Tire] FR grounded=1 omega=74.703 wheelSpeed=23.903 Vx=23.875 Vy=-0.228 slipVel=-0.027 kappa=0.001 alpha=-0.010 Fz=1958.793 Fx=-4.541 Fy=244.322
[DEBUG] [Tire] RL grounded=1 omega=78.531 wheelSpeed=22.349 Vx=23.861 Vy=-0.202 slipVel=1.513 kappa=-0.063 alpha=-0.008 Fz=3436.909 Fx=-2609.769 Fy=370.613
[DEBUG] [Tire] RR grounded=1 omega=77.866 wheelSpeed=22.500 Vx=23.876 Vy=-0.202 slipVel=1.376 kappa=-0.058 alpha=-0.008 Fz=2618.035 Fx=-1842.187 Fy=288.574
[DEBUG] [Tire] FL grounded=1 omega=74.417 wheelSpeed=23.799 Vx=23.788 Vy=-0.206 slipVel=-0.011 kappa=0.000 alpha=-0.009 Fz=3053.969 Fx=-30.540 Fy=344.565
[DEBUG] [Tire] FR grounded=1 omega=74.444 wheelSpeed=23.816 Vx=23.796 Vy=-0.206 slipVel=-0.020 kappa=0.001 alpha=-0.009 Fz=2115.787 Fx=-12.062 Fy=238.642
[DEBUG] [Tire] RL grounded=1 omega=77.860 wheelSpeed=22.385 Vx=23.789 Vy=-0.191 slipVel=1.403 kappa=-0.059 alpha=-0.008 Fz=2827.254 Fx=-2032.578 Fy=295.156
[DEBUG] [Tire] RR grounded=1 omega=77.346 wheelSpeed=22.464 Vx=23.797 Vy=-0.191 slipVel=1.333 kappa=-0.056 alpha=-0.008 Fz=2217.414 Fx=-1520.158 Fy=231.184
[DEBUG] [Suspension] FL=0.113308 FR=0.081219 RL=0.112479 RR=0.091166
[DEBUG] [Wheel] FL=74.397491 FR=74.418388 RL=77.817261 RR=77.318298
[DEBUG] [Powertrain] gear=3 rpm=4215.234863 torque=0.000000 clutch=0.000000 running=1
[DEBUG] [Tire] FL grounded=1 omega=74.264 wheelSpeed=23.769 Vx=23.725 Vy=-0.159 slipVel=-0.044 kappa=0.002 alpha=-0.007 Fz=1580.973 Fx=8.482 Fy=136.832
[DEBUG] [Tire] FR grounded=1 omega=74.297 wheelSpeed=23.778 Vx=23.729 Vy=-0.159 slipVel=-0.050 kappa=0.002 alpha=-0.007 Fz=870.969 Fx=7.191 Fy=75.402
[DEBUG] [Tire] RL grounded=1 omega=78.586 wheelSpeed=22.389 Vx=23.728 Vy=-0.152 slipVel=1.339 kappa=-0.056 alpha=-0.006 Fz=2862.335 Fx=-1975.039 Fy=237.553
[DEBUG] [Tire] RR grounded=1 omega=78.025 wheelSpeed=22.495 Vx=23.731 Vy=-0.152 slipVel=1.236 kappa=-0.052 alpha=-0.006 Fz=2144.437 Fx=-1373.170 Fy=177.713
[DEBUG] [Tire] FL grounded=1 omega=74.690 wheelSpeed=23.870 Vx=23.900 Vy=-0.150 slipVel=0.030 kappa=-0.001 alpha=-0.006 Fz=2226.060 Fx=-64.438 Fy=180.060
[DEBUG] [Tire] FR grounded=1 omega=74.677 wheelSpeed=23.868 Vx=23.915 Vy=-0.150 slipVel=0.047 kappa=-0.002 alpha=-0.006 Fz=1645.308 Fx=-60.402 Fy=133.094
[DEBUG] [Tire] RL grounded=1 omega=82.086 wheelSpeed=25.481 Vx=23.901 Vy=-0.124 slipVel=-1.581 kappa=0.062 alpha=-0.005 Fz=1754.881 Fx=1267.411 Fy=117.313
[DEBUG] [Tire] RR grounded=1 omega=82.831 wheelSpeed=25.621 Vx=23.915 Vy=-0.124 slipVel=-1.706 kappa=0.067 alpha=-0.005 Fz=1375.884 Fx=1059.912 Fy=91.830
[DEBUG] [Energy] x=27.129 y=2.605 z=237.007 vx=3.961 vy=-0.638 vz=23.774 total=398820.469 potential=30407.477 linear=345870.375 angular=1.428 wheels=22167.191 suspension=374.000 suspensionPower=305.492 suspensionResidual=-0.000
[DEBUG] [Suspension] FL=0.081930 FR=0.061327 RL=0.091639 RR=0.077786
[DEBUG] [Wheel] FL=75.645889 FR=75.605370 RL=82.643791 RR=84.083923
[DEBUG] [Powertrain] gear=3 rpm=4993.743652 torque=295.711182 clutch=0.000000 running=1
[DEBUG] [Tire] FL grounded=1 omega=76.193 wheelSpeed=24.336 Vx=24.400 Vy=-0.133 slipVel=0.064 kappa=-0.003 alpha=-0.005 Fz=2181.441 Fx=-96.063 Fy=153.323
[DEBUG] [Tire] FR grounded=1 omega=76.151 wheelSpeed=24.323 Vx=24.414 Vy=-0.133 slipVel=0.091 kappa=-0.004 alpha=-0.005 Fz=1679.136 Fx=-94.930 Fy=118.075
[DEBUG] [Tire] RL grounded=1 omega=83.104 wheelSpeed=25.759 Vx=24.400 Vy=-0.110 slipVel=-1.359 kappa=0.053 alpha=-0.004 Fz=3410.935 Fx=2083.677 Fy=193.028
[DEBUG] [Tire] RR grounded=1 omega=83.973 wheelSpeed=26.216 Vx=24.414 Vy=-0.110 slipVel=-1.801 kappa=0.069 alpha=-0.005 Fz=3106.700 Fx=2460.593 Fy=179.484
[DEBUG] [Tire] FL grounded=1 omega=76.780 wheelSpeed=24.554 Vx=24.549 Vy=-0.106 slipVel=-0.005 kappa=0.000 alpha=-0.004 Fz=2618.951 Fx=-33.571 Fy=145.257
[DEBUG] [Tire] FR grounded=1 omega=76.842 wheelSpeed=24.577 Vx=24.570 Vy=-0.107 slipVel=-0.008 kappa=0.000 alpha=-0.004 Fz=2169.210 Fx=-24.928 Fy=120.603
[DEBUG] [Tire] RL grounded=1 omega=81.561 wheelSpeed=23.158 Vx=24.548 Vy=-0.072 slipVel=1.390 kappa=-0.057 alpha=-0.003 Fz=3454.285 Fx=-2360.214 Fy=125.819
[DEBUG] [Tire] RR grounded=1 omega=81.477 wheelSpeed=23.242 Vx=24.570 Vy=-0.073 slipVel=1.328 kappa=-0.054 alpha=-0.003 Fz=3209.600 Fx=-2128.081 Fy=121.033
[DEBUG] [Tire] FL grounded=1 omega=76.959 wheelSpeed=24.530 Vx=24.543 Vy=-0.285 slipVel=0.013 kappa=-0.001 alpha=-0.012 Fz=11757.402 Fx=-205.556 Fy=1007.304
[DEBUG] [Tire] FR grounded=1 omega=76.966 wheelSpeed=24.576 Vx=24.549 Vy=-0.286 slipVel=-0.028 kappa=0.001 alpha=-0.012 Fz=11563.405 Fx=-111.491 Fy=991.712
[DEBUG] [Tire] RL grounded=1 omega=80.729 wheelSpeed=23.411 Vx=24.608 Vy=-0.258 slipVel=1.196 kappa=-0.049 alpha=-0.010 Fz=2110.214 Fx=-1265.299 Fy=290.449
[DEBUG] [Tire] RR grounded=1 omega=81.925 wheelSpeed=23.161 Vx=24.629 Vy=-0.258 slipVel=1.468 kappa=-0.060 alpha=-0.010 Fz=3676.654 Fx=-2600.838 Fy=470.051
[DEBUG] [Suspension] FL=0.147410 FR=0.114137 RL=0.100046 RR=0.099573
[DEBUG] [Wheel] FL=77.446640 FR=77.420662 RL=80.771309 RR=81.510574
[DEBUG] [Powertrain] gear=3 rpm=4399.534668 torque=0.000000 clutch=0.000000 running=1
[DEBUG] [Performance] FPS=56 PhysicsHz=120
[DEBUG] [Tire] FL grounded=1 omega=78.428 wheelSpeed=25.090 Vx=25.045 Vy=-0.180 slipVel=-0.045 kappa=0.002 alpha=-0.007 Fz=5439.065 Fx=-14.272 Fy=342.758
[DEBUG] [Tire] FR grounded=1 omega=78.367 wheelSpeed=25.071 Vx=25.029 Vy=-0.180 slipVel=-0.042 kappa=0.002 alpha=-0.007 Fz=5106.817 Fx=-14.783 Fy=337.281
[DEBUG] [Tire] RL grounded=1 omega=93.410 wheelSpeed=22.859 Vx=25.040 Vy=-0.229 slipVel=2.181 kappa=-0.087 alpha=-0.009 Fz=11668.134 Fx=-10995.456 Fy=740.831
[DEBUG] [Tire] RR grounded=1 omega=88.703 wheelSpeed=23.826 Vx=25.022 Vy=-0.233 slipVel=1.196 kappa=-0.048 alpha=-0.009 Fz=12062.719 Fx=-5773.503 Fy=784.306
[DEBUG] [Tire] FL grounded=1 omega=77.467 wheelSpeed=24.763 Vx=24.794 Vy=-0.063 slipVel=0.031 kappa=-0.001 alpha=-0.003 Fz=1946.395 Fx=-55.749 Fy=63.175
[DEBUG] [Tire] FR grounded=1 omega=77.443 wheelSpeed=24.755 Vx=24.792 Vy=-0.062 slipVel=0.037 kappa=-0.001 alpha=-0.002 Fz=1796.298 Fx=-56.535 Fy=57.091
[DEBUG] [Tire] RL grounded=1 omega=83.080 wheelSpeed=25.936 Vx=24.795 Vy=-0.066 slipVel=-1.141 kappa=0.044 alpha=-0.003 Fz=5745.356 Fx=2473.260 Fy=117.300
[DEBUG] [Tire] RR grounded=1 omega=83.080 wheelSpeed=25.954 Vx=24.792 Vy=-0.065 slipVel=-1.161 kappa=0.045 alpha=-0.003 Fz=5692.680 Fx=2511.037 Fy=116.157
[DEBUG] [Audio] Callback count=1000 additionalBytes=8192 totalBytes=8192
[DEBUG] [Audio] GenerateAudio rpm=5027.295410 torque=295.576324 speed=89.026428 slip=0.072337 running=1
[DEBUG] [Audio] Submitted bytes=8192000
[DEBUG] [Energy] x=29.190 y=2.557 z=249.281 vx=4.159 vy=1.374 vz=24.432 total=421338.719 potential=29845.689 linear=366576.062 angular=12.955 wheels=23567.961 suspension=1336.031 suspensionPower=2913.074 suspensionResidual=-0.004
[DEBUG] [Suspension] FL=0.116505 FR=0.100402 RL=0.174052 RR=0.169789
[DEBUG] [Wheel] FL=77.818924 FR=77.839661 RL=84.157471 RR=84.130737
[DEBUG] [Powertrain] gear=3 rpm=5003.298340 torque=295.765961 clutch=0.000000 running=1
[DEBUG] [Tire] FL grounded=1 omega=77.976 wheelSpeed=24.937 Vx=24.986 Vy=0.003 slipVel=0.048 kappa=-0.002 alpha=0.000 Fz=880.964 Fx=-32.136 Fy=-1.265
[DEBUG] [Tire] FR grounded=1 omega=78.029 wheelSpeed=24.950 Vx=24.989 Vy=-0.004 slipVel=0.039 kappa=-0.002 alpha=-0.000 Fz=1232.615 Fx=-39.790 Fy=2.674
[DEBUG] [Tire] RL grounded=1 omega=84.629 wheelSpeed=25.972 Vx=24.988 Vy=0.005 slipVel=-0.984 kappa=0.038 alpha=0.000 Fz=3536.910 Fx=1504.409 Fy=-8.018
[DEBUG] [Tire] RR grounded=1 omega=84.564 wheelSpeed=25.929 Vx=24.990 Vy=0.001 slipVel=-0.939 kappa=0.036 alpha=0.000 Fz=3651.997 Fx=1457.592 Fy=-1.006
[DEBUG] [Tire] FL grounded=1 omega=78.462 wheelSpeed=25.100 Vx=25.107 Vy=0.081 slipVel=0.007 kappa=-0.000 alpha=0.003 Fz=920.270 Fx=-16.565 Fy=-37.671
[DEBUG] [Tire] FR grounded=1 omega=78.557 wheelSpeed=25.139 Vx=25.101 Vy=0.079 slipVel=-0.038 kappa=0.002 alpha=0.003 Fz=609.952 Fx=1.025 Fy=-24.608
[DEBUG] [Tire] RL grounded=1 omega=83.240 wheelSpeed=24.267 Vx=25.109 Vy=0.078 slipVel=0.842 kappa=-0.034 alpha=0.003 Fz=2774.418 Fx=-1155.040 Fy=-110.037
[DEBUG] [Tire] RR grounded=1 omega=83.256 wheelSpeed=24.257 Vx=25.104 Vy=0.071 slipVel=0.847 kappa=-0.034 alpha=0.003 Fz=2837.908 Fx=-1188.418 Fy=-101.677
[DEBUG] [Tire] FL grounded=1 omega=78.234 wheelSpeed=25.028 Vx=25.007 Vy=0.068 slipVel=-0.022 kappa=0.001 alpha=0.003 Fz=2509.703 Fx=-13.705 Fy=-86.919
[DEBUG] [Tire] FR grounded=1 omega=78.215 wheelSpeed=25.025 Vx=25.000 Vy=0.067 slipVel=-0.026 kappa=0.001 alpha=0.003 Fz=1985.263 Fx=-7.209 Fy=-67.712
[DEBUG] [Tire] RL grounded=1 omega=81.129 wheelSpeed=23.958 Vx=25.005 Vy=0.054 slipVel=1.047 kappa=-0.042 alpha=0.002 Fz=970.636 Fx=-503.335 Fy=-26.693
[DEBUG] [Tire] RR grounded=1 omega=81.953 wheelSpeed=24.174 Vx=25.000 Vy=0.054 slipVel=0.826 kappa=-0.033 alpha=0.002 Fz=1470.976 Fx=-603.305 Fy=-40.579
[DEBUG] [Suspension] FL=0.067011 FR=0.062393 RL=0.096139 RR=0.105730
[DEBUG] [Wheel] FL=78.275322 FR=78.249535 RL=81.602127 RR=81.945961
[DEBUG] [Powertrain] gear=3 rpm=4511.723145 torque=0.000000 clutch=0.000000 running=1
[DEBUG] [Tire] FL grounded=1 omega=78.388 wheelSpeed=25.071 Vx=25.058 Vy=0.010 slipVel=-0.013 kappa=0.001 alpha=0.000 Fz=2916.600 Fx=-27.633 Fy=-14.269
[DEBUG] [Tire] FR grounded=1 omega=78.373 wheelSpeed=25.067 Vx=25.055 Vy=0.009 slipVel=-0.013 kappa=0.001 alpha=0.000 Fz=2688.485 Fx=-25.436 Fy=-12.472
[DEBUG] [Tire] RL grounded=1 omega=81.342 wheelSpeed=23.802 Vx=25.058 Vy=0.002 slipVel=1.257 kappa=-0.050 alpha=0.000 Fz=2065.142 Fx=-1275.635 Fy=-1.686
[DEBUG] [Tire] RR grounded=1 omega=81.481 wheelSpeed=23.781 Vx=25.055 Vy=0.002 slipVel=1.274 kappa=-0.051 alpha=0.000 Fz=2258.664 Fx=-1413.218 Fy=-1.899
[DEBUG] [Tire] FL grounded=1 omega=78.388 wheelSpeed=25.071 Vx=25.057 Vy=0.017 slipVel=-0.014 kappa=0.001 alpha=0.001 Fz=2996.655 Fx=-26.586 Fy=-25.689
[DEBUG] [Tire] FR grounded=1 omega=78.370 wheelSpeed=25.067 Vx=25.053 Vy=0.017 slipVel=-0.014 kappa=0.001 alpha=0.001 Fz=2808.512 Fx=-24.541 Fy=-23.864
[DEBUG] [Tire] RL grounded=1 omega=81.363 wheelSpeed=23.729 Vx=25.057 Vy=0.008 slipVel=1.329 kappa=-0.053 alpha=0.000 Fz=2356.081 Fx=-1534.236 Fy=-9.698
[DEBUG] [Tire] RR grounded=1 omega=81.552 wheelSpeed=23.702 Vx=25.052 Vy=0.008 slipVel=1.350 kappa=-0.054 alpha=0.000 Fz=2597.528 Fx=-1717.718 Fy=-10.891
[DEBUG] [Energy] x=31.333 y=2.958 z=261.866 vx=4.236 vy=0.352 vz=24.719 total=431480.281 potential=34531.738 linear=374311.219 angular=3.816 wheels=22184.504 suspension=448.990 suspensionPower=-318.212 suspensionResidual=0.001
[DEBUG] [Suspension] FL=0.092942 FR=0.086666 RL=0.079443 RR=0.087377
[DEBUG] [Wheel] FL=78.450653 FR=78.430595 RL=84.330307 RR=84.183022
[DEBUG] [Powertrain] gear=3 rpm=4901.767090 torque=295.486176 clutch=0.000000 running=1
[DEBUG] [Tire] FL grounded=1 omega=78.693 wheelSpeed=25.154 Vx=25.182 Vy=0.040 slipVel=0.028 kappa=-0.001 alpha=0.002 Fz=2167.793 Fx=-59.280 Fy=-43.177
[DEBUG] [Tire] FR grounded=1 omega=78.692 wheelSpeed=25.152 Vx=25.177 Vy=0.040 slipVel=0.025 kappa=-0.001 alpha=0.002 Fz=2371.133 Fx=-61.888 Fy=-47.256
[DEBUG] [Tire] RL grounded=1 omega=85.393 wheelSpeed=25.964 Vx=25.182 Vy=0.032 slipVel=-0.782 kappa=0.030 alpha=0.001 Fz=2823.624 Fx=971.281 Fy=-44.777
[DEBUG] [Tire] RR grounded=1 omega=85.129 wheelSpeed=25.821 Vx=25.177 Vy=0.032 slipVel=-0.644 kappa=0.025 alpha=0.001 Fz=3029.852 Fx=847.947 Fy=-48.056
[DEBUG] [Tire] FL grounded=1 omega=79.647 wheelSpeed=25.467 Vx=25.481 Vy=0.072 slipVel=0.014 kappa=-0.001 alpha=0.003 Fz=1972.839 Fx=-41.450 Fy=-70.850
[DEBUG] [Tire] FR grounded=1 omega=79.640 wheelSpeed=25.465 Vx=25.474 Vy=0.072 slipVel=0.009 kappa=-0.000 alpha=0.003 Fz=2202.708 Fx=-41.374 Fy=-79.021
[DEBUG] [Tire] RL grounded=1 omega=84.727 wheelSpeed=24.894 Vx=25.481 Vy=0.059 slipVel=0.587 kappa=-0.023 alpha=0.002 Fz=2916.581 Fx=-835.584 Fy=-85.319
[DEBUG] [Tire] RR grounded=1 omega=84.764 wheelSpeed=24.746 Vx=25.474 Vy=0.058 slipVel=0.728 kappa=-0.029 alpha=0.002 Fz=3342.508 Fx=-1172.893 Fy=-97.478
[DEBUG] [Tire] FL grounded=1 omega=79.584 wheelSpeed=25.456 Vx=25.443 Vy=0.085 slipVel=-0.013 kappa=0.001 alpha=0.003 Fz=2526.489 Fx=-23.224 Fy=-107.599
[DEBUG] [Tire] FR grounded=1 omega=79.556 wheelSpeed=25.445 Vx=25.434 Vy=0.085 slipVel=-0.011 kappa=0.000 alpha=0.003 Fz=2725.439 Fx=-27.966 Fy=-115.844
[DEBUG] [Tire] RL grounded=1 omega=83.812 wheelSpeed=24.214 Vx=25.443 Vy=0.069 slipVel=1.229 kappa=-0.048 alpha=0.003 Fz=2775.326 Fx=-1653.731 Fy=-95.438
[DEBUG] [Tire] RR grounded=1 omega=84.051 wheelSpeed=24.124 Vx=25.434 Vy=0.069 slipVel=1.310 kappa=-0.051 alpha=0.003 Fz=3164.228 Fx=-2004.318 Fy=-108.626
[DEBUG] [Suspension] FL=0.079917 FR=0.084298 RL=0.092587 RR=0.103362
[DEBUG] [Wheel] FL=79.565903 FR=79.538681 RL=83.775192 RR=84.015244
[DEBUG] [Powertrain] gear=3 rpm=4596.121582 torque=0.000000 clutch=0.000000 running=1
[DEBUG] [Performance] FPS=60 PhysicsHz=120
[DEBUG] [Tire] FL grounded=1 omega=79.517 wheelSpeed=25.433 Vx=25.421 Vy=0.086 slipVel=-0.012 kappa=0.000 alpha=0.003 Fz=2735.734 Fx=-26.779 Fy=-118.279
[DEBUG] [Tire] FR grounded=1 omega=79.496 wheelSpeed=25.424 Vx=25.414 Vy=0.086 slipVel=-0.010 kappa=0.000 alpha=0.003 Fz=2943.823 Fx=-31.706 Fy=-127.113
[DEBUG] [Tire] RL grounded=1 omega=83.013 wheelSpeed=24.144 Vx=25.421 Vy=0.073 slipVel=1.277 kappa=-0.050 alpha=0.003 Fz=2633.312 Fx=-1628.890 Fy=-96.832
[DEBUG] [Tire] RR grounded=1 omega=83.283 wheelSpeed=24.069 Vx=25.414 Vy=0.073 slipVel=1.344 kappa=-0.053 alpha=0.003 Fz=3030.556 Fx=-1969.296 Fy=-111.385
[DEBUG] [Tire] FL grounded=1 omega=79.412 wheelSpeed=0.000 Vx=0.000 Vy=0.000 slipVel=0.000 kappa=0.000 alpha=0.000 Fz=0.000 Fx=0.000 Fy=0.000
[DEBUG] [Tire] FR grounded=1 omega=79.341 wheelSpeed=0.000 Vx=0.000 Vy=0.000 slipVel=0.000 kappa=0.000 alpha=0.000 Fz=0.000 Fx=0.000 Fy=0.000
[DEBUG] [Tire] RL grounded=1 omega=82.695 wheelSpeed=23.985 Vx=25.305 Vy=0.129 slipVel=1.320 kappa=-0.052 alpha=0.005 Fz=2804.878 Fx=-1798.720 Fy=-184.215
[DEBUG] [Tire] RR grounded=1 omega=82.594 wheelSpeed=23.987 Vx=25.292 Vy=0.129 slipVel=1.305 kappa=-0.052 alpha=0.005 Fz=2719.424 Fx=-1726.078 Fy=-178.766
[DEBUG] [Energy] x=33.530 y=3.028 z=274.583 vx=4.347 vy=-0.354 vz=25.028 total=442879.344 potential=35347.512 linear=384037.781 angular=128.452 wheels=23056.332 suspension=309.296 suspensionPower=216.088 suspensionResidual=2156.432
[DEBUG] [Suspension] FL=0.031843 FR=0.048657 RL=0.089034 RR=0.096494
[DEBUG] [Wheel] FL=79.317596 FR=78.947067 RL=79.646942 RR=82.161980
[DEBUG] [Powertrain] gear=3 rpm=4474.363281 torque=0.000000 clutch=0.000000 running=1
[DEBUG] [Audio] Submitted bytes=8601600
[DEBUG] [Tire] FL grounded=1 omega=78.727 wheelSpeed=25.225 Vx=25.093 Vy=0.198 slipVel=-0.133 kappa=0.005 alpha=0.008 Fz=1563.569 Fx=68.822 Fy=-160.475
[DEBUG] [Tire] FR grounded=1 omega=78.545 wheelSpeed=25.150 Vx=25.070 Vy=0.198 slipVel=-0.080 kappa=0.003 alpha=0.008 Fz=1612.120 Fx=32.763 Fy=-165.633
[DEBUG] [Tire] RL grounded=1 omega=78.310 wheelSpeed=0.000 Vx=0.000 Vy=0.000 slipVel=0.000 kappa=0.000 alpha=0.000 Fz=0.000 Fx=0.000 Fy=0.000
[DEBUG] [Tire] RR grounded=1 omega=78.532 wheelSpeed=0.000 Vx=0.000 Vy=0.000 slipVel=0.000 kappa=0.000 alpha=0.000 Fz=0.000 Fx=0.000 Fy=0.000
[DEBUG] [Tire] FL grounded=1 omega=79.258 wheelSpeed=25.350 Vx=25.336 Vy=0.126 slipVel=-0.014 kappa=0.001 alpha=0.005 Fz=3004.580 Fx=-27.356 Fy=-191.792
[DEBUG] [Tire] FR grounded=1 omega=79.273 wheelSpeed=25.353 Vx=25.340 Vy=0.126 slipVel=-0.014 kappa=0.001 alpha=0.005 Fz=3298.869 Fx=-30.261 Fy=-210.553
[DEBUG] [Tire] RL grounded=1 omega=76.720 wheelSpeed=24.268 Vx=25.336 Vy=0.132 slipVel=1.068 kappa=-0.042 alpha=0.005 Fz=1257.254 Fx=-656.415 Fy=-84.233
[DEBUG] [Tire] RR grounded=1 omega=77.311 wheelSpeed=24.451 Vx=25.340 Vy=0.132 slipVel=0.889 kappa=-0.035 alpha=0.005 Fz=1536.681 Fx=-668.742 Fy=-102.927
[DEBUG] [Tire] FL grounded=1 omega=79.714 wheelSpeed=25.479 Vx=25.492 Vy=0.110 slipVel=0.013 kappa=-0.001 alpha=0.004 Fz=3037.709 Fx=-63.062 Fy=-167.251
[DEBUG] [Tire] FR grounded=1 omega=79.770 wheelSpeed=25.496 Vx=25.504 Vy=0.110 slipVel=0.008 kappa=-0.000 alpha=0.004 Fz=3514.079 Fx=-64.625 Fy=-184.761
[DEBUG] [Tire] RL grounded=1 omega=84.066 wheelSpeed=26.428 Vx=25.492 Vy=0.131 slipVel=-0.936 kappa=0.035 alpha=0.005 Fz=2786.731 Fx=1141.427 Fy=-184.166
[DEBUG] [Tire] RR grounded=1 omega=83.696 wheelSpeed=26.308 Vx=25.505 Vy=0.131 slipVel=-0.803 kappa=0.031 alpha=0.005 Fz=3258.864 Fx=1137.733 Fy=-215.256
[DEBUG] [Suspension] FL=0.082522 FR=0.095192 RL=0.057064 RR=0.069379
[DEBUG] [Wheel] FL=79.911842 FR=79.972237 RL=85.170258 RR=84.817139
[DEBUG] [Powertrain] gear=3 rpm=5036.892090 torque=295.761902 clutch=0.000000 running=1
[DEBUG] [Tire] FL grounded=1 omega=80.579 wheelSpeed=25.772 Vx=25.789 Vy=0.150 slipVel=0.017 kappa=-0.001 alpha=0.006 Fz=1280.399 Fx=-28.605 Fy=-96.099
[DEBUG] [Tire] FR grounded=1 omega=80.642 wheelSpeed=25.796 Vx=25.786 Vy=0.150 slipVel=-0.010 kappa=0.000 alpha=0.006 Fz=1839.568 Fx=-19.751 Fy=-138.115
[DEBUG] [Tire] RL grounded=1 omega=85.674 wheelSpeed=24.789 Vx=25.789 Vy=0.145 slipVel=1.000 kappa=-0.039 alpha=0.006 Fz=3708.254 Fx=-1697.076 Fy=-246.180
[DEBUG] [Tire] RR grounded=1 omega=85.757 wheelSpeed=24.720 Vx=25.786 Vy=0.145 slipVel=1.066 kappa=-0.041 alpha=0.006 Fz=3976.746 Fx=-1898.285 Fy=-248.706
[DEBUG] [Tire] FL grounded=1 omega=80.501 wheelSpeed=25.744 Vx=25.743 Vy=0.142 slipVel=-0.001 kappa=0.000 alpha=0.006 Fz=2421.663 Fx=-35.332 Fy=-172.147
[DEBUG] [Tire] FR grounded=1 omega=80.490 wheelSpeed=25.736 Vx=25.736 Vy=0.142 slipVel=-0.000 kappa=0.000 alpha=0.006 Fz=2900.702 Fx=-43.336 Fy=-206.407
[DEBUG] [Tire] RL grounded=1 omega=84.465 wheelSpeed=24.666 Vx=25.743 Vy=0.131 slipVel=1.077 kappa=-0.042 alpha=0.005 Fz=2201.480 Fx=-1140.749 Fy=-143.930
[DEBUG] [Tire] RR grounded=1 omega=84.577 wheelSpeed=24.546 Vx=25.736 Vy=0.131 slipVel=1.190 kappa=-0.046 alpha=0.005 Fz=2572.767 Fx=-1470.174 Fy=-168.297
[DEBUG] [Suspension] FL=0.076957 FR=0.094008 RL=0.083943 RR=0.097560
[DEBUG] [Wheel] FL=80.670837 FR=80.670235 RL=84.256805 RR=84.523087
[DEBUG] [Powertrain] gear=3 rpm=4604.866211 torque=0.000000 clutch=0.000000 running=1
[DEBUG] [Energy] x=35.738 y=2.482 z=287.382 vx=4.344 vy=-1.276 vz=25.395 total=447608.219 potential=28971.979 linear=395913.656 angular=1.485 wheels=22246.348 suspension=474.747 suspensionPower=-663.533 suspensionResidual=-0.004
[DEBUG] [Tire] FL grounded=1 omega=80.718 wheelSpeed=25.812 Vx=25.808 Vy=0.113 slipVel=-0.005 kappa=0.000 alpha=0.004 Fz=2834.002 Fx=-36.816 Fy=-158.810
[DEBUG] [Tire] FR grounded=1 omega=80.723 wheelSpeed=25.810 Vx=25.806 Vy=0.113 slipVel=-0.004 kappa=0.000 alpha=0.004 Fz=3322.788 Fx=-44.789 Fy=-186.304
[DEBUG] [Tire] RL grounded=1 omega=84.100 wheelSpeed=24.489 Vx=25.808 Vy=0.111 slipVel=1.319 kappa=-0.051 alpha=0.004 Fz=2659.268 Fx=-1672.301 Fy=-146.414
[DEBUG] [Tire] RR grounded=1 omega=84.391 wheelSpeed=24.433 Vx=25.806 Vy=0.111 slipVel=1.374 kappa=-0.053 alpha=0.004 Fz=3040.977 Fx=-1987.767 Fy=-167.492
[DEBUG] [Tire] FL grounded=1 omega=80.778 wheelSpeed=25.832 Vx=25.825 Vy=0.100 slipVel=-0.007 kappa=0.000 alpha=0.004 Fz=2942.635 Fx=-35.615 Fy=-145.362
[DEBUG] [Tire] FR grounded=1 omega=80.794 wheelSpeed=25.834 Vx=25.827 Vy=0.100 slipVel=-0.007 kappa=0.000 alpha=0.004 Fz=3404.339 Fx=-41.471 Fy=-165.302
[DEBUG] [Tire] RL grounded=1 omega=83.969 wheelSpeed=24.450 Vx=25.825 Vy=0.103 slipVel=1.375 kappa=-0.053 alpha=0.004 Fz=2774.347 Fx=-1813.935 Fy=-142.202
[DEBUG] [Tire] RR grounded=1 omega=84.272 wheelSpeed=24.408 Vx=25.828 Vy=0.103 slipVel=1.419 kappa=-0.055 alpha=0.004 Fz=3128.567 Fx=-2106.734 Fy=-160.348
[DEBUG] [Tire] FL grounded=1 omega=81.698 wheelSpeed=26.085 Vx=26.091 Vy=0.115 slipVel=0.006 kappa=-0.000 alpha=0.004 Fz=7677.265 Fx=-122.806 Fy=-214.039
[DEBUG] [Tire] FR grounded=1 omega=81.722 wheelSpeed=26.085 Vx=26.087 Vy=0.113 slipVel=0.003 kappa=-0.000 alpha=0.004 Fz=9048.556 Fx=-139.820 Fy=-237.058
[DEBUG] [Tire] RL grounded=1 omega=84.023 wheelSpeed=24.604 Vx=26.117 Vy=0.119 slipVel=1.512 kappa=-0.058 alpha=0.005 Fz=2618.399 Fx=-1850.774 Fy=-152.465
[DEBUG] [Tire] RR grounded=1 omega=84.322 wheelSpeed=24.599 Vx=26.117 Vy=0.119 slipVel=1.518 kappa=-0.058 alpha=0.005 Fz=2909.232 Fx=-2062.719 Fy=-169.570
[DEBUG] [Suspension] FL=0.162921 FR=0.180801 RL=0.086785 RR=0.100520
[DEBUG] [Wheel] FL=81.910011 FR=81.942635 RL=84.172470 RR=84.342056
[DEBUG] [Powertrain] gear=3 rpm=4615.825684 torque=0.000000 clutch=0.000000 running=1
[DEBUG] [Performance] FPS=59 PhysicsHz=120
[DEBUG] [Tire] FL grounded=1 omega=81.485 wheelSpeed=26.029 Vx=26.060 Vy=0.156 slipVel=0.031 kappa=-0.001 alpha=0.006 Fz=3644.170 Fx=-98.501 Fy=-261.427
[DEBUG] [Tire] FR grounded=1 omega=81.532 wheelSpeed=26.034 Vx=26.064 Vy=0.154 slipVel=0.030 kappa=-0.001 alpha=0.006 Fz=5057.037 Fx=-118.040 Fy=-271.668
[DEBUG] [Tire] RL grounded=1 omega=89.866 wheelSpeed=23.997 Vx=26.061 Vy=0.165 slipVel=2.064 kappa=-0.079 alpha=0.006 Fz=7156.060 Fx=-6196.945 Fy=-317.190
[DEBUG] [Tire] RR grounded=1 omega=90.626 wheelSpeed=24.007 Vx=26.066 Vy=0.167 slipVel=2.059 kappa=-0.079 alpha=0.006 Fz=7776.697 Fx=-6688.914 Fy=-328.177
[DEBUG] [Tire] FL grounded=1 omega=80.640 wheelSpeed=25.801 Vx=25.773 Vy=0.150 slipVel=-0.029 kappa=0.001 alpha=0.006 Fz=2510.333 Fx=-6.949 Fy=-188.577
[DEBUG] [Tire] FR grounded=1 omega=80.666 wheelSpeed=25.802 Vx=25.780 Vy=0.149 slipVel=-0.022 kappa=0.001 alpha=0.006 Fz=3619.674 Fx=-24.035 Fy=-252.000
[DEBUG] [Tire] RL grounded=1 omega=84.558 wheelSpeed=24.190 Vx=25.771 Vy=0.157 slipVel=1.582 kappa=-0.061 alpha=0.006 Fz=4191.815 Fx=-2975.283 Fy=-271.194
[DEBUG] [Tire] RR grounded=1 omega=84.841 wheelSpeed=24.137 Vx=25.779 Vy=0.157 slipVel=1.642 kappa=-0.064 alpha=0.006 Fz=4502.354 Fx=-3276.902 Fy=-275.186
[DEBUG] [Suspension] FL=0.113900 FR=0.149423 RL=0.143384 RR=0.152383
[DEBUG] [Wheel] FL=80.240509 FR=80.264999 RL=83.836464 RR=83.977554
[DEBUG] [Powertrain] gear=3 rpm=4536.782715 torque=0.000000 clutch=0.000000 running=1
[DEBUG] [Energy] x=37.932 y=2.378 z=300.260 vx=4.210 vy=1.164 vz=25.207 total=442521.188 potential=27764.889 linear=389412.625 angular=11.221 wheels=24206.244 suspension=1126.219 suspensionPower=2623.826 suspensionResidual=0.001
[DEBUG] [Tire] FL grounded=1 omega=80.105 wheelSpeed=25.628 Vx=25.604 Vy=0.113 slipVel=-0.023 kappa=0.001 alpha=0.004 Fz=2582.296 Fx=-12.595 Fy=-146.294
[DEBUG] [Tire] FR grounded=1 omega=80.134 wheelSpeed=25.631 Vx=25.612 Vy=0.113 slipVel=-0.019 kappa=0.001 alpha=0.004 Fz=3491.377 Fx=-25.247 Fy=-189.419
[DEBUG] [Tire] RL grounded=1 omega=83.612 wheelSpeed=24.185 Vx=25.603 Vy=0.122 slipVel=1.418 kappa=-0.055 alpha=0.005 Fz=3155.694 Fx=-2140.015 Fy=-192.603
[DEBUG] [Tire] RR grounded=1 omega=83.723 wheelSpeed=24.172 Vx=25.611 Vy=0.122 slipVel=1.439 kappa=-0.056 alpha=0.005 Fz=3263.154 Fx=-2242.573 Fy=-199.143
[DEBUG] [Audio] Callback count=1100 additionalBytes=8192 totalBytes=8192
[DEBUG] [Audio] Submitted bytes=9011200
[DEBUG] [Tire] FL grounded=1 omega=79.961 wheelSpeed=25.583 Vx=25.574 Vy=0.035 slipVel=-0.009 kappa=0.000 alpha=0.001 Fz=913.018 Fx=-10.133 Fy=-15.601
[DEBUG] [Tire] FR grounded=1 omega=80.030 wheelSpeed=0.000 Vx=0.000 Vy=0.000 slipVel=0.000 kappa=0.000 alpha=0.000 Fz=0.000 Fx=0.000 Fy=0.000
[DEBUG] [Tire] RL grounded=1 omega=86.556 wheelSpeed=26.518 Vx=25.578 Vy=0.021 slipVel=-0.940 kappa=0.035 alpha=0.001 Fz=3336.943 Fx=1354.464 Fy=-34.465
[DEBUG] [Tire] RR grounded=1 omega=86.302 wheelSpeed=26.361 Vx=25.575 Vy=0.021 slipVel=-0.786 kappa=0.030 alpha=0.001 Fz=3798.523 Fx=1194.591 Fy=-34.361
[DEBUG] [Tire] FL grounded=1 omega=80.418 wheelSpeed=25.717 Vx=25.728 Vy=-0.216 slipVel=0.011 kappa=-0.000 alpha=-0.008 Fz=1801.539 Fx=-35.446 Fy=196.865
[DEBUG] [Tire] FR grounded=1 omega=80.120 wheelSpeed=25.623 Vx=25.696 Vy=-0.210 slipVel=0.074 kappa=-0.003 alpha=-0.008 Fz=715.395 Fx=-33.581 Fy=76.077
[DEBUG] [Tire] RL grounded=1 omega=84.092 wheelSpeed=26.655 Vx=25.729 Vy=-0.269 slipVel=-0.926 kappa=0.035 alpha=-0.010 Fz=1678.000 Fx=673.017 Fy=230.367
[DEBUG] [Tire] RR grounded=1 omega=92.331 wheelSpeed=29.361 Vx=25.696 Vy=-0.266 slipVel=-3.665 kappa=0.125 alpha=-0.010 Fz=870.687 Fx=820.745 Fy=102.756
[DEBUG] [Suspension] FL=0.063458 FR=0.030659 RL=0.089982 RR=0.079088
[DEBUG] [Wheel] FL=80.524063 FR=80.260803 RL=83.593826 RR=90.644180
[DEBUG] [Powertrain] gear=3 rpm=5114.598145 torque=0.000000 clutch=0.000000 running=1
[DEBUG] [Tire] FL grounded=1 omega=81.064 wheelSpeed=25.925 Vx=25.919 Vy=-0.186 slipVel=-0.006 kappa=0.000 alpha=-0.007 Fz=2550.149 Fx=-31.542 Fy=237.124
[DEBUG] [Tire] FR grounded=1 omega=81.021 wheelSpeed=25.909 Vx=25.916 Vy=-0.185 slipVel=0.007 kappa=-0.000 alpha=-0.007 Fz=2082.421 Fx=-37.131 Fy=192.753
[DEBUG] [Tire] RL grounded=1 omega=84.129 wheelSpeed=25.729 Vx=25.919 Vy=-0.196 slipVel=0.190 kappa=-0.007 alpha=-0.008 Fz=2842.324 Fx=-277.724 Fy=279.489
[DEBUG] [Tire] RR grounded=1 omega=84.328 wheelSpeed=25.901 Vx=25.916 Vy=-0.193 slipVel=0.014 kappa=-0.001 alpha=-0.007 Fz=2357.909 Fx=-49.868 Fy=227.776
[DEBUG] [Tire] FL grounded=1 omega=81.153 wheelSpeed=25.951 Vx=25.945 Vy=-0.082 slipVel=-0.006 kappa=0.000 alpha=-0.003 Fz=3024.225 Fx=-37.639 Fy=122.333
[DEBUG] [Tire] FR grounded=1 omega=81.140 wheelSpeed=25.949 Vx=25.942 Vy=-0.082 slipVel=-0.008 kappa=0.000 alpha=-0.003 Fz=2783.902 Fx=-32.530 Fy=112.910
[DEBUG] [Tire] RL grounded=1 omega=85.370 wheelSpeed=24.682 Vx=25.945 Vy=-0.090 slipVel=1.263 kappa=-0.049 alpha=-0.003 Fz=2948.894 Fx=-1770.569 Fy=130.168
[DEBUG] [Tire] RR grounded=1 omega=85.173 wheelSpeed=24.740 Vx=25.941 Vy=-0.089 slipVel=1.201 kappa=-0.046 alpha=-0.003 Fz=2647.795 Fx=-1514.824 Fy=116.623
[DEBUG] [Suspension] FL=0.129293 FR=0.106204 RL=0.091166 RR=0.083588
[DEBUG] [Wheel] FL=81.757721 FR=81.717209 RL=84.540817 RR=84.735657
[DEBUG] [Powertrain] gear=3 rpm=4634.785645 torque=0.000000 clutch=0.000000 running=1
[DEBUG] [Energy] x=40.103 y=2.619 z=313.210 vx=4.432 vy=0.391 vz=25.531 total=453824.344 potential=30578.051 linear=399606.312 angular=64.005 wheels=22854.023 suspension=721.926 suspensionPower=-3412.768 suspensionResidual=-0.005
[DEBUG] [Tire] FL grounded=1 omega=81.969 wheelSpeed=26.202 Vx=26.188 Vy=-0.027 slipVel=-0.013 kappa=0.001 alpha=-0.001 Fz=5228.546 Fx=-59.945 Fy=43.470
[DEBUG] [Tire] FR grounded=1 omega=81.926 wheelSpeed=26.188 Vx=26.180 Vy=-0.026 slipVel=-0.008 kappa=0.000 alpha=-0.001 Fz=4771.653 Fx=-60.183 Fy=42.832
[DEBUG] [Tire] RL grounded=1 omega=84.634 wheelSpeed=24.789 Vx=26.204 Vy=-0.047 slipVel=1.415 kappa=-0.054 alpha=-0.002 Fz=2561.862 Fx=-1697.598 Fy=57.889
[DEBUG] [Tire] RR grounded=1 omega=84.788 wheelSpeed=24.768 Vx=26.194 Vy=-0.047 slipVel=1.426 kappa=-0.054 alpha=-0.002 Fz=2763.618 Fx=-1844.798 Fy=62.864
[DEBUG] [Tire] FL grounded=1 omega=81.287 wheelSpeed=25.999 Vx=25.985 Vy=-0.002 slipVel=-0.014 kappa=0.001 alpha=-0.000 Fz=3065.619 Fx=-27.211 Fy=2.806
[DEBUG] [Tire] FR grounded=1 omega=81.263 wheelSpeed=25.992 Vx=25.977 Vy=-0.002 slipVel=-0.015 kappa=0.001 alpha=-0.000 Fz=2932.902 Fx=-25.467 Fy=2.462
[DEBUG] [Tire] RL grounded=1 omega=85.572 wheelSpeed=24.377 Vx=25.985 Vy=-0.015 slipVel=1.608 kappa=-0.062 alpha=-0.001 Fz=4425.436 Fx=-3136.802 Fy=23.658
[DEBUG] [Tire] RR grounded=1 omega=85.635 wheelSpeed=24.349 Vx=25.977 Vy=-0.015 slipVel=1.628 kappa=-0.063 alpha=-0.001 Fz=4526.802 Fx=-3239.111 Fy=23.896
[DEBUG] [Tire] FL grounded=1 omega=80.686 wheelSpeed=25.817 Vx=25.787 Vy=0.024 slipVel=-0.031 kappa=0.001 alpha=0.001 Fz=2586.035 Fx=-4.862 Fy=-30.817
[DEBUG] [Tire] FR grounded=1 omega=80.664 wheelSpeed=25.810 Vx=25.780 Vy=0.024 slipVel=-0.031 kappa=0.001 alpha=0.001 Fz=2549.288 Fx=-4.798 Fy=-30.423
[DEBUG] [Tire] RL grounded=1 omega=83.864 wheelSpeed=24.418 Vx=25.787 Vy=0.014 slipVel=1.369 kappa=-0.053 alpha=0.001 Fz=2813.087 Fx=-1834.561 Fy=-18.566
[DEBUG] [Tire] RR grounded=1 omega=84.005 wheelSpeed=24.383 Vx=25.780 Vy=0.014 slipVel=1.396 kappa=-0.054 alpha=0.001 Fz=3012.490 Fx=-2001.481 Fy=-20.006
[DEBUG] [Suspension] FL=0.111414 FR=0.103954 RL=0.117808 RR=0.117926
[DEBUG] [Wheel] FL=80.618469 FR=80.596764 RL=83.715157 RR=83.863853
[DEBUG] [Powertrain] gear=3 rpm=4576.560547 torque=0.000000 clutch=0.000000 running=1
[DEBUG] [Performance] FPS=59 PhysicsHz=120
[DEBUG] [Tire] FL grounded=1 omega=80.353 wheelSpeed=0.000 Vx=0.000 Vy=0.000 slipVel=0.000 kappa=0.000 alpha=0.000 Fz=0.000 Fx=0.000 Fy=0.000
[DEBUG] [Tire] FR grounded=1 omega=80.347 wheelSpeed=25.706 Vx=25.680 Vy=0.046 slipVel=-0.026 kappa=0.001 alpha=0.002 Fz=2621.262 Fx=-10.406 Fy=-59.119
[DEBUG] [Tire] RL grounded=1 omega=83.296 wheelSpeed=24.368 Vx=25.687 Vy=0.036 slipVel=1.319 kappa=-0.051 alpha=0.001 Fz=2370.772 Fx=-1497.305 Fy=-42.023
[DEBUG] [Tire] RR grounded=1 omega=83.489 wheelSpeed=24.337 Vx=25.680 Vy=0.036 slipVel=1.343 kappa=-0.052 alpha=0.001 Fz=2632.747 Fx=-1692.230 Fy=-46.833
[DEBUG] [Tire] FL grounded=1 omega=79.773 wheelSpeed=25.567 Vx=25.402 Vy=0.155 slipVel=-0.165 kappa=0.006 alpha=0.006 Fz=1436.962 Fx=82.718 Fy=-112.870
[DEBUG] [Tire] FR grounded=1 omega=79.524 wheelSpeed=25.460 Vx=25.398 Vy=0.155 slipVel=-0.061 kappa=0.002 alpha=0.006 Fz=2178.406 Fx=25.647 Fy=-171.557
[DEBUG] [Tire] RL grounded=1 omega=81.244 wheelSpeed=0.000 Vx=0.000 Vy=0.000 slipVel=0.000 kappa=0.000 alpha=0.000 Fz=0.000 Fx=0.000 Fy=0.000
[DEBUG] [Tire] RR grounded=1 omega=81.414 wheelSpeed=24.147 Vx=25.408 Vy=0.143 slipVel=1.260 kappa=-0.050 alpha=0.006 Fz=2406.126 Fx=-1470.686 Fy=-174.351
[DEBUG] [Suspension] FL=0.060972 FR=0.078259 RL=0.059314 RR=0.066182
[DEBUG] [Wheel] FL=79.822899 FR=79.861206 RL=79.009331 RR=79.360107
[DEBUG] [Powertrain] gear=3 rpm=4562.564453 torque=0.000000 clutch=0.000000 running=1
[DEBUG] [Tire] FL grounded=1 omega=79.948 wheelSpeed=25.574 Vx=25.555 Vy=0.149 slipVel=-0.020 kappa=0.001 alpha=0.006 Fz=2911.439 Fx=-19.165 Fy=-218.895
[DEBUG] [Tire] FR grounded=1 omega=80.006 wheelSpeed=25.591 Vx=25.570 Vy=0.149 slipVel=-0.021 kappa=0.001 alpha=0.006 Fz=3520.942 Fx=-23.521 Fy=-252.831
[DEBUG] [Tire] RL grounded=1 omega=79.563 wheelSpeed=24.707 Vx=25.555 Vy=0.176 slipVel=0.848 kappa=-0.033 alpha=0.007 Fz=1667.153 Fx=-686.545 Fy=-148.828
[DEBUG] [Tire] RR grounded=1 omega=79.923 wheelSpeed=24.797 Vx=25.571 Vy=0.176 slipVel=0.774 kappa=-0.030 alpha=0.007 Fz=1969.054 Fx=-739.716 Fy=-175.473
[DEBUG] [Energy] x=42.391 y=3.014 z=326.093 vx=4.480 vy=0.107 vz=25.221 total=448858.250 potential=35180.328 linear=390427.281 angular=3.952 wheels=22959.605 suspension=287.104 suspensionPower=-1338.043 suspensionResidual=-0.005
[DEBUG] [Tire] FL grounded=1 omega=80.009 wheelSpeed=25.585 Vx=25.578 Vy=0.124 slipVel=-0.008 kappa=0.000 alpha=0.005 Fz=3129.116 Fx=-36.588 Fy=-195.052
[DEBUG] [Tire] FR grounded=1 omega=80.095 wheelSpeed=25.612 Vx=25.598 Vy=0.124 slipVel=-0.013 kappa=0.001 alpha=0.005 Fz=3886.318 Fx=-39.487 Fy=-211.502
[DEBUG] [Tire] RL grounded=1 omega=83.316 wheelSpeed=24.186 Vx=25.578 Vy=0.160 slipVel=1.392 kappa=-0.054 alpha=0.006 Fz=2774.034 Fx=-1851.151 Fy=-224.599
[DEBUG] [Tire] RR grounded=1 omega=83.772 wheelSpeed=24.153 Vx=25.599 Vy=0.160 slipVel=1.446 kappa=-0.056 alpha=0.006 Fz=3225.172 Fx=-2227.316 Fy=-260.873
[DEBUG] [Audio] Submitted bytes=9420800
[DEBUG] [Tire] FL grounded=1 omega=80.013 wheelSpeed=25.572 Vx=25.568 Vy=0.088 slipVel=-0.004 kappa=0.000 alpha=0.003 Fz=4886.490 Fx=-67.409 Fy=-153.071
[DEBUG] [Tire] FR grounded=1 omega=80.080 wheelSpeed=25.591 Vx=25.586 Vy=0.088 slipVel=-0.005 kappa=0.000 alpha=0.003 Fz=5336.571 Fx=-73.508 Fy=-154.378
[DEBUG] [Tire] RL grounded=1 omega=83.368 wheelSpeed=24.181 Vx=25.572 Vy=0.119 slipVel=1.391 kappa=-0.054 alpha=0.005 Fz=2947.909 Fx=-1965.694 Fy=-175.708
[DEBUG] [Tire] RR grounded=1 omega=83.904 wheelSpeed=24.085 Vx=25.590 Vy=0.119 slipVel=1.505 kappa=-0.059 alpha=0.005 Fz=3610.884 Fx=-2531.878 Fy=-200.719
[DEBUG] [Suspension] FL=0.106796 FR=0.124439 RL=0.082996 RR=0.097323
[DEBUG] [Wheel] FL=80.066063 FR=80.131523 RL=83.323074 RR=83.876884
[DEBUG] [Powertrain] gear=3 rpm=4529.656250 torque=0.000000 clutch=0.000000 running=1
[DEBUG] [Tire] FL grounded=1 omega=80.043 wheelSpeed=25.595 Vx=25.588 Vy=0.064 slipVel=-0.008 kappa=0.000 alpha=0.002 Fz=3333.842 Fx=-39.311 Fy=-105.331
[DEBUG] [Tire] FR grounded=1 omega=80.100 wheelSpeed=25.614 Vx=25.601 Vy=0.063 slipVel=-0.014 kappa=0.001 alpha=0.002 Fz=3782.114 Fx=-37.184 Fy=-106.130
[DEBUG] [Tire] RL grounded=1 omega=85.673 wheelSpeed=23.879 Vx=25.588 Vy=0.086 slipVel=1.708 kappa=-0.067 alpha=0.003 Fz=4777.861 Fx=-3615.034 Fy=-148.176
[DEBUG] [Tire] RR grounded=1 omega=86.095 wheelSpeed=23.813 Vx=25.601 Vy=0.086 slipVel=1.788 kappa=-0.070 alpha=0.003 Fz=5151.316 Fx=-4040.972 Fy=-149.484
[DEBUG] [Tire] FL grounded=1 omega=79.495 wheelSpeed=25.430 Vx=25.410 Vy=0.065 slipVel=-0.020 kappa=0.001 alpha=0.003 Fz=2745.210 Fx=-17.260 Fy=-89.732
[DEBUG] [Tire] FR grounded=1 omega=79.517 wheelSpeed=25.434 Vx=25.418 Vy=0.065 slipVel=-0.016 kappa=0.001 alpha=0.003 Fz=3091.774 Fx=-25.025 Fy=-100.962
[DEBUG] [Tire] RL grounded=1 omega=83.230 wheelSpeed=23.957 Vx=25.410 Vy=0.078 slipVel=1.453 kappa=-0.057 alpha=0.003 Fz=3386.669 Fx=-2346.664 Fy=-131.678
[DEBUG] [Tire] RR grounded=1 omega=83.441 wheelSpeed=23.931 Vx=25.418 Vy=0.078 slipVel=1.487 kappa=-0.058 alpha=0.003 Fz=3656.720 Fx=-2543.130 Fy=-132.412
[DEBUG] [Suspension] FL=0.102296 FR=0.115084 RL=0.107624 RR=0.117808
[DEBUG] [Wheel] FL=79.228874 FR=79.245163 RL=82.630058 RR=82.828201
[DEBUG] [Powertrain] gear=3 rpm=4584.453613 torque=293.792603 clutch=0.000000 running=1
[DEBUG] [Tire] FL grounded=1 omega=79.135 wheelSpeed=25.312 Vx=25.298 Vy=0.057 slipVel=-0.015 kappa=0.001 alpha=0.002 Fz=2701.604 Fx=-23.348 Fy=-77.621
[DEBUG] [Tire] FR grounded=1 omega=79.151 wheelSpeed=25.314 Vx=25.303 Vy=0.057 slipVel=-0.012 kappa=0.000 alpha=0.002 Fz=2978.314 Fx=-29.385 Fy=-85.518
[DEBUG] [Tire] RL grounded=1 omega=84.238 wheelSpeed=24.809 Vx=25.297 Vy=0.066 slipVel=0.488 kappa=-0.019 alpha=0.003 Fz=2845.668 Fx=-684.853 Fy=-94.173
[DEBUG] [Tire] RR grounded=1 omega=84.288 wheelSpeed=24.778 Vx=25.303 Vy=0.066 slipVel=0.525 kappa=-0.021 alpha=0.003 Fz=3038.388 Fx=-785.064 Fy=-100.514
[DEBUG] [Energy] x=44.599 y=3.269 z=338.831 vx=4.243 vy=0.925 vz=24.905 total=441727.812 potential=38160.711 linear=380278.344 angular=0.236 wheels=22595.018 suspension=693.462 suspensionPower=874.871 suspensionResidual=0.000
[DEBUG] [Tire] FL grounded=1 omega=79.582 wheelSpeed=0.000 Vx=0.000 Vy=0.000 slipVel=0.000 kappa=0.000 alpha=0.000 Fz=0.000 Fx=0.000 Fy=0.000
[DEBUG] [Tire] FR grounded=1 omega=79.677 wheelSpeed=0.000 Vx=0.000 Vy=0.000 slipVel=0.000 kappa=0.000 alpha=0.000 Fz=0.000 Fx=0.000 Fy=0.000
[DEBUG] [Tire] RL grounded=1 omega=85.892 wheelSpeed=25.874 Vx=25.538 Vy=0.067 slipVel=-0.336 kappa=0.013 alpha=0.003 Fz=3518.304 Fx=444.530 Fy=-111.977
[DEBUG] [Tire] RR grounded=1 omega=85.902 wheelSpeed=25.893 Vx=25.535 Vy=0.067 slipVel=-0.358 kappa=0.014 alpha=0.003 Fz=3476.206 Fx=477.379 Fy=-112.018
[DEBUG] [Tire] FL grounded=1 omega=79.582 wheelSpeed=0.000 Vx=0.000 Vy=0.000 slipVel=0.000 kappa=0.000 alpha=0.000 Fz=0.000 Fx=0.000 Fy=0.000
[DEBUG] [Tire] FR grounded=1 omega=79.677 wheelSpeed=0.000 Vx=0.000 Vy=0.000 slipVel=0.000 kappa=0.000 alpha=0.000 Fz=0.000 Fx=0.000 Fy=0.000
[DEBUG] [Tire] RL grounded=1 omega=83.478 wheelSpeed=0.000 Vx=0.000 Vy=0.000 slipVel=0.000 kappa=0.000 alpha=0.000 Fz=0.000 Fx=0.000 Fy=0.000
[DEBUG] [Tire] RR grounded=1 omega=79.970 wheelSpeed=0.000 Vx=0.000 Vy=0.000 slipVel=0.000 kappa=0.000 alpha=0.000 Fz=0.000 Fx=0.000 Fy=0.000
[DEBUG] [Suspension] FL=0.000000 FR=0.000000 RL=0.025094 RR=0.039185
[DEBUG] [Wheel] FL=79.581757 FR=79.676872 RL=82.767319 RR=79.259842
[DEBUG] [Powertrain] gear=3 rpm=4677.124512 torque=0.000000 clutch=0.000000 running=1
[DEBUG] [Tire] FL grounded=1 omega=79.582 wheelSpeed=0.000 Vx=0.000 Vy=0.000 slipVel=0.000 kappa=0.000 alpha=0.000 Fz=0.000 Fx=0.000 Fy=0.000
[DEBUG] [Tire] FR grounded=0 omega=79.677 wheelSpeed=0.000 Vx=0.000 Vy=0.000 slipVel=0.000 kappa=0.000 alpha=0.000 Fz=0.000 Fx=0.000 Fy=0.000
[DEBUG] [Tire] RL grounded=1 omega=80.784 wheelSpeed=0.000 Vx=0.000 Vy=0.000 slipVel=0.000 kappa=0.000 alpha=0.000 Fz=0.000 Fx=0.000 Fy=0.000
[DEBUG] [Tire] RR grounded=1 omega=77.277 wheelSpeed=0.000 Vx=0.000 Vy=0.000 slipVel=0.000 kappa=0.000 alpha=0.000 Fz=0.000 Fx=0.000 Fy=0.000
[DEBUG] [Performance] FPS=58 PhysicsHz=119
[DEBUG] [Tire] FL grounded=1 omega=79.582 wheelSpeed=0.000 Vx=0.000 Vy=0.000 slipVel=0.000 kappa=0.000 alpha=0.000 Fz=0.000 Fx=0.000 Fy=0.000
[DEBUG] [Tire] FR grounded=0 omega=79.677 wheelSpeed=0.000 Vx=0.000 Vy=0.000 slipVel=0.000 kappa=0.000 alpha=0.000 Fz=0.000 Fx=0.000 Fy=0.000
[DEBUG] [Tire] RL grounded=1 omega=79.281 wheelSpeed=0.000 Vx=0.000 Vy=0.000 slipVel=0.000 kappa=0.000 alpha=0.000 Fz=0.000 Fx=0.000 Fy=0.000
[DEBUG] [Tire] RR grounded=1 omega=75.774 wheelSpeed=0.000 Vx=0.000 Vy=0.000 slipVel=0.000 kappa=0.000 alpha=0.000 Fz=0.000 Fx=0.000 Fy=0.000
[DEBUG] [Suspension] FL=0.000000 FR=0.000000 RL=0.000000 RR=0.000000
[DEBUG] [Wheel] FL=79.581757 FR=79.676872 RL=78.349991 RR=74.842514
[DEBUG] [Powertrain] gear=3 rpm=4493.060059 torque=0.000000 clutch=0.000000 running=1
[DEBUG] [Tire] FL grounded=1 omega=79.582 wheelSpeed=0.000 Vx=0.000 Vy=0.000 slipVel=0.000 kappa=0.000 alpha=0.000 Fz=0.000 Fx=0.000 Fy=0.000
[DEBUG] [Tire] FR grounded=1 omega=79.677 wheelSpeed=0.000 Vx=0.000 Vy=0.000 slipVel=0.000 kappa=0.000 alpha=0.000 Fz=0.000 Fx=0.000 Fy=0.000
[DEBUG] [Tire] RL grounded=1 omega=77.889 wheelSpeed=0.000 Vx=0.000 Vy=0.000 slipVel=0.000 kappa=0.000 alpha=0.000 Fz=0.000 Fx=0.000 Fy=0.000
[DEBUG] [Tire] RR grounded=1 omega=74.382 wheelSpeed=0.000 Vx=0.000 Vy=0.000 slipVel=0.000 kappa=0.000 alpha=0.000 Fz=0.000 Fx=0.000 Fy=0.000
[DEBUG] [Energy] x=46.770 y=3.009 z=351.630 vx=4.276 vy=-2.687 vz=25.221 total=450682.094 potential=35130.656 linear=393663.594 angular=44.775 wheels=21810.236 suspension=32.801 suspensionPower=-38538.980 suspensionResidual=0.020
[DEBUG] [Tire] FL grounded=1 omega=81.538 wheelSpeed=26.122 Vx=26.008 Vy=-0.136 slipVel=-0.115 kappa=0.004 alpha=-0.005 Fz=7964.315 Fx=63.788 Fy=260.773
[DEBUG] [Tire] FR grounded=1 omega=81.076 wheelSpeed=26.037 Vx=25.865 Vy=-0.136 slipVel=-0.172 kappa=0.007 alpha=-0.005 Fz=9050.674 Fx=195.190 Fy=296.500
[DEBUG] [Tire] RL grounded=1 omega=83.557 wheelSpeed=22.692 Vx=26.006 Vy=-0.397 slipVel=3.314 kappa=-0.127 alpha=-0.015 Fz=10812.560 Fx=-10211.551 Fy=1112.116
[DEBUG] [Tire] RR grounded=1 omega=71.765 wheelSpeed=27.682 Vx=25.859 Vy=-0.398 slipVel=-1.823 kappa=0.066 alpha=-0.015 Fz=12245.504 Fx=8287.226 Fy=1503.968
[DEBUG] [Audio] Callback count=1200 additionalBytes=8192 totalBytes=8192
[DEBUG] [Audio] GenerateAudio rpm=4018.055420 torque=0.000000 speed=87.494484 slip=0.243618 running=1
[DEBUG] [Audio] Submitted bytes=9830400
[DEBUG] [Tire] FL grounded=1 omega=51.180 wheelSpeed=17.117 Vx=24.014 Vy=0.052 slipVel=6.897 kappa=-0.287 alpha=0.002 Fz=6820.858 Fx=-6254.727 Fy=-95.793
[DEBUG] [Tire] FR grounded=1 omega=50.520 wheelSpeed=16.923 Vx=23.944 Vy=0.052 slipVel=7.021 kappa=-0.293 alpha=0.002 Fz=6781.600 Fx=-6218.727 Fy=-97.066
[DEBUG] [Tire] RL grounded=1 omega=58.530 wheelSpeed=19.690 Vx=24.015 Vy=-0.065 slipVel=4.324 kappa=-0.180 alpha=-0.003 Fz=2412.491 Fx=-2290.567 Fy=77.165
[DEBUG] [Tire] RR grounded=1 omega=60.172 wheelSpeed=20.089 Vx=23.943 Vy=-0.063 slipVel=3.854 kappa=-0.161 alpha=-0.003 Fz=2694.116 Fx=-2558.134 Fy=80.816
[DEBUG] [Suspension] FL=0.204127 FR=0.182695 RL=0.125267 RR=0.114137
[DEBUG] [Wheel] FL=69.610817 FR=68.864922 RL=47.477787 RR=49.954487
[DEBUG] [Powertrain] gear=2 rpm=3994.716553 torque=0.000000 clutch=0.000000 running=1
[DEBUG] [Tire] FL grounded=1 omega=74.127 wheelSpeed=23.721 Vx=23.682 Vy=0.044 slipVel=-0.039 kappa=0.002 alpha=0.002 Fz=3947.014 Fx=0.025 Fy=-80.157
[DEBUG] [Tire] FR grounded=1 omega=73.962 wheelSpeed=23.664 Vx=23.622 Vy=0.105 slipVel=-0.042 kappa=0.002 alpha=0.004 Fz=4951.594 Fx=-8.573 Fy=-200.602
[DEBUG] [Tire] RL grounded=1 omega=46.603 wheelSpeed=16.850 Vx=23.684 Vy=-0.052 slipVel=6.834 kappa=-0.289 alpha=-0.002 Fz=1413.715 Fx=-1296.377 Fy=39.735
[DEBUG] [Tire] RR grounded=1 omega=52.923 wheelSpeed=18.796 Vx=23.620 Vy=-0.050 slipVel=4.823 kappa=-0.204 alpha=-0.002 Fz=1533.465 Fx=-1456.209 Fy=41.194
[DEBUG] [Tire] FL grounded=1 omega=73.639 wheelSpeed=23.598 Vx=23.448 Vy=0.123 slipVel=-0.150 kappa=0.006 alpha=0.005 Fz=1258.125 Fx=71.198 Fy=-84.789
[DEBUG] [Tire] FR grounded=1 omega=73.394 wheelSpeed=23.530 Vx=23.436 Vy=0.173 slipVel=-0.094 kappa=0.004 alpha=0.007 Fz=3123.192 Fx=92.208 Fy=-298.965
[DEBUG] [Tire] RL grounded=1 omega=50.290 wheelSpeed=17.284 Vx=23.455 Vy=0.092 slipVel=6.170 kappa=-0.263 alpha=0.004 Fz=2224.414 Fx=-2039.788 Fy=-111.569
[DEBUG] [Tire] RR grounded=1 omega=54.706 wheelSpeed=18.655 Vx=23.437 Vy=0.135 slipVel=4.782 kappa=-0.204 alpha=0.006 Fz=2248.021 Fx=-2129.257 Fy=-164.736
[DEBUG] [Suspension] FL=0.106914 FR=0.142437 RL=0.077193 RR=0.071036
[DEBUG] [Wheel] FL=72.601936 FR=72.510109 RL=55.579990 RR=57.384888
[DEBUG] [Powertrain] gear=2 rpm=4741.862793 torque=0.000000 clutch=0.000000 running=1
[DEBUG] [Tire] FL grounded=1 omega=72.348 wheelSpeed=23.158 Vx=23.113 Vy=0.206 slipVel=-0.045 kappa=0.002 alpha=0.009 Fz=2262.636 Fx=14.694 Fy=-262.566
[DEBUG] [Tire] FR grounded=1 omega=72.364 wheelSpeed=23.156 Vx=23.119 Vy=0.239 slipVel=-0.037 kappa=0.002 alpha=0.010 Fz=4002.778 Fx=-1.437 Fy=-473.412
[DEBUG] [Tire] RL grounded=1 omega=55.121 wheelSpeed=19.698 Vx=23.113 Vy=0.203 slipVel=3.414 kappa=-0.148 alpha=0.009 Fz=1097.008 Fx=-1036.415 Fy=-109.251
[DEBUG] [Tire] RR grounded=1 omega=60.871 wheelSpeed=21.523 Vx=23.118 Vy=0.239 slipVel=1.595 kappa=-0.069 alpha=0.010 Fz=1295.315 Fx=-1068.347 Fy=-175.373
[DEBUG] [Energy] x=49.012 y=2.712 z=363.673 vx=4.268 vy=-0.362 vz=22.663 total=365872.625 potential=31659.186 linear=316520.312 angular=12.594 wheels=17119.938 suspension=560.589 suspensionPower=578.100 suspensionResidual=-0.001
[DEBUG] [Tire] FL grounded=1 omega=37.358 wheelSpeed=14.340 Vx=22.754 Vy=0.199 slipVel=8.414 kappa=-0.370 alpha=0.009 Fz=3032.214 Fx=-2780.540 Fy=-346.311
[DEBUG] [Tire] FR grounded=1 omega=45.030 wheelSpeed=15.990 Vx=22.767 Vy=0.214 slipVel=6.776 kappa=-0.298 alpha=0.009 Fz=4886.259 Fx=-4480.699 Fy=-449.307
[DEBUG] [Tire] RL grounded=1 omega=48.540 wheelSpeed=15.868 Vx=22.754 Vy=0.215 slipVel=6.886 kappa=-0.303 alpha=0.009 Fz=1881.158 Fx=-1725.022 Fy=-232.801
[DEBUG] [Tire] RR grounded=1 omega=55.364 wheelSpeed=17.972 Vx=22.767 Vy=0.237 slipVel=4.796 kappa=-0.211 alpha=0.010 Fz=2014.115 Fx=-1893.823 Fy=-273.074
[DEBUG] [Tire] FL grounded=1 omega=52.560 wheelSpeed=14.352 Vx=21.654 Vy=0.109 slipVel=7.303 kappa=-0.337 alpha=0.005 Fz=5679.665 Fx=-5208.253 Fy=-232.192
[DEBUG] [Tire] FR grounded=1 omega=67.732 wheelSpeed=19.016 Vx=21.676 Vy=0.107 slipVel=2.661 kappa=-0.123 alpha=0.005 Fz=5912.655 Fx=-5613.618 Fy=-195.544
[DEBUG] [Tire] RL grounded=1 omega=29.936 wheelSpeed=5.101 Vx=21.655 Vy=0.095 slipVel=16.554 kappa=-0.764 alpha=0.004 Fz=521.879 Fx=-478.563 Fy=-29.405
[DEBUG] [Tire] RR grounded=1 omega=45.378 wheelSpeed=9.728 Vx=21.677 Vy=0.136 slipVel=11.949 kappa=-0.551 alpha=0.006 Fz=1245.931 Fx=-1142.519 Fy=-101.176
[DEBUG] [Suspension] FL=0.137700 FR=0.167894 RL=0.045697 RR=0.056472
[DEBUG] [Wheel] FL=68.465645 FR=67.599495 RL=31.311214 RR=48.790359
[DEBUG] [Powertrain] gear=1 rpm=3750.932617 torque=0.000000 clutch=0.000000 running=1
[DEBUG] [Tire] FL grounded=1 omega=67.032 wheelSpeed=21.473 Vx=21.408 Vy=0.015 slipVel=-0.065 kappa=0.003 alpha=0.001 Fz=4243.903 Fx=48.719 Fy=-28.694
[DEBUG] [Tire] FR grounded=1 omega=67.233 wheelSpeed=21.538 Vx=21.469 Vy=0.012 slipVel=-0.069 kappa=0.003 alpha=0.001 Fz=4672.109 Fx=50.314 Fy=-23.324
[DEBUG] [Tire] RL grounded=1 omega=16.180 wheelSpeed=8.364 Vx=21.408 Vy=0.109 slipVel=13.043 kappa=-0.609 alpha=0.005 Fz=2451.000 Fx=-2247.567 Fy=-160.186
[DEBUG] [Tire] RR grounded=1 omega=29.676 wheelSpeed=12.751 Vx=21.470 Vy=0.107 slipVel=8.719 kappa=-0.406 alpha=0.005 Fz=2296.296 Fx=-2105.703 Fy=-146.974
[DEBUG] [Performance] FPS=59 PhysicsHz=120
[DEBUG] [Tire] FL grounded=1 omega=66.800 wheelSpeed=21.395 Vx=21.324 Vy=-0.013 slipVel=-0.071 kappa=0.003 alpha=-0.001 Fz=5837.387 Fx=38.944 Fy=24.992
[DEBUG] [Tire] FR grounded=1 omega=66.861 wheelSpeed=21.417 Vx=21.347 Vy=-0.012 slipVel=-0.071 kappa=0.003 alpha=-0.001 Fz=5225.272 Fx=46.702 Fy=23.074
[DEBUG] [Tire] RL grounded=1 omega=20.399 wheelSpeed=9.878 Vx=21.347 Vy=0.027 slipVel=11.468 kappa=-0.537 alpha=0.001 Fz=2072.533 Fx=-1900.513 Fy=-32.801
[DEBUG] [Tire] RR grounded=1 omega=43.743 wheelSpeed=17.011 Vx=21.359 Vy=0.026 slipVel=4.348 kappa=-0.204 alpha=0.001 Fz=2750.688 Fx=-2612.809 Fy=-42.470
[DEBUG] [Suspension] FL=0.180564 FR=0.176775 RL=0.098625 RR=0.099573
[DEBUG] [Wheel] FL=64.715767 FR=64.813843 RL=34.937782 RR=49.094780
[DEBUG] [Powertrain] gear=1 rpm=4615.357910 torque=0.000000 clutch=0.000000 running=1
[DEBUG] [Tire] FL grounded=1 omega=63.577 wheelSpeed=20.422 Vx=20.300 Vy=-0.047 slipVel=-0.122 kappa=0.006 alpha=-0.002 Fz=4250.280 Fx=164.056 Fy=99.910
[DEBUG] [Tire] FR grounded=1 omega=63.653 wheelSpeed=20.448 Vx=20.325 Vy=-0.047 slipVel=-0.123 kappa=0.006 alpha=-0.002 Fz=4045.635 Fx=167.052 Fy=98.386
[DEBUG] [Tire] RL grounded=1 omega=42.613 wheelSpeed=7.705 Vx=20.300 Vy=-0.002 slipVel=12.595 kappa=-0.620 alpha=-0.000 Fz=3863.959 Fx=-3543.251 Fy=5.001
[DEBUG] [Tire] RR grounded=1 omega=56.520 wheelSpeed=12.183 Vx=20.325 Vy=-0.002 slipVel=8.142 kappa=-0.401 alpha=-0.000 Fz=3799.652 Fx=-3484.281 Fy=4.422
[DEBUG] [Energy] x=50.946 y=2.775 z=374.422 vx=3.444 vy=1.146 vz=19.678 total=281986.031 potential=32399.461 linear=238223.000 angular=4.223 wheels=10205.331 suspension=1154.010 suspensionPower=2152.979 suspensionResidual=-0.001
[DEBUG] [Tire] FL grounded=1 omega=30.953 wheelSpeed=11.970 Vx=19.595 Vy=-0.030 slipVel=7.625 kappa=-0.389 alpha=-0.002 Fz=3771.278 Fx=-3458.262 Fy=65.199
[DEBUG] [Tire] FR grounded=1 omega=30.247 wheelSpeed=11.821 Vx=19.608 Vy=-0.030 slipVel=7.787 kappa=-0.397 alpha=-0.002 Fz=3592.325 Fx=-3294.162 Fy=64.199
[DEBUG] [Tire] RL grounded=1 omega=14.149 wheelSpeed=3.144 Vx=19.595 Vy=-0.004 slipVel=16.450 kappa=-0.840 alpha=-0.000 Fz=1921.046 Fx=-1761.599 Fy=5.125
[DEBUG] [Tire] RR grounded=1 omega=27.634 wheelSpeed=7.476 Vx=19.609 Vy=-0.004 slipVel=12.133 kappa=-0.619 alpha=-0.000 Fz=1883.942 Fx=-1727.575 Fy=4.485
[DEBUG] [Tire] FL grounded=1 omega=17.924 wheelSpeed=3.808 Vx=18.646 Vy=-0.024 slipVel=14.838 kappa=-0.796 alpha=-0.001 Fz=4436.487 Fx=-4068.259 Fy=53.969
[DEBUG] [Tire] FR grounded=1 omega=17.299 wheelSpeed=3.674 Vx=18.656 Vy=-0.023 slipVel=14.983 kappa=-0.803 alpha=-0.001 Fz=4284.623 Fx=-3928.999 Fy=53.035
[DEBUG] [Tire] RL grounded=1 omega=22.079 wheelSpeed=10.960 Vx=18.646 Vy=-0.003 slipVel=7.686 kappa=-0.412 alpha=-0.000 Fz=822.207 Fx=-753.964 Fy=1.810
[DEBUG] [Tire] RR grounded=1 omega=35.260 wheelSpeed=15.169 Vx=18.657 Vy=-0.003 slipVel=3.488 kappa=-0.187 alpha=-0.000 Fz=812.938 Fx=-772.289 Fy=1.396
[DEBUG] [Suspension] FL=0.146581 FR=0.141252 RL=0.064879 RR=0.064287
[DEBUG] [Wheel] FL=30.107342 FR=29.075909 RL=34.237831 RR=47.399330
[DEBUG] [Powertrain] gear=1 rpm=3752.784912 torque=0.000000 clutch=0.000000 running=1
[DEBUG] [Audio] Submitted bytes=10240000
[DEBUG] [Tire] FL grounded=1 omega=56.879 wheelSpeed=18.205 Vx=18.171 Vy=-0.017 slipVel=-0.033 kappa=0.002 alpha=-0.001 Fz=4031.804 Fx=6.833 Fy=40.573
[DEBUG] [Tire] FR grounded=1 omega=56.878 wheelSpeed=18.204 Vx=18.171 Vy=-0.017 slipVel=-0.033 kappa=0.002 alpha=-0.001 Fz=3899.068 Fx=7.787 Fy=39.356
[DEBUG] [Tire] RL grounded=1 omega=13.120 wheelSpeed=7.823 Vx=18.171 Vy=-0.014 slipVel=10.348 kappa=-0.569 alpha=-0.001 Fz=1444.716 Fx=-1324.805 Fy=14.221
[DEBUG] [Tire] RR grounded=1 omega=26.439 wheelSpeed=12.082 Vx=18.172 Vy=-0.014 slipVel=6.089 kappa=-0.335 alpha=-0.001 Fz=1450.979 Fx=-1330.548 Fy=13.793
[DEBUG] [Tire] FL grounded=1 omega=55.456 wheelSpeed=17.794 Vx=17.704 Vy=-0.036 slipVel=-0.091 kappa=0.005 alpha=-0.002 Fz=2410.197 Fx=101.592 Fy=62.306
[DEBUG] [Tire] FR grounded=1 omega=55.507 wheelSpeed=17.813 Vx=17.708 Vy=-0.036 slipVel=-0.105 kappa=0.006 alpha=-0.002 Fz=2075.778 Fx=106.092 Fy=52.856
[DEBUG] [Tire] RL grounded=1 omega=32.773 wheelSpeed=7.532 Vx=17.707 Vy=-0.027 slipVel=10.175 kappa=-0.575 alpha=-0.002 Fz=2221.636 Fx=-2037.240 Fy=42.919
[DEBUG] [Tire] RR grounded=1 omega=43.557 wheelSpeed=10.988 Vx=17.711 Vy=-0.027 slipVel=6.723 kappa=-0.380 alpha=-0.002 Fz=2209.071 Fx=-2025.718 Fy=41.975
[DEBUG] [Suspension] FL=0.107388 FR=0.099691 RL=0.051025 RR=0.056946
[DEBUG] [Wheel] FL=0.000000 FR=0.000000 RL=7.639847 RR=23.611502
[DEBUG] [Powertrain] gear=1 rpm=3437.265137 torque=0.000000 clutch=0.000000 running=1
[DEBUG] [Tire] FL grounded=1 omega=0.000 wheelSpeed=0.000 Vx=16.986 Vy=-0.027 slipVel=16.986 kappa=-1.000 alpha=-0.002 Fz=4152.177 Fx=-3807.546 Fy=66.927
[DEBUG] [Tire] FR grounded=1 omega=0.000 wheelSpeed=0.000 Vx=16.987 Vy=-0.026 slipVel=16.987 kappa=-1.000 alpha=-0.002 Fz=3599.483 Fx=-3300.726 Fy=65.080
[DEBUG] [Tire] RL grounded=1 omega=10.883 wheelSpeed=0.000 Vx=0.000 Vy=0.000 slipVel=0.000 kappa=0.000 alpha=0.000 Fz=0.000 Fx=0.000 Fy=0.000
[DEBUG] [Tire] RR grounded=1 omega=26.854 wheelSpeed=0.000 Vx=0.000 Vy=0.000 slipVel=0.000 kappa=0.000 alpha=0.000 Fz=0.000 Fx=0.000 Fy=0.000
[DEBUG] [Energy] x=52.544 y=3.185 z=383.608 vx=2.902 vy=0.163 vz=16.700 total=211961.531 potential=37179.715 linear=170967.812 angular=30.293 wheels=3367.071 suspension=416.624 suspensionPower=-1459.016 suspensionResidual=66.904
[DEBUG] [Tire] FL grounded=1 omega=51.992 wheelSpeed=16.657 Vx=16.609 Vy=-0.036 slipVel=-0.048 kappa=0.003 alpha=-0.002 Fz=4437.368 Fx=41.021 Fy=93.531
[DEBUG] [Tire] FR grounded=1 omega=51.963 wheelSpeed=16.520 Vx=16.595 Vy=-0.035 slipVel=0.075 kappa=-0.004 alpha=-0.002 Fz=4038.469 Fx=-228.926 Fy=90.365
[DEBUG] [Tire] RL grounded=1 omega=12.988 wheelSpeed=8.006 Vx=16.608 Vy=-0.056 slipVel=8.602 kappa=-0.518 alpha=-0.003 Fz=925.205 Fx=-848.413 Fy=39.563
[DEBUG] [Tire] RR grounded=1 omega=28.825 wheelSpeed=13.060 Vx=16.594 Vy=-0.054 slipVel=3.534 kappa=-0.213 alpha=-0.003 Fz=930.355 Fx=-877.008 Fy=38.904
[DEBUG] [Tire] FL grounded=1 omega=51.498 wheelSpeed=16.508 Vx=16.455 Vy=-0.027 slipVel=-0.053 kappa=0.003 alpha=-0.002 Fz=3842.924 Fx=60.887 Fy=70.404
[DEBUG] [Tire] FR grounded=1 omega=51.435 wheelSpeed=16.488 Vx=16.437 Vy=-0.026 slipVel=-0.050 kappa=0.003 alpha=-0.002 Fz=3413.762 Fx=60.442 Fy=67.383
[DEBUG] [Tire] RL grounded=1 omega=25.210 wheelSpeed=4.121 Vx=16.455 Vy=-0.054 slipVel=12.334 kappa=-0.750 alpha=-0.003 Fz=2250.434 Fx=-2063.648 Fy=94.995
[DEBUG] [Tire] RR grounded=1 omega=40.994 wheelSpeed=9.182 Vx=16.437 Vy=-0.054 slipVel=7.255 kappa=-0.441 alpha=-0.003 Fz=2227.902 Fx=-2042.986 Fy=92.912
[DEBUG] [Suspension] FL=0.131543 FR=0.118281 RL=0.045342 RR=0.045579
[DEBUG] [Wheel] FL=51.305836 FR=51.242855 RL=13.155724 RR=28.973780
[DEBUG] [Powertrain] gear=1 rpm=3089.072754 torque=0.000000 clutch=0.000000 running=1
[DEBUG] [Tire] FL grounded=1 omega=50.280 wheelSpeed=16.122 Vx=16.067 Vy=-0.021 slipVel=-0.055 kappa=0.003 alpha=-0.001 Fz=3756.498 Fx=69.204 Fy=56.070
[DEBUG] [Tire] FR grounded=1 omega=50.221 wheelSpeed=16.103 Vx=16.051 Vy=-0.020 slipVel=-0.052 kappa=0.003 alpha=-0.001 Fz=3344.705 Fx=68.855 Fy=53.832
[DEBUG] [Tire] RL grounded=1 omega=15.678 wheelSpeed=8.255 Vx=16.067 Vy=-0.047 slipVel=7.812 kappa=-0.486 alpha=-0.003 Fz=2332.000 Fx=-2138.444 Fy=86.297
[DEBUG] [Tire] RR grounded=1 omega=31.599 wheelSpeed=13.318 Vx=16.051 Vy=-0.046 slipVel=2.733 kappa=-0.170 alpha=-0.003 Fz=2324.476 Fx=-2206.889 Fy=77.580
[DEBUG] [Performance] FPS=60 PhysicsHz=120
[DEBUG] [Tire] FL grounded=1 omega=49.188 wheelSpeed=15.742 Vx=15.671 Vy=-0.010 slipVel=-0.071 kappa=0.004 alpha=-0.001 Fz=118.629 Fx=4.186 Fy=0.956
[DEBUG] [Tire] FR grounded=1 omega=49.042 wheelSpeed=15.723 Vx=15.675 Vy=-0.013 slipVel=-0.049 kappa=0.003 alpha=-0.001 Fz=3354.503 Fx=62.373 Fy=33.960
[DEBUG] [Tire] RL grounded=1 omega=20.873 wheelSpeed=9.971 Vx=15.692 Vy=-0.040 slipVel=5.721 kappa=-0.365 alpha=-0.003 Fz=2210.693 Fx=-2027.205 Fy=70.816
[DEBUG] [Tire] RR grounded=1 omega=35.493 wheelSpeed=15.253 Vx=15.674 Vy=-0.039 slipVel=0.422 kappa=-0.027 alpha=-0.002 Fz=2252.796 Fx=-752.584 Fy=71.105
[DEBUG] [Suspension] FL=0.092942 FR=0.097086 RL=0.072812 RR=0.067011
[DEBUG] [Wheel] FL=48.016914 FR=47.957176 RL=21.515087 RR=29.409431
[DEBUG] [Powertrain] gear=1 rpm=3683.497803 torque=0.000000 clutch=0.000000 running=1
[DEBUG] [Tire] FL grounded=1 omega=47.428 wheelSpeed=15.218 Vx=15.147 Vy=0.010 slipVel=-0.071 kappa=0.005 alpha=0.001 Fz=2322.769 Fx=87.378 Fy=-20.233
[DEBUG] [Tire] FR grounded=1 omega=47.439 wheelSpeed=15.217 Vx=15.162 Vy=0.011 slipVel=-0.055 kappa=0.004 alpha=0.001 Fz=3089.469 Fx=78.142 Fy=-27.496
[DEBUG] [Tire] RL grounded=1 omega=34.887 wheelSpeed=5.825 Vx=15.152 Vy=0.031 slipVel=9.326 kappa=-0.616 alpha=0.002 Fz=2501.052 Fx=-2293.465 Fy=-64.254
[DEBUG] [Tire] RR grounded=1 omega=39.861 wheelSpeed=7.667 Vx=15.163 Vy=0.032 slipVel=7.496 kappa=-0.494 alpha=0.002 Fz=1925.189 Fx=-1765.398 Fy=-51.070
[DEBUG] [Energy] x=53.965 y=3.155 z=391.629 vx=2.676 vy=-0.368 vz=14.980 total=180476.531 potential=36828.023 linear=137857.391 angular=74.749 wheels=5285.128 suspension=431.244 suspensionPower=-834.135 suspensionResidual=0.002
[DEBUG] [Tire] FL grounded=1 omega=46.919 wheelSpeed=14.980 Vx=14.990 Vy=0.073 slipVel=0.010 kappa=-0.001 alpha=0.005 Fz=3208.682 Fx=-71.195 Fy=-199.664
[DEBUG] [Tire] FR grounded=1 omega=47.021 wheelSpeed=15.010 Vx=15.019 Vy=0.072 slipVel=0.008 kappa=-0.001 alpha=0.005 Fz=3785.752 Fx=-76.633 Fy=-208.946
[DEBUG] [Tire] RL grounded=1 omega=24.348 wheelSpeed=0.000 Vx=0.000 Vy=0.000 slipVel=0.000 kappa=0.000 alpha=0.000 Fz=0.000 Fx=0.000 Fy=0.000
[DEBUG] [Tire] RR grounded=1 omega=28.306 wheelSpeed=13.304 Vx=15.019 Vy=0.114 slipVel=1.714 kappa=-0.114 alpha=0.008 Fz=11.504 Fx=-10.886 Fy=-0.967
[DEBUG] [Tire] FL grounded=1 omega=44.855 wheelSpeed=14.290 Vx=13.657 Vy=-6.629 slipVel=-0.633 kappa=0.044 alpha=-0.452 Fz=4727.724 Fx=2034.827 Fy=4003.947
[DEBUG] [Tire] FR grounded=1 omega=44.052 wheelSpeed=14.088 Vx=13.504 Vy=-6.546 slipVel=-0.585 kappa=0.042 alpha=-0.451 Fz=2517.673 Fx=1131.110 Fy=2107.426
[DEBUG] [Tire] RL grounded=1 omega=30.241 wheelSpeed=10.111 Vx=15.168 Vy=0.425 slipVel=5.057 kappa=-0.333 alpha=0.028 Fz=3482.543 Fx=-3062.581 Fy=-1251.485
[DEBUG] [Tire] RR grounded=1 omega=22.500 wheelSpeed=8.805 Vx=14.986 Vy=0.424 slipVel=6.181 kappa=-0.412 alpha=0.028 Fz=674.395 Fx=-590.330 Fy=-248.949
[DEBUG] [Suspension] FL=0.113663 FR=0.107269 RL=0.066774 RR=0.042026
[DEBUG] [Wheel] FL=45.087822 FR=44.030743 RL=33.968082 RR=23.918419
[DEBUG] [Powertrain] gear=1 rpm=3967.439209 torque=0.000000 clutch=0.000000 running=1
[DEBUG] [Tire] FL grounded=1 omega=45.818 wheelSpeed=14.942 Vx=14.043 Vy=-6.312 slipVel=-0.899 kappa=0.060 alpha=-0.422 Fz=5474.918 Fx=2996.707 Fy=4251.110
[DEBUG] [Tire] FR grounded=1 omega=43.812 wheelSpeed=14.044 Vx=13.398 Vy=-5.960 slipVel=-0.646 kappa=0.046 alpha=-0.419 Fz=1392.189 Fx=677.967 Fy=1135.596
[DEBUG] [Tire] RL grounded=1 omega=32.166 wheelSpeed=16.848 Vx=15.360 Vy=-0.076 slipVel=-1.487 kappa=0.088 alpha=-0.005 Fz=5179.409 Fx=4857.404 Fy=224.467
[DEBUG] [Tire] RR grounded=1 omega=17.142 wheelSpeed=9.523 Vx=14.604 Vy=-0.076 slipVel=5.081 kappa=-0.348 alpha=-0.005 Fz=492.843 Fx=-451.937 Fy=32.941
[DEBUG] [Audio] Callback count=1300 additionalBytes=8192 totalBytes=8192
[DEBUG] [Audio] Submitted bytes=10649600
[DEBUG] [Tire] FL grounded=1 omega=46.912 wheelSpeed=15.084 Vx=14.998 Vy=0.031 slipVel=-0.085 kappa=0.006 alpha=0.002 Fz=4192.627 Fx=151.358 Fy=-87.446
[DEBUG] [Tire] FR grounded=1 omega=45.555 wheelSpeed=14.607 Vx=14.560 Vy=0.030 slipVel=-0.047 kappa=0.003 alpha=0.002 Fz=2941.518 Fx=61.559 Fy=-76.461
[DEBUG] [Tire] RL grounded=1 omega=32.019 wheelSpeed=13.046 Vx=15.004 Vy=-0.726 slipVel=1.958 kappa=-0.130 alpha=-0.048 Fz=3725.521 Fx=-3062.663 Fy=1773.796
[DEBUG] [Tire] RR grounded=1 omega=17.447 wheelSpeed=9.129 Vx=14.554 Vy=-0.726 slipVel=5.425 kappa=-0.373 alpha=-0.050 Fz=1953.137 Fx=-1489.575 Fy=1106.334
[DEBUG] [Suspension] FL=0.142081 FR=0.090337 RL=0.120531 RR=0.050670
[DEBUG] [Wheel] FL=46.166035 FR=45.284554 RL=34.107197 RR=26.098639
[DEBUG] [Powertrain] gear=1 rpm=4150.074219 torque=0.000000 clutch=0.000000 running=1
[DEBUG] [Tire] FL grounded=1 omega=42.657 wheelSpeed=13.784 Vx=13.043 Vy=-6.861 slipVel=-0.741 kappa=0.054 alpha=-0.484 Fz=5275.987 Fx=2646.696 Fy=4256.411
[DEBUG] [Tire] FR grounded=1 omega=41.887 wheelSpeed=13.510 Vx=12.746 Vy=-6.700 slipVel=-0.764 kappa=0.057 alpha=-0.484 Fz=1783.507 Fx=1002.188 Fy=1366.155
[DEBUG] [Tire] RL grounded=1 omega=32.024 wheelSpeed=16.532 Vx=14.741 Vy=-0.354 slipVel=-1.790 kappa=0.108 alpha=-0.024 Fz=4660.905 Fx=4286.565 Fy=1109.638
[DEBUG] [Tire] RR grounded=1 omega=19.588 wheelSpeed=10.267 Vx=14.392 Vy=-0.355 slipVel=4.124 kappa=-0.287 alpha=-0.025 Fz=597.531 Fx=-533.201 Fy=194.750
[DEBUG] [Energy] x=55.552 y=2.886 z=399.013 vx=3.920 vy=-0.363 vz=14.027 total=168010.312 potential=33688.832 linear=126294.414 angular=229.411 wheels=7030.216 suspension=767.436 suspensionPower=-2440.740 suspensionResidual=0.006
[DEBUG] [Tire] FL grounded=1 omega=42.900 wheelSpeed=15.161 Vx=13.503 Vy=-6.484 slipVel=-1.658 kappa=0.109 alpha=-0.448 Fz=8862.428 Fx=6423.298 Fy=5442.974
[DEBUG] [Tire] FR grounded=1 omega=41.960 wheelSpeed=13.440 Vx=12.856 Vy=-6.131 slipVel=-0.584 kappa=0.043 alpha=-0.445 Fz=2289.272 Fx=1066.799 Fy=1895.187
[DEBUG] [Tire] RL grounded=1 omega=31.543 wheelSpeed=16.830 Vx=14.989 Vy=-0.524 slipVel=-1.842 kappa=0.109 alpha=-0.035 Fz=5884.768 Fx=5241.315 Fy=1944.898
[DEBUG] [Tire] RR grounded=1 omega=23.806 wheelSpeed=0.000 Vx=0.000 Vy=0.000 slipVel=0.000 kappa=0.000 alpha=0.000 Fz=0.000 Fx=0.000 Fy=0.000
[DEBUG] [Tire] FL grounded=1 omega=44.305 wheelSpeed=15.259 Vx=13.801 Vy=-6.513 slipVel=-1.458 kappa=0.096 alpha=-0.441 Fz=7416.208 Fx=5197.735 Fy=4756.173
[DEBUG] [Tire] FR grounded=1 omega=42.211 wheelSpeed=0.000 Vx=0.000 Vy=0.000 slipVel=0.000 kappa=0.000 alpha=0.000 Fz=0.000 Fx=0.000 Fy=0.000
[DEBUG] [Tire] RL grounded=1 omega=32.178 wheelSpeed=16.623 Vx=15.266 Vy=-1.016 slipVel=-1.357 kappa=0.082 alpha=-0.066 Fz=6352.740 Fx=4376.010 Fy=4156.080
[DEBUG] [Tire] RR grounded=1 omega=22.859 wheelSpeed=0.000 Vx=0.000 Vy=0.000 slipVel=0.000 kappa=0.000 alpha=0.000 Fz=0.000 Fx=0.000 Fy=0.000
[DEBUG] [Suspension] FL=0.226270 FR=0.030067 RL=0.183879 RR=0.004491
[DEBUG] [Wheel] FL=43.279404 FR=42.210972 RL=33.317863 RR=22.804867
[DEBUG] [Powertrain] gear=1 rpm=4007.521973 torque=0.000000 clutch=0.000000 running=1
[DEBUG] [Tire] FL grounded=1 omega=45.653 wheelSpeed=15.068 Vx=14.734 Vy=-0.257 slipVel=-0.334 kappa=0.022 alpha=-0.017 Fz=5232.206 Fx=969.423 Fy=932.914
[DEBUG] [Tire] FR grounded=1 omega=44.086 wheelSpeed=14.130 Vx=14.045 Vy=-0.257 slipVel=-0.085 kappa=0.006 alpha=-0.018 Fz=922.779 Fx=48.623 Fy=226.597
[DEBUG] [Tire] RL grounded=1 omega=29.369 wheelSpeed=11.612 Vx=14.743 Vy=-1.435 slipVel=3.131 kappa=-0.212 alpha=-0.097 Fz=6896.066 Fx=-4298.614 Fy=4943.780
[DEBUG] [Tire] RR grounded=1 omega=16.549 wheelSpeed=8.858 Vx=14.037 Vy=-1.434 slipVel=5.180 kappa=-0.369 alpha=-0.102 Fz=2390.925 Fx=-1455.806 Fy=1743.499
[DEBUG] [Performance] FPS=60 PhysicsHz=120
[DEBUG] [Tire] FL grounded=1 omega=44.589 wheelSpeed=14.357 Vx=14.262 Vy=-0.402 slipVel=-0.095 kappa=0.007 alpha=-0.028 Fz=5124.429 Fx=186.575 Fy=1631.378
[DEBUG] [Tire] FR grounded=1 omega=43.519 wheelSpeed=13.929 Vx=13.868 Vy=-0.401 slipVel=-0.061 kappa=0.004 alpha=-0.029 Fz=203.014 Fx=6.928 Fy=80.129
[DEBUG] [Tire] RL grounded=1 omega=30.097 wheelSpeed=15.324 Vx=14.266 Vy=-1.074 slipVel=-1.058 kappa=0.069 alpha=-0.075 Fz=5127.720 Fx=3040.292 Fy=3806.115
[DEBUG] [Tire] RR grounded=1 omega=25.957 wheelSpeed=12.271 Vx=13.864 Vy=-1.074 slipVel=1.593 kappa=-0.115 alpha=-0.077 Fz=848.505 Fx=-605.024 Fy=532.645
[DEBUG] [Suspension] FL=0.182577 FR=0.025568 RL=0.184471 RR=0.033975
[DEBUG] [Wheel] FL=44.002781 FR=43.254940 RL=30.380856 RR=22.874344
[DEBUG] [Powertrain] gear=1 rpm=4116.128906 torque=0.000000 clutch=0.000000 running=1
[DEBUG] [Tire] FL grounded=1 omega=43.795 wheelSpeed=14.095 Vx=14.007 Vy=-0.424 slipVel=-0.089 kappa=0.006 alpha=-0.030 Fz=5124.642 Fx=171.009 Fy=1781.159
[DEBUG] [Tire] FR grounded=1 omega=43.107 wheelSpeed=13.809 Vx=13.747 Vy=-0.424 slipVel=-0.062 kappa=0.005 alpha=-0.031 Fz=902.070 Fx=31.944 Fy=380.862
[DEBUG] [Tire] RL grounded=1 omega=30.436 wheelSpeed=15.381 Vx=14.009 Vy=-0.870 slipVel=-1.372 kappa=0.089 alpha=-0.062 Fz=4034.679 Fx=2932.261 Fy=2468.464
[DEBUG] [Tire] RR grounded=1 omega=27.323 wheelSpeed=12.626 Vx=13.744 Vy=-0.870 slipVel=1.118 kappa=-0.081 alpha=-0.063 Fz=1100.299 Fx=-778.231 Fy=697.836
[DEBUG] [Energy] x=58.304 y=3.038 z=405.704 vx=6.388 vy=0.529 vz=12.269 total=155259.781 potential=35463.848 linear=114012.242 angular=35.482 wheels=4869.685 suspension=878.516 suspensionPower=912.319 suspensionResidual=-0.000
[DEBUG] [Tire] FL grounded=1 omega=43.129 wheelSpeed=13.832 Vx=13.781 Vy=-0.346 slipVel=-0.052 kappa=0.004 alpha=-0.025 Fz=5161.923 Fx=65.173 Fy=1431.288
[DEBUG] [Tire] FR grounded=1 omega=42.613 wheelSpeed=13.659 Vx=13.599 Vy=-0.352 slipVel=-0.060 kappa=0.004 alpha=-0.026 Fz=1424.962 Fx=48.928 Fy=501.411
[DEBUG] [Tire] RL grounded=1 omega=30.273 wheelSpeed=15.210 Vx=13.782 Vy=-0.657 slipVel=-1.427 kappa=0.094 alpha=-0.048 Fz=3368.279 Fx=2680.017 Fy=1748.326
[DEBUG] [Tire] RR grounded=1 omega=25.913 wheelSpeed=12.257 Vx=13.597 Vy=-0.659 slipVel=1.340 kappa=-0.099 alpha=-0.048 Fz=751.383 Fx=-604.612 Fy=379.439
[DEBUG] [Tire] FL grounded=1 omega=42.701 wheelSpeed=13.754 Vx=13.663 Vy=-0.216 slipVel=-0.090 kappa=0.007 alpha=-0.016 Fz=4043.677 Fx=189.192 Fy=752.978
[DEBUG] [Tire] FR grounded=1 omega=42.329 wheelSpeed=13.571 Vx=13.521 Vy=-0.216 slipVel=-0.050 kappa=0.004 alpha=-0.016 Fz=2076.451 Fx=53.791 Fy=443.328
[DEBUG] [Tire] RL grounded=1 omega=29.950 wheelSpeed=13.318 Vx=13.667 Vy=-0.457 slipVel=0.349 kappa=-0.026 alpha=-0.033 Fz=3653.799 Fx=-1092.120 Fy=1615.072
[DEBUG] [Tire] RR grounded=1 omega=27.457 wheelSpeed=12.522 Vx=13.519 Vy=-0.461 slipVel=0.997 kappa=-0.074 alpha=-0.034 Fz=1300.600 Fx=-1088.413 Fy=584.799
[DEBUG] [Suspension] FL=0.154869 FR=0.047947 RL=0.133556 RR=0.038474
[DEBUG] [Wheel] FL=42.512802 FR=42.167744 RL=28.171728 RR=28.090160
[DEBUG] [Powertrain] gear=1 rpm=4151.525391 torque=0.000000 clutch=0.000000 running=1
[DEBUG] [Tire] FL grounded=1 omega=39.224 wheelSpeed=12.679 Vx=12.012 Vy=-6.341 slipVel=-0.667 kappa=0.053 alpha=-0.486 Fz=4305.195 Fx=2191.821 Fy=3453.040
[DEBUG] [Tire] FR grounded=1 omega=38.831 wheelSpeed=12.517 Vx=11.846 Vy=-6.250 slipVel=-0.671 kappa=0.054 alpha=-0.486 Fz=1876.922 Fx=1018.942 Fy=1463.256
[DEBUG] [Tire] RL grounded=1 omega=28.397 wheelSpeed=14.342 Vx=13.584 Vy=-0.131 slipVel=-0.759 kappa=0.053 alpha=-0.010 Fz=3473.575 Fx=2116.240 Fy=424.790
[DEBUG] [Tire] RR grounded=1 omega=29.062 wheelSpeed=13.641 Vx=13.390 Vy=-0.131 slipVel=-0.251 kappa=0.018 alpha=-0.010 Fz=942.146 Fx=188.429 Fy=120.746
[DEBUG] [Audio] Submitted bytes=11059200
[DEBUG] [Tire] FL grounded=1 omega=40.182 wheelSpeed=12.977 Vx=12.314 Vy=-5.910 slipVel=-0.663 kappa=0.051 alpha=-0.447 Fz=3553.571 Fx=1834.269 Fy=2834.097
[DEBUG] [Tire] FR grounded=1 omega=38.788 wheelSpeed=12.415 Vx=11.836 Vy=-5.649 slipVel=-0.579 kappa=0.047 alpha=-0.445 Fz=157.813 Fx=77.667 Fy=128.237
[DEBUG] [Tire] RL grounded=1 omega=26.856 wheelSpeed=14.934 Vx=13.646 Vy=-0.214 slipVel=-1.288 kappa=0.086 alpha=-0.016 Fz=4766.328 Fx=4406.109 Fy=791.079
[DEBUG] [Tire] RR grounded=1 omega=28.731 wheelSpeed=13.553 Vx=13.092 Vy=-0.214 slipVel=-0.461 kappa=0.034 alpha=-0.016 Fz=577.534 Fx=226.645 Fy=125.841
[DEBUG] [Suspension] FL=0.124912 FR=0.047473 RL=0.140660 RR=0.036816
[DEBUG] [Wheel] FL=42.078709 FR=40.782150 RL=28.662500 RR=27.359465
[DEBUG] [Powertrain] gear=1 rpm=4060.962402 torque=0.000000 clutch=0.000000 running=1
[DEBUG] [Tire] FL grounded=1 omega=41.696 wheelSpeed=13.448 Vx=13.349 Vy=0.038 slipVel=-0.099 kappa=0.007 alpha=0.003 Fz=3375.756 Fx=222.768 Fy=-119.703
[DEBUG] [Tire] FR grounded=1 omega=40.723 wheelSpeed=13.060 Vx=13.010 Vy=0.037 slipVel=-0.051 kappa=0.004 alpha=0.003 Fz=2151.125 Fx=60.845 Fy=-77.778
[DEBUG] [Tire] RL grounded=1 omega=27.562 wheelSpeed=14.506 Vx=13.361 Vy=-0.554 slipVel=-1.145 kappa=0.079 alpha=-0.041 Fz=3760.168 Fx=3026.663 Fy=1897.270
[DEBUG] [Tire] RR grounded=1 omega=27.964 wheelSpeed=13.785 Vx=13.002 Vy=-0.555 slipVel=-0.783 kappa=0.057 alpha=-0.043 Fz=1854.956 Fx=1232.344 Fy=1086.720
[DEBUG] [Energy] x=61.842 y=3.199 z=411.590 vx=7.344 vy=0.054 vz=10.945 total=143031.609 potential=37349.691 linear=103364.969 angular=62.027 wheels=1734.022 suspension=520.899 suspensionPower=-364.089 suspensionResidual=0.005
[DEBUG] [Tire] FL grounded=1 omega=0.000 wheelSpeed=0.088 Vx=12.857 Vy=-0.119 slipVel=12.769 kappa=-0.993 alpha=-0.009 Fz=4516.665 Fx=-4141.781 Fy=434.020
[DEBUG] [Tire] FR grounded=1 omega=0.000 wheelSpeed=0.000 Vx=12.691 Vy=-0.120 slipVel=12.691 kappa=-1.000 alpha=-0.009 Fz=3084.879 Fx=-2828.834 Fy=381.114
[DEBUG] [Tire] RL grounded=1 omega=15.877 wheelSpeed=3.873 Vx=12.859 Vy=-0.406 slipVel=8.986 kappa=-0.699 alpha=-0.032 Fz=1619.488 Fx=-1391.694 Fy=655.904
[DEBUG] [Tire] RR grounded=1 omega=8.443 wheelSpeed=2.055 Vx=12.689 Vy=-0.404 slipVel=10.634 kappa=-0.838 alpha=-0.032 Fz=242.534 Fx=-208.050 Fy=99.008
[DEBUG] [Tire] FL grounded=1 omega=38.322 wheelSpeed=12.744 Vx=12.439 Vy=-0.109 slipVel=-0.305 kappa=0.024 alpha=-0.009 Fz=4688.789 Fx=1014.150 Fy=410.699
[DEBUG] [Tire] FR grounded=1 omega=37.932 wheelSpeed=12.559 Vx=12.263 Vy=-0.108 slipVel=-0.295 kappa=0.024 alpha=-0.009 Fz=3574.540 Fx=887.473 Fy=390.363
[DEBUG] [Tire] RL grounded=1 omega=41.991 wheelSpeed=8.430 Vx=12.441 Vy=-0.412 slipVel=4.011 kappa=-0.322 alpha=-0.033 Fz=1871.810 Fx=-1593.736 Fy=788.714
[DEBUG] [Tire] RR grounded=1 omega=28.501 wheelSpeed=4.542 Vx=12.261 Vy=-0.410 slipVel=7.719 kappa=-0.630 alpha=-0.033 Fz=811.428 Fx=-689.351 Fy=344.986
[DEBUG] [Suspension] FL=0.144686 FR=0.095192 RL=0.078733 RR=0.031133
[DEBUG] [Wheel] FL=38.905804 FR=38.435970 RL=42.285923 RR=31.113981
[DEBUG] [Powertrain] gear=1 rpm=3119.438965 torque=0.000000 clutch=0.000000 running=1
[DEBUG] [Tire] FL grounded=1 omega=0.000 wheelSpeed=0.000 Vx=11.804 Vy=-0.115 slipVel=11.804 kappa=-1.000 alpha=-0.010 Fz=5091.259 Fx=-4668.684 Fy=473.198
[DEBUG] [Tire] FR grounded=1 omega=0.000 wheelSpeed=0.000 Vx=11.709 Vy=-0.115 slipVel=11.709 kappa=-1.000 alpha=-0.010 Fz=3897.946 Fx=-3574.417 Fy=442.732
[DEBUG] [Tire] RL grounded=1 omega=15.599 wheelSpeed=7.688 Vx=11.805 Vy=-0.279 slipVel=4.117 kappa=-0.349 alpha=-0.024 Fz=1758.716 Fx=-1577.344 Fy=550.902
[DEBUG] [Tire] RR grounded=1 omega=1.028 wheelSpeed=3.510 Vx=11.707 Vy=-0.277 slipVel=8.198 kappa=-0.700 alpha=-0.024 Fz=618.102 Fx=-554.225 Fy=193.999
[DEBUG] [Performance] FPS=60 PhysicsHz=121
[DEBUG] [Tire] FL grounded=1 omega=35.638 wheelSpeed=11.542 Vx=11.437 Vy=-0.068 slipVel=-0.104 kappa=0.009 alpha=-0.006 Fz=4457.415 Fx=290.429 Fy=269.040
[DEBUG] [Tire] FR grounded=1 omega=35.052 wheelSpeed=11.567 Vx=11.333 Vy=-0.067 slipVel=-0.234 kappa=0.020 alpha=-0.006 Fz=3477.240 Fx=739.399 Fy=255.761
[DEBUG] [Tire] RL grounded=1 omega=21.796 wheelSpeed=10.248 Vx=11.439 Vy=-0.247 slipVel=1.191 kappa=-0.104 alpha=-0.022 Fz=2251.799 Fx=-2065.455 Fy=556.876
[DEBUG] [Tire] RR grounded=1 omega=5.691 wheelSpeed=5.505 Vx=11.332 Vy=-0.246 slipVel=5.827 kappa=-0.514 alpha=-0.022 Fz=1324.878 Fx=-1198.914 Fy=383.100
[DEBUG] [Suspension] FL=0.153093 FR=0.115439 RL=0.071392 RR=0.035632
[DEBUG] [Wheel] FL=0.000000 FR=0.000000 RL=18.194128 RR=3.355295
[DEBUG] [Powertrain] gear=1 rpm=1881.502319 torque=0.000000 clutch=0.000000 running=1
[DEBUG] [Tire] FL grounded=1 omega=6.510 wheelSpeed=0.000 Vx=10.679 Vy=-0.075 slipVel=10.679 kappa=-1.000 alpha=-0.007 Fz=4794.150 Fx=-4396.236 Fy=325.025
[DEBUG] [Tire] FR grounded=1 omega=5.386 wheelSpeed=0.000 Vx=10.641 Vy=-0.074 slipVel=10.641 kappa=-1.000 alpha=-0.007 Fz=3966.119 Fx=-3636.931 Fy=310.479
[DEBUG] [Tire] RL grounded=1 omega=20.104 wheelSpeed=1.446 Vx=10.679 Vy=-0.139 slipVel=9.233 kappa=-0.865 alpha=-0.013 Fz=1692.252 Fx=-1551.795 Fy=291.676
[DEBUG] [Tire] RR grounded=1 omega=17.584 wheelSpeed=0.975 Vx=10.641 Vy=-0.138 slipVel=9.666 kappa=-0.908 alpha=-0.013 Fz=921.738 Fx=-845.233 Fy=157.539
[DEBUG] [Energy] x=65.271 y=3.140 z=416.441 vx=6.120 vy=-0.166 vz=8.260 total=102301.820 potential=36652.812 linear=62897.281 angular=1.759 wheels=2074.658 suspension=675.315 suspensionPower=174.095 suspensionResidual=0.002
[DEBUG] [Tire] FL grounded=1 omega=35.246 wheelSpeed=9.439 Vx=10.293 Vy=-0.036 slipVel=0.854 kappa=-0.083 alpha=-0.004 Fz=4157.414 Fx=-3884.006 Fy=153.440
[DEBUG] [Tire] FR grounded=1 omega=30.430 wheelSpeed=10.906 Vx=10.252 Vy=-0.035 slipVel=-0.654 kappa=0.060 alpha=-0.003 Fz=3602.933 Fx=2465.685 Fy=145.920
[DEBUG] [Tire] RL grounded=1 omega=17.357 wheelSpeed=8.876 Vx=10.294 Vy=-0.107 slipVel=1.418 kappa=-0.138 alpha=-0.010 Fz=2082.547 Fx=-1963.573 Fy=241.917
[DEBUG] [Tire] RR grounded=1 omega=4.901 wheelSpeed=5.128 Vx=10.251 Vy=-0.106 slipVel=5.123 kappa=-0.500 alpha=-0.010 Fz=1594.098 Fx=-1461.788 Fy=215.151
[DEBUG] [Tire] FL grounded=1 omega=33.383 wheelSpeed=9.487 Vx=10.094 Vy=-0.009 slipVel=0.607 kappa=-0.060 alpha=-0.001 Fz=3498.995 Fx=-2522.182 Fy=38.732
[DEBUG] [Tire] FR grounded=1 omega=31.585 wheelSpeed=10.011 Vx=10.056 Vy=-0.008 slipVel=0.045 kappa=-0.004 alpha=-0.001 Fz=3127.593 Fx=-203.575 Fy=31.259
[DEBUG] [Tire] RL grounded=1 omega=14.344 wheelSpeed=5.695 Vx=10.095 Vy=-0.075 slipVel=4.400 kappa=-0.436 alpha=-0.007 Fz=2543.778 Fx=-2332.645 Fy=245.667
[DEBUG] [Tire] RR grounded=1 omega=8.605 wheelSpeed=3.988 Vx=10.055 Vy=-0.074 slipVel=6.067 kappa=-0.603 alpha=-0.007 Fz=2245.214 Fx=-2058.861 Fy=215.782
[DEBUG] [Suspension] FL=0.137819 FR=0.116505 RL=0.072339 RR=0.053157
[DEBUG] [Wheel] FL=32.985710 FR=31.400915 RL=18.220394 RR=14.674531
[DEBUG] [Powertrain] gear=1 rpm=1986.895020 torque=0.000000 clutch=0.000000 running=1
[DEBUG] [Tire] FL grounded=1 omega=31.890 wheelSpeed=9.297 Vx=9.739 Vy=-0.005 slipVel=0.442 kappa=-0.045 alpha=-0.000 Fz=3485.533 Fx=-1914.321 Fy=20.022
[DEBUG] [Tire] FR grounded=1 omega=30.604 wheelSpeed=9.640 Vx=9.713 Vy=-0.004 slipVel=0.073 kappa=-0.007 alpha=-0.000 Fz=3249.662 Fx=-323.804 Fy=16.101
[DEBUG] [Tire] RL grounded=1 omega=33.791 wheelSpeed=5.515 Vx=9.740 Vy=-0.050 slipVel=4.225 kappa=-0.434 alpha=-0.005 Fz=2408.159 Fx=-2208.282 Fy=160.571
[DEBUG] [Tire] RR grounded=1 omega=31.903 wheelSpeed=4.980 Vx=9.712 Vy=-0.050 slipVel=4.732 kappa=-0.487 alpha=-0.005 Fz=2248.219 Fx=-2061.617 Fy=148.409
[DEBUG] [Tire] FL grounded=1 omega=31.230 wheelSpeed=9.490 Vx=9.780 Vy=-0.037 slipVel=0.290 kappa=-0.030 alpha=-0.004 Fz=2885.211 Fx=-1063.260 Fy=138.325
[DEBUG] [Tire] FR grounded=1 omega=30.461 wheelSpeed=9.704 Vx=9.759 Vy=-0.043 slipVel=0.055 kappa=-0.006 alpha=-0.004 Fz=1167.916 Fx=-91.431 Fy=66.191
[DEBUG] [Tire] RL grounded=1 omega=34.802 wheelSpeed=5.645 Vx=9.780 Vy=-0.060 slipVel=4.136 kappa=-0.423 alpha=-0.006 Fz=2853.199 Fx=-2616.384 Fy=224.109
[DEBUG] [Tire] RR grounded=1 omega=34.210 wheelSpeed=5.372 Vx=9.766 Vy=-0.059 slipVel=4.394 kappa=-0.450 alpha=-0.006 Fz=3044.345 Fx=-2791.665 Fy=239.056
[DEBUG] [Audio] Callback count=1400 additionalBytes=8192 totalBytes=8192
[DEBUG] [Audio] GenerateAudio rpm=2712.908203 torque=0.000000 speed=34.845478 slip=0.447896 running=1
[DEBUG] [Audio] Submitted bytes=11468800
[DEBUG] [Suspension] FL=0.113308 FR=0.080391 RL=0.085364 RR=0.086193
[DEBUG] [Wheel] FL=31.581444 FR=30.424553 RL=35.112450 RR=34.797897
[DEBUG] [Powertrain] gear=1 rpm=2697.703613 torque=0.000000 clutch=0.000000 running=1
[DEBUG] [Tire] FL grounded=1 omega=32.269 wheelSpeed=9.147 Vx=9.735 Vy=-0.030 slipVel=0.588 kappa=-0.060 alpha=-0.003 Fz=3416.890 Fx=-2487.448 Fy=132.779
[DEBUG] [Tire] FR grounded=1 omega=30.430 wheelSpeed=9.656 Vx=9.729 Vy=-0.031 slipVel=0.072 kappa=-0.007 alpha=-0.003 Fz=1732.474 Fx=-171.555 Fy=69.618
[DEBUG] [Tire] RL grounded=1 omega=35.321 wheelSpeed=5.910 Vx=9.735 Vy=-0.043 slipVel=3.825 kappa=-0.393 alpha=-0.004 Fz=2624.883 Fx=-2407.018 Fy=146.966
[DEBUG] [Tire] RR grounded=1 omega=35.069 wheelSpeed=5.423 Vx=9.728 Vy=-0.042 slipVel=4.305 kappa=-0.443 alpha=-0.004 Fz=3560.129 Fx=-3264.638 Fy=187.716
[DEBUG] [Energy] x=68.282 y=3.016 z=420.427 vx=5.920 vy=-0.351 vz=7.695 total=94061.680 potential=35208.168 linear=56159.172 angular=7.818 wheels=2145.972 suspension=540.548 suspensionPower=206.171 suspensionResidual=-0.004
[DEBUG] [Tire] FL grounded=1 omega=28.356 wheelSpeed=9.491 Vx=8.536 Vy=-4.642 slipVel=-0.955 kappa=0.101 alpha=-0.498 Fz=2666.722 Fx=1911.609 Fy=1662.465
[DEBUG] [Tire] FR grounded=1 omega=28.946 wheelSpeed=9.623 Vx=8.532 Vy=-4.639 slipVel=-1.091 kappa=0.113 alpha=-0.498 Fz=2185.572 Fx=1593.045 Fy=1331.617
[DEBUG] [Tire] RL grounded=1 omega=34.855 wheelSpeed=5.858 Vx=9.718 Vy=0.012 slipVel=3.860 kappa=-0.397 alpha=0.001 Fz=2400.415 Fx=-2201.181 Fy=-36.487
[DEBUG] [Tire] RR grounded=1 omega=34.494 wheelSpeed=5.212 Vx=9.713 Vy=0.012 slipVel=4.501 kappa=-0.463 alpha=0.001 Fz=3623.066 Fx=-3322.351 Fy=-52.817
[DEBUG] [Tire] FL grounded=1 omega=31.457 wheelSpeed=9.271 Vx=9.165 Vy=-3.960 slipVel=-0.106 kappa=0.011 alpha=-0.408 Fz=4690.122 Fx=400.133 Fy=4230.490
[DEBUG] [Tire] FR grounded=1 omega=28.427 wheelSpeed=9.045 Vx=8.723 Vy=-3.718 slipVel=-0.322 kappa=0.036 alpha=-0.403 Fz=1602.717 Fx=632.792 Fy=1384.856
[DEBUG] [Tire] RL grounded=1 omega=38.165 wheelSpeed=6.105 Vx=9.943 Vy=0.053 slipVel=3.838 kappa=-0.386 alpha=0.005 Fz=4270.942 Fx=-3916.454 Fy=-238.536
[DEBUG] [Tire] RR grounded=1 omega=29.474 wheelSpeed=5.004 Vx=9.426 Vy=0.047 slipVel=4.421 kappa=-0.469 alpha=0.005 Fz=404.411 Fx=-370.845 Fy=-25.643
[DEBUG] [Suspension] FL=0.129056 FR=0.063577 RL=0.104427 RR=0.067839
[DEBUG] [Wheel] FL=31.802067 FR=28.492443 RL=38.353798 RR=29.901567
[DEBUG] [Powertrain] gear=1 rpm=2564.047852 torque=0.000000 clutch=0.000000 running=1
[DEBUG] [Tire] FL grounded=1 omega=33.234 wheelSpeed=9.483 Vx=10.072 Vy=0.374 slipVel=0.588 kappa=-0.058 alpha=0.037 Fz=3451.180 Fx=-2428.740 Fy=-1738.935
[DEBUG] [Tire] FR grounded=1 omega=30.038 wheelSpeed=9.327 Vx=9.465 Vy=0.373 slipVel=0.138 kappa=-0.015 alpha=0.039 Fz=3274.857 Fx=-600.835 Fy=-1773.117
[DEBUG] [Tire] RL grounded=1 omega=34.496 wheelSpeed=5.593 Vx=10.080 Vy=-0.656 slipVel=4.487 kappa=-0.445 alpha=-0.065 Fz=3620.196 Fx=-2518.982 Fy=2341.523
[DEBUG] [Tire] RR grounded=1 omega=31.649 wheelSpeed=5.134 Vx=9.462 Vy=-0.662 slipVel=4.328 kappa=-0.457 alpha=-0.070 Fz=2321.076 Fx=-1563.963 Fy=1554.395
[DEBUG] [Performance] FPS=60 PhysicsHz=120
[DEBUG] [Tire] FL grounded=1 omega=33.271 wheelSpeed=9.317 Vx=10.009 Vy=0.103 slipVel=0.692 kappa=-0.069 alpha=0.010 Fz=3419.533 Fx=-2804.592 Fy=-452.567
[DEBUG] [Tire] FR grounded=1 omega=31.799 wheelSpeed=9.276 Vx=9.784 Vy=0.101 slipVel=0.508 kappa=-0.052 alpha=0.010 Fz=2973.793 Fx=-1897.827 Fy=-400.813
[DEBUG] [Tire] RL grounded=1 omega=34.461 wheelSpeed=5.460 Vx=10.011 Vy=-0.284 slipVel=4.551 kappa=-0.455 alpha=-0.028 Fz=3171.869 Fx=-2776.115 Fy=1171.757
[DEBUG] [Tire] RR grounded=1 omega=33.228 wheelSpeed=5.281 Vx=9.783 Vy=-0.283 slipVel=4.503 kappa=-0.460 alpha=-0.029 Fz=2659.831 Fx=-2321.131 Fy=998.634
[DEBUG] [Suspension] FL=0.124675 FR=0.089390 RL=0.112006 RR=0.073049
[DEBUG] [Wheel] FL=29.568130 FR=28.807701 RL=34.435555 RR=32.996243
[DEBUG] [Powertrain] gear=1 rpm=2391.487061 torque=0.000000 clutch=0.000000 running=1
[DEBUG] [Tire] FL grounded=1 omega=31.525 wheelSpeed=9.372 Vx=9.237 Vy=-4.216 slipVel=-0.135 kappa=0.014 alpha=-0.428 Fz=4570.895 Fx=531.216 Fy=4122.947
[DEBUG] [Tire] FR grounded=1 omega=29.029 wheelSpeed=9.224 Vx=8.911 Vy=-4.041 slipVel=-0.313 kappa=0.034 alpha=-0.426 Fz=1595.557 Fx=603.558 Fy=1390.433
[DEBUG] [Tire] RL grounded=1 omega=34.876 wheelSpeed=4.837 Vx=10.137 Vy=0.081 slipVel=5.300 kappa=-0.523 alpha=0.008 Fz=4764.788 Fx=-4369.310 Fy=-373.616
[DEBUG] [Tire] RR grounded=1 omega=33.198 wheelSpeed=5.622 Vx=9.749 Vy=0.083 slipVel=4.127 kappa=-0.423 alpha=0.009 Fz=1723.154 Fx=-1580.132 Fy=-191.452
[DEBUG] [Tire] FL grounded=1 omega=33.154 wheelSpeed=9.763 Vx=9.623 Vy=-3.884 slipVel=-0.141 kappa=0.014 alpha=-0.384 Fz=5246.521 Fx=552.308 Fy=4732.362
[DEBUG] [Tire] FR grounded=1 omega=29.038 wheelSpeed=9.274 Vx=8.919 Vy=-3.501 slipVel=-0.356 kappa=0.038 alpha=-0.374 Fz=944.819 Fx=397.443 Fy=804.789
[DEBUG] [Tire] RL grounded=1 omega=32.620 wheelSpeed=5.125 Vx=10.321 Vy=-0.182 slipVel=5.197 kappa=-0.503 alpha=-0.018 Fz=5379.966 Fx=-4933.429 Fy=958.680
[DEBUG] [Tire] RR grounded=1 omega=27.885 wheelSpeed=5.449 Vx=9.491 Vy=-0.180 slipVel=4.042 kappa=-0.426 alpha=-0.019 Fz=1150.160 Fx=-1052.667 Fy=292.882
[DEBUG] [Energy] x=71.595 y=2.813 z=424.113 vx=7.188 vy=-0.277 vz=6.700 total=94855.656 potential=32838.426 linear=57495.016 angular=371.956 wheels=3405.590 suspension=744.672 suspensionPower=-1904.505 suspensionResidual=0.005
[DEBUG] [Tire] FL grounded=1 omega=34.375 wheelSpeed=9.580 Vx=10.355 Vy=1.135 slipVel=0.776 kappa=-0.075 alpha=0.109 Fz=5197.419 Fx=-2995.889 Fy=-3924.797
[DEBUG] [Tire] FR grounded=1 omega=28.994 wheelSpeed=9.208 Vx=9.316 Vy=1.133 slipVel=0.109 kappa=-0.012 alpha=0.121 Fz=1159.189 Fx=-149.140 Fy=-1091.083
[DEBUG] [Tire] RL grounded=1 omega=34.510 wheelSpeed=5.029 Vx=10.369 Vy=-0.653 slipVel=5.340 kappa=-0.515 alpha=-0.063 Fz=5172.600 Fx=-3716.943 Fy=3214.256
[DEBUG] [Tire] RR grounded=1 omega=30.836 wheelSpeed=5.171 Vx=9.303 Vy=-0.651 slipVel=4.131 kappa=-0.444 alpha=-0.070 Fz=1390.981 Fx=-937.352 Fy=931.425
[DEBUG] [Suspension] FL=0.166592 FR=0.048184 RL=0.159724 RR=0.043802
[DEBUG] [Wheel] FL=34.118809 FR=29.404007 RL=29.302586 RR=26.351803
[DEBUG] [Powertrain] gear=1 rpm=2345.732666 torque=0.000000 clutch=0.000000 running=1
[DEBUG] [Tire] FL grounded=1 omega=33.630 wheelSpeed=8.939 Vx=9.948 Vy=0.118 slipVel=1.009 kappa=-0.101 alpha=0.012 Fz=4079.960 Fx=-3845.307 Fy=-486.511
[DEBUG] [Tire] FR grounded=1 omega=30.102 wheelSpeed=9.255 Vx=9.485 Vy=0.116 slipVel=0.230 kappa=-0.024 alpha=0.012 Fz=2641.750 Fx=-796.990 Fy=-426.167
[DEBUG] [Tire] RL grounded=1 omega=32.897 wheelSpeed=5.478 Vx=9.950 Vy=-0.674 slipVel=4.473 kappa=-0.449 alpha=-0.068 Fz=3558.976 Fx=-2436.931 Fy=2343.654
[DEBUG] [Tire] RR grounded=1 omega=30.603 wheelSpeed=5.133 Vx=9.482 Vy=-0.673 slipVel=4.349 kappa=-0.459 alpha=-0.071 Fz=2409.009 Fx=-1614.962 Fy=1621.542
[DEBUG] [Tire] FL grounded=1 omega=31.562 wheelSpeed=9.236 Vx=9.121 Vy=-4.144 slipVel=-0.114 kappa=0.012 alpha=-0.426 Fz=5125.878 Fx=448.456 Fy=4623.542
[DEBUG] [Tire] FR grounded=1 omega=28.189 wheelSpeed=8.985 Vx=8.673 Vy=-3.902 slipVel=-0.313 kappa=0.035 alpha=-0.423 Fz=963.014 Fx=372.336 Fy=835.668
[DEBUG] [Tire] RL grounded=1 omega=33.507 wheelSpeed=4.753 Vx=10.001 Vy=-0.148 slipVel=5.248 kappa=-0.525 alpha=-0.015 Fz=5059.463 Fx=-4639.527 Fy=757.659
[DEBUG] [Tire] RR grounded=1 omega=30.802 wheelSpeed=5.572 Vx=9.472 Vy=-0.147 slipVel=3.900 kappa=-0.412 alpha=-0.015 Fz=1185.185 Fx=-1086.815 Fy=244.147
[DEBUG] [Suspension] FL=0.163868 FR=0.051025 RL=0.152264 RR=0.048184
[DEBUG] [Wheel] FL=32.404835 FR=28.227859 RL=34.817360 RR=31.191362
[DEBUG] [Powertrain] gear=1 rpm=2270.426758 torque=0.000000 clutch=0.000000 running=1
[DEBUG] [Tire] FL grounded=1 omega=32.750 wheelSpeed=9.531 Vx=9.418 Vy=-3.846 slipVel=-0.112 kappa=0.012 alpha=-0.388 Fz=5496.220 Fx=425.967 Fy=4957.591
[DEBUG] [Tire] FR grounded=1 omega=28.217 wheelSpeed=9.017 Vx=8.682 Vy=-3.446 slipVel=-0.334 kappa=0.037 alpha=-0.378 Fz=513.098 Fx=209.650 Fy=440.054
[DEBUG] [Tire] RL grounded=1 omega=34.620 wheelSpeed=4.506 Vx=10.122 Vy=-0.304 slipVel=5.616 kappa=-0.555 alpha=-0.030 Fz=5487.387 Fx=-4895.692 Fy=1791.021
[DEBUG] [Tire] RR grounded=1 omega=31.117 wheelSpeed=5.334 Vx=9.258 Vy=-0.302 slipVel=3.924 kappa=-0.424 alpha=-0.033 Fz=918.396 Fx=-783.945 Fy=382.944
[DEBUG] [Audio] Submitted bytes=11878400
[DEBUG] [Tire] FL grounded=1 omega=33.460 wheelSpeed=9.705 Vx=9.583 Vy=-3.674 slipVel=-0.122 kappa=0.013 alpha=-0.366 Fz=5842.590 Fx=470.637 Fy=5270.016
[DEBUG] [Tire] FR grounded=1 omega=28.132 wheelSpeed=9.000 Vx=8.648 Vy=-3.165 slipVel=-0.352 kappa=0.039 alpha=-0.351 Fz=138.376 Fx=59.167 Fy=117.389
[DEBUG] [Tire] RL grounded=1 omega=34.274 wheelSpeed=4.622 Vx=10.187 Vy=-0.460 slipVel=5.565 kappa=-0.546 alpha=-0.045 Fz=5780.436 Fx=-4729.920 Fy=2789.890
[DEBUG] [Tire] RR grounded=1 omega=29.444 wheelSpeed=5.092 Vx=9.091 Vy=-0.458 slipVel=3.999 kappa=-0.440 alpha=-0.050 Fz=627.759 Fx=-477.075 Fy=357.851
[DEBUG] [Energy] x=75.542 y=2.777 z=427.009 vx=8.463 vy=0.070 vz=4.469 total=90420.578 potential=32416.121 linear=54497.301 angular=595.893 wheels=1952.068 suspension=959.197 suspensionPower=-1297.857 suspensionResidual=0.002
[DEBUG] [Tire] FL grounded=1 omega=33.914 wheelSpeed=9.098 Vx=9.898 Vy=0.302 slipVel=0.801 kappa=-0.081 alpha=0.030 Fz=4215.508 Fx=-3702.198 Fy=-1526.962
[DEBUG] [Tire] FR grounded=1 omega=28.652 wheelSpeed=9.083 Vx=9.126 Vy=0.301 slipVel=0.043 kappa=-0.005 alpha=0.033 Fz=2668.806 Fx=-180.137 Fy=-1207.998
[DEBUG] [Tire] RL grounded=1 omega=33.044 wheelSpeed=5.318 Vx=9.902 Vy=-1.014 slipVel=4.585 kappa=-0.463 alpha=-0.102 Fz=3481.350 Fx=-2119.494 Fy=2538.870
[DEBUG] [Tire] RR grounded=1 omega=27.358 wheelSpeed=3.746 Vx=9.123 Vy=-1.014 slipVel=5.377 kappa=-0.589 alpha=-0.111 Fz=2623.413 Fx=-1597.261 Fy=1913.120
[DEBUG] [Suspension] FL=0.173696 FR=0.040250 RL=0.160316 RR=0.044276
[DEBUG] [Wheel] FL=33.689320 FR=28.884510 RL=26.904846 RR=24.638086
[DEBUG] [Powertrain] gear=1 rpm=2277.988770 torque=0.000000 clutch=0.000000 running=1
[DEBUG] [Tire] FL grounded=1 omega=28.717 wheelSpeed=9.916 Vx=8.581 Vy=-4.323 slipVel=-1.335 kappa=0.135 alpha=-0.467 Fz=4419.598 Fx=3218.701 Fy=2695.989
[DEBUG] [Tire] FR grounded=1 omega=27.868 wheelSpeed=9.354 Vx=8.239 Vy=-4.135 slipVel=-1.114 kappa=0.119 alpha=-0.465 Fz=2629.724 Fx=1921.009 Fy=1597.159
[DEBUG] [Tire] RL grounded=1 omega=32.962 wheelSpeed=5.082 Vx=9.606 Vy=-0.345 slipVel=4.524 kappa=-0.471 alpha=-0.036 Fz=3926.867 Fx=-3328.261 Fy=1685.078
[DEBUG] [Tire] RR grounded=1 omega=29.552 wheelSpeed=4.992 Vx=9.209 Vy=-0.345 slipVel=4.217 kappa=-0.458 alpha=-0.037 Fz=1470.290 Fx=-1217.831 Fy=684.009
[DEBUG] [Performance] FPS=58 PhysicsHz=119
[DEBUG] [Tire] FL grounded=1 omega=31.805 wheelSpeed=9.448 Vx=9.791 Vy=0.768 slipVel=0.343 kappa=-0.035 alpha=0.078 Fz=4393.542 Fx=-1539.294 Fy=-3879.654
[DEBUG] [Tire] FR grounded=1 omega=28.379 wheelSpeed=8.929 Vx=9.087 Vy=0.769 slipVel=0.158 kappa=-0.017 alpha=0.084 Fz=1635.490 Fx=-321.243 Fy=-1520.143
[DEBUG] [Tire] RL grounded=1 omega=31.969 wheelSpeed=4.289 Vx=9.799 Vy=-0.439 slipVel=5.510 kappa=-0.562 alpha=-0.045 Fz=4711.542 Fx=-3817.465 Fy=2336.927
[DEBUG] [Tire] RR grounded=1 omega=31.440 wheelSpeed=5.391 Vx=9.080 Vy=-0.438 slipVel=3.689 kappa=-0.406 alpha=-0.048 Fz=1471.611 Fx=-1134.602 Fy=816.803
[DEBUG] [Suspension] FL=0.149423 FR=0.069734 RL=0.140542 RR=0.051499
[DEBUG] [Wheel] FL=31.744087 FR=28.666485 RL=32.319458 RR=27.974159
[DEBUG] [Powertrain] gear=1 rpm=2299.180176 torque=0.000000 clutch=0.000000 running=1
[DEBUG] [Tire] FL grounded=1 omega=31.327 wheelSpeed=8.600 Vx=9.360 Vy=0.095 slipVel=0.759 kappa=-0.081 alpha=0.010 Fz=3205.809 Fx=-3004.729 Fy=-424.249
[DEBUG] [Tire] FR grounded=1 omega=29.212 wheelSpeed=8.833 Vx=9.113 Vy=0.095 slipVel=0.281 kappa=-0.031 alpha=0.010 Fz=2840.977 Fx=-1086.776 Fy=-387.234
[DEBUG] [Tire] RL grounded=1 omega=32.641 wheelSpeed=4.815 Vx=9.361 Vy=-0.327 slipVel=4.546 kappa=-0.486 alpha=-0.035 Fz=3444.261 Fx=-2906.162 Fy=1503.502
[DEBUG] [Tire] RR grounded=1 omega=31.184 wheelSpeed=4.815 Vx=9.116 Vy=-0.326 slipVel=4.301 kappa=-0.472 alpha=-0.036 Fz=2298.158 Fx=-1924.029 Fy=1031.840
[DEBUG] [Tire] FL grounded=1 omega=28.787 wheelSpeed=9.056 Vx=9.167 Vy=0.068 slipVel=0.111 kappa=-0.012 alpha=0.007 Fz=2139.188 Fx=-328.885 Fy=-206.188
[DEBUG] [Tire] FR grounded=1 omega=29.560 wheelSpeed=8.714 Vx=9.102 Vy=0.064 slipVel=0.389 kappa=-0.043 alpha=0.007 Fz=2973.827 Fx=-1572.143 Fy=-270.376
[DEBUG] [Tire] RL grounded=1 omega=32.379 wheelSpeed=4.505 Vx=9.172 Vy=-0.053 slipVel=4.666 kappa=-0.509 alpha=-0.006 Fz=3689.509 Fx=-3383.280 Fy=254.616
[DEBUG] [Tire] RR grounded=1 omega=32.733 wheelSpeed=4.883 Vx=9.101 Vy=-0.054 slipVel=4.218 kappa=-0.463 alpha=-0.006 Fz=3081.254 Fx=-2825.510 Fy=233.859
[DEBUG] [Energy] x=79.911 y=2.896 z=428.813 vx=8.604 vy=0.314 vz=2.986 total=87309.234 potential=33806.566 linear=49415.625 angular=4.060 wheels=3461.094 suspension=621.888 suspensionPower=-73.703 suspensionResidual=0.006
[DEBUG] [Tire] FL grounded=1 omega=28.479 wheelSpeed=8.933 Vx=9.063 Vy=0.042 slipVel=0.131 kappa=-0.014 alpha=0.005 Fz=2097.896 Fx=-381.595 Fy=-124.290
[DEBUG] [Tire] FR grounded=1 omega=30.448 wheelSpeed=8.216 Vx=9.055 Vy=0.042 slipVel=0.839 kappa=-0.093 alpha=0.005 Fz=3397.574 Fx=-3222.367 Fy=-185.383
[DEBUG] [Tire] RL grounded=1 omega=31.148 wheelSpeed=4.288 Vx=9.066 Vy=0.024 slipVel=4.778 kappa=-0.527 alpha=0.003 Fz=3283.772 Fx=-3011.219 Fy=-109.427
[DEBUG] [Tire] RR grounded=1 omega=31.794 wheelSpeed=4.686 Vx=9.055 Vy=0.024 slipVel=4.369 kappa=-0.482 alpha=0.003 Fz=2843.180 Fx=-2607.196 Fy=-95.148
[DEBUG] [Suspension] FL=0.093297 FR=0.099336 RL=0.117571 RR=0.085009
[DEBUG] [Wheel] FL=26.327751 FR=27.258102 RL=31.701811 RR=31.379940
[DEBUG] [Powertrain] gear=1 rpm=2112.573730 torque=0.000000 clutch=0.000000 running=1
[DEBUG] [Tire] FL grounded=1 omega=28.891 wheelSpeed=8.741 Vx=8.589 Vy=-3.600 slipVel=-0.152 kappa=0.017 alpha=-0.397 Fz=3752.768 Fx=636.226 Fy=3384.996
[DEBUG] [Tire] FR grounded=1 omega=26.623 wheelSpeed=8.443 Vx=8.155 Vy=-3.364 slipVel=-0.288 kappa=0.034 alpha=-0.391 Fz=1919.908 Fx=728.809 Fy=1671.974
[DEBUG] [Tire] RL grounded=1 omega=31.929 wheelSpeed=3.938 Vx=9.268 Vy=0.109 slipVel=5.330 kappa=-0.575 alpha=0.012 Fz=4663.757 Fx=-4276.666 Fy=-567.676
[DEBUG] [Tire] RR grounded=1 omega=30.175 wheelSpeed=4.910 Vx=8.763 Vy=0.109 slipVel=3.853 kappa=-0.440 alpha=0.012 Fz=1136.292 Fx=-1041.980 Fy=-186.623
[DEBUG] [Tire] FL grounded=1 omega=28.635 wheelSpeed=8.885 Vx=9.028 Vy=0.223 slipVel=0.143 kappa=-0.016 alpha=0.025 Fz=2957.826 Fx=-585.872 Fy=-992.063
[DEBUG] [Tire] FR grounded=1 omega=27.631 wheelSpeed=8.518 Vx=8.659 Vy=0.224 slipVel=0.140 kappa=-0.016 alpha=0.026 Fz=3525.900 Fx=-683.211 Fy=-1209.018
[DEBUG] [Tire] RL grounded=1 omega=32.273 wheelSpeed=5.211 Vx=9.031 Vy=-0.407 slipVel=3.820 kappa=-0.423 alpha=-0.045 Fz=2373.658 Fx=-1870.379 Fy=1259.600
[DEBUG] [Tire] RR grounded=1 omega=29.023 wheelSpeed=4.117 Vx=8.653 Vy=-0.415 slipVel=4.537 kappa=-0.524 alpha=-0.048 Fz=2568.280 Fx=-1984.609 Fy=1419.251
[DEBUG] [Suspension] FL=0.110585 FR=0.093889 RL=0.109993 RR=0.067958
[DEBUG] [Wheel] FL=26.667919 FR=25.896383 RL=33.143082 RR=29.283127
[DEBUG] [Powertrain] gear=1 rpm=2070.092773 torque=0.000000 clutch=0.000000 running=1
[DEBUG] [Tire] FL grounded=1 omega=28.092 wheelSpeed=8.737 Vx=8.428 Vy=-3.599 slipVel=-0.308 kappa=0.035 alpha=-0.404 Fz=4506.165 Fx=1568.378 Fy=3983.205
[DEBUG] [Tire] FR grounded=1 omega=26.021 wheelSpeed=8.286 Vx=7.989 Vy=-3.369 slipVel=-0.297 kappa=0.036 alpha=-0.399 Fz=1319.072 Fx=523.796 Fy=1138.395
[DEBUG] [Tire] RL grounded=1 omega=33.024 wheelSpeed=4.336 Vx=9.130 Vy=0.018 slipVel=4.795 kappa=-0.525 alpha=0.002 Fz=4554.524 Fx=-4176.499 Fy=-84.097
[DEBUG] [Tire] RR grounded=1 omega=29.172 wheelSpeed=4.547 Vx=8.620 Vy=0.023 slipVel=4.073 kappa=-0.472 alpha=0.003 Fz=1233.196 Fx=-1130.841 Fy=-41.827
[DEBUG] [Audio] Callback count=1500 additionalBytes=8192 totalBytes=8192
[DEBUG] [Audio] Submitted bytes=12288000
[DEBUG] [Tire] FL grounded=1 omega=30.141 wheelSpeed=8.221 Vx=8.991 Vy=0.135 slipVel=0.771 kappa=-0.086 alpha=0.015 Fz=3227.884 Fx=-3004.301 Fy=-614.442
[DEBUG] [Tire] FR grounded=1 omega=27.801 wheelSpeed=8.474 Vx=8.726 Vy=0.134 slipVel=0.252 kappa=-0.029 alpha=0.015 Fz=2484.644 Fx=-891.392 Fy=-507.417
[DEBUG] [Tire] RL grounded=1 omega=30.401 wheelSpeed=4.384 Vx=8.994 Vy=-0.323 slipVel=4.611 kappa=-0.513 alpha=-0.036 Fz=3383.732 Fx=-2835.144 Fy=1515.012
[DEBUG] [Tire] RR grounded=1 omega=29.538 wheelSpeed=4.336 Vx=8.722 Vy=-0.320 slipVel=4.386 kappa=-0.503 alpha=-0.037 Fz=2825.515 Fx=-2352.904 Fy=1291.891
[DEBUG] [Energy] x=84.259 y=3.034 z=430.095 vx=8.498 vy=0.249 vz=2.052 total=83067.953 potential=35415.363 linear=45507.859 angular=19.085 wheels=1528.686 suspension=596.961 suspensionPower=-44.571 suspensionResidual=-0.001
[DEBUG] [Tire] FL grounded=1 omega=28.357 wheelSpeed=8.306 Vx=8.224 Vy=-3.723 slipVel=-0.082 kappa=0.010 alpha=-0.425 Fz=4409.858 Fx=325.974 Fy=3977.692
[DEBUG] [Tire] FR grounded=1 omega=25.648 wheelSpeed=8.167 Vx=7.883 Vy=-3.537 slipVel=-0.283 kappa=0.035 alpha=-0.422 Fz=1104.496 Fx=425.984 Fy=958.909
[DEBUG] [Tire] RL grounded=1 omega=30.851 wheelSpeed=3.931 Vx=9.008 Vy=0.006 slipVel=5.077 kappa=-0.564 alpha=0.001 Fz=4446.689 Fx=-4077.614 Fy=-27.004
[DEBUG] [Tire] RR grounded=1 omega=28.739 wheelSpeed=4.462 Vx=8.610 Vy=0.005 slipVel=4.148 kappa=-0.482 alpha=0.001 Fz=1669.656 Fx=-1531.075 Fy=-13.410
[DEBUG] [Suspension] FL=0.127991 FR=0.067366 RL=0.125504 RR=0.068195
[DEBUG] [Wheel] FL=28.665913 FR=25.655769 RL=30.954451 RR=29.038843
[DEBUG] [Powertrain] gear=1 rpm=1896.736450 torque=0.000000 clutch=0.000000 running=1
[DEBUG] [Tire] FL grounded=1 omega=30.130 wheelSpeed=7.939 Vx=8.659 Vy=0.095 slipVel=0.720 kappa=-0.083 alpha=0.011 Fz=3817.069 Fx=-3592.209 Fy=-495.453
[DEBUG] [Tire] FR grounded=1 omega=26.783 wheelSpeed=8.354 Vx=8.463 Vy=0.095 slipVel=0.109 kappa=-0.013 alpha=0.011 Fz=2806.583 Fx=-456.859 Fy=-413.669
[DEBUG] [Tire] RL grounded=1 omega=28.907 wheelSpeed=3.852 Vx=8.661 Vy=-0.242 slipVel=4.809 kappa=-0.555 alpha=-0.028 Fz=2756.756 Fx=-2417.778 Fy=1006.518
[DEBUG] [Tire] RR grounded=1 omega=27.053 wheelSpeed=3.362 Vx=8.460 Vy=-0.242 slipVel=5.098 kappa=-0.603 alpha=-0.029 Fz=2518.572 Fx=-2200.871 Fy=938.567
[DEBUG] [Tire] FL grounded=1 omega=28.674 wheelSpeed=8.306 Vx=8.224 Vy=-3.420 slipVel=-0.081 kappa=0.010 alpha=-0.394 Fz=4905.930 Fx=326.102 Fy=4425.149
[DEBUG] [Tire] FR grounded=1 omega=25.134 wheelSpeed=0.000 Vx=0.000 Vy=0.000 slipVel=0.000 kappa=0.000 alpha=0.000 Fz=0.000 Fx=0.000 Fy=0.000
[DEBUG] [Tire] RL grounded=1 omega=30.809 wheelSpeed=3.727 Vx=8.865 Vy=-0.075 slipVel=5.138 kappa=-0.580 alpha=-0.008 Fz=4323.784 Fx=-3964.910 Fy=388.004
[DEBUG] [Tire] RR grounded=1 omega=29.043 wheelSpeed=4.427 Vx=8.260 Vy=-0.078 slipVel=3.833 kappa=-0.464 alpha=-0.009 Fz=1415.431 Fx=-1297.950 Fy=174.066
[DEBUG] [Performance] FPS=58 PhysicsHz=120
[DEBUG] [Suspension] FL=0.134385 FR=0.039185 RL=0.129885 RR=0.058012
[DEBUG] [Wheel] FL=27.316725 FR=24.991865 RL=30.819931 RR=29.196304
[DEBUG] [Powertrain] gear=1 rpm=1868.473999 torque=0.000000 clutch=0.000000 running=1
[DEBUG] [Tire] FL grounded=1 omega=27.969 wheelSpeed=8.440 Vx=8.284 Vy=-3.245 slipVel=-0.156 kappa=0.018 alpha=-0.373 Fz=3892.217 Fx=690.791 Fy=3510.780
[DEBUG] [Tire] FR grounded=1 omega=24.798 wheelSpeed=7.938 Vx=7.593 Vy=-2.868 slipVel=-0.345 kappa=0.043 alpha=-0.361 Fz=436.940 Fx=203.720 Fy=361.663
[DEBUG] [Tire] RL grounded=1 omega=30.276 wheelSpeed=3.400 Vx=8.829 Vy=-0.222 slipVel=5.430 kappa=-0.615 alpha=-0.025 Fz=4741.029 Fx=-4296.904 Fy=1349.974
[DEBUG] [Tire] RR grounded=1 omega=28.102 wheelSpeed=4.248 Vx=8.032 Vy=-0.222 slipVel=3.784 kappa=-0.471 alpha=-0.028 Fz=1184.209 Fx=-1040.250 Fy=428.370
[DEBUG] [Tire] FL grounded=1 omega=29.412 wheelSpeed=8.541 Vx=8.460 Vy=-3.023 slipVel=-0.081 kappa=0.009 alpha=-0.343 Fz=4878.559 Fx=309.636 Fy=4400.460
[DEBUG] [Tire] FR grounded=1 omega=24.635 wheelSpeed=7.869 Vx=7.575 Vy=-2.540 slipVel=-0.294 kappa=0.037 alpha=-0.324 Fz=611.723 Fx=251.532 Fy=523.881
[DEBUG] [Tire] RL grounded=1 omega=31.049 wheelSpeed=3.447 Vx=8.881 Vy=-0.323 slipVel=5.435 kappa=-0.612 alpha=-0.036 Fz=5472.989 Fx=-4721.027 Fy=2178.312
[DEBUG] [Tire] RR grounded=1 omega=27.074 wheelSpeed=4.194 Vx=7.860 Vy=-0.323 slipVel=3.665 kappa=-0.466 alpha=-0.041 Fz=566.971 Fx=-458.652 Fy=282.403
[DEBUG] [Energy] x=88.585 y=3.117 z=430.685 vx=8.569 vy=-0.021 vz=-0.039 total=84218.266 potential=36390.598 linear=43689.441 angular=637.583 wheels=2769.645 suspension=730.989 suspensionPower=-1804.316 suspensionResidual=0.002
[DEBUG] [Tire] FL grounded=1 omega=29.085 wheelSpeed=8.311 Vx=8.852 Vy=0.878 slipVel=0.542 kappa=-0.061 alpha=0.099 Fz=4053.340 Fx=-2102.629 Fy=-3225.932
[DEBUG] [Tire] FR grounded=1 omega=24.734 wheelSpeed=7.801 Vx=7.884 Vy=0.878 slipVel=0.083 kappa=-0.011 alpha=0.111 Fz=2071.549 Fx=-241.148 Fy=-1953.141
[DEBUG] [Tire] RL grounded=1 omega=22.039 wheelSpeed=4.059 Vx=8.880 Vy=-0.787 slipVel=4.821 kappa=-0.543 alpha=-0.088 Fz=4662.211 Fx=-2919.528 Fy=3330.658
[DEBUG] [Tire] RR grounded=1 omega=19.420 wheelSpeed=4.138 Vx=7.871 Vy=-0.787 slipVel=3.733 kappa=-0.474 alpha=-0.100 Fz=1613.191 Fx=-983.953 Fy=1174.942
[DEBUG] [Suspension] FL=0.150370 FR=0.037053 RL=0.155580 RR=0.029712
[DEBUG] [Wheel] FL=29.102211 FR=25.032658 RL=25.631628 RR=20.765766
[DEBUG] [Powertrain] gear=1 rpm=1783.284790 torque=0.000000 clutch=0.000000 running=1
[DEBUG] [Tire] FL grounded=1 omega=29.190 wheelSpeed=7.877 Vx=8.651 Vy=0.117 slipVel=0.774 kappa=-0.089 alpha=0.014 Fz=3302.663 Fx=-3088.263 Fy=-553.828
[DEBUG] [Tire] FR grounded=1 omega=27.004 wheelSpeed=7.202 Vx=8.119 Vy=0.117 slipVel=0.917 kappa=-0.113 alpha=0.014 Fz=3244.144 Fx=-3036.837 Fy=-525.315
[DEBUG] [Tire] RL grounded=1 omega=25.565 wheelSpeed=4.349 Vx=8.657 Vy=-0.799 slipVel=4.308 kappa=-0.498 alpha=-0.092 Fz=2212.474 Fx=-1366.811 Fy=1596.747
[DEBUG] [Tire] RR grounded=1 omega=23.406 wheelSpeed=3.766 Vx=8.112 Vy=-0.799 slipVel=4.345 kappa=-0.536 alpha=-0.098 Fz=1862.131 Fx=-1137.745 Fy=1354.616
[DEBUG] [Tire] FL grounded=1 omega=28.831 wheelSpeed=8.180 Vx=8.169 Vy=-3.332 slipVel=-0.011 kappa=0.001 alpha=-0.387 Fz=5047.419 Fx=-27.226 Fy=4552.772
[DEBUG] [Tire] FR grounded=1 omega=24.572 wheelSpeed=7.826 Vx=7.559 Vy=-2.999 slipVel=-0.267 kappa=0.034 alpha=-0.378 Fz=921.294 Fx=350.387 Fy=802.032
[DEBUG] [Tire] RL grounded=1 omega=30.668 wheelSpeed=3.514 Vx=8.775 Vy=-0.205 slipVel=5.261 kappa=-0.600 alpha=-0.023 Fz=4963.663 Fx=-4539.448 Fy=1276.385
[DEBUG] [Tire] RR grounded=1 omega=26.806 wheelSpeed=4.239 Vx=8.062 Vy=-0.205 slipVel=3.822 kappa=-0.474 alpha=-0.025 Fz=452.739 Fx=-402.557 Fy=151.443
[DEBUG] [Suspension] FL=0.153093 FR=0.052209 RL=0.140424 RR=0.026870
[DEBUG] [Wheel] FL=29.558769 FR=24.685196 RL=30.426058 RR=26.818394
[DEBUG] [Powertrain] gear=1 rpm=1733.335815 torque=0.000000 clutch=0.000000 running=1
[DEBUG] [Tire] FL grounded=1 omega=29.831 wheelSpeed=8.467 Vx=8.455 Vy=-3.129 slipVel=-0.012 kappa=0.001 alpha=-0.354 Fz=5208.495 Fx=-25.567 Fy=4698.062
[DEBUG] [Tire] FR grounded=1 omega=24.707 wheelSpeed=7.892 Vx=7.610 Vy=-2.666 slipVel=-0.282 kappa=0.036 alpha=-0.337 Fz=455.698 Fx=180.337 Fy=393.564
[DEBUG] [Tire] RL grounded=1 omega=29.624 wheelSpeed=3.224 Vx=8.932 Vy=-0.350 slipVel=5.709 kappa=-0.639 alpha=-0.039 Fz=5734.529 Fx=-4875.633 Fy=2430.382
[DEBUG] [Tire] RR grounded=1 omega=26.211 wheelSpeed=4.270 Vx=7.943 Vy=-0.350 slipVel=3.672 kappa=-0.462 alpha=-0.044 Fz=459.383 Fx=-364.458 Fy=240.057
[DEBUG] [Tire] FL grounded=1 omega=29.304 wheelSpeed=8.331 Vx=8.864 Vy=0.802 slipVel=0.533 kappa=-0.060 alpha=0.090 Fz=4237.043 Fx=-2206.034 Fy=-3366.835
[DEBUG] [Tire] FR grounded=1 omega=24.909 wheelSpeed=7.891 Vx=7.956 Vy=0.802 slipVel=0.065 kappa=-0.008 alpha=0.100 Fz=1823.501 Fx=-168.882 Fy=-1724.074
[DEBUG] [Tire] RL grounded=1 omega=20.525 wheelSpeed=4.508 Vx=8.875 Vy=-0.755 slipVel=4.367 kappa=-0.492 alpha=-0.085 Fz=4699.288 Fx=-2981.347 Fy=3322.913
[DEBUG] [Tire] RR grounded=1 omega=15.100 wheelSpeed=3.690 Vx=7.945 Vy=-0.755 slipVel=4.255 kappa=-0.536 alpha=-0.095 Fz=1701.437 Fx=-1045.109 Fy=1233.038
[DEBUG] [Energy] x=92.824 y=3.037 z=430.195 vx=8.063 vy=-0.173 vz=-1.979 total=78831.195 potential=35455.543 linear=41029.930 angular=216.110 wheels=1350.800 suspension=778.823 suspensionPower=47.165 suspensionResidual=-0.009
[DEBUG] [Audio] Submitted bytes=12697600
[DEBUG] [Tire] FL grounded=1 omega=28.663 wheelSpeed=7.574 Vx=8.415 Vy=0.111 slipVel=0.841 kappa=-0.100 alpha=0.013 Fz=3591.526 Fx=-3370.792 Fy=-528.355
[DEBUG] [Tire] FR grounded=1 omega=26.858 wheelSpeed=7.271 Vx=8.051 Vy=0.112 slipVel=0.780 kappa=-0.097 alpha=0.014 Fz=2983.742 Fx=-2791.890 Fy=-489.948
[DEBUG] [Tire] RL grounded=1 omega=26.540 wheelSpeed=4.434 Vx=8.419 Vy=-0.513 slipVel=3.985 kappa=-0.473 alpha=-0.061 Fz=3286.081 Fx=-2333.079 Fy=2074.182
[DEBUG] [Tire] RR grounded=1 omega=23.027 wheelSpeed=3.742 Vx=8.048 Vy=-0.513 slipVel=4.306 kappa=-0.535 alpha=-0.064 Fz=2037.106 Fx=-1421.469 Fy=1313.248
[DEBUG] [Suspension] FL=0.141963 FR=0.070563 RL=0.137108 RR=0.047236
[DEBUG] [Wheel] FL=28.436985 FR=27.076361 RL=29.121838 RR=27.078890
[DEBUG] [Powertrain] gear=1 rpm=1818.898438 torque=0.000000 clutch=0.000000 running=1
[DEBUG] [Tire] FL grounded=1 omega=27.455 wheelSpeed=7.850 Vx=7.848 Vy=-3.367 slipVel=-0.002 kappa=0.000 alpha=-0.405 Fz=4445.212 Fx=-57.040 Fy=4009.581
[DEBUG] [Tire] FR grounded=1 omega=24.217 wheelSpeed=7.681 Vx=7.430 Vy=-3.138 slipVel=-0.252 kappa=0.033 alpha=-0.400 Fz=1456.257 Fx=533.276 Fy=1276.532
[DEBUG] [Tire] RL grounded=1 omega=30.412 wheelSpeed=3.548 Vx=8.508 Vy=-0.017 slipVel=4.960 kappa=-0.583 alpha=-0.002 Fz=4763.900 Fx=-4368.496 Fy=83.779
[DEBUG] [Tire] RR grounded=1 omega=26.954 wheelSpeed=4.114 Vx=8.017 Vy=-0.016 slipVel=3.903 kappa=-0.487 alpha=-0.002 Fz=917.207 Fx=-841.078 Fy=23.161
[DEBUG] [Tire] FL grounded=1 omega=28.584 wheelSpeed=8.307 Vx=8.237 Vy=-3.062 slipVel=-0.070 kappa=0.008 alpha=-0.356 Fz=4631.464 Fx=263.286 Fy=4177.581
[DEBUG] [Tire] FR grounded=1 omega=24.379 wheelSpeed=7.763 Vx=7.493 Vy=-2.657 slipVel=-0.270 kappa=0.035 alpha=-0.341 Fz=1053.701 Fx=407.606 Fy=914.271
[DEBUG] [Tire] RL grounded=1 omega=30.167 wheelSpeed=3.077 Vx=8.708 Vy=-0.198 slipVel=5.631 kappa=-0.647 alpha=-0.023 Fz=5347.077 Fx=-4903.270 Fy=1295.502
[DEBUG] [Tire] RR grounded=1 omega=27.038 wheelSpeed=4.102 Vx=7.837 Vy=-0.198 slipVel=3.735 kappa=-0.477 alpha=-0.025 Fz=707.863 Fx=-629.692 Fy=236.016
[DEBUG] [Performance] FPS=60 PhysicsHz=120
[DEBUG] [Suspension] FL=0.154277 FR=0.048776 RL=0.161974 RR=0.028409
[DEBUG] [Wheel] FL=29.397257 FR=24.415079 RL=30.102459 RR=25.232845
[DEBUG] [Powertrain] gear=1 rpm=1657.616211 torque=0.000000 clutch=0.000000 running=1
[DEBUG] [Tire] FL grounded=1 omega=29.655 wheelSpeed=8.594 Vx=8.485 Vy=-2.882 slipVel=-0.109 kappa=0.013 alpha=-0.327 Fz=5317.928 Fx=467.747 Fy=4796.771
[DEBUG] [Tire] FR grounded=1 omega=24.416 wheelSpeed=7.796 Vx=7.515 Vy=-2.353 slipVel=-0.281 kappa=0.036 alpha=-0.303 Fz=580.608 Fx=231.653 Fy=500.574
[DEBUG] [Tire] RL grounded=1 omega=30.200 wheelSpeed=3.116 Vx=8.844 Vy=-0.362 slipVel=5.727 kappa=-0.648 alpha=-0.041 Fz=5757.232 Fx=-4842.489 Fy=2542.503
[DEBUG] [Tire] RR grounded=1 omega=25.672 wheelSpeed=3.825 Vx=7.706 Vy=-0.362 slipVel=3.881 kappa=-0.504 alpha=-0.047 Fz=374.598 Fx=-291.252 Fy=204.485
[DEBUG] [Tire] FL grounded=1 omega=30.009 wheelSpeed=8.713 Vx=8.564 Vy=-2.776 slipVel=-0.149 kappa=0.017 alpha=-0.313 Fz=5802.295 Fx=720.659 Fy=5233.670
[DEBUG] [Tire] FR grounded=1 omega=24.330 wheelSpeed=7.783 Vx=7.469 Vy=-2.178 slipVel=-0.314 kappa=0.040 alpha=-0.284 Fz=277.312 Fx=121.754 Fy=233.624
[DEBUG] [Tire] RL grounded=1 omega=35.371 wheelSpeed=4.916 Vx=8.864 Vy=-0.470 slipVel=3.949 kappa=-0.445 alpha=-0.053 Fz=5858.238 Fx=-4538.551 Fy=3220.932
[DEBUG] [Tire] RR grounded=1 omega=18.673 wheelSpeed=1.720 Vx=7.581 Vy=-0.472 slipVel=5.861 kappa=-0.773 alpha=-0.062 Fz=10.163 Fx=-7.159 Fy=6.478
[DEBUG] [Energy] x=96.700 y=2.970 z=428.662 vx=7.088 vy=-0.063 vz=-4.269 total=79079.023 potential=34675.422 linear=40739.969 angular=674.298 wheels=2035.584 suspension=953.754 suspensionPower=657.871 suspensionResidual=0.001
[DEBUG] [Tire] FL grounded=1 omega=29.042 wheelSpeed=7.810 Vx=8.564 Vy=0.226 slipVel=0.754 kappa=-0.088 alpha=0.026 Fz=3495.550 Fx=-3128.001 Fy=-1114.962
[DEBUG] [Tire] FR grounded=1 omega=25.721 wheelSpeed=7.479 Vx=7.783 Vy=0.226 slipVel=0.304 kappa=-0.039 alpha=0.029 Fz=3272.495 Fx=-1586.512 Fy=-1298.998
[DEBUG] [Tire] RL grounded=1 omega=13.956 wheelSpeed=5.042 Vx=8.570 Vy=-1.107 slipVel=3.527 kappa=-0.412 alpha=-0.129 Fz=3231.436 Fx=-1992.675 Fy=2335.232
[DEBUG] [Tire] RR grounded=1 omega=9.199 wheelSpeed=3.631 Vx=7.778 Vy=-1.107 slipVel=4.147 kappa=-0.533 alpha=-0.141 Fz=2807.831 Fx=-1759.253 Fy=2005.058
[DEBUG] [Suspension] FL=0.157356 FR=0.055525 RL=0.154159 RR=0.040369
[DEBUG] [Wheel] FL=28.982533 FR=26.572792 RL=12.521881 RR=11.609972
[DEBUG] [Powertrain] gear=1 rpm=1809.856812 torque=0.000000 clutch=0.000000 running=1
[DEBUG] [Tire] FL grounded=1 omega=25.354 wheelSpeed=7.797 Vx=7.525 Vy=-3.442 slipVel=-0.272 kappa=0.035 alpha=-0.429 Fz=4965.395 Fx=1653.969 Fy=4417.652
[DEBUG] [Tire] FR grounded=1 omega=23.122 wheelSpeed=7.387 Vx=7.087 Vy=-3.204 slipVel=-0.301 kappa=0.041 alpha=-0.425 Fz=1628.513 Fx=719.831 Fy=1369.425
[DEBUG] [Tire] RL grounded=1 omega=10.405 wheelSpeed=9.410 Vx=8.261 Vy=-0.275 slipVel=-1.149 kappa=0.122 alpha=-0.033 Fz=4342.732 Fx=3857.882 Fy=1461.945
[DEBUG] [Tire] RR grounded=1 omega=11.967 wheelSpeed=8.369 Vx=7.747 Vy=-0.275 slipVel=-0.623 kappa=0.074 alpha=-0.035 Fz=738.026 Fx=607.645 Fy=349.776
[DEBUG] [Tire] FL grounded=1 omega=27.942 wheelSpeed=8.029 Vx=7.928 Vy=-3.058 slipVel=-0.100 kappa=0.013 alpha=-0.368 Fz=5386.143 Fx=460.312 Fy=4858.301
[DEBUG] [Tire] FR grounded=1 omega=23.565 wheelSpeed=7.545 Vx=7.217 Vy=-2.671 slipVel=-0.328 kappa=0.043 alpha=-0.354 Fz=657.458 Fx=306.265 Fy=544.342
[DEBUG] [Tire] RL grounded=1 omega=9.560 wheelSpeed=9.599 Vx=8.436 Vy=-0.279 slipVel=-1.163 kappa=0.121 alpha=-0.033 Fz=5381.923 Fx=4825.668 Fy=1689.358
[DEBUG] [Tire] RR grounded=1 omega=12.825 wheelSpeed=8.532 Vx=7.601 Vy=-0.279 slipVel=-0.931 kappa=0.109 alpha=-0.037 Fz=431.199 Fx=370.544 Fy=174.646
[DEBUG] [Suspension] FL=0.168486 FR=0.038119 RL=0.164697 RR=0.026278
[DEBUG] [Wheel] FL=28.431488 FR=23.613417 RL=8.830873 RR=12.712187
[DEBUG] [Powertrain] gear=1 rpm=1731.139893 torque=0.000000 clutch=0.000000 running=1
[DEBUG] [Tire] FL grounded=1 omega=28.639 wheelSpeed=8.237 Vx=8.125 Vy=-2.881 slipVel=-0.112 kappa=0.014 alpha=-0.341 Fz=5582.179 Fx=520.914 Fy=5035.126
[DEBUG] [Tire] FR grounded=1 omega=23.623 wheelSpeed=7.562 Vx=7.231 Vy=-2.394 slipVel=-0.330 kappa=0.044 alpha=-0.320 Fz=338.640 Fx=158.465 Fy=279.974
[DEBUG] [Tire] RL grounded=1 omega=10.435 wheelSpeed=8.978 Vx=8.526 Vy=-0.382 slipVel=-0.452 kappa=0.050 alpha=-0.045 Fz=5731.352 Fx=2926.338 Fy=3084.429
[DEBUG] [Tire] RR grounded=1 omega=11.807 wheelSpeed=8.157 Vx=7.479 Vy=-0.382 slipVel=-0.678 kappa=0.083 alpha=-0.051 Fz=354.535 Fx=268.988 Fy=202.696
[DEBUG] [Tire] FL grounded=1 omega=29.126 wheelSpeed=8.338 Vx=8.228 Vy=-2.742 slipVel=-0.110 kappa=0.013 alpha=-0.322 Fz=5815.044 Fx=503.526 Fy=5245.169
[DEBUG] [Tire] FR grounded=1 omega=23.523 wheelSpeed=7.530 Vx=7.196 Vy=-2.179 slipVel=-0.334 kappa=0.044 alpha=-0.294 Fz=220.413 Fx=104.386 Fy=181.518
[DEBUG] [Tire] RL grounded=1 omega=9.899 wheelSpeed=9.618 Vx=8.551 Vy=-0.479 slipVel=-1.067 kappa=0.111 alpha=-0.056 Fz=5812.830 Fx=4638.221 Fy=2996.911
[DEBUG] [Tire] RR grounded=1 omega=10.001 wheelSpeed=7.470 Vx=7.343 Vy=-0.478 slipVel=-0.127 kappa=0.017 alpha=-0.065 Fz=205.079 Fx=37.398 Fy=176.706
[DEBUG] [Energy] x=99.878 y=3.002 z=426.133 vx=5.163 vy=0.168 vz=-6.136 total=77618.492 potential=35050.398 linear=38278.434 angular=839.906 wheels=2413.878 suspension=1035.885 suspensionPower=-867.263 suspensionResidual=0.009
[DEBUG] [Tire] FL grounded=1 omega=29.674 wheelSpeed=8.410 Vx=8.323 Vy=-2.646 slipVel=-0.087 kappa=0.010 alpha=-0.308 Fz=6028.316 Fx=361.404 Fy=5437.541
[DEBUG] [Tire] FR grounded=1 omega=23.518 wheelSpeed=7.526 Vx=7.192 Vy=-2.029 slipVel=-0.333 kappa=0.044 alpha=-0.275 Fz=4.309 Fx=2.038 Fy=3.550
[DEBUG] [Tire] RL grounded=1 omega=10.010 wheelSpeed=9.144 Vx=8.590 Vy=-0.537 slipVel=-0.554 kappa=0.061 alpha=-0.062 Fz=5935.930 Fx=3562.452 Fy=4371.357
[DEBUG] [Tire] RR grounded=1 omega=7.228 wheelSpeed=6.560 Vx=7.267 Vy=-0.537 slipVel=0.707 kappa=-0.097 alpha=-0.074 Fz=13.632 Fx=-9.615 Fy=8.676
[DEBUG] [Suspension] FL=0.189445 FR=0.010885 RL=0.189445 RR=0.009819
[DEBUG] [Wheel] FL=29.265371 FR=23.517761 RL=9.874825 RR=7.254548
[DEBUG] [Powertrain] gear=1 rpm=1621.862061 torque=0.000000 clutch=0.000000 running=1
[DEBUG] [Audio] Callback count=1600 additionalBytes=8192 totalBytes=8192
[DEBUG] [Audio] GenerateAudio rpm=1621.862061 torque=0.000000 speed=28.851833 slip=0.097213 running=1
[DEBUG] [Audio] Submitted bytes=13107200
[DEBUG] [Tire] FL grounded=1 omega=30.204 wheelSpeed=8.443 Vx=8.411 Vy=-2.599 slipVel=-0.032 kappa=0.004 alpha=-0.300 Fz=6076.896 Fx=56.735 Fy=5481.360
[DEBUG] [Tire] FR grounded=1 omega=23.518 wheelSpeed=0.000 Vx=0.000 Vy=0.000 slipVel=0.000 kappa=0.000 alpha=0.000 Fz=0.000 Fx=0.000 Fy=0.000
[DEBUG] [Tire] RL grounded=1 omega=10.296 wheelSpeed=9.466 Vx=8.645 Vy=-0.635 slipVel=-0.821 kappa=0.087 alpha=-0.073 Fz=5991.342 Fx=4048.240 Fy=4001.007
[DEBUG] [Tire] RR grounded=1 omega=7.730 wheelSpeed=0.000 Vx=0.000 Vy=0.000 slipVel=0.000 kappa=0.000 alpha=0.000 Fz=0.000 Fx=0.000 Fy=0.000
[DEBUG] [Tire] FL grounded=1 omega=30.497 wheelSpeed=8.529 Vx=8.498 Vy=-2.551 slipVel=-0.032 kappa=0.004 alpha=-0.292 Fz=6104.444 Fx=52.214 Fy=5506.208
[DEBUG] [Tire] FR grounded=1 omega=23.518 wheelSpeed=0.000 Vx=0.000 Vy=0.000 slipVel=0.000 kappa=0.000 alpha=0.000 Fz=0.000 Fx=0.000 Fy=0.000
[DEBUG] [Tire] RL grounded=1 omega=10.789 wheelSpeed=9.350 Vx=8.700 Vy=-0.712 slipVel=-0.650 kappa=0.070 alpha=-0.082 Fz=6109.886 Fx=3471.360 Fy=4651.948
[DEBUG] [Tire] RR grounded=1 omega=7.060 wheelSpeed=0.000 Vx=0.000 Vy=0.000 slipVel=0.000 kappa=0.000 alpha=0.000 Fz=0.000 Fx=0.000 Fy=0.000
[DEBUG] [Performance] FPS=60 PhysicsHz=120
[DEBUG] [Suspension] FL=0.198680 FR=0.000000 RL=0.199272 RR=0.000000
[DEBUG] [Wheel] FL=29.861835 FR=23.517761 RL=11.395840 RR=6.536178
[DEBUG] [Powertrain] gear=1 rpm=1444.756958 torque=0.000000 clutch=0.000000 running=1
[DEBUG] [Tire] FL grounded=1 omega=28.444 wheelSpeed=8.029 Vx=8.540 Vy=0.807 slipVel=0.511 kappa=-0.060 alpha=0.094 Fz=4443.104 Fx=-2264.010 Fy=-3562.397
[DEBUG] [Tire] FR grounded=1 omega=23.518 wheelSpeed=0.000 Vx=0.000 Vy=0.000 slipVel=0.000 kappa=0.000 alpha=0.000 Fz=0.000 Fx=0.000 Fy=0.000
[DEBUG] [Tire] RL grounded=1 omega=14.721 wheelSpeed=7.633 Vx=8.552 Vy=-1.354 slipVel=0.919 kappa=-0.107 alpha=-0.157 Fz=4006.540 Fx=-2803.995 Fy=2573.881
[DEBUG] [Tire] RR grounded=1 omega=2.539 wheelSpeed=4.409 Vx=7.261 Vy=-1.354 slipVel=2.853 kappa=-0.393 alpha=-0.184 Fz=2075.669 Fx=-1383.173 Fy=1405.405
[DEBUG] [Tire] FL grounded=1 omega=28.074 wheelSpeed=7.256 Vx=8.078 Vy=0.079 slipVel=0.822 kappa=-0.102 alpha=0.010 Fz=3859.181 Fx=-3645.488 Fy=-389.361
[DEBUG] [Tire] FR grounded=1 omega=24.620 wheelSpeed=6.447 Vx=7.270 Vy=0.079 slipVel=0.823 kappa=-0.113 alpha=0.011 Fz=3203.149 Fx=-3018.236 Fy=-387.359
[DEBUG] [Tire] RL grounded=1 omega=12.411 wheelSpeed=7.554 Vx=8.084 Vy=-1.302 slipVel=0.530 kappa=-0.066 alpha=-0.160 Fz=2390.216 Fx=-1411.742 Fy=1778.507
[DEBUG] [Tire] RR grounded=1 omega=9.411 wheelSpeed=7.286 Vx=7.263 Vy=-1.303 slipVel=-0.024 kappa=0.003 alpha=-0.178 Fz=2264.586 Fx=48.302 Fy=2144.766
[DEBUG] [Energy] x=101.763 y=3.145 z=422.590 vx=2.608 vy=0.337 vz=-7.148 total=73453.117 potential=36713.574 linear=34511.180 angular=306.345 wheels=1218.834 suspension=703.185 suspensionPower=-791.326 suspensionResidual=-0.001
[DEBUG] [Tire] FL grounded=1 omega=26.528 wheelSpeed=7.583 Vx=7.461 Vy=-3.027 slipVel=-0.122 kappa=0.016 alpha=-0.385 Fz=5757.459 Fx=658.353 Fy=5193.229
[DEBUG] [Tire] FR grounded=1 omega=21.931 wheelSpeed=7.007 Vx=6.750 Vy=-2.639 slipVel=-0.257 kappa=0.037 alpha=-0.373 Fz=405.833 Fx=164.254 Fy=348.802
[DEBUG] [Tire] RL grounded=1 omega=8.843 wheelSpeed=8.920 Vx=8.009 Vy=-0.473 slipVel=-0.910 kappa=0.102 alpha=-0.059 Fz=5030.576 Fx=3877.215 Fy=2794.011
[DEBUG] [Tire] RR grounded=1 omega=10.437 wheelSpeed=7.629 Vx=7.176 Vy=-0.473 slipVel=-0.453 kappa=0.059 alpha=-0.066 Fz=134.240 Fx=79.482 Fy=99.729
[DEBUG] [Suspension] FL=0.166355 FR=0.048657 RL=0.137819 RR=0.034804
[DEBUG] [Wheel] FL=27.204313 FR=21.981133 RL=8.441299 RR=10.522047
[DEBUG] [Powertrain] gear=1 rpm=1606.243652 torque=0.000000 clutch=0.000000 running=1
[DEBUG] [Tire] FL grounded=1 omega=27.862 wheelSpeed=7.657 Vx=7.662 Vy=-2.750 slipVel=0.006 kappa=-0.001 alpha=-0.345 Fz=5908.268 Fx=-115.395 Fy=5329.257
[DEBUG] [Tire] FR grounded=1 omega=22.003 wheelSpeed=0.000 Vx=0.000 Vy=0.000 slipVel=0.000 kappa=0.000 alpha=0.000 Fz=0.000 Fx=0.000 Fy=0.000
[DEBUG] [Tire] RL grounded=1 omega=7.572 wheelSpeed=8.852 Vx=8.055 Vy=-0.423 slipVel=-0.797 kappa=0.090 alpha=-0.052 Fz=5842.174 Fx=4592.194 Fy=3116.885
[DEBUG] [Tire] RR grounded=1 omega=10.938 wheelSpeed=7.793 Vx=7.049 Vy=-0.422 slipVel=-0.745 kappa=0.096 alpha=-0.060 Fz=116.936 Fx=86.924 Fy=69.174
[DEBUG] [Tire] FL grounded=1 omega=27.575 wheelSpeed=7.951 Vx=7.797 Vy=-2.545 slipVel=-0.153 kappa=0.019 alpha=-0.316 Fz=5998.367 Fx=856.647 Fy=5410.527
[DEBUG] [Tire] FR grounded=1 omega=22.167 wheelSpeed=7.092 Vx=6.805 Vy=-2.003 slipVel=-0.286 kappa=0.040 alpha=-0.286 Fz=206.752 Fx=90.829 Fy=174.151
[DEBUG] [Tire] RL grounded=1 omega=8.174 wheelSpeed=8.574 Vx=8.077 Vy=-0.434 slipVel=-0.497 kappa=0.058 alpha=-0.054 Fz=6002.342 Fx=3599.358 Fy=3954.038
[DEBUG] [Tire] RR grounded=1 omega=10.051 wheelSpeed=7.485 Vx=6.916 Vy=-0.434 slipVel=-0.569 kappa=0.076 alpha=-0.063 Fz=52.256 Fx=35.652 Fy=34.546
[DEBUG] [Suspension] FL=0.189918 FR=0.011595 RL=0.186011 RR=0.009109
[DEBUG] [Wheel] FL=26.896955 FR=22.195610 RL=7.721670 RR=9.126311
[DEBUG] [Powertrain] gear=1 rpm=1442.253174 torque=0.000000 clutch=0.000000 running=1
[DEBUG] [Tire] FL grounded=1 omega=27.837 wheelSpeed=7.119 Vx=8.093 Vy=1.452 slipVel=0.974 kappa=-0.120 alpha=0.178 Fz=5211.188 Fx=-3773.183 Fy=-3204.966
[DEBUG] [Tire] FR grounded=1 omega=21.721 wheelSpeed=7.076 Vx=6.872 Vy=1.452 slipVel=-0.205 kappa=0.029 alpha=0.208 Fz=812.753 Fx=264.592 Fy=-725.365
[DEBUG] [Tire] RL grounded=1 omega=9.105 wheelSpeed=8.846 Vx=8.108 Vy=-0.635 slipVel=-0.739 kappa=0.084 alpha=-0.078 Fz=5482.187 Fx=3545.643 Fy=3814.771
[DEBUG] [Tire] RR grounded=1 omega=8.777 wheelSpeed=7.205 Vx=6.858 Vy=-0.635 slipVel=-0.347 kappa=0.048 alpha=-0.092 Fz=691.256 Fx=305.525 Fy=581.292
[DEBUG] [Tire] FL grounded=1 omega=25.770 wheelSpeed=6.922 Vx=7.605 Vy=0.193 slipVel=0.683 kappa=-0.090 alpha=0.025 Fz=3107.920 Fx=-2792.810 Fy=-957.918
[DEBUG] [Tire] FR grounded=1 omega=23.375 wheelSpeed=6.062 Vx=7.056 Vy=0.193 slipVel=0.995 kappa=-0.141 alpha=0.027 Fz=3325.145 Fx=-2992.102 Fy=-1012.863
[DEBUG] [Tire] RL grounded=1 omega=26.208 wheelSpeed=3.325 Vx=7.609 Vy=-0.746 slipVel=4.284 kappa=-0.563 alpha=-0.098 Fz=2793.276 Fx=-1707.595 Fy=2031.201
[DEBUG] [Tire] RR grounded=1 omega=23.650 wheelSpeed=2.618 Vx=7.057 Vy=-0.746 slipVel=4.438 kappa=-0.629 alpha=-0.105 Fz=2419.695 Fx=-1471.918 Fy=1765.651
[DEBUG] [Energy] x=102.235 y=3.319 z=418.840 vx=-0.299 vy=0.353 vz=-7.243 total=72120.695 potential=38740.422 linear=31344.803 angular=257.547 wheels=1052.181 suspension=725.742 suspensionPower=-261.553 suspensionResidual=0.004
[DEBUG] [Tire] FL grounded=1 omega=26.236 wheelSpeed=7.318 Vx=7.367 Vy=-2.622 slipVel=0.049 kappa=-0.007 alpha=-0.342 Fz=4587.048 Fx=-328.861 Fy=4137.518
[DEBUG] [Tire] FR grounded=1 omega=21.687 wheelSpeed=6.894 Vx=6.661 Vy=-2.236 slipVel=-0.233 kappa=0.034 alpha=-0.324 Fz=1097.989 Fx=412.721 Fy=957.964
[DEBUG] [Tire] RL grounded=1 omega=27.562 wheelSpeed=2.617 Vx=7.733 Vy=-0.152 slipVel=5.116 kappa=-0.662 alpha=-0.020 Fz=5310.760 Fx=-4869.967 Fy=1081.575
[DEBUG] [Tire] RR grounded=1 omega=23.849 wheelSpeed=3.178 Vx=6.907 Vy=-0.152 slipVel=3.729 kappa=-0.540 alpha=-0.022 Fz=1304.438 Fx=-1178.843 Fy=382.078
[DEBUG] [Suspension] FL=0.150607 FR=0.054459 RL=0.149659 RR=0.036816
[DEBUG] [Wheel] FL=25.591488 FR=21.719866 RL=26.285938 RR=24.582100
[DEBUG] [Powertrain] gear=1 rpm=1338.626343 torque=0.000000 clutch=0.000000 running=1
[DEBUG] [Audio] Submitted bytes=13516800
[DEBUG] [Tire] FL grounded=1 omega=24.683 wheelSpeed=6.755 Vx=7.424 Vy=0.193 slipVel=0.669 kappa=-0.090 alpha=0.026 Fz=2691.417 Fx=-2411.620 Fy=-849.442
[DEBUG] [Tire] FR grounded=1 omega=23.819 wheelSpeed=6.391 Vx=7.153 Vy=0.193 slipVel=0.761 kappa=-0.106 alpha=0.027 Fz=2883.535 Fx=-2595.672 Fy=-875.540
[DEBUG] [Tire] RL grounded=1 omega=25.780 wheelSpeed=2.696 Vx=7.427 Vy=-0.274 slipVel=4.731 kappa=-0.637 alpha=-0.037 Fz=3301.807 Fx=-2746.170 Fy=1515.765
[DEBUG] [Tire] RR grounded=1 omega=25.276 wheelSpeed=2.635 Vx=7.149 Vy=-0.274 slipVel=4.514 kappa=-0.631 alpha=-0.038 Fz=3074.773 Fx=-2533.836 Fy=1453.312
[DEBUG] [Tire] FL grounded=1 omega=24.309 wheelSpeed=7.081 Vx=7.021 Vy=-2.718 slipVel=-0.061 kappa=0.009 alpha=-0.369 Fz=3950.615 Fx=269.051 Fy=3563.455
[DEBUG] [Tire] FR grounded=1 omega=21.426 wheelSpeed=6.755 Vx=6.553 Vy=-2.463 slipVel=-0.202 kappa=0.030 alpha=-0.360 Fz=1635.013 Fx=550.651 Fy=1452.380
[DEBUG] [Tire] RL grounded=1 omega=25.527 wheelSpeed=2.021 Vx=7.471 Vy=0.062 slipVel=5.450 kappa=-0.729 alpha=0.008 Fz=4360.129 Fx=-3998.239 Fy=-383.137
[DEBUG] [Tire] RR grounded=1 omega=23.780 wheelSpeed=2.677 Vx=6.925 Vy=0.062 slipVel=4.248 kappa=-0.613 alpha=0.009 Fz=1565.808 Fx=-1435.846 Fy=-184.037
[DEBUG] [Performance] FPS=59 PhysicsHz=120
[DEBUG] [Suspension] FL=0.121123 FR=0.074825 RL=0.128464 RR=0.066892
[DEBUG] [Wheel] FL=24.421326 FR=23.646229 RL=22.797359 RR=19.908691
[DEBUG] [Powertrain] gear=1 rpm=1229.990356 torque=0.000000 clutch=0.000000 running=1
[DEBUG] [Tire] FL grounded=1 omega=24.308 wheelSpeed=6.594 Vx=7.117 Vy=0.204 slipVel=0.523 kappa=-0.074 alpha=0.029 Fz=2884.470 Fx=-2498.955 Fy=-1124.355
[DEBUG] [Tire] FR grounded=1 omega=23.812 wheelSpeed=6.133 Vx=6.873 Vy=0.204 slipVel=0.740 kappa=-0.108 alpha=0.030 Fz=3509.892 Fx=-3135.155 Fy=-1135.343
[DEBUG] [Tire] RL grounded=1 omega=21.406 wheelSpeed=1.554 Vx=7.120 Vy=-0.216 slipVel=5.566 kappa=-0.782 alpha=-0.030 Fz=2544.979 Fx=-2202.708 Fy=996.743
[DEBUG] [Tire] RR grounded=1 omega=22.762 wheelSpeed=1.903 Vx=6.871 Vy=-0.216 slipVel=4.967 kappa=-0.723 alpha=-0.031 Fz=2768.612 Fx=-2380.762 Fy=1117.956
[DEBUG] [Tire] FL grounded=1 omega=21.285 wheelSpeed=6.972 Vx=6.595 Vy=-2.759 slipVel=-0.378 kappa=0.054 alpha=-0.396 Fz=3810.011 Fx=2026.219 Fy=2999.215
[DEBUG] [Tire] FR grounded=1 omega=20.699 wheelSpeed=6.532 Vx=6.311 Vy=-2.604 slipVel=-0.220 kappa=0.034 alpha=-0.391 Fz=2195.795 Fx=825.426 Fy=1915.747
[DEBUG] [Tire] RL grounded=1 omega=26.689 wheelSpeed=2.668 Vx=7.114 Vy=0.183 slipVel=4.446 kappa=-0.625 alpha=0.026 Fz=3821.281 Fx=-3418.725 Fy=-1220.980
[DEBUG] [Tire] RR grounded=1 omega=23.120 wheelSpeed=2.414 Vx=6.783 Vy=0.183 slipVel=4.369 kappa=-0.644 alpha=0.027 Fz=1753.569 Fx=-1545.769 Fy=-621.119
[DEBUG] [Energy] x=101.844 y=3.505 z=415.258 vx=-1.152 vy=0.349 vz=-6.795 total=71787.281 potential=40919.477 linear=28333.891 angular=143.901 wheels=1793.389 suspension=596.623 suspensionPower=-49.456 suspensionResidual=0.000
[DEBUG] [Tire] FL grounded=1 omega=22.132 wheelSpeed=7.158 Vx=7.110 Vy=0.339 slipVel=-0.048 kappa=0.007 alpha=0.048 Fz=2642.158 Fx=159.553 Fy=-1722.177
[DEBUG] [Tire] FR grounded=1 omega=23.004 wheelSpeed=6.283 Vx=6.719 Vy=0.338 slipVel=0.436 kappa=-0.065 alpha=0.050 Fz=3186.700 Fx=-2274.963 Fy=-1997.370
[DEBUG] [Tire] RL grounded=1 omega=24.040 wheelSpeed=2.365 Vx=7.115 Vy=-0.334 slipVel=4.750 kappa=-0.668 alpha=-0.047 Fz=2919.173 Fx=-2269.554 Fy=1593.688
[DEBUG] [Tire] RR grounded=1 omega=22.741 wheelSpeed=1.912 Vx=6.714 Vy=-0.334 slipVel=4.802 kappa=-0.715 alpha=-0.050 Fz=3076.955 Fx=-2347.677 Fy=1741.541
[DEBUG] [Suspension] FL=0.113308 FR=0.088324 RL=0.113782 RR=0.074470
[DEBUG] [Wheel] FL=22.469971 FR=23.024715 RL=24.346464 RR=23.113251
[DEBUG] [Powertrain] gear=1 rpm=1181.625732 torque=0.000000 clutch=0.000000 running=1
[DEBUG] [Tire] FL grounded=1 omega=21.712 wheelSpeed=7.028 Vx=6.681 Vy=-2.588 slipVel=-0.348 kappa=0.049 alpha=-0.370 Fz=3955.232 Fx=1948.691 Fy=3212.660
[DEBUG] [Tire] FR grounded=1 omega=20.484 wheelSpeed=6.455 Vx=6.257 Vy=-2.357 slipVel=-0.197 kappa=0.031 alpha=-0.360 Fz=1711.952 Fx=587.360 Fy=1516.587
[DEBUG] [Tire] RL grounded=1 omega=26.224 wheelSpeed=2.256 Vx=7.110 Vy=0.100 slipVel=4.854 kappa=-0.683 alpha=0.014 Fz=4333.468 Fx=-3973.790 Fy=-675.463
[DEBUG] [Tire] RR grounded=1 omega=22.860 wheelSpeed=2.349 Vx=6.614 Vy=0.100 slipVel=4.265 kappa=-0.645 alpha=0.015 Fz=1641.992 Fx=-1505.707 Fy=-329.805
[DEBUG] [Tire] FL grounded=1 omega=23.099 wheelSpeed=6.283 Vx=6.942 Vy=0.179 slipVel=0.658 kappa=-0.095 alpha=0.026 Fz=2598.014 Fx=-2337.998 Fy=-790.790
[DEBUG] [Tire] FR grounded=1 omega=22.554 wheelSpeed=5.914 Vx=6.725 Vy=0.179 slipVel=0.811 kappa=-0.121 alpha=0.027 Fz=3042.008 Fx=-2748.683 Fy=-892.360
[DEBUG] [Tire] RL grounded=1 omega=24.243 wheelSpeed=2.239 Vx=6.944 Vy=-0.193 slipVel=4.705 kappa=-0.678 alpha=-0.028 Fz=3044.521 Fx=-2672.144 Fy=1106.805
[DEBUG] [Tire] RR grounded=1 omega=23.394 wheelSpeed=1.946 Vx=6.723 Vy=-0.193 slipVel=4.777 kappa=-0.711 alpha=-0.029 Fz=3111.756 Fx=-2717.647 Fy=1163.327
[DEBUG] [Suspension] FL=0.102770 FR=0.093889 RL=0.108572 RR=0.086193
[DEBUG] [Wheel] FL=22.700211 FR=22.501677 RL=25.152729 RR=24.684860
[DEBUG] [Powertrain] gear=1 rpm=2011.602783 torque=242.449066 clutch=0.000000 running=1
[DEBUG] [Tire] FL grounded=1 omega=22.576 wheelSpeed=6.085 Vx=6.793 Vy=0.053 slipVel=0.708 kappa=-0.104 alpha=0.008 Fz=2541.200 Fx=-2403.735 Fy=-223.902
[DEBUG] [Tire] FR grounded=1 omega=22.485 wheelSpeed=5.805 Vx=6.752 Vy=0.053 slipVel=0.947 kappa=-0.140 alpha=0.008 Fz=3099.222 Fx=-2931.852 Fy=-270.038
[DEBUG] [Tire] RL grounded=1 omega=25.552 wheelSpeed=2.640 Vx=6.793 Vy=-0.018 slipVel=4.153 kappa=-0.611 alpha=-0.003 Fz=2954.581 Fx=-2709.351 Fy=96.980
[DEBUG] [Tire] RR grounded=1 omega=25.170 wheelSpeed=2.440 Vx=6.752 Vy=-0.017 slipVel=4.311 kappa=-0.639 alpha=-0.003 Fz=3133.198 Fx=-2873.142 Fy=103.011
[DEBUG] [Tire] FL grounded=1 omega=22.295 wheelSpeed=6.006 Vx=6.705 Vy=0.031 slipVel=0.700 kappa=-0.104 alpha=0.005 Fz=2509.956 Fx=-2380.914 Fy=-129.949
[DEBUG] [Tire] FR grounded=1 omega=22.325 wheelSpeed=5.721 Vx=6.700 Vy=0.031 slipVel=0.980 kappa=-0.146 alpha=0.005 Fz=3164.959 Fx=-3002.321 Fy=-162.406
[DEBUG] [Tire] RL grounded=1 omega=27.416 wheelSpeed=3.266 Vx=6.705 Vy=0.022 slipVel=3.439 kappa=-0.513 alpha=0.003 Fz=2886.328 Fx=-2646.763 Fy=-121.164
[DEBUG] [Tire] RR grounded=1 omega=26.908 wheelSpeed=2.985 Vx=6.700 Vy=0.022 slipVel=3.716 kappa=-0.555 alpha=0.003 Fz=3161.303 Fx=-2898.915 Fy=-133.246
[DEBUG] [Energy] x=101.160 y=3.685 z=411.908 vx=-1.318 vy=0.359 vz=-6.386 total=69920.805 potential=43017.234 linear=25371.326 angular=0.295 wheels=957.514 suspension=574.433 suspensionPower=-47.209 suspensionResidual=-0.000
[DEBUG] [Tire] FL grounded=1 omega=22.022 wheelSpeed=5.905 Vx=6.623 Vy=0.025 slipVel=0.718 kappa=-0.108 alpha=0.004 Fz=2539.053 Fx=-2409.713 Fy=-107.296
[DEBUG] [Tire] FR grounded=1 omega=22.068 wheelSpeed=5.629 Vx=6.624 Vy=0.025 slipVel=0.995 kappa=-0.150 alpha=0.004 Fz=3184.264 Fx=-3022.002 Fy=-135.779
[DEBUG] [Tire] RL grounded=1 omega=31.948 wheelSpeed=4.724 Vx=6.623 Vy=0.027 slipVel=1.899 kappa=-0.287 alpha=0.004 Fz=2869.911 Fx=-2631.708 Fy=-151.991
[DEBUG] [Tire] RR grounded=1 omega=31.550 wheelSpeed=4.481 Vx=6.624 Vy=0.027 slipVel=2.144 kappa=-0.324 alpha=0.004 Fz=3136.682 Fx=-2876.338 Fy=-166.479
[DEBUG] [Suspension] FL=0.091284 FR=0.106440 RL=0.095310 RR=0.097797
[DEBUG] [Wheel] FL=21.978592 FR=22.017887 RL=32.412590 RR=32.024246
[DEBUG] [Powertrain] gear=1 rpm=3608.402344 torque=0.000000 clutch=0.000000 running=1
[DEBUG] [Tire] FL grounded=1 omega=19.359 wheelSpeed=6.343 Vx=5.720 Vy=-2.977 slipVel=-0.623 kappa=0.098 alpha=-0.480 Fz=963.981 Fx=687.480 Fy=605.002
[DEBUG] [Tire] FR grounded=1 omega=20.664 wheelSpeed=6.802 Vx=5.681 Vy=-2.955 slipVel=-1.121 kappa=0.165 alpha=-0.480 Fz=1238.499 Fx=882.407 Fy=778.258
[DEBUG] [Tire] RL grounded=1 omega=35.326 wheelSpeed=5.572 Vx=6.448 Vy=0.076 slipVel=0.876 kappa=-0.136 alpha=0.012 Fz=3318.865 Fx=-3122.380 Fy=-437.781
[DEBUG] [Tire] RR grounded=1 omega=33.845 wheelSpeed=5.441 Vx=6.414 Vy=0.076 slipVel=0.974 kappa=-0.152 alpha=0.012 Fz=2552.159 Fx=-2399.729 Fy=-346.044
[DEBUG] [Audio] Callback count=1700 additionalBytes=8192 totalBytes=8192
[DEBUG] [Audio] Submitted bytes=13926400
[DEBUG] [Tire] FL grounded=1 omega=20.860 wheelSpeed=6.072 Vx=6.045 Vy=-2.501 slipVel=-0.027 kappa=0.004 alpha=-0.392 Fz=3168.327 Fx=108.587 Fy=2857.831
[DEBUG] [Tire] FR grounded=1 omega=18.675 wheelSpeed=5.864 Vx=5.697 Vy=-2.310 slipVel=-0.167 kappa=0.028 alpha=-0.385 Fz=1607.849 Fx=515.779 Fy=1437.740
[DEBUG] [Tire] RL grounded=1 omega=37.416 wheelSpeed=6.025 Vx=6.488 Vy=0.056 slipVel=0.462 kappa=-0.071 alpha=0.009 Fz=4393.921 Fx=-3577.956 Fy=-395.051
[DEBUG] [Tire] RR grounded=1 omega=32.975 wheelSpeed=5.756 Vx=6.108 Vy=0.055 slipVel=0.352 kappa=-0.058 alpha=0.009 Fz=1632.806 Fx=-1148.709 Fy=-193.231
[DEBUG] [Performance] FPS=60 PhysicsHz=120
[DEBUG] [Suspension] FL=0.093060 FR=0.071036 RL=0.127991 RR=0.066537
[DEBUG] [Wheel] FL=22.171062 FR=18.728449 RL=38.843704 RR=31.878151
[DEBUG] [Powertrain] gear=1 rpm=3357.015869 torque=0.000000 clutch=0.000000 running=1
[DEBUG] [Tire] FL grounded=1 omega=22.646 wheelSpeed=6.472 Vx=6.417 Vy=-2.120 slipVel=-0.055 kappa=0.008 alpha=-0.319 Fz=4320.418 Fx=265.335 Fy=3897.017
[DEBUG] [Tire] FR grounded=1 omega=18.746 wheelSpeed=5.922 Vx=5.742 Vy=-1.750 slipVel=-0.181 kappa=0.030 alpha=-0.296 Fz=1293.923 Fx=443.090 Fy=1146.590
[DEBUG] [Tire] RL grounded=1 omega=39.485 wheelSpeed=6.035 Vx=6.643 Vy=-0.089 slipVel=0.608 kappa=-0.092 alpha=-0.013 Fz=5262.729 Fx=-4957.408 Fy=648.106
[DEBUG] [Tire] RR grounded=1 omega=31.459 wheelSpeed=5.592 Vx=5.884 Vy=-0.089 slipVel=0.293 kappa=-0.050 alpha=-0.015 Fz=769.355 Fx=-471.327 Fy=155.436
[DEBUG] [Tire] FL grounded=1 omega=21.517 wheelSpeed=5.670 Vx=6.399 Vy=0.151 slipVel=0.728 kappa=-0.114 alpha=0.024 Fz=2807.419 Fx=-2563.094 Fy=-737.357
[DEBUG] [Tire] FR grounded=1 omega=20.581 wheelSpeed=5.285 Vx=6.180 Vy=0.151 slipVel=0.895 kappa=-0.145 alpha=0.024 Fz=3018.130 Fx=-2743.950 Fy=-831.691
[DEBUG] [Tire] RL grounded=1 omega=36.257 wheelSpeed=5.995 Vx=6.425 Vy=-0.241 slipVel=0.430 kappa=-0.067 alpha=-0.037 Fz=3624.426 Fx=-2864.455 Fy=1812.117
[DEBUG] [Tire] RR grounded=1 omega=34.244 wheelSpeed=5.711 Vx=6.175 Vy=-0.242 slipVel=0.464 kappa=-0.075 alpha=-0.039 Fz=2592.399 Fx=-2103.271 Fy=1281.223
[DEBUG] [Tire] FL grounded=1 omega=21.293 wheelSpeed=5.440 Vx=6.379 Vy=0.071 slipVel=0.939 kappa=-0.147 alpha=0.011 Fz=3078.596 Fx=-2898.832 Fy=-387.872
[DEBUG] [Tire] FR grounded=1 omega=21.057 wheelSpeed=5.510 Vx=6.340 Vy=0.071 slipVel=0.830 kappa=-0.131 alpha=0.011 Fz=2750.528 Fx=-2590.521 Fy=-342.023
[DEBUG] [Tire] RL grounded=1 omega=33.662 wheelSpeed=5.972 Vx=6.379 Vy=0.004 slipVel=0.407 kappa=-0.064 alpha=0.001 Fz=1499.823 Fx=-1156.397 Fy=-12.364
[DEBUG] [Tire] RR grounded=1 omega=35.675 wheelSpeed=5.943 Vx=6.343 Vy=-0.004 slipVel=0.400 kappa=-0.063 alpha=-0.001 Fz=3421.958 Fx=-2585.781 Fy=29.460
[DEBUG] [Energy] x=100.340 y=3.749 z=408.727 vx=-1.897 vy=-0.014 vz=-6.193 total=72231.766 potential=43760.230 linear=24962.652 angular=16.176 wheels=2972.400 suspension=520.302 suspensionPower=-343.336 suspensionResidual=-0.007
[DEBUG] [Suspension] FL=0.103480 FR=0.089982 RL=0.094008 RR=0.076365
[DEBUG] [Wheel] FL=21.268606 FR=21.465029 RL=33.704082 RR=33.145321
[DEBUG] [Powertrain] gear=1 rpm=3113.063721 torque=0.000000 clutch=0.000000 running=1
[DEBUG] [Tire] FL grounded=1 omega=21.810 wheelSpeed=5.676 Vx=6.516 Vy=0.002 slipVel=0.840 kappa=-0.129 alpha=0.000 Fz=2893.247 Fx=-2748.559 Fy=-11.923
[DEBUG] [Tire] FR grounded=1 omega=21.703 wheelSpeed=5.632 Vx=6.507 Vy=0.002 slipVel=0.875 kappa=-0.135 alpha=0.000 Fz=2916.135 Fx=-2770.303 Fy=-11.752
[DEBUG] [Tire] RL grounded=1 omega=35.365 wheelSpeed=6.057 Vx=6.516 Vy=-0.013 slipVel=0.459 kappa=-0.070 alpha=-0.002 Fz=2534.313 Fx=-2125.889 Fy=65.349
[DEBUG] [Tire] RR grounded=1 omega=35.233 wheelSpeed=6.045 Vx=6.507 Vy=-0.013 slipVel=0.461 kappa=-0.071 alpha=-0.002 Fz=2443.251 Fx=-2061.994 Fy=63.154
[DEBUG] [Tire] FL grounded=1 omega=21.879 wheelSpeed=5.741 Vx=6.568 Vy=0.002 slipVel=0.827 kappa=-0.126 alpha=0.000 Fz=2797.783 Fx=-2657.882 Fy=-8.031
[DEBUG] [Tire] FR grounded=1 omega=21.859 wheelSpeed=5.693 Vx=6.567 Vy=0.002 slipVel=0.874 kappa=-0.133 alpha=0.000 Fz=2890.264 Fx=-2745.740 Fy=-8.010
[DEBUG] [Tire] RL grounded=1 omega=31.727 wheelSpeed=7.275 Vx=6.568 Vy=-0.000 slipVel=-0.707 kappa=0.097 alpha=-0.000 Fz=3051.001 Fx=2898.450 Fy=2.136
[DEBUG] [Tire] RR grounded=1 omega=31.738 wheelSpeed=7.269 Vx=6.567 Vy=-0.000 slipVel=-0.702 kappa=0.097 alpha=-0.000 Fz=3030.955 Fx=2879.407 Fy=1.678
[DEBUG] [Suspension] FL=0.093179 FR=0.091403 RL=0.098862 RR=0.093297
[DEBUG] [Wheel] FL=20.401140 FR=20.734859 RL=22.611570 RR=23.161585
[DEBUG] [Powertrain] gear=1 rpm=5310.172363 torque=295.867584 clutch=0.000000 running=1
[DEBUG] [Tire] FL grounded=1 omega=21.369 wheelSpeed=6.782 Vx=6.529 Vy=-3.146 slipVel=-0.254 kappa=0.037 alpha=-0.449 Fz=2404.685 Fx=990.399 Fy=2058.598
[DEBUG] [Tire] FR grounded=1 omega=20.813 wheelSpeed=6.609 Vx=6.385 Vy=-3.068 slipVel=-0.225 kappa=0.034 alpha=-0.448 Fz=1251.809 Fx=474.057 Fy=1090.647
[DEBUG] [Tire] RL grounded=1 omega=36.343 wheelSpeed=7.176 Vx=7.240 Vy=0.086 slipVel=0.064 kappa=-0.009 alpha=0.012 Fz=4773.323 Fx=-425.143 Fy=-579.782
[DEBUG] [Tire] RR grounded=1 omega=32.766 wheelSpeed=7.664 Vx=7.072 Vy=0.086 slipVel=-0.593 kappa=0.077 alpha=0.012 Fz=3478.808 Fx=3018.731 Fy=-544.231
[DEBUG] [Tire] FL grounded=1 omega=23.810 wheelSpeed=7.094 Vx=7.014 Vy=-2.950 slipVel=-0.079 kappa=0.011 alpha=-0.398 Fz=3314.463 Fx=370.139 Fy=2989.646
[DEBUG] [Tire] FR grounded=1 omega=21.516 wheelSpeed=6.854 Vx=6.610 Vy=-2.729 slipVel=-0.244 kappa=0.036 alpha=-0.392 Fz=964.278 Fx=379.781 Fy=833.630
[DEBUG] [Tire] RL grounded=1 omega=41.946 wheelSpeed=6.935 Vx=7.576 Vy=-0.020 slipVel=0.642 kappa=-0.085 alpha=-0.003 Fz=5030.611 Fx=-4717.223 Fy=113.778
[DEBUG] [Tire] RR grounded=1 omega=33.737 wheelSpeed=5.448 Vx=7.104 Vy=-0.019 slipVel=1.655 kappa=-0.233 alpha=-0.003 Fz=2514.998 Fx=-2311.132 Fy=87.852
[DEBUG] [Tire] FL grounded=1 omega=25.213 wheelSpeed=6.859 Vx=7.485 Vy=0.291 slipVel=0.626 kappa=-0.084 alpha=0.039 Fz=3074.726 Fx=-2549.963 Fy=-1424.734
[DEBUG] [Tire] FR grounded=1 omega=23.018 wheelSpeed=6.834 Vx=7.080 Vy=0.291 slipVel=0.246 kappa=-0.035 alpha=0.041 Fz=2605.271 Fx=-1122.130 Fy=-1473.809
[DEBUG] [Tire] RL grounded=1 omega=38.413 wheelSpeed=6.786 Vx=7.490 Vy=-0.406 slipVel=0.704 kappa=-0.094 alpha=-0.054 Fz=3418.037 Fx=-2645.533 Fy=1882.828
[DEBUG] [Tire] RR grounded=1 omega=36.235 wheelSpeed=6.297 Vx=7.075 Vy=-0.406 slipVel=0.778 kappa=-0.110 alpha=-0.057 Fz=2839.423 Fx=-2206.788 Fy=1551.237
[DEBUG] [Energy] x=99.256 y=3.657 z=405.423 vx=-2.591 vy=-0.172 vz=-6.802 total=76506.141 potential=42693.824 linear=31540.715 angular=80.210 wheels=1567.084 suspension=624.307 suspensionPower=-59.790 suspensionResidual=0.001
[DEBUG] [Suspension] FL=0.106677 FR=0.061445 RL=0.136753 RR=0.086903
[DEBUG] [Wheel] FL=25.102446 FR=24.131546 RL=38.603455 RR=36.725327
[DEBUG] [Powertrain] gear=1 rpm=4698.076172 torque=294.597839 clutch=0.000000 running=1
[DEBUG] [Tire] FL grounded=1 omega=25.351 wheelSpeed=6.884 Vx=7.574 Vy=0.051 slipVel=0.690 kappa=-0.091 alpha=0.007 Fz=2737.439 Fx=-2590.803 Fy=-225.147
[DEBUG] [Tire] FR grounded=1 omega=24.636 wheelSpeed=6.965 Vx=7.478 Vy=0.051 slipVel=0.513 kappa=-0.069 alpha=0.007 Fz=2360.391 Fx=-1938.097 Fy=-210.415
[DEBUG] [Tire] RL grounded=1 omega=42.856 wheelSpeed=10.960 Vx=7.575 Vy=-0.113 slipVel=-3.385 kappa=0.309 alpha=-0.015 Fz=3562.831 Fx=3160.231 Fy=678.396
[DEBUG] [Tire] RR grounded=1 omega=45.669 wheelSpeed=11.655 Vx=7.477 Vy=-0.113 slipVel=-4.178 kappa=0.358 alpha=-0.015 Fz=3074.663 Fx=2727.226 Fy=619.737
[DEBUG] [Tire] FL grounded=1 omega=25.275 wheelSpeed=8.057 Vx=8.070 Vy=-0.013 slipVel=0.013 kappa=-0.002 alpha=-0.002 Fz=2001.980 Fx=-66.674 Fy=42.279
[DEBUG] [Tire] FR grounded=1 omega=25.147 wheelSpeed=8.018 Vx=8.048 Vy=-0.009 slipVel=0.030 kappa=-0.004 alpha=-0.001 Fz=1090.606 Fx=-61.400 Fy=14.822
[DEBUG] [Tire] RL grounded=1 omega=43.607 wheelSpeed=11.375 Vx=8.070 Vy=-0.048 slipVel=-3.305 kappa=0.291 alpha=-0.006 Fz=3977.044 Fx=3527.638 Fy=263.928
[DEBUG] [Tire] RR grounded=1 omega=45.784 wheelSpeed=12.069 Vx=8.049 Vy=-0.048 slipVel=-4.019 kappa=0.333 alpha=-0.006 Fz=3971.050 Fx=3522.322 Fy=262.909
[DEBUG] [Audio] Submitted bytes=14336000
[DEBUG] [Performance] FPS=59 PhysicsHz=120
[DEBUG] [Suspension] FL=0.082285 FR=0.055170 RL=0.128938 RR=0.116505
[DEBUG] [Wheel] FL=26.248363 FR=26.132011 RL=39.083084 RR=35.911583
[DEBUG] [Powertrain] gear=1 rpm=6152.400391 torque=291.337036 clutch=0.000000 running=1
[DEBUG] [Tire] FL grounded=1 omega=26.797 wheelSpeed=8.520 Vx=8.553 Vy=-0.034 slipVel=0.034 kappa=-0.004 alpha=-0.004 Fz=1995.078 Fx=-117.354 Fy=100.965
[DEBUG] [Tire] FR grounded=1 omega=26.728 wheelSpeed=8.500 Vx=8.570 Vy=-0.022 slipVel=0.070 kappa=-0.008 alpha=-0.003 Fz=1044.391 Fx=-112.425 Fy=34.413
[DEBUG] [Tire] RL grounded=1 omega=52.657 wheelSpeed=14.253 Vx=8.553 Vy=-0.006 slipVel=-5.700 kappa=0.400 alpha=-0.001 Fz=3935.073 Fx=3490.409 Fy=30.922
[DEBUG] [Tire] RR grounded=1 omega=46.269 wheelSpeed=12.466 Vx=8.569 Vy=-0.006 slipVel=-3.897 kappa=0.313 alpha=-0.001 Fz=4547.537 Fx=4033.665 Fy=29.224
[DEBUG] [Tire] FL grounded=1 omega=27.799 wheelSpeed=9.033 Vx=8.930 Vy=-0.012 slipVel=-0.103 kappa=0.011 alpha=-0.001 Fz=2508.948 Fx=290.302 Fy=42.566
[DEBUG] [Tire] FR grounded=1 omega=27.986 wheelSpeed=8.992 Vx=8.935 Vy=0.006 slipVel=-0.057 kappa=0.006 alpha=0.001 Fz=1345.218 Fx=76.281 Fy=-12.287
[DEBUG] [Tire] RL grounded=1 omega=26.498 wheelSpeed=14.159 Vx=8.930 Vy=-0.004 slipVel=-5.229 kappa=0.369 alpha=-0.000 Fz=3396.674 Fx=3012.850 Fy=20.159
[DEBUG] [Tire] RR grounded=1 omega=23.613 wheelSpeed=13.695 Vx=8.935 Vy=-0.004 slipVel=-4.760 kappa=0.348 alpha=-0.000 Fz=4487.546 Fx=3980.454 Fy=19.202
[DEBUG] [Tire] FL grounded=1 omega=28.698 wheelSpeed=9.166 Vx=9.181 Vy=-0.001 slipVel=0.015 kappa=-0.002 alpha=-0.000 Fz=1107.495 Fx=-36.980 Fy=1.670
[DEBUG] [Tire] FR grounded=1 omega=28.773 wheelSpeed=9.161 Vx=9.193 Vy=0.020 slipVel=0.032 kappa=-0.003 alpha=0.002 Fz=1794.575 Fx=-96.835 Fy=-49.653
[DEBUG] [Tire] RL grounded=1 omega=43.644 wheelSpeed=11.118 Vx=9.185 Vy=0.021 slipVel=-1.933 kappa=0.174 alpha=0.002 Fz=3119.336 Fx=2962.131 Fy=-85.672
[DEBUG] [Tire] RR grounded=1 omega=40.133 wheelSpeed=9.920 Vx=9.194 Vy=0.031 slipVel=-0.727 kappa=0.073 alpha=0.003 Fz=3367.545 Fx=2805.769 Fy=-141.748
[DEBUG] [Energy] x=97.701 y=3.549 z=401.500 vx=-3.462 vy=-0.327 vz=-8.672 total=97441.656 potential=41431.676 linear=51944.547 angular=5.683 wheels=3491.407 suspension=568.349 suspensionPower=537.358 suspensionResidual=-0.001
[DEBUG] [Suspension] FL=0.074470 FR=0.051736 RL=0.112716 RR=0.130240
[DEBUG] [Wheel] FL=28.946262 FR=29.059935 RL=35.008354 RR=31.167133
[DEBUG] [Powertrain] gear=1 rpm=6356.405762 torque=291.827454 clutch=0.000000 running=1
[DEBUG] [Tire] FL grounded=1 omega=30.208 wheelSpeed=9.654 Vx=9.698 Vy=-0.012 slipVel=0.044 kappa=-0.005 alpha=-0.001 Fz=407.947 Fx=-26.827 Fy=6.152
[DEBUG] [Tire] FR grounded=1 omega=30.205 wheelSpeed=9.614 Vx=9.704 Vy=-0.010 slipVel=0.090 kappa=-0.009 alpha=-0.001 Fz=910.339 Fx=-109.467 Fy=11.384
[DEBUG] [Tire] RL grounded=1 omega=43.001 wheelSpeed=9.931 Vx=9.702 Vy=-0.020 slipVel=-0.229 kappa=0.023 alpha=-0.002 Fz=3831.539 Fx=891.445 Fy=86.213
[DEBUG] [Tire] RR grounded=1 omega=42.143 wheelSpeed=10.152 Vx=9.702 Vy=-0.006 slipVel=-0.450 kappa=0.044 alpha=-0.001 Fz=4013.711 Fx=1937.247 Fy=28.135
[DEBUG] [Tire] FL grounded=1 omega=31.738 wheelSpeed=10.107 Vx=10.179 Vy=0.016 slipVel=0.072 kappa=-0.007 alpha=0.002 Fz=1096.507 Fx=-103.624 Fy=-21.304
[DEBUG] [Tire] FR grounded=1 omega=31.862 wheelSpeed=10.144 Vx=10.182 Vy=0.018 slipVel=0.038 kappa=-0.004 alpha=0.002 Fz=1927.086 Fx=-109.548 Fy=-42.775
[DEBUG] [Tire] RL grounded=1 omega=45.196 wheelSpeed=12.159 Vx=10.184 Vy=0.020 slipVel=-1.975 kappa=0.162 alpha=0.002 Fz=4327.759 Fx=4110.600 Fy=-79.588
[DEBUG] [Tire] RR grounded=1 omega=44.375 wheelSpeed=11.723 Vx=10.183 Vy=0.022 slipVel=-1.541 kappa=0.131 alpha=0.002 Fz=3942.108 Fx=3744.156 Fy=-79.631
[DEBUG] [Suspension] FL=0.044513 FR=0.055525 RL=0.122544 RR=0.129885
[DEBUG] [Wheel] FL=32.964008 FR=33.022102 RL=40.041939 RR=33.982315
[DEBUG] [Powertrain] gear=1 rpm=7000.000000 torque=281.778473 clutch=0.000000 running=1
[DEBUG] [Tire] FL grounded=1 omega=33.551 wheelSpeed=10.685 Vx=10.728 Vy=0.088 slipVel=0.043 kappa=-0.004 alpha=0.008 Fz=1814.985 Fx=-108.106 Fy=-194.724
[DEBUG] [Tire] FR grounded=1 omega=33.580 wheelSpeed=10.693 Vx=10.727 Vy=0.090 slipVel=0.034 kappa=-0.003 alpha=0.008 Fz=2204.299 Fx=-110.039 Fy=-240.907
[DEBUG] [Tire] RL grounded=1 omega=52.354 wheelSpeed=13.676 Vx=10.732 Vy=0.091 slipVel=-2.944 kappa=0.215 alpha=0.008 Fz=2725.885 Fx=2477.161 Fy=-299.838
[DEBUG] [Tire] RR grounded=1 omega=46.899 wheelSpeed=11.334 Vx=10.726 Vy=0.088 slipVel=-0.608 kappa=0.054 alpha=0.008 Fz=1941.547 Fx=1220.667 Fy=-206.542
[DEBUG] [Tire] FL grounded=1 omega=35.433 wheelSpeed=11.285 Vx=11.327 Vy=0.054 slipVel=0.042 kappa=-0.004 alpha=0.005 Fz=2000.214 Fx=-112.693 Fy=-121.949
[DEBUG] [Tire] FR grounded=1 omega=35.446 wheelSpeed=11.290 Vx=11.318 Vy=0.055 slipVel=0.028 kappa=-0.003 alpha=0.005 Fz=2624.922 Fx=-112.387 Fy=-163.385
[DEBUG] [Tire] RL grounded=1 omega=57.706 wheelSpeed=15.455 Vx=11.327 Vy=0.040 slipVel=-4.127 kappa=0.267 alpha=0.004 Fz=2950.549 Fx=2617.137 Fy=-133.612
[DEBUG] [Tire] RR grounded=1 omega=53.846 wheelSpeed=14.375 Vx=11.318 Vy=0.041 slipVel=-3.057 kappa=0.213 alpha=0.004 Fz=3226.376 Fx=2946.052 Fy=-149.696
[DEBUG] [Tire] FL grounded=1 omega=37.270 wheelSpeed=11.914 Vx=11.912 Vy=0.047 slipVel=-0.002 kappa=0.000 alpha=0.004 Fz=1979.508 Fx=-26.175 Fy=-100.033
[DEBUG] [Tire] FR grounded=1 omega=37.226 wheelSpeed=11.913 Vx=11.896 Vy=0.048 slipVel=-0.016 kappa=0.001 alpha=0.004 Fz=2458.899 Fx=0.745 Fy=-126.865
[DEBUG] [Tire] RL grounded=1 omega=49.552 wheelSpeed=16.017 Vx=11.913 Vy=0.023 slipVel=-4.104 kappa=0.256 alpha=0.002 Fz=3863.800 Fx=3427.190 Fy=-81.128
[DEBUG] [Tire] RR grounded=1 omega=49.436 wheelSpeed=16.033 Vx=11.897 Vy=0.024 slipVel=-4.136 kappa=0.258 alpha=0.002 Fz=3990.689 Fx=3539.741 Fy=-87.422
[DEBUG] [Suspension] FL=0.060024 FR=0.077549 RL=0.113545 RR=0.119347
[DEBUG] [Wheel] FL=37.626411 FR=37.624561 RL=36.314178 RR=35.908997
[DEBUG] [Powertrain] gear=1 rpm=7000.000000 torque=280.718323 clutch=0.000000 running=1
[DEBUG] [Energy] x=95.708 y=3.183 z=396.445 vx=-4.332 vy=-0.969 vz=-11.158 total=131068.680 potential=37161.879 linear=85802.828 angular=8.320 wheels=7536.266 suspension=559.394 suspensionPower=-1123.975 suspensionResidual=0.003
[DEBUG] [Tire] FL grounded=1 omega=37.483 wheelSpeed=12.092 Vx=11.997 Vy=0.025 slipVel=-0.095 kappa=0.008 alpha=0.002 Fz=2773.275 Fx=206.085 Fy=-72.893
[DEBUG] [Tire] FR grounded=1 omega=37.391 wheelSpeed=12.104 Vx=11.989 Vy=0.026 slipVel=-0.116 kappa=0.010 alpha=0.002 Fz=3134.895 Fx=293.765 Fy=-86.983
[DEBUG] [Tire] RL grounded=1 omega=50.783 wheelSpeed=15.150 Vx=11.998 Vy=0.013 slipVel=-3.153 kappa=0.208 alpha=0.001 Fz=3321.699 Fx=3061.164 Fy=-46.007
[DEBUG] [Tire] RR grounded=1 omega=50.743 wheelSpeed=15.139 Vx=11.989 Vy=0.014 slipVel=-3.150 kappa=0.208 alpha=0.001 Fz=3325.582 Fx=3064.759 Fy=-49.175
[DEBUG] [Tire] FL grounded=1 omega=38.199 wheelSpeed=12.136 Vx=11.696 Vy=-5.623 slipVel=-0.441 kappa=0.036 alpha=-0.448 Fz=3036.331 Fx=1218.299 Fy=2614.607
[DEBUG] [Tire] FR grounded=1 omega=36.877 wheelSpeed=11.755 Vx=11.372 Vy=-5.445 slipVel=-0.384 kappa=0.033 alpha=-0.447 Fz=951.277 Fx=346.956 Fy=834.458
[DEBUG] [Tire] RL grounded=1 omega=65.842 wheelSpeed=21.668 Vx=12.966 Vy=0.035 slipVel=-8.702 kappa=0.402 alpha=0.003 Fz=5437.835 Fx=4823.360 Fy=-119.176
[DEBUG] [Tire] RR grounded=1 omega=87.081 wheelSpeed=27.428 Vx=12.584 Vy=0.037 slipVel=-14.843 kappa=0.541 alpha=0.003 Fz=2970.263 Fx=2634.623 Fy=-110.518
[DEBUG] [Performance] FPS=58 PhysicsHz=120
[DEBUG] [Suspension] FL=0.080154 FR=0.062156 RL=0.146581 RR=0.116624
[DEBUG] [Wheel] FL=41.798191 FR=40.787319 RL=55.453041 RR=91.291924
[DEBUG] [Powertrain] gear=2 rpm=6434.303223 torque=289.205811 clutch=0.000000 running=1
[DEBUG] [Audio] Callback count=1800 additionalBytes=8192 totalBytes=8192
[DEBUG] [Audio] GenerateAudio rpm=6375.028320 torque=289.268433 speed=47.759178 slip=0.560652 running=1
[DEBUG] [Audio] Submitted bytes=14745600
[DEBUG] [Tire] FL grounded=1 omega=42.450 wheelSpeed=13.531 Vx=13.581 Vy=0.126 slipVel=0.050 kappa=-0.004 alpha=0.009 Fz=1998.238 Fx=-111.490 Fy=-242.587
[DEBUG] [Tire] FR grounded=1 omega=41.594 wheelSpeed=13.247 Vx=13.357 Vy=0.127 slipVel=0.111 kappa=-0.008 alpha=0.010 Fz=1232.355 Fx=-134.300 Fy=-153.422
[DEBUG] [Tire] RL grounded=1 omega=54.260 wheelSpeed=17.605 Vx=13.584 Vy=-0.257 slipVel=-4.021 kappa=0.228 alpha=-0.019 Fz=5145.937 Fx=4591.152 Fy=1020.340
[DEBUG] [Tire] RR grounded=1 omega=95.842 wheelSpeed=30.431 Vx=13.354 Vy=-0.255 slipVel=-17.076 kappa=0.561 alpha=-0.019 Fz=4032.203 Fx=3576.564 Fy=922.420
[DEBUG] [Tire] FL grounded=1 omega=44.283 wheelSpeed=14.110 Vx=14.153 Vy=-0.028 slipVel=0.043 kappa=-0.003 alpha=-0.002 Fz=2606.989 Fx=-128.289 Fy=65.638
[DEBUG] [Tire] FR grounded=1 omega=43.836 wheelSpeed=13.974 Vx=14.065 Vy=-0.028 slipVel=0.091 kappa=-0.006 alpha=-0.002 Fz=1286.219 Fx=-113.227 Fy=32.379
[DEBUG] [Tire] RL grounded=1 omega=49.401 wheelSpeed=15.497 Vx=14.155 Vy=-0.180 slipVel=-1.342 kappa=0.087 alpha=-0.013 Fz=5117.365 Fx=4727.935 Fy=639.705
[DEBUG] [Tire] RR grounded=1 omega=97.316 wheelSpeed=30.285 Vx=14.064 Vy=-0.177 slipVel=-16.221 kappa=0.536 alpha=-0.013 Fz=4032.321 Fx=3576.669 Fy=585.527
[DEBUG] [Tire] FL grounded=1 omega=46.170 wheelSpeed=14.738 Vx=14.762 Vy=-0.078 slipVel=0.024 kappa=-0.002 alpha=-0.005 Fz=2344.682 Fx=-77.274 Fy=158.474
[DEBUG] [Tire] FR grounded=1 omega=46.058 wheelSpeed=14.689 Vx=14.746 Vy=-0.076 slipVel=0.057 kappa=-0.004 alpha=-0.005 Fz=1788.874 Fx=-104.483 Fy=118.062
[DEBUG] [Tire] RL grounded=1 omega=48.265 wheelSpeed=16.983 Vx=14.762 Vy=-0.102 slipVel=-2.221 kappa=0.131 alpha=-0.007 Fz=4799.572 Fx=4550.988 Fy=279.998
[DEBUG] [Tire] RR grounded=1 omega=93.461 wheelSpeed=31.003 Vx=14.747 Vy=-0.099 slipVel=-16.256 kappa=0.524 alpha=-0.007 Fz=4076.217 Fx=3615.604 Fy=299.887
[DEBUG] [Suspension] FL=0.076246 FR=0.051973 RL=0.162329 RR=0.132135
[DEBUG] [Wheel] FL=46.476128 FR=46.395786 RL=49.477745 RR=93.452293
[DEBUG] [Powertrain] gear=2 rpm=6268.334473 torque=291.003845 clutch=0.000000 running=1
[DEBUG] [Energy] x=93.131 y=2.741 z=390.222 vx=-5.957 vy=-0.749 vz=-13.620 total=178599.516 potential=31992.646 linear=131819.203 angular=9.050 wheels=13993.596 suspension=785.028 suspensionPower=-43.150 suspensionResidual=-0.007
[DEBUG] [Tire] FL grounded=1 omega=48.096 wheelSpeed=15.344 Vx=15.393 Vy=-0.088 slipVel=0.049 kappa=-0.003 alpha=-0.006 Fz=1943.429 Fx=-97.512 Fy=142.448
[DEBUG] [Tire] FR grounded=1 omega=48.116 wheelSpeed=15.345 Vx=15.406 Vy=-0.085 slipVel=0.061 kappa=-0.004 alpha=-0.006 Fz=1855.320 Fx=-110.215 Fy=132.529
[DEBUG] [Tire] RL grounded=1 omega=47.749 wheelSpeed=17.406 Vx=15.393 Vy=-0.060 slipVel=-2.013 kappa=0.116 alpha=-0.004 Fz=5185.556 Fx=4923.862 Fy=154.271
[DEBUG] [Tire] RR grounded=1 omega=90.712 wheelSpeed=30.579 Vx=15.408 Vy=-0.060 slipVel=-15.171 kappa=0.496 alpha=-0.004 Fz=4183.495 Fx=3710.760 Fy=169.327
[DEBUG] [Tire] FL grounded=1 omega=50.025 wheelSpeed=15.953 Vx=16.030 Vy=-0.049 slipVel=0.077 kappa=-0.005 alpha=-0.003 Fz=1686.695 Fx=-115.921 Fy=66.314
[DEBUG] [Tire] FR grounded=1 omega=50.148 wheelSpeed=15.991 Vx=16.063 Vy=-0.047 slipVel=0.073 kappa=-0.005 alpha=-0.003 Fz=1815.814 Fx=-119.081 Fy=67.815
[DEBUG] [Tire] RL grounded=1 omega=56.419 wheelSpeed=17.200 Vx=16.029 Vy=0.013 slipVel=-1.171 kappa=0.068 alpha=0.001 Fz=4840.833 Fx=3582.284 Fy=-33.674
[DEBUG] [Tire] RR grounded=1 omega=88.550 wheelSpeed=27.733 Vx=16.064 Vy=0.016 slipVel=-11.669 kappa=0.421 alpha=0.001 Fz=4636.208 Fx=4112.317 Fy=-42.382
[DEBUG] [Suspension] FL=0.062156 FR=0.058840 RL=0.161855 RR=0.147173
[DEBUG] [Wheel] FL=51.367245 FR=51.522259 RL=57.891125 RR=86.532310
[DEBUG] [Powertrain] gear=2 rpm=6017.865723 torque=292.579712 clutch=0.000000 running=1
[DEBUG] [Tire] FL grounded=1 omega=52.047 wheelSpeed=16.601 Vx=16.685 Vy=-0.023 slipVel=0.084 kappa=-0.005 alpha=-0.001 Fz=1606.415 Fx=-115.139 Fy=28.037
[DEBUG] [Tire] FR grounded=1 omega=52.209 wheelSpeed=16.651 Vx=16.721 Vy=-0.020 slipVel=0.070 kappa=-0.004 alpha=-0.001 Fz=1904.881 Fx=-117.125 Fy=29.428
[DEBUG] [Tire] RL grounded=1 omega=58.966 wheelSpeed=17.763 Vx=16.684 Vy=0.044 slipVel=-1.079 kappa=0.061 alpha=0.003 Fz=4617.625 Fx=3052.083 Fy=-114.278
[DEBUG] [Tire] RR grounded=1 omega=83.642 wheelSpeed=26.140 Vx=16.722 Vy=0.047 slipVel=-9.419 kappa=0.360 alpha=0.003 Fz=4583.999 Fx=4066.007 Fy=-122.904
[DEBUG] [Tire] FL grounded=1 omega=54.106 wheelSpeed=17.258 Vx=17.349 Vy=-0.004 slipVel=0.091 kappa=-0.005 alpha=-0.000 Fz=1604.700 Fx=-118.528 Fy=4.936
[DEBUG] [Tire] FR grounded=1 omega=54.274 wheelSpeed=17.311 Vx=17.381 Vy=-0.002 slipVel=0.070 kappa=-0.004 alpha=-0.000 Fz=1982.697 Fx=-118.753 Fy=2.177
[DEBUG] [Tire] RL grounded=1 omega=61.165 wheelSpeed=18.540 Vx=17.348 Vy=0.056 slipVel=-1.192 kappa=0.064 alpha=0.003 Fz=4558.200 Fx=3205.226 Fy=-142.527
[DEBUG] [Tire] RR grounded=1 omega=79.582 wheelSpeed=24.849 Vx=17.382 Vy=0.060 slipVel=-7.467 kappa=0.300 alpha=0.003 Fz=4601.889 Fx=4081.875 Fy=-151.416
[DEBUG] [Tire] FL grounded=1 omega=56.186 wheelSpeed=17.922 Vx=18.017 Vy=0.003 slipVel=0.095 kappa=-0.005 alpha=0.000 Fz=1628.436 Fx=-121.038 Fy=-3.647
[DEBUG] [Tire] FR grounded=1 omega=56.345 wheelSpeed=17.974 Vx=18.046 Vy=0.006 slipVel=0.072 kappa=-0.004 alpha=0.000 Fz=2013.870 Fx=-120.113 Fy=-8.461
[DEBUG] [Tire] RL grounded=1 omega=63.386 wheelSpeed=19.234 Vx=18.017 Vy=0.057 slipVel=-1.217 kappa=0.063 alpha=0.003 Fz=4587.965 Fx=3170.585 Fy=-138.767
[DEBUG] [Tire] RR grounded=1 omega=75.192 wheelSpeed=23.467 Vx=18.046 Vy=0.061 slipVel=-5.421 kappa=0.231 alpha=0.003 Fz=4640.281 Fx=4130.660 Fy=-147.746
[DEBUG] [Suspension] FL=0.055051 FR=0.064287 RL=0.153804 RR=0.151909
[DEBUG] [Wheel] FL=56.532780 FR=56.690903 RL=63.746895 RR=74.430435
[DEBUG] [Powertrain] gear=2 rpm=5792.340332 torque=294.230896 clutch=0.000000 running=1
[DEBUG] [Energy] x=89.749 y=2.470 z=382.501 vx=-7.238 vy=-0.338 vz=-16.753 total=241693.844 potential=28834.414 linear=198238.031 angular=4.285 wheels=13807.118 suspension=809.999 suspensionPower=-112.267 suspensionResidual=-0.001
[DEBUG] [Tire] FL grounded=1 omega=58.808 wheelSpeed=18.728 Vx=18.788 Vy=-0.084 slipVel=0.060 kappa=-0.003 alpha=-0.004 Fz=4727.545 Fx=-190.602 Fy=200.668
[DEBUG] [Tire] FR grounded=1 omega=58.949 wheelSpeed=18.775 Vx=18.833 Vy=-0.085 slipVel=0.058 kappa=-0.003 alpha=-0.004 Fz=4774.617 Fx=-186.555 Fy=200.653
[DEBUG] [Tire] RL grounded=1 omega=67.571 wheelSpeed=20.932 Vx=18.795 Vy=-0.014 slipVel=-2.137 kappa=0.102 alpha=-0.001 Fz=4135.851 Fx=3928.951 Fy=28.977
[DEBUG] [Tire] RR grounded=1 omega=67.190 wheelSpeed=21.289 Vx=18.843 Vy=-0.010 slipVel=-2.446 kappa=0.115 alpha=-0.001 Fz=5198.169 Fx=4938.221 Fy=19.885
[DEBUG] [Tire] FL grounded=1 omega=61.063 wheelSpeed=19.475 Vx=19.552 Vy=-0.027 slipVel=0.077 kappa=-0.004 alpha=-0.001 Fz=2337.095 Fx=-137.409 Fy=40.956
[DEBUG] [Tire] FR grounded=1 omega=61.128 wheelSpeed=19.497 Vx=19.563 Vy=-0.028 slipVel=0.066 kappa=-0.003 alpha=-0.001 Fz=2558.164 Fx=-134.830 Fy=46.456
[DEBUG] [Tire] RL grounded=1 omega=72.933 wheelSpeed=18.422 Vx=19.552 Vy=-0.007 slipVel=1.129 kappa=-0.058 alpha=-0.000 Fz=8242.637 Fx=-4990.676 Fy=14.696
[DEBUG] [Tire] RR grounded=1 omega=69.079 wheelSpeed=20.119 Vx=19.577 Vy=-0.028 slipVel=-0.541 kappa=0.027 alpha=-0.001 Fz=4838.915 Fx=1193.444 Fy=62.289
[DEBUG] [Suspension] FL=0.085127 FR=0.087495 RL=0.182695 RR=0.179380
[DEBUG] [Wheel] FL=61.256222 FR=61.395061 RL=66.736839 RR=67.293839
[DEBUG] [Powertrain] gear=2 rpm=5781.152832 torque=294.298737 clutch=0.000000 running=1
[DEBUG] [Performance] FPS=60 PhysicsHz=120
[DEBUG] [Tire] FL grounded=1 omega=61.825 wheelSpeed=19.741 Vx=19.856 Vy=0.033 slipVel=0.116 kappa=-0.006 alpha=0.002 Fz=1137.431 Fx=-91.649 Fy=-23.861
[DEBUG] [Tire] FR grounded=1 omega=62.032 wheelSpeed=19.804 Vx=19.871 Vy=0.029 slipVel=0.066 kappa=-0.003 alpha=0.001 Fz=1861.815 Fx=-97.138 Fy=-34.773
[DEBUG] [Tire] RL grounded=1 omega=62.663 wheelSpeed=21.760 Vx=19.856 Vy=0.057 slipVel=-1.904 kappa=0.087 alpha=0.003 Fz=5683.019 Fx=5269.083 Fy=-127.416
[DEBUG] [Tire] RR grounded=1 omega=62.613 wheelSpeed=21.756 Vx=19.871 Vy=0.055 slipVel=-1.885 kappa=0.087 alpha=0.003 Fz=5758.923 Fx=5293.890 Fy=-123.935
[DEBUG] [Audio] Submitted bytes=15155200
[DEBUG] [Tire] FL grounded=1 omega=62.924 wheelSpeed=20.099 Vx=20.153 Vy=0.034 slipVel=0.054 kappa=-0.003 alpha=0.002 Fz=1744.922 Fx=-78.193 Fy=-37.843
[DEBUG] [Tire] FR grounded=1 omega=62.978 wheelSpeed=20.119 Vx=20.156 Vy=0.036 slipVel=0.037 kappa=-0.002 alpha=0.002 Fz=2016.105 Fx=-71.736 Fy=-45.715
[DEBUG] [Tire] RL grounded=1 omega=66.294 wheelSpeed=22.681 Vx=20.152 Vy=0.048 slipVel=-2.529 kappa=0.112 alpha=0.002 Fz=3953.358 Fx=3754.623 Fy=-89.497
[DEBUG] [Tire] RR grounded=1 omega=65.843 wheelSpeed=22.654 Vx=20.156 Vy=0.044 slipVel=-2.498 kappa=0.110 alpha=0.002 Fz=4212.027 Fx=4000.546 Fy=-83.907
[DEBUG] [Tire] FL grounded=1 omega=64.359 wheelSpeed=20.561 Vx=20.602 Vy=0.011 slipVel=0.040 kappa=-0.002 alpha=0.001 Fz=1923.008 Fx=-70.691 Fy=-12.830
[DEBUG] [Tire] FR grounded=1 omega=64.374 wheelSpeed=20.567 Vx=20.601 Vy=0.012 slipVel=0.034 kappa=-0.002 alpha=0.001 Fz=2074.055 Fx=-68.580 Fy=-15.702
[DEBUG] [Tire] RL grounded=1 omega=67.900 wheelSpeed=23.173 Vx=20.602 Vy=0.011 slipVel=-2.572 kappa=0.111 alpha=0.001 Fz=3935.725 Fx=3738.882 Fy=-20.499
[DEBUG] [Tire] RR grounded=1 omega=67.933 wheelSpeed=23.175 Vx=20.600 Vy=0.013 slipVel=-2.574 kappa=0.111 alpha=0.001 Fz=3914.626 Fx=3718.823 Fy=-23.039
[DEBUG] [Suspension] FL=0.063932 FR=0.071155 RL=0.148357 RR=0.150015
[DEBUG] [Wheel] FL=64.600372 FR=64.612946 RL=68.150475 RR=68.210472
[DEBUG] [Powertrain] gear=2 rpm=6074.107910 torque=293.030640 clutch=0.000000 running=1
[DEBUG] [Energy] x=85.827 y=2.745 z=373.310 vx=-8.084 vy=0.946 vz=-19.183 total=307320.344 potential=32047.928 linear=258382.328 angular=0.503 wheels=16116.838 suspension=772.755 suspensionPower=751.149 suspensionResidual=0.000
[DEBUG] [Tire] FL grounded=1 omega=63.217 wheelSpeed=0.000 Vx=0.000 Vy=0.000 slipVel=0.000 kappa=0.000 alpha=0.000 Fz=0.000 Fx=0.000 Fy=0.000
[DEBUG] [Tire] FR grounded=1 omega=62.139 wheelSpeed=20.068 Vx=18.581 Vy=-9.902 slipVel=-1.487 kappa=0.074 alpha=-0.490 Fz=1635.093 Fx=1061.786 Fy=1133.786
[DEBUG] [Tire] RL grounded=1 omega=68.033 wheelSpeed=23.651 Vx=21.123 Vy=0.102 slipVel=-2.529 kappa=0.107 alpha=0.005 Fz=4658.485 Fx=4421.356 Fy=-192.885
[DEBUG] [Tire] RR grounded=1 omega=70.051 wheelSpeed=23.749 Vx=21.052 Vy=0.103 slipVel=-2.697 kappa=0.114 alpha=0.005 Fz=3442.202 Fx=3264.842 Fy=-185.227
[DEBUG] [Tire] FL grounded=1 omega=64.875 wheelSpeed=20.635 Vx=21.392 Vy=-0.012 slipVel=0.757 kappa=-0.035 alpha=-0.001 Fz=598.981 Fx=-262.967 Fy=4.259
[DEBUG] [Tire] FR grounded=1 omega=61.415 wheelSpeed=0.000 Vx=0.000 Vy=0.000 slipVel=0.000 kappa=0.000 alpha=0.000 Fz=0.000 Fx=0.000 Fy=0.000
[DEBUG] [Tire] RL grounded=1 omega=69.941 wheelSpeed=23.927 Vx=21.401 Vy=-0.164 slipVel=-2.526 kappa=0.106 alpha=-0.008 Fz=4709.423 Fx=4462.524 Fy=319.560
[DEBUG] [Tire] RR grounded=1 omega=71.979 wheelSpeed=24.116 Vx=21.309 Vy=-0.163 slipVel=-2.807 kappa=0.116 alpha=-0.008 Fz=3681.901 Fx=3485.355 Fy=294.874
[DEBUG] [Suspension] FL=0.039777 FR=0.017871 RL=0.126333 RR=0.110466
[DEBUG] [Wheel] FL=67.304787 FR=63.150616 RL=71.698578 RR=73.889786
[DEBUG] [Powertrain] gear=2 rpm=6539.785156 torque=289.231384 clutch=0.000000 running=1
[DEBUG] [Tire] FL grounded=1 omega=67.680 wheelSpeed=21.627 Vx=21.655 Vy=-0.185 slipVel=0.028 kappa=-0.001 alpha=-0.009 Fz=2210.706 Fx=-64.355 Fy=245.987
[DEBUG] [Tire] FR grounded=1 omega=66.361 wheelSpeed=21.047 Vx=21.581 Vy=-0.187 slipVel=0.534 kappa=-0.025 alpha=-0.009 Fz=1297.424 Fx=-398.978 Fy=146.785
[DEBUG] [Tire] RL grounded=1 omega=69.412 wheelSpeed=25.444 Vx=21.656 Vy=-0.316 slipVel=-3.788 kappa=0.149 alpha=-0.015 Fz=2386.966 Fx=2230.394 Fy=409.185
[DEBUG] [Tire] RR grounded=1 omega=75.279 wheelSpeed=26.988 Vx=21.580 Vy=-0.317 slipVel=-5.408 kappa=0.200 alpha=-0.015 Fz=1642.978 Fx=1528.109 Fy=317.916
[DEBUG] [Tire] FL grounded=1 omega=69.093 wheelSpeed=22.064 Vx=22.108 Vy=-0.207 slipVel=0.044 kappa=-0.002 alpha=-0.009 Fz=2617.466 Fx=-97.508 Fy=319.637
[DEBUG] [Tire] FR grounded=1 omega=68.738 wheelSpeed=21.953 Vx=22.045 Vy=-0.208 slipVel=0.093 kappa=-0.004 alpha=-0.009 Fz=1490.235 Fx=-92.315 Fy=184.046
[DEBUG] [Tire] RL grounded=1 omega=74.601 wheelSpeed=24.165 Vx=22.108 Vy=-0.317 slipVel=-2.057 kappa=0.085 alpha=-0.014 Fz=3558.266 Fx=3317.577 Fy=648.437
[DEBUG] [Tire] RR grounded=1 omega=88.620 wheelSpeed=28.193 Vx=22.044 Vy=-0.319 slipVel=-6.149 kappa=0.218 alpha=-0.014 Fz=2599.265 Fx=2350.693 Fy=498.737
[DEBUG] [Tire] FL grounded=1 omega=70.540 wheelSpeed=22.543 Vx=22.566 Vy=-0.226 slipVel=0.022 kappa=-0.001 alpha=-0.010 Fz=2410.716 Fx=-62.621 Fy=316.099
[DEBUG] [Tire] FR grounded=1 omega=70.276 wheelSpeed=22.449 Vx=22.551 Vy=-0.227 slipVel=0.102 kappa=-0.005 alpha=-0.010 Fz=1262.590 Fx=-82.940 Fy=166.784
[DEBUG] [Tire] RL grounded=1 omega=70.215 wheelSpeed=25.200 Vx=22.566 Vy=-0.254 slipVel=-2.634 kappa=0.105 alpha=-0.011 Fz=4120.277 Fx=3886.166 Fy=468.153
[DEBUG] [Tire] RR grounded=1 omega=85.571 wheelSpeed=29.590 Vx=22.551 Vy=-0.255 slipVel=-7.039 kappa=0.238 alpha=-0.011 Fz=3134.993 Fx=2781.306 Fy=466.344
[DEBUG] [Suspension] FL=0.074707 FR=0.040724 RL=0.122662 RR=0.094244
[DEBUG] [Wheel] FL=70.728317 FR=70.517761 RL=74.607132 RR=86.456223
[DEBUG] [Powertrain] gear=2 rpm=7000.000000 torque=280.905365 clutch=0.000000 running=1
[DEBUG] [Energy] x=81.445 y=2.955 z=363.098 vx=-9.196 vy=-0.005 vz=-20.910 total=367364.250 potential=34492.016 linear=310471.688 angular=0.537 wheels=21906.324 suspension=493.727 suspensionPower=-619.772 suspensionResidual=0.000
[DEBUG] [Tire] FL grounded=1 omega=71.811 wheelSpeed=22.949 Vx=23.018 Vy=-0.201 slipVel=0.069 kappa=-0.003 alpha=-0.009 Fz=1325.726 Fx=-64.219 Fy=150.873
[DEBUG] [Tire] FR grounded=1 omega=71.805 wheelSpeed=22.936 Vx=23.054 Vy=-0.202 slipVel=0.118 kappa=-0.005 alpha=-0.009 Fz=1217.174 Fx=-88.467 Fy=139.090
[DEBUG] [Tire] RL grounded=1 omega=75.640 wheelSpeed=25.660 Vx=23.018 Vy=-0.143 slipVel=-2.641 kappa=0.103 alpha=-0.006 Fz=4228.692 Fx=4009.348 Fy=251.960
[DEBUG] [Tire] RR grounded=1 omega=84.384 wheelSpeed=28.093 Vx=23.054 Vy=-0.144 slipVel=-5.039 kappa=0.179 alpha=-0.006 Fz=3422.073 Fx=3240.588 Fy=259.598
[DEBUG] [Tire] FL grounded=1 omega=72.998 wheelSpeed=23.324 Vx=23.458 Vy=-0.195 slipVel=0.135 kappa=-0.006 alpha=-0.008 Fz=951.617 Fx=-75.646 Fy=102.705
[DEBUG] [Tire] FR grounded=1 omega=72.029 wheelSpeed=23.037 Vx=23.543 Vy=-0.201 slipVel=0.506 kappa=-0.021 alpha=-0.009 Fz=91.967 Fx=-24.593 Fy=10.202
[DEBUG] [Tire] RL grounded=1 omega=79.686 wheelSpeed=26.545 Vx=23.459 Vy=-0.055 slipVel=-3.087 kappa=0.116 alpha=-0.002 Fz=3308.910 Fx=3142.272 Fy=86.557
[DEBUG] [Tire] RR grounded=1 omega=80.076 wheelSpeed=26.997 Vx=23.545 Vy=-0.056 slipVel=-3.451 kappa=0.128 alpha=-0.002 Fz=4034.390 Fx=3831.630 Fy=89.285
[DEBUG] [Suspension] FL=0.047118 FR=0.019410 RL=0.120768 RR=0.109993
[DEBUG] [Wheel] FL=73.913651 FR=73.056244 RL=86.238785 RR=86.855637
[DEBUG] [Powertrain] gear=3 rpm=6801.879883 torque=282.620087 clutch=0.000000 running=1
[DEBUG] [Performance] FPS=60 PhysicsHz=120
[DEBUG] [Tire] FL grounded=1 omega=74.377 wheelSpeed=23.763 Vx=23.891 Vy=-0.134 slipVel=0.127 kappa=-0.005 alpha=-0.006 Fz=1052.610 Fx=-78.854 Fy=75.858
[DEBUG] [Tire] FR grounded=1 omega=73.277 wheelSpeed=0.000 Vx=0.000 Vy=0.000 slipVel=0.000 kappa=0.000 alpha=0.000 Fz=0.000 Fx=0.000 Fy=0.000
[DEBUG] [Tire] RL grounded=1 omega=93.411 wheelSpeed=29.286 Vx=23.891 Vy=0.012 slipVel=-5.395 kappa=0.184 alpha=0.000 Fz=2702.589 Fx=2567.408 Fy=-16.402
[DEBUG] [Tire] RR grounded=1 omega=92.920 wheelSpeed=29.280 Vx=23.982 Vy=0.008 slipVel=-5.298 kappa=0.181 alpha=0.000 Fz=3038.575 Fx=2886.619 Fy=-12.515
[DEBUG] [Tire] FL grounded=1 omega=75.779 wheelSpeed=24.214 Vx=24.299 Vy=-0.064 slipVel=0.086 kappa=-0.004 alpha=-0.003 Fz=1384.112 Fx=-75.139 Fy=46.751
[DEBUG] [Tire] FR grounded=1 omega=74.877 wheelSpeed=23.872 Vx=24.403 Vy=-0.056 slipVel=0.531 kappa=-0.022 alpha=-0.002 Fz=691.224 Fx=-187.066 Fy=20.072
[DEBUG] [Tire] RL grounded=1 omega=110.688 wheelSpeed=35.579 Vx=24.299 Vy=0.107 slipVel=-11.280 kappa=0.317 alpha=0.004 Fz=2228.668 Fx=1976.829 Fy=-126.221
[DEBUG] [Tire] RR grounded=1 omega=99.046 wheelSpeed=31.922 Vx=24.404 Vy=0.117 slipVel=-7.518 kappa=0.236 alpha=0.005 Fz=2388.997 Fx=2120.984 Fy=-146.817
[DEBUG] [Audio] Callback count=1900 additionalBytes=8192 totalBytes=8192
[DEBUG] [Audio] Submitted bytes=15564800
[DEBUG] [Tire] FL grounded=1 omega=76.867 wheelSpeed=24.560 Vx=24.730 Vy=0.098 slipVel=0.170 kappa=-0.007 alpha=0.004 Fz=848.470 Fx=-78.661 Fy=-42.950
[DEBUG] [Tire] FR grounded=1 omega=77.372 wheelSpeed=24.713 Vx=24.814 Vy=0.093 slipVel=0.101 kappa=-0.004 alpha=0.004 Fz=1594.144 Fx=-96.524 Fy=-76.634
[DEBUG] [Tire] RL grounded=1 omega=115.202 wheelSpeed=36.767 Vx=24.731 Vy=0.230 slipVel=-12.035 kappa=0.327 alpha=0.009 Fz=2473.523 Fx=2194.015 Fy=-300.112
[DEBUG] [Tire] RR grounded=1 omega=96.541 wheelSpeed=31.045 Vx=24.815 Vy=0.232 slipVel=-6.231 kappa=0.201 alpha=0.009 Fz=2905.429 Fx=2721.853 Fy=-355.331
[DEBUG] [Suspension] FL=0.037172 FR=0.031488 RL=0.089626 RR=0.099928
[DEBUG] [Wheel] FL=77.105652 FR=77.650192 RL=115.960548 RR=95.628189
[DEBUG] [Powertrain] gear=3 rpm=6380.410645 torque=289.344604 clutch=0.000000 running=1
[DEBUG] [Energy] x=76.495 y=2.580 z=351.891 vx=-10.144 vy=-1.303 vz=-23.025 total=440804.250 potential=30122.943 linear=377669.125 angular=55.090 wheels=32456.027 suspension=501.048 suspensionPower=-22211.432 suspensionResidual=-0.049
[DEBUG] [Tire] FL grounded=1 omega=80.094 wheelSpeed=25.559 Vx=25.600 Vy=0.236 slipVel=0.041 kappa=-0.002 alpha=0.009 Fz=6093.480 Fx=-150.571 Fy=-468.800
[DEBUG] [Tire] FR grounded=1 omega=80.456 wheelSpeed=25.672 Vx=25.705 Vy=0.236 slipVel=0.033 kappa=-0.001 alpha=0.009 Fz=7208.492 Fx=-156.045 Fy=-493.462
[DEBUG] [Tire] RL grounded=1 omega=132.001 wheelSpeed=41.972 Vx=25.634 Vy=0.401 slipVel=-16.338 kappa=0.389 alpha=0.016 Fz=1361.238 Fx=1207.418 Fy=-283.999
[DEBUG] [Tire] RR grounded=1 omega=84.156 wheelSpeed=26.907 Vx=25.745 Vy=0.396 slipVel=-1.162 kappa=0.043 alpha=0.015 Fz=3510.472 Fx=1725.304 Fy=-695.349
[DEBUG] [Tire] FL grounded=1 omega=82.207 wheelSpeed=26.286 Vx=26.353 Vy=0.377 slipVel=0.067 kappa=-0.003 alpha=0.014 Fz=971.714 Fx=-41.859 Fy=-184.333
[DEBUG] [Tire] FR grounded=1 omega=82.262 wheelSpeed=26.330 Vx=26.285 Vy=0.376 slipVel=-0.046 kappa=0.002 alpha=0.014 Fz=3131.889 Fx=13.311 Fy=-595.394
[DEBUG] [Tire] RL grounded=1 omega=87.292 wheelSpeed=27.579 Vx=26.354 Vy=0.258 slipVel=-1.225 kappa=0.044 alpha=0.010 Fz=7559.488 Fx=3095.903 Fy=-540.918
[DEBUG] [Tire] RR grounded=1 omega=83.764 wheelSpeed=28.135 Vx=26.283 Vy=0.257 slipVel=-1.852 kappa=0.066 alpha=0.010 Fz=9835.322 Fx=6652.613 Fy=-677.471
[DEBUG] [Suspension] FL=0.075654 FR=0.114611 RL=0.176301 RR=0.218336
[DEBUG] [Wheel] FL=82.598541 FR=82.645836 RL=88.903900 RR=87.618408
[DEBUG] [Powertrain] gear=3 rpm=5759.247070 torque=294.427704 clutch=0.000000 running=1
[DEBUG] [Tire] FL grounded=1 omega=82.863 wheelSpeed=26.492 Vx=26.678 Vy=0.380 slipVel=0.186 kappa=-0.007 alpha=0.014 Fz=543.752 Fx=-51.012 Fy=-102.807
[DEBUG] [Tire] FR grounded=1 omega=82.941 wheelSpeed=26.515 Vx=26.567 Vy=0.379 slipVel=0.052 kappa=-0.002 alpha=0.014 Fz=1478.070 Fx=-54.119 Fy=-280.151
[DEBUG] [Tire] RL grounded=1 omega=90.093 wheelSpeed=28.732 Vx=26.679 Vy=0.188 slipVel=-2.053 kappa=0.071 alpha=0.007 Fz=4663.801 Fx=3641.024 Fy=-324.422
[DEBUG] [Tire] RR grounded=1 omega=88.706 wheelSpeed=28.298 Vx=26.566 Vy=0.188 slipVel=-1.732 kappa=0.061 alpha=0.007 Fz=5680.226 Fx=3662.329 Fy=-338.880
[DEBUG] [Tire] FL grounded=1 omega=84.230 wheelSpeed=26.914 Vx=27.047 Vy=0.236 slipVel=0.133 kappa=-0.005 alpha=0.009 Fz=1185.395 Fx=-83.077 Fy=-135.036
[DEBUG] [Tire] FR grounded=1 omega=84.023 wheelSpeed=26.858 Vx=26.924 Vy=0.236 slipVel=0.065 kappa=-0.002 alpha=0.009 Fz=1450.123 Fx=-60.785 Fy=-165.366
[DEBUG] [Tire] RL grounded=1 omega=91.486 wheelSpeed=28.265 Vx=27.049 Vy=0.023 slipVel=-1.216 kappa=0.043 alpha=0.001 Fz=3496.032 Fx=1713.478 Fy=-35.200
[DEBUG] [Tire] RR grounded=1 omega=90.797 wheelSpeed=27.965 Vx=26.922 Vy=0.022 slipVel=-1.043 kappa=0.037 alpha=0.001 Fz=3822.736 Fx=1545.837 Fy=-34.375
[DEBUG] [Tire] FL grounded=1 omega=84.607 wheelSpeed=27.044 Vx=27.285 Vy=0.122 slipVel=0.241 kappa=-0.009 alpha=0.004 Fz=556.716 Fx=-64.323 Fy=-31.864
[DEBUG] [Tire] FR grounded=1 omega=84.674 wheelSpeed=27.067 Vx=27.167 Vy=0.126 slipVel=0.100 kappa=-0.004 alpha=0.005 Fz=1082.733 Fx=-60.756 Fy=-64.603
[DEBUG] [Tire] RL grounded=1 omega=92.215 wheelSpeed=28.478 Vx=27.293 Vy=-0.072 slipVel=-1.185 kappa=0.042 alpha=-0.003 Fz=3552.269 Fx=1670.291 Fy=112.027
[DEBUG] [Tire] RR grounded=1 omega=92.639 wheelSpeed=28.681 Vx=27.170 Vy=-0.072 slipVel=-1.512 kappa=0.053 alpha=-0.003 Fz=2935.628 Fx=1812.821 Fy=99.127
[DEBUG] [Suspension] FL=0.024028 FR=0.053157 RL=0.133319 RR=0.141608
[DEBUG] [Wheel] FL=84.892395 FR=84.887253 RL=94.294411 RR=92.948875
[DEBUG] [Powertrain] gear=3 rpm=5496.689941 torque=295.577667 clutch=0.000000 running=1
[DEBUG] [Energy] x=71.078 y=2.539 z=339.516 vx=-11.113 vy=-0.299 vz=-25.288 total=513565.250 potential=29644.834 linear=454036.094 angular=33.232 wheels=29401.430 suspension=449.646 suspensionPower=-119.158 suspensionResidual=-0.010
[DEBUG] [Tire] FL grounded=1 omega=86.459 wheelSpeed=27.616 Vx=27.670 Vy=0.007 slipVel=0.054 kappa=-0.002 alpha=0.000 Fz=2902.982 Fx=-106.186 Fy=-9.583
[DEBUG] [Tire] FR grounded=1 omega=86.158 wheelSpeed=27.520 Vx=27.578 Vy=0.010 slipVel=0.058 kappa=-0.002 alpha=0.000 Fz=2795.122 Fx=-107.313 Fy=-13.159
[DEBUG] [Tire] RL grounded=1 omega=95.081 wheelSpeed=30.346 Vx=27.672 Vy=-0.148 slipVel=-2.674 kappa=0.088 alpha=-0.005 Fz=2718.939 Fx=2576.409 Fy=184.298
[DEBUG] [Tire] RR grounded=1 omega=95.837 wheelSpeed=30.414 Vx=27.577 Vy=-0.146 slipVel=-2.837 kappa=0.093 alpha=-0.005 Fz=2329.224 Fx=2207.630 Fy=150.626
[DEBUG] [Tire] FL grounded=1 omega=88.415 wheelSpeed=28.244 Vx=28.290 Vy=-0.074 slipVel=0.046 kappa=-0.002 alpha=-0.003 Fz=3111.593 Fx=-102.305 Fy=103.887
[DEBUG] [Tire] FR grounded=1 omega=88.185 wheelSpeed=28.169 Vx=28.230 Vy=-0.072 slipVel=0.061 kappa=-0.002 alpha=-0.003 Fz=2720.766 Fx=-105.935 Fy=88.479
[DEBUG] [Tire] RL grounded=1 omega=94.946 wheelSpeed=29.412 Vx=28.292 Vy=-0.174 slipVel=-1.120 kappa=0.038 alpha=-0.006 Fz=4690.232 Fx=1797.096 Fy=279.781
[DEBUG] [Tire] RR grounded=1 omega=95.204 wheelSpeed=29.622 Vx=28.230 Vy=-0.171 slipVel=-1.391 kappa=0.047 alpha=-0.006 Fz=4010.010 Fx=2064.655 Fy=267.708
[DEBUG] [Suspension] FL=0.080391 FR=0.112716 RL=0.138055 RR=0.115676
[DEBUG] [Wheel] FL=89.448845 FR=89.430473 RL=95.667816 RR=96.404869
[DEBUG] [Powertrain] gear=3 rpm=5688.161621 torque=294.811218 clutch=0.000000 running=1
[DEBUG] [Performance] FPS=59 PhysicsHz=120
[DEBUG] [Tire] FL grounded=1 omega=89.842 wheelSpeed=28.714 Vx=28.771 Vy=0.023 slipVel=0.057 kappa=-0.002 alpha=0.001 Fz=2032.313 Fx=-74.819 Fy=-20.779
[DEBUG] [Tire] FR grounded=1 omega=89.856 wheelSpeed=28.713 Vx=28.730 Vy=-0.006 slipVel=0.017 kappa=-0.001 alpha=-0.000 Fz=4360.647 Fx=-86.594 Fy=8.609
[DEBUG] [Tire] RL grounded=1 omega=96.049 wheelSpeed=29.137 Vx=28.772 Vy=-0.024 slipVel=-0.365 kappa=0.013 alpha=-0.001 Fz=5977.051 Fx=472.448 Fy=35.059
[DEBUG] [Tire] RR grounded=1 omega=97.042 wheelSpeed=29.992 Vx=28.741 Vy=-0.019 slipVel=-1.251 kappa=0.042 alpha=-0.001 Fz=3319.374 Fx=1606.322 Fy=28.064
[DEBUG] [Tire] FL grounded=1 omega=91.166 wheelSpeed=29.138 Vx=29.145 Vy=-0.081 slipVel=0.007 kappa=-0.000 alpha=-0.003 Fz=4381.478 Fx=-74.058 Fy=121.183
[DEBUG] [Tire] FR grounded=1 omega=90.985 wheelSpeed=29.091 Vx=29.135 Vy=-0.083 slipVel=0.045 kappa=-0.002 alpha=-0.003 Fz=1623.919 Fx=-51.895 Fy=59.242
[DEBUG] [Tire] RL grounded=1 omega=97.123 wheelSpeed=30.084 Vx=29.157 Vy=-0.036 slipVel=-0.928 kappa=0.031 alpha=-0.001 Fz=6842.033 Fx=1745.682 Fy=53.789
[DEBUG] [Tire] RR grounded=1 omega=97.310 wheelSpeed=29.653 Vx=29.138 Vy=-0.117 slipVel=-0.515 kappa=0.017 alpha=-0.004 Fz=5307.122 Fx=708.423 Fy=181.422
[DEBUG] [Audio] Submitted bytes=15974400
[DEBUG] [Tire] FL grounded=1 omega=91.256 wheelSpeed=29.196 Vx=29.180 Vy=-0.289 slipVel=-0.016 kappa=0.001 alpha=-0.010 Fz=1395.092 Fx=-12.342 Fy=180.609
[DEBUG] [Tire] FR grounded=1 omega=91.228 wheelSpeed=29.190 Vx=29.209 Vy=-0.293 slipVel=0.019 kappa=-0.001 alpha=-0.010 Fz=245.698 Fx=-5.427 Fy=32.312
[DEBUG] [Tire] RL grounded=1 omega=97.636 wheelSpeed=29.947 Vx=29.182 Vy=-0.242 slipVel=-0.765 kappa=0.026 alpha=-0.008 Fz=4765.565 Fx=1109.774 Fy=387.573
[DEBUG] [Tire] RR grounded=1 omega=98.084 wheelSpeed=30.242 Vx=29.213 Vy=-0.246 slipVel=-1.029 kappa=0.034 alpha=-0.008 Fz=3998.791 Fx=1429.179 Fy=379.108
[DEBUG] [Suspension] FL=0.097323 FR=0.065708 RL=0.181038 RR=0.162211
[DEBUG] [Wheel] FL=91.280228 FR=91.242409 RL=97.889465 RR=98.437073
[DEBUG] [Powertrain] gear=3 rpm=5813.469727 torque=294.099152 clutch=0.000000 running=1
[DEBUG] [Energy] x=65.132 y=2.776 z=326.243 vx=-12.207 vy=1.057 vz=-26.825 total=583755.812 potential=32405.912 linear=517495.688 angular=36.580 wheels=33048.520 suspension=769.150 suspensionPower=2455.203 suspensionResidual=-0.003
[DEBUG] [Tire] FL grounded=1 omega=91.564 wheelSpeed=29.287 Vx=29.333 Vy=-0.227 slipVel=0.045 kappa=-0.002 alpha=-0.008 Fz=871.339 Fx=-27.988 Fy=87.533
[DEBUG] [Tire] FR grounded=1 omega=91.426 wheelSpeed=29.245 Vx=29.397 Vy=-0.232 slipVel=0.151 kappa=-0.005 alpha=-0.008 Fz=325.925 Fx=-23.713 Fy=33.464
[DEBUG] [Tire] RL grounded=1 omega=100.157 wheelSpeed=30.925 Vx=29.336 Vy=-0.122 slipVel=-1.590 kappa=0.051 alpha=-0.004 Fz=2442.209 Fx=1471.234 Fy=129.770
[DEBUG] [Tire] RR grounded=1 omega=100.960 wheelSpeed=31.230 Vx=29.400 Vy=-0.124 slipVel=-1.830 kappa=0.059 alpha=-0.004 Fz=2298.191 Fx=1572.984 Fy=124.457
[DEBUG] [Tire] FL grounded=1 omega=92.171 wheelSpeed=29.475 Vx=29.588 Vy=-0.070 slipVel=0.113 kappa=-0.004 alpha=-0.002 Fz=707.279 Fx=-40.773 Fy=21.287
[DEBUG] [Tire] FR grounded=1 omega=92.307 wheelSpeed=29.490 Vx=29.658 Vy=-0.069 slipVel=0.167 kappa=-0.006 alpha=-0.002 Fz=1288.330 Fx=-100.963 Fy=38.345
[DEBUG] [Tire] RL grounded=1 omega=103.093 wheelSpeed=32.519 Vx=29.591 Vy=0.046 slipVel=-2.928 kappa=0.090 alpha=0.002 Fz=1911.099 Fx=1815.169 Fy=-36.880
[DEBUG] [Tire] RR grounded=1 omega=102.615 wheelSpeed=32.398 Vx=29.660 Vy=0.044 slipVel=-2.738 kappa=0.085 alpha=0.001 Fz=2014.977 Fx=1883.028 Fy=-38.127
[DEBUG] [Suspension] FL=0.048302 FR=0.044395 RL=0.095428 RR=0.091047
[DEBUG] [Wheel] FL=93.101379 FR=93.429260 RL=105.078712 RR=104.338554
[DEBUG] [Powertrain] gear=3 rpm=6251.729492 torque=290.867859 clutch=0.000000 running=1
[DEBUG] [Tire] FL grounded=1 omega=93.658 wheelSpeed=29.925 Vx=30.017 Vy=0.131 slipVel=0.091 kappa=-0.003 alpha=0.004 Fz=1964.179 Fx=-96.098 Fy=-109.718
[DEBUG] [Tire] FR grounded=1 omega=93.957 wheelSpeed=30.022 Vx=30.079 Vy=0.131 slipVel=0.057 kappa=-0.002 alpha=0.004 Fz=2607.182 Fx=-93.528 Fy=-145.819
[DEBUG] [Tire] RL grounded=1 omega=106.494 wheelSpeed=33.924 Vx=30.016 Vy=0.238 slipVel=-3.908 kappa=0.115 alpha=0.008 Fz=2233.664 Fx=2112.383 Fy=-201.595
[DEBUG] [Tire] RR grounded=1 omega=102.691 wheelSpeed=32.976 Vx=30.080 Vy=0.239 slipVel=-2.897 kappa=0.088 alpha=0.008 Fz=2838.020 Fx=2680.676 Fy=-288.164
[DEBUG] [Tire] FL grounded=1 omega=95.424 wheelSpeed=30.489 Vx=30.596 Vy=0.219 slipVel=0.107 kappa=-0.003 alpha=0.007 Fz=1818.900 Fx=-98.107 Fy=-168.671
[DEBUG] [Tire] FR grounded=1 omega=95.677 wheelSpeed=30.573 Vx=30.626 Vy=0.219 slipVel=0.053 kappa=-0.002 alpha=0.007 Fz=2691.641 Fx=-92.255 Fy=-249.787
[DEBUG] [Tire] RL grounded=1 omega=103.457 wheelSpeed=33.138 Vx=30.596 Vy=0.272 slipVel=-2.542 kappa=0.077 alpha=0.009 Fz=3592.994 Fx=3086.265 Fy=-393.323
[DEBUG] [Tire] RR grounded=1 omega=101.887 wheelSpeed=32.481 Vx=30.627 Vy=0.273 slipVel=-1.854 kappa=0.057 alpha=0.009 Fz=4435.006 Fx=2759.583 Fy=-412.524
[DEBUG] [Tire] FL grounded=1 omega=96.842 wheelSpeed=30.957 Vx=31.023 Vy=0.231 slipVel=0.067 kappa=-0.002 alpha=0.007 Fz=1794.043 Fx=-69.625 Fy=-173.560
[DEBUG] [Tire] FR grounded=1 omega=96.954 wheelSpeed=30.994 Vx=31.022 Vy=0.232 slipVel=0.028 kappa=-0.001 alpha=0.007 Fz=2642.617 Fx=-65.949 Fy=-256.201
[DEBUG] [Tire] RL grounded=1 omega=104.168 wheelSpeed=32.297 Vx=31.023 Vy=0.230 slipVel=-1.274 kappa=0.039 alpha=0.007 Fz=3863.084 Fx=1657.739 Fy=-330.064
[DEBUG] [Tire] RR grounded=1 omega=103.657 wheelSpeed=31.995 Vx=31.022 Vy=0.231 slipVel=-0.973 kappa=0.030 alpha=0.007 Fz=4685.389 Fx=1364.904 Fy=-343.972
[DEBUG] [Suspension] FL=0.058248 FR=0.078851 RL=0.112834 RR=0.133082
[DEBUG] [Wheel] FL=97.028259 FR=97.057846 RL=104.305580 RR=103.806030
[DEBUG] [Powertrain] gear=3 rpm=6165.163574 torque=291.209137 clutch=0.000000 running=1
[DEBUG] [Energy] x=58.759 y=2.937 z=312.198 vx=-12.827 vy=0.374 vz=-28.524 total=652961.250 potential=34286.312 linear=582072.688 angular=10.894 wheels=35890.531 suspension=700.883 suspensionPower=-1995.854 suspensionResidual=0.010
[DEBUG] [Tire] FL grounded=1 omega=98.187 wheelSpeed=31.380 Vx=31.399 Vy=0.075 slipVel=0.019 kappa=-0.001 alpha=0.002 Fz=4127.480 Fx=-84.093 Fy=-102.769
[DEBUG] [Tire] FR grounded=1 omega=98.042 wheelSpeed=31.342 Vx=31.398 Vy=0.093 slipVel=0.056 kappa=-0.002 alpha=0.003 Fz=1915.807 Fx=-66.714 Fy=-71.997
[DEBUG] [Tire] RL grounded=1 omega=106.350 wheelSpeed=32.976 Vx=31.403 Vy=0.055 slipVel=-1.573 kappa=0.048 alpha=0.002 Fz=2894.950 Fx=1617.645 Fy=-64.039
[DEBUG] [Tire] RR grounded=1 omega=104.789 wheelSpeed=32.080 Vx=31.397 Vy=0.079 slipVel=-0.683 kappa=0.021 alpha=0.003 Fz=3415.338 Fx=779.889 Fy=-106.674
[DEBUG] [Tire] FL grounded=1 omega=98.708 wheelSpeed=31.580 Vx=31.687 Vy=0.038 slipVel=0.106 kappa=-0.003 alpha=0.001 Fz=245.201 Fx=-12.823 Fy=-3.766
[DEBUG] [Tire] FR grounded=1 omega=98.937 wheelSpeed=31.644 Vx=31.676 Vy=0.035 slipVel=0.032 kappa=-0.001 alpha=0.001 Fz=1308.229 Fx=-34.236 Fy=-18.362
[DEBUG] [Tire] RL grounded=1 omega=104.462 wheelSpeed=33.401 Vx=31.690 Vy=-0.006 slipVel=-1.711 kappa=0.051 alpha=-0.000 Fz=5194.908 Fx=2763.256 Fy=7.667
[DEBUG] [Tire] RR grounded=1 omega=105.464 wheelSpeed=33.656 Vx=31.676 Vy=0.012 slipVel=-1.980 kappa=0.059 alpha=0.000 Fz=3999.627 Fx=2626.018 Fy=-16.187
[DEBUG] [Suspension] FL=0.047473 FR=0.054341 RL=0.118992 RR=0.135095
[DEBUG] [Wheel] FL=99.128456 FR=99.427773 RL=113.102654 RR=108.054222
[DEBUG] [Powertrain] gear=4 rpm=5342.387207 torque=295.912872 clutch=0.000000 running=1
[DEBUG] [Tire] FL grounded=1 omega=99.516 wheelSpeed=31.812 Vx=32.028 Vy=0.201 slipVel=0.216 kappa=-0.007 alpha=0.006 Fz=763.401 Fx=-69.471 Fy=-61.745
[DEBUG] [Tire] FR grounded=1 omega=99.761 wheelSpeed=31.895 Vx=32.017 Vy=0.197 slipVel=0.121 kappa=-0.004 alpha=0.006 Fz=1043.261 Fx=-59.826 Fy=-82.905
[DEBUG] [Tire] RL grounded=1 omega=116.443 wheelSpeed=36.995 Vx=32.029 Vy=0.177 slipVel=-4.966 kappa=0.134 alpha=0.006 Fz=2381.306 Fx=2257.317 Fy=-149.172
[DEBUG] [Tire] RR grounded=1 omega=109.110 wheelSpeed=34.839 Vx=32.018 Vy=0.175 slipVel=-2.822 kappa=0.081 alpha=0.005 Fz=2935.109 Fx=2659.145 Fy=-206.149
[DEBUG] [Performance] FPS=58 PhysicsHz=121
[DEBUG] [Tire] FL grounded=1 omega=100.296 wheelSpeed=0.000 Vx=0.000 Vy=0.000 slipVel=0.000 kappa=0.000 alpha=0.000 Fz=0.000 Fx=0.000 Fy=0.000
[DEBUG] [Tire] FR grounded=1 omega=100.752 wheelSpeed=0.000 Vx=0.000 Vy=0.000 slipVel=0.000 kappa=0.000 alpha=0.000 Fz=0.000 Fx=0.000 Fy=0.000
[DEBUG] [Tire] RL grounded=1 omega=114.755 wheelSpeed=36.894 Vx=32.401 Vy=0.199 slipVel=-4.493 kappa=0.122 alpha=0.006 Fz=2557.036 Fx=2422.712 Fy=-177.208
[DEBUG] [Tire] RR grounded=1 omega=107.900 wheelSpeed=34.497 Vx=32.367 Vy=0.197 slipVel=-2.129 kappa=0.062 alpha=0.006 Fz=2772.078 Fx=1992.808 Fy=-217.611
[DEBUG] [Tire] FL grounded=1 omega=100.296 wheelSpeed=0.000 Vx=0.000 Vy=0.000 slipVel=0.000 kappa=0.000 alpha=0.000 Fz=0.000 Fx=0.000 Fy=0.000
[DEBUG] [Tire] FR grounded=1 omega=100.752 wheelSpeed=0.000 Vx=0.000 Vy=0.000 slipVel=0.000 kappa=0.000 alpha=0.000 Fz=0.000 Fx=0.000 Fy=0.000
[DEBUG] [Tire] RL grounded=1 omega=123.526 wheelSpeed=0.000 Vx=0.000 Vy=0.000 slipVel=0.000 kappa=0.000 alpha=0.000 Fz=0.000 Fx=0.000 Fy=0.000
[DEBUG] [Tire] RR grounded=1 omega=113.533 wheelSpeed=0.000 Vx=0.000 Vy=0.000 slipVel=0.000 kappa=0.000 alpha=0.000 Fz=0.000 Fx=0.000 Fy=0.000
[DEBUG] [Suspension] FL=0.000000 FR=0.000000 RL=0.044987 RR=0.073878
[DEBUG] [Wheel] FL=100.295616 FR=100.752075 RL=125.818977 RR=115.469040
[DEBUG] [Powertrain] gear=4 rpm=5272.978516 torque=295.994110 clutch=0.000000 running=1
[DEBUG] [Audio] Callback count=2000 additionalBytes=8192 totalBytes=8192
[DEBUG] [Audio] GenerateAudio rpm=5428.887695 torque=295.894745 speed=117.976944 slip=0.211276 running=1
[DEBUG] [Audio] Submitted bytes=16384000
[DEBUG] [Tire] FL grounded=1 omega=102.017 wheelSpeed=32.462 Vx=32.777 Vy=0.318 slipVel=0.316 kappa=-0.010 alpha=0.010 Fz=3109.077 Fx=-387.741 Fy=-394.447
[DEBUG] [Tire] FR grounded=1 omega=102.253 wheelSpeed=32.671 Vx=32.738 Vy=0.317 slipVel=0.067 kappa=-0.002 alpha=0.010 Fz=2804.724 Fx=-105.768 Fy=-355.577
[DEBUG] [Tire] RL grounded=1 omega=129.025 wheelSpeed=41.438 Vx=32.777 Vy=0.249 slipVel=-8.660 kappa=0.209 alpha=0.008 Fz=2469.687 Fx=2271.657 Fy=-243.579
[DEBUG] [Tire] RR grounded=1 omega=117.136 wheelSpeed=37.543 Vx=32.737 Vy=0.249 slipVel=-4.806 kappa=0.128 alpha=0.008 Fz=2198.874 Fx=2080.318 Fy=-189.489
[DEBUG] [Energy] x=52.010 y=2.798 z=297.260 vx=-13.539 vy=-1.706 vz=-29.963 total=723897.562 potential=32667.291 linear=644990.000 angular=30.941 wheels=46108.289 suspension=101.004 suspensionPower=-4010.823 suspensionResidual=-0.010
[DEBUG] [Tire] FL grounded=1 omega=104.555 wheelSpeed=33.379 Vx=33.480 Vy=0.153 slipVel=0.101 kappa=-0.003 alpha=0.005 Fz=3628.505 Fx=-164.829 Fy=-197.072
[DEBUG] [Tire] FR grounded=1 omega=104.431 wheelSpeed=33.367 Vx=33.446 Vy=0.150 slipVel=0.079 kappa=-0.002 alpha=0.004 Fz=2604.592 Fx=-107.692 Fy=-150.045
[DEBUG] [Tire] RL grounded=1 omega=118.108 wheelSpeed=38.305 Vx=33.483 Vy=0.086 slipVel=-4.821 kappa=0.126 alpha=0.003 Fz=3845.387 Fx=3651.847 Fy=-96.321
[DEBUG] [Tire] RR grounded=1 omega=110.625 wheelSpeed=35.381 Vx=33.445 Vy=0.085 slipVel=-1.936 kappa=0.055 alpha=0.003 Fz=4222.838 Fx=2535.660 Fy=-110.184
[DEBUG] [Suspension] FL=0.071510 FR=0.095192 RL=0.097086 RR=0.109993
[DEBUG] [Wheel] FL=106.073357 FR=106.019669 RL=111.265976 RR=111.049179
[DEBUG] [Powertrain] gear=4 rpm=4966.417480 torque=295.583588 clutch=0.000000 running=1
[DEBUG] [Tire] FL grounded=1 omega=106.653 wheelSpeed=34.090 Vx=34.136 Vy=0.232 slipVel=0.046 kappa=-0.001 alpha=0.007 Fz=2752.494 Fx=-81.894 Fy=-241.797
[DEBUG] [Tire] FR grounded=1 omega=106.663 wheelSpeed=34.088 Vx=34.075 Vy=0.212 slipVel=-0.013 kappa=0.000 alpha=0.006 Fz=7057.267 Fx=-92.163 Fy=-309.663
[DEBUG] [Tire] RL grounded=1 omega=110.923 wheelSpeed=35.308 Vx=34.138 Vy=0.164 slipVel=-1.169 kappa=0.033 alpha=0.005 Fz=6164.326 Fx=1797.045 Fy=-224.312
[DEBUG] [Tire] RR grounded=1 omega=111.020 wheelSpeed=35.341 Vx=34.095 Vy=0.168 slipVel=-1.246 kappa=0.035 alpha=0.005 Fz=5458.251 Fx=1801.667 Fy=-225.780
[DEBUG] [Tire] FL grounded=1 omega=107.637 wheelSpeed=34.421 Vx=34.395 Vy=0.201 slipVel=-0.026 kappa=0.001 alpha=0.006 Fz=5025.535 Fx=-47.762 Fy=-268.342
[DEBUG] [Tire] FR grounded=1 omega=107.496 wheelSpeed=34.376 Vx=34.363 Vy=0.202 slipVel=-0.013 kappa=0.000 alpha=0.006 Fz=4161.188 Fx=-48.338 Fy=-261.633
[DEBUG] [Tire] RL grounded=1 omega=111.934 wheelSpeed=35.565 Vx=34.405 Vy=0.207 slipVel=-1.159 kappa=0.033 alpha=0.006 Fz=4699.538 Fx=1489.462 Fy=-273.769
[DEBUG] [Tire] RR grounded=1 omega=111.208 wheelSpeed=35.279 Vx=34.363 Vy=0.150 slipVel=-0.916 kappa=0.026 alpha=0.004 Fz=6836.551 Fx=1374.742 Fy=-206.088
[DEBUG] [Tire] FL grounded=1 omega=108.096 wheelSpeed=34.578 Vx=34.556 Vy=-0.051 slipVel=-0.023 kappa=0.001 alpha=-0.001 Fz=3312.306 Fx=-26.102 Fy=62.159
[DEBUG] [Tire] FR grounded=1 omega=108.020 wheelSpeed=34.553 Vx=34.536 Vy=-0.050 slipVel=-0.016 kappa=0.000 alpha=-0.001 Fz=2985.449 Fx=-29.241 Fy=54.386
[DEBUG] [Tire] RL grounded=1 omega=112.036 wheelSpeed=35.677 Vx=34.556 Vy=-0.083 slipVel=-1.122 kappa=0.031 alpha=-0.002 Fz=5570.704 Fx=1574.043 Fy=106.140
[DEBUG] [Tire] RR grounded=1 omega=112.154 wheelSpeed=35.724 Vx=34.535 Vy=-0.081 slipVel=-1.189 kappa=0.033 alpha=-0.002 Fz=5043.057 Fx=1593.309 Fy=102.112
[DEBUG] [Suspension] FL=0.121834 FR=0.126807 RL=0.175828 RR=0.179025
[DEBUG] [Wheel] FL=108.223221 FR=108.106331 RL=112.144432 RR=112.280708
[DEBUG] [Powertrain] gear=4 rpm=4986.019531 torque=295.614105 clutch=0.000000 running=1
[DEBUG] [Tire] FL grounded=1 omega=108.920 wheelSpeed=34.842 Vx=34.822 Vy=-0.158 slipVel=-0.020 kappa=0.001 alpha=-0.005 Fz=3085.736 Fx=-26.330 Fy=179.251
[DEBUG] [Tire] FR grounded=1 omega=108.860 wheelSpeed=34.820 Vx=34.811 Vy=-0.158 slipVel=-0.009 kappa=0.000 alpha=-0.005 Fz=2664.148 Fx=-32.737 Fy=155.296
[DEBUG] [Tire] RL grounded=1 omega=112.435 wheelSpeed=36.052 Vx=34.822 Vy=-0.176 slipVel=-1.230 kappa=0.034 alpha=-0.005 Fz=6128.551 Fx=1863.082 Fy=237.849
[DEBUG] [Tire] RR grounded=1 omega=113.320 wheelSpeed=36.315 Vx=34.811 Vy=-0.181 slipVel=-1.504 kappa=0.041 alpha=-0.005 Fz=4107.725 Fx=1820.708 Fy=229.069
[DEBUG] [Energy] x=44.877 y=2.496 z=281.544 vx=-14.433 vy=0.917 vz=-31.576 total=792433.750 potential=29138.254 linear=717686.125 angular=13.507 wheels=44286.672 suspension=1309.170 suspensionPower=-569.527 suspensionResidual=-0.010
[DEBUG] [Tire] FL grounded=1 omega=109.274 wheelSpeed=34.956 Vx=34.948 Vy=-0.115 slipVel=-0.009 kappa=0.000 alpha=-0.003 Fz=1976.423 Fx=-24.334 Fy=82.969
[DEBUG] [Tire] FR grounded=1 omega=109.253 wheelSpeed=34.949 Vx=34.951 Vy=-0.116 slipVel=0.001 kappa=-0.000 alpha=-0.003 Fz=1619.386 Fx=-25.049 Fy=68.351
[DEBUG] [Tire] RL grounded=1 omega=113.919 wheelSpeed=36.414 Vx=34.948 Vy=-0.111 slipVel=-1.466 kappa=0.040 alpha=-0.003 Fz=3754.748 Fx=1666.398 Fy=135.935
[DEBUG] [Tire] RR grounded=1 omega=114.153 wheelSpeed=36.486 Vx=34.951 Vy=-0.111 slipVel=-1.535 kappa=0.042 alpha=-0.003 Fz=3454.021 Fx=1660.600 Fy=135.763
[DEBUG] [Suspension] FL=0.089390 FR=0.078614 RL=0.145042 RR=0.136279
[DEBUG] [Wheel] FL=109.638649 FR=109.627533 RL=114.923599 RR=115.304131
[DEBUG] [Powertrain] gear=4 rpm=5114.314941 torque=295.883453 clutch=0.000000 running=1
[DEBUG] [Tire] FL grounded=1 omega=109.866 wheelSpeed=35.138 Vx=35.160 Vy=-0.072 slipVel=0.022 kappa=-0.001 alpha=-0.002 Fz=1832.824 Fx=-39.997 Fy=47.489
[DEBUG] [Tire] FR grounded=1 omega=109.862 wheelSpeed=35.136 Vx=35.169 Vy=-0.072 slipVel=0.033 kappa=-0.001 alpha=-0.002 Fz=1630.417 Fx=-41.403 Fy=42.623
[DEBUG] [Tire] RL grounded=1 omega=115.459 wheelSpeed=36.906 Vx=35.160 Vy=-0.056 slipVel=-1.746 kappa=0.047 alpha=-0.002 Fz=2988.016 Fx=1655.177 Fy=60.140
[DEBUG] [Tire] RR grounded=1 omega=115.790 wheelSpeed=37.016 Vx=35.170 Vy=-0.056 slipVel=-1.846 kappa=0.050 alpha=-0.002 Fz=2848.679 Fx=1665.087 Fy=57.845
[DEBUG] [Performance] FPS=60 PhysicsHz=120
[DEBUG] [Tire] FL grounded=1 omega=109.926 wheelSpeed=0.000 Vx=0.000 Vy=0.000 slipVel=0.000 kappa=0.000 alpha=0.000 Fz=0.000 Fx=0.000 Fy=0.000
[DEBUG] [Tire] FR grounded=1 omega=110.107 wheelSpeed=0.000 Vx=0.000 Vy=0.000 slipVel=0.000 kappa=0.000 alpha=0.000 Fz=0.000 Fx=0.000 Fy=0.000
[DEBUG] [Tire] RL grounded=1 omega=120.373 wheelSpeed=0.000 Vx=0.000 Vy=0.000 slipVel=0.000 kappa=0.000 alpha=0.000 Fz=0.000 Fx=0.000 Fy=0.000
[DEBUG] [Tire] RR grounded=1 omega=115.811 wheelSpeed=37.367 Vx=35.302 Vy=0.054 slipVel=-2.065 kappa=0.055 alpha=0.002 Fz=2866.427 Fx=1854.331 Fy=-55.066
[DEBUG] [Tire] FL grounded=1 omega=109.926 wheelSpeed=0.000 Vx=0.000 Vy=0.000 slipVel=0.000 kappa=0.000 alpha=0.000 Fz=0.000 Fx=0.000 Fy=0.000
[DEBUG] [Tire] FR grounded=1 omega=110.939 wheelSpeed=35.474 Vx=35.470 Vy=0.343 slipVel=-0.004 kappa=0.000 alpha=0.010 Fz=3991.385 Fx=-55.569 Fy=-440.168
[DEBUG] [Tire] RL grounded=1 omega=125.826 wheelSpeed=40.577 Vx=35.463 Vy=0.416 slipVel=-5.115 kappa=0.126 alpha=0.012 Fz=2052.427 Fx=1930.246 Fy=-275.489
[DEBUG] [Tire] RR grounded=1 omega=127.564 wheelSpeed=41.922 Vx=35.468 Vy=0.384 slipVel=-6.453 kappa=0.154 alpha=0.011 Fz=3809.509 Fx=3591.994 Fy=-441.567
[DEBUG] [Suspension] FL=0.003780 FR=0.057656 RL=0.070563 RR=0.056235
[DEBUG] [Wheel] FL=110.690369 FR=111.192535 RL=126.537659 RR=124.416061
[DEBUG] [Powertrain] gear=4 rpm=5632.217773 torque=295.154633 clutch=0.000000 running=1
[DEBUG] [Tire] FL grounded=1 omega=112.816 wheelSpeed=36.051 Vx=36.108 Vy=0.125 slipVel=0.057 kappa=-0.002 alpha=0.003 Fz=3263.088 Fx=-106.016 Fy=-144.562
[DEBUG] [Tire] FR grounded=1 omega=112.782 wheelSpeed=36.052 Vx=36.128 Vy=0.124 slipVel=0.076 kappa=-0.002 alpha=0.003 Fz=2097.568 Fx=-80.632 Fy=-91.944
[DEBUG] [Tire] RL grounded=1 omega=118.205 wheelSpeed=37.818 Vx=36.106 Vy=0.158 slipVel=-1.712 kappa=0.045 alpha=0.004 Fz=6447.527 Fx=2802.636 Fy=-205.222
[DEBUG] [Tire] RR grounded=1 omega=118.855 wheelSpeed=37.914 Vx=36.128 Vy=0.156 slipVel=-1.787 kappa=0.047 alpha=0.004 Fz=5384.596 Fx=2567.809 Fy=-196.346
[DEBUG] [Energy] x=37.372 y=2.763 z=265.221 vx=-14.915 vy=0.096 vz=-32.809 total=853874.750 potential=32251.600 linear=772829.625 angular=20.023 wheels=48305.992 suspension=467.493 suspensionPower=-6664.033 suspensionResidual=0.009
[DEBUG] [Audio] Submitted bytes=16793600
[DEBUG] [Tire] FL grounded=1 omega=113.671 wheelSpeed=36.362 Vx=36.353 Vy=-0.084 slipVel=-0.009 kappa=0.000 alpha=-0.002 Fz=2140.454 Fx=-26.403 Fy=62.792
[DEBUG] [Tire] FR grounded=1 omega=113.682 wheelSpeed=36.365 Vx=36.371 Vy=-0.088 slipVel=0.006 kappa=-0.000 alpha=-0.002 Fz=1658.572 Fx=-27.795 Fy=50.741
[DEBUG] [Tire] RL grounded=1 omega=116.457 wheelSpeed=37.680 Vx=36.352 Vy=-0.060 slipVel=-1.328 kappa=0.035 alpha=-0.002 Fz=5377.380 Fx=1782.654 Fy=71.702
[DEBUG] [Tire] RR grounded=1 omega=117.113 wheelSpeed=37.873 Vx=36.371 Vy=-0.067 slipVel=-1.502 kappa=0.040 alpha=-0.002 Fz=4164.378 Fx=1747.405 Fy=78.439
[DEBUG] [Suspension] FL=0.072694 FR=0.062866 RL=0.130122 RR=0.130122
[DEBUG] [Wheel] FL=113.608429 FR=113.676735 RL=113.910439 RR=113.979759
[DEBUG] [Powertrain] gear=4 rpm=4908.813965 torque=0.000000 clutch=0.000000 running=1
[DEBUG] [Tire] FL grounded=1 omega=113.472 wheelSpeed=36.322 Vx=36.227 Vy=-0.077 slipVel=-0.095 kappa=0.003 alpha=-0.002 Fz=1610.704 Fx=22.823 Fy=43.325
[DEBUG] [Tire] FR grounded=1 omega=113.556 wheelSpeed=36.348 Vx=36.246 Vy=-0.081 slipVel=-0.102 kappa=0.003 alpha=-0.002 Fz=1317.036 Fx=21.278 Fy=37.188
[DEBUG] [Tire] RL grounded=1 omega=113.326 wheelSpeed=36.304 Vx=36.228 Vy=-0.047 slipVel=-0.077 kappa=0.002 alpha=-0.001 Fz=2418.816 Fx=20.375 Fy=39.507
[DEBUG] [Tire] RR grounded=1 omega=113.392 wheelSpeed=36.326 Vx=36.248 Vy=-0.049 slipVel=-0.078 kappa=0.002 alpha=-0.001 Fz=2417.987 Fx=21.218 Fy=41.071
[DEBUG] [Tire] FL grounded=1 omega=113.242 wheelSpeed=36.239 Vx=36.183 Vy=-0.050 slipVel=-0.056 kappa=0.002 alpha=-0.001 Fz=1730.947 Fx=3.639 Fy=29.988
[DEBUG] [Tire] FR grounded=1 omega=113.304 wheelSpeed=36.260 Vx=36.199 Vy=-0.052 slipVel=-0.061 kappa=0.002 alpha=-0.001 Fz=1518.316 Fx=5.690 Fy=27.619
[DEBUG] [Tire] RL grounded=1 omega=112.331 wheelSpeed=35.965 Vx=36.184 Vy=-0.025 slipVel=0.219 kappa=-0.006 alpha=-0.001 Fz=1325.635 Fx=-110.285 Fy=11.575
[DEBUG] [Tire] RR grounded=1 omega=112.414 wheelSpeed=35.990 Vx=36.200 Vy=-0.025 slipVel=0.210 kappa=-0.006 alpha=-0.001 Fz=1410.064 Fx=-113.040 Fy=12.342
[DEBUG] [Tire] FL grounded=1 omega=113.110 wheelSpeed=36.206 Vx=36.088 Vy=0.022 slipVel=-0.119 kappa=0.003 alpha=0.001 Fz=1089.000 Fx=23.464 Fy=-8.465
[DEBUG] [Tire] FR grounded=1 omega=113.132 wheelSpeed=36.213 Vx=36.103 Vy=0.021 slipVel=-0.110 kappa=0.003 alpha=0.001 Fz=1173.181 Fx=22.000 Fy=-8.754
[DEBUG] [Tire] RL grounded=1 omega=111.478 wheelSpeed=0.000 Vx=0.000 Vy=0.000 slipVel=0.000 kappa=0.000 alpha=0.000 Fz=0.000 Fx=0.000 Fy=0.000
[DEBUG] [Tire] RR grounded=1 omega=111.823 wheelSpeed=35.770 Vx=36.109 Vy=0.047 slipVel=0.339 kappa=-0.009 alpha=0.001 Fz=1219.249 Fx=-148.788 Fy=-20.216
[DEBUG] [Suspension] FL=0.041553 FR=0.043447 RL=0.053512 RR=0.060616
[DEBUG] [Wheel] FL=113.061836 FR=113.092407 RL=111.162697 RR=111.506905
[DEBUG] [Powertrain] gear=4 rpm=4786.738770 torque=0.000000 clutch=0.000000 running=1
[DEBUG] [Tire] FL grounded=1 omega=113.436 wheelSpeed=36.285 Vx=36.279 Vy=0.060 slipVel=-0.006 kappa=0.000 alpha=0.002 Fz=2352.362 Fx=-31.224 Fy=-49.026
[DEBUG] [Tire] FR grounded=1 omega=113.494 wheelSpeed=36.304 Vx=36.296 Vy=0.059 slipVel=-0.008 kappa=0.000 alpha=0.002 Fz=2374.443 Fx=-29.862 Fy=-49.250
[DEBUG] [Tire] RL grounded=1 omega=110.795 wheelSpeed=35.421 Vx=36.279 Vy=0.088 slipVel=0.858 kappa=-0.024 alpha=0.002 Fz=1104.212 Fx=-324.729 Fy=-34.112
[DEBUG] [Tire] RR grounded=1 omega=111.175 wheelSpeed=35.555 Vx=36.296 Vy=0.089 slipVel=0.741 kappa=-0.020 alpha=0.002 Fz=1170.364 Fx=-297.532 Fy=-36.409
[DEBUG] [Energy] x=29.744 y=2.620 z=248.388 vx=-14.994 vy=-1.528 vz=-33.133 total=864619.938 potential=30589.301 linear=788360.688 angular=10.022 wheels=45509.027 suspension=150.939 suspensionPower=-714.039 suspensionResidual=0.001
[DEBUG] [Tire] FL grounded=1 omega=113.527 wheelSpeed=36.333 Vx=36.265 Vy=0.006 slipVel=-0.068 kappa=0.002 alpha=0.000 Fz=1677.661 Fx=9.718 Fy=-3.509
[DEBUG] [Tire] FR grounded=1 omega=113.585 wheelSpeed=36.351 Vx=36.277 Vy=0.006 slipVel=-0.074 kappa=0.002 alpha=0.000 Fz=952.715 Fx=7.114 Fy=-1.955
[DEBUG] [Tire] RL grounded=1 omega=111.834 wheelSpeed=35.762 Vx=36.264 Vy=0.030 slipVel=0.503 kappa=-0.014 alpha=0.001 Fz=1795.285 Fx=-314.002 Fy=-18.481
[DEBUG] [Tire] RR grounded=1 omega=112.162 wheelSpeed=35.896 Vx=36.278 Vy=0.031 slipVel=0.382 kappa=-0.011 alpha=0.001 Fz=1859.419 Fx=-251.343 Fy=-19.733
[DEBUG] [Suspension] FL=0.171920 FR=0.129056 RL=0.039540 RR=0.059196
[DEBUG] [Wheel] FL=114.956314 FR=114.838432 RL=110.950180 RR=113.063065
[DEBUG] [Powertrain] gear=4 rpm=4806.185059 torque=0.000000 clutch=0.000000 running=1
[DEBUG] [Tire] FL grounded=1 omega=115.461 wheelSpeed=36.935 Vx=36.859 Vy=-0.247 slipVel=-0.075 kappa=0.002 alpha=-0.007 Fz=6973.663 Fx=-27.233 Fy=336.777
[DEBUG] [Tire] FR grounded=1 omega=115.369 wheelSpeed=36.903 Vx=36.817 Vy=-0.245 slipVel=-0.086 kappa=0.002 alpha=-0.007 Fz=9285.143 Fx=-32.495 Fy=402.223
[DEBUG] [Tire] RL grounded=1 omega=117.336 wheelSpeed=35.908 Vx=36.856 Vy=-0.326 slipVel=0.948 kappa=-0.026 alpha=-0.009 Fz=11971.544 Fx=-2605.962 Fy=730.334
[DEBUG] [Tire] RR grounded=1 omega=119.534 wheelSpeed=35.425 Vx=36.809 Vy=-0.328 slipVel=1.384 kappa=-0.038 alpha=-0.009 Fz=14491.148 Fx=-5110.874 Fy=891.340
[DEBUG] [Performance] FPS=59 PhysicsHz=120
[DEBUG] [Tire] FL grounded=1 omega=113.818 wheelSpeed=36.447 Vx=36.337 Vy=0.114 slipVel=-0.110 kappa=0.003 alpha=0.003 Fz=2836.046 Fx=52.418 Fy=-113.883
[DEBUG] [Tire] FR grounded=1 omega=113.750 wheelSpeed=36.429 Vx=36.318 Vy=0.115 slipVel=-0.111 kappa=0.003 alpha=0.003 Fz=3242.245 Fx=61.125 Fy=-131.325
[DEBUG] [Tire] RL grounded=1 omega=113.797 wheelSpeed=36.054 Vx=36.338 Vy=0.084 slipVel=0.284 kappa=-0.008 alpha=0.002 Fz=5250.501 Fx=-394.594 Fy=-100.622
[DEBUG] [Tire] RR grounded=1 omega=113.766 wheelSpeed=36.040 Vx=36.319 Vy=0.084 slipVel=0.278 kappa=-0.008 alpha=0.002 Fz=5814.909 Fx=-404.103 Fy=-101.512
[DEBUG] [Tire] FL grounded=1 omega=113.187 wheelSpeed=36.232 Vx=36.132 Vy=0.135 slipVel=-0.100 kappa=0.003 alpha=0.004 Fz=1596.512 Fx=24.926 Fy=-76.491
[DEBUG] [Tire] FR grounded=1 omega=113.101 wheelSpeed=36.204 Vx=36.111 Vy=0.136 slipVel=-0.093 kappa=0.003 alpha=0.004 Fz=1830.867 Fx=24.819 Fy=-87.862
[DEBUG] [Tire] RL grounded=1 omega=112.527 wheelSpeed=36.029 Vx=36.134 Vy=0.101 slipVel=0.105 kappa=-0.003 alpha=0.003 Fz=2290.521 Fx=-108.137 Fy=-81.618
[DEBUG] [Tire] RR grounded=1 omega=112.521 wheelSpeed=36.026 Vx=36.112 Vy=0.102 slipVel=0.086 kappa=-0.002 alpha=0.003 Fz=2680.639 Fx=-111.471 Fy=-95.947
[DEBUG] [Suspension] FL=0.106796 FR=0.117216 RL=0.132609 RR=0.140660
[DEBUG] [Wheel] FL=113.186790 FR=113.026955 RL=112.400528 RR=112.391052
[DEBUG] [Powertrain] gear=4 rpm=4826.832031 torque=0.000000 clutch=0.000000 running=1
[DEBUG] [Tire] FL grounded=1 omega=113.187 wheelSpeed=0.000 Vx=0.000 Vy=0.000 slipVel=0.000 kappa=0.000 alpha=0.000 Fz=0.000 Fx=0.000 Fy=0.000
[DEBUG] [Tire] FR grounded=1 omega=113.027 wheelSpeed=0.000 Vx=0.000 Vy=0.000 slipVel=0.000 kappa=0.000 alpha=0.000 Fz=0.000 Fx=0.000 Fy=0.000
[DEBUG] [Tire] RL grounded=1 omega=111.272 wheelSpeed=0.000 Vx=0.000 Vy=0.000 slipVel=0.000 kappa=0.000 alpha=0.000 Fz=0.000 Fx=0.000 Fy=0.000
[DEBUG] [Tire] RR grounded=1 omega=111.648 wheelSpeed=0.000 Vx=0.000 Vy=0.000 slipVel=0.000 kappa=0.000 alpha=0.000 Fz=0.000 Fx=0.000 Fy=0.000
[DEBUG] [Energy] x=22.068 y=2.450 z=231.652 vx=-15.165 vy=-0.332 vz=-32.806 total=851272.562 potential=28595.574 linear=777248.000 angular=61.129 wheels=45166.688 suspension=201.193 suspensionPower=34.373 suspensionResidual=1720.159
[DEBUG] [Audio] Callback count=2100 additionalBytes=8192 totalBytes=8192
[DEBUG] [Audio] Submitted bytes=17203200
[DEBUG] [Tire] FL grounded=1 omega=112.574 wheelSpeed=36.025 Vx=35.970 Vy=0.131 slipVel=-0.054 kappa=0.002 alpha=0.004 Fz=1312.913 Fx=2.264 Fy=-61.032
[DEBUG] [Tire] FR grounded=1 omega=112.833 wheelSpeed=36.123 Vx=35.943 Vy=0.130 slipVel=-0.181 kappa=0.005 alpha=0.004 Fz=848.299 Fx=34.843 Fy=-39.164
[DEBUG] [Tire] RL grounded=1 omega=109.792 wheelSpeed=35.153 Vx=35.971 Vy=0.083 slipVel=0.818 kappa=-0.023 alpha=0.002 Fz=173.757 Fx=-49.178 Fy=-5.100
[DEBUG] [Tire] RR grounded=1 omega=110.087 wheelSpeed=0.000 Vx=0.000 Vy=0.000 slipVel=0.000 kappa=0.000 alpha=0.000 Fz=0.000 Fx=0.000 Fy=0.000
[DEBUG] [Suspension] FL=0.040724 FR=0.098389 RL=0.042737 RR=0.031251
[DEBUG] [Wheel] FL=112.849800 FR=113.209351 RL=111.406944 RR=108.766319
[DEBUG] [Powertrain] gear=4 rpm=4718.455566 torque=0.000000 clutch=0.000000 running=1
[DEBUG] [Tire] FL grounded=1 omega=112.969 wheelSpeed=36.147 Vx=36.259 Vy=0.520 slipVel=0.112 kappa=-0.003 alpha=0.014 Fz=109.128 Fx=-5.381 Fy=-20.789
[DEBUG] [Tire] FR grounded=1 omega=113.655 wheelSpeed=36.340 Vx=36.279 Vy=0.509 slipVel=-0.060 kappa=0.002 alpha=0.014 Fz=9034.625 Fx=-63.193 Fy=-984.305
[DEBUG] [Tire] RL grounded=1 omega=112.637 wheelSpeed=35.977 Vx=36.258 Vy=0.606 slipVel=0.281 kappa=-0.008 alpha=0.017 Fz=3592.371 Fx=-344.807 Fy=-765.054
[DEBUG] [Tire] RR grounded=1 omega=113.318 wheelSpeed=34.468 Vx=36.278 Vy=0.610 slipVel=1.810 kappa=-0.050 alpha=0.017 Fz=7899.839 Fx=-3992.913 Fy=-1094.309
[DEBUG] [Tire] FL grounded=1 omega=114.226 wheelSpeed=36.739 Vx=36.397 Vy=-0.249 slipVel=-0.342 kappa=0.009 alpha=-0.007 Fz=9810.530 Fx=394.265 Fy=439.338
[DEBUG] [Tire] FR grounded=1 omega=114.524 wheelSpeed=36.832 Vx=36.521 Vy=-0.247 slipVel=-0.312 kappa=0.008 alpha=-0.007 Fz=11437.336 Fx=390.200 Fy=503.733
[DEBUG] [Tire] RL grounded=1 omega=103.787 wheelSpeed=42.818 Vx=36.389 Vy=-0.039 slipVel=-6.429 kappa=0.150 alpha=-0.001 Fz=18389.668 Fx=17469.908 Fy=97.767
[DEBUG] [Tire] RR grounded=1 omega=105.450 wheelSpeed=37.824 Vx=36.515 Vy=-0.042 slipVel=-1.308 kappa=0.035 alpha=-0.001 Fz=20200.256 Fx=5794.578 Fy=128.017
[DEBUG] [Tire] FL grounded=1 omega=112.234 wheelSpeed=35.963 Vx=35.789 Vy=0.096 slipVel=-0.173 kappa=0.005 alpha=0.003 Fz=2584.449 Fx=100.837 Fy=-88.251
[DEBUG] [Tire] FR grounded=1 omega=112.381 wheelSpeed=36.019 Vx=35.840 Vy=0.097 slipVel=-0.179 kappa=0.005 alpha=0.003 Fz=2936.739 Fx=119.429 Fy=-101.022
[DEBUG] [Tire] RL grounded=1 omega=108.932 wheelSpeed=36.690 Vx=35.791 Vy=0.185 slipVel=-0.899 kappa=0.025 alpha=0.005 Fz=6668.125 Fx=1252.060 Fy=-248.559
[DEBUG] [Tire] RR grounded=1 omega=109.034 wheelSpeed=36.879 Vx=35.842 Vy=0.185 slipVel=-1.037 kappa=0.028 alpha=0.005 Fz=7175.784 Fx=1582.933 Fy=-251.460
[DEBUG] [Suspension] FL=0.200457 FR=0.220112 RL=0.237045 RR=0.261910
[DEBUG] [Wheel] FL=91.904213 FR=92.489845 RL=101.945969 RR=102.865295
[DEBUG] [Powertrain] gear=4 rpm=4611.825684 torque=0.000000 clutch=0.000000 running=1
[DEBUG] [Tire] FL grounded=1 omega=8.182 wheelSpeed=5.260 Vx=34.611 Vy=0.159 slipVel=29.351 kappa=-0.848 alpha=0.005 Fz=2442.855 Fx=-2240.098 Fy=-143.531
[DEBUG] [Tire] FR grounded=1 omega=12.144 wheelSpeed=6.447 Vx=34.633 Vy=0.159 slipVel=28.186 kappa=-0.814 alpha=0.005 Fz=2629.469 Fx=-2411.223 Fy=-154.684
[DEBUG] [Tire] RL grounded=1 omega=56.614 wheelSpeed=20.171 Vx=34.613 Vy=0.200 slipVel=14.442 kappa=-0.417 alpha=0.006 Fz=718.804 Fx=-659.143 Fy=-53.417
[DEBUG] [Tire] RR grounded=1 omega=62.527 wheelSpeed=21.917 Vx=34.636 Vy=0.201 slipVel=12.719 kappa=-0.367 alpha=0.006 Fz=1056.196 Fx=-968.532 Fy=-79.089
[DEBUG] [Energy] x=14.562 y=3.149 z=215.173 vx=-14.164 vy=3.426 vz=-31.486 total=760652.375 potential=36757.633 linear=716205.625 angular=80.209 wheels=6768.765 suspension=840.169 suspensionPower=873.944 suspensionResidual=31138.732
[DEBUG] [Tire] FL grounded=1 omega=0.000 wheelSpeed=0.000 Vx=0.000 Vy=0.000 slipVel=0.000 kappa=0.000 alpha=0.000 Fz=0.000 Fx=0.000 Fy=0.000
[DEBUG] [Tire] FR grounded=1 omega=0.000 wheelSpeed=0.000 Vx=0.000 Vy=0.000 slipVel=0.000 kappa=0.000 alpha=0.000 Fz=0.000 Fx=0.000 Fy=0.000
[DEBUG] [Tire] RL grounded=1 omega=59.880 wheelSpeed=0.000 Vx=0.000 Vy=0.000 slipVel=0.000 kappa=0.000 alpha=0.000 Fz=0.000 Fx=0.000 Fy=0.000
[DEBUG] [Tire] RR grounded=1 omega=65.855 wheelSpeed=0.000 Vx=0.000 Vy=0.000 slipVel=0.000 kappa=0.000 alpha=0.000 Fz=0.000 Fx=0.000 Fy=0.000
[DEBUG] [Suspension] FL=0.000000 FR=0.000000 RL=0.000000 RR=0.000000
[DEBUG] [Wheel] FL=0.000000 FR=0.000000 RL=59.112156 RR=65.087349
[DEBUG] [Powertrain] gear=4 rpm=2668.251709 torque=0.000000 clutch=0.000000 running=1
[DEBUG] [Tire] FL grounded=1 omega=0.000 wheelSpeed=0.000 Vx=0.000 Vy=0.000 slipVel=0.000 kappa=0.000 alpha=0.000 Fz=0.000 Fx=0.000 Fy=0.000
[DEBUG] [Tire] FR grounded=1 omega=0.000 wheelSpeed=0.000 Vx=0.000 Vy=0.000 slipVel=0.000 kappa=0.000 alpha=0.000 Fz=0.000 Fx=0.000 Fy=0.000
[DEBUG] [Tire] RL grounded=1 omega=58.705 wheelSpeed=0.000 Vx=0.000 Vy=0.000 slipVel=0.000 kappa=0.000 alpha=0.000 Fz=0.000 Fx=0.000 Fy=0.000
[DEBUG] [Tire] RR grounded=1 omega=64.680 wheelSpeed=0.000 Vx=0.000 Vy=0.000 slipVel=0.000 kappa=0.000 alpha=0.000 Fz=0.000 Fx=0.000 Fy=0.000
[DEBUG] [Performance] FPS=60 PhysicsHz=120
[DEBUG] [Tire] FL grounded=1 omega=0.000 wheelSpeed=0.000 Vx=0.000 Vy=0.000 slipVel=0.000 kappa=0.000 alpha=0.000 Fz=0.000 Fx=0.000 Fy=0.000
[DEBUG] [Tire] FR grounded=1 omega=0.000 wheelSpeed=0.000 Vx=0.000 Vy=0.000 slipVel=0.000 kappa=0.000 alpha=0.000 Fz=0.000 Fx=0.000 Fy=0.000
[DEBUG] [Tire] RL grounded=0 omega=57.488 wheelSpeed=0.000 Vx=0.000 Vy=0.000 slipVel=0.000 kappa=0.000 alpha=0.000 Fz=0.000 Fx=0.000 Fy=0.000
[DEBUG] [Tire] RR grounded=0 omega=63.463 wheelSpeed=0.000 Vx=0.000 Vy=0.000 slipVel=0.000 kappa=0.000 alpha=0.000 Fz=0.000 Fx=0.000 Fy=0.000
[DEBUG] [Tire] FL grounded=1 omega=0.000 wheelSpeed=0.000 Vx=0.000 Vy=0.000 slipVel=0.000 kappa=0.000 alpha=0.000 Fz=0.000 Fx=0.000 Fy=0.000
[DEBUG] [Tire] FR grounded=0 omega=0.000 wheelSpeed=0.000 Vx=0.000 Vy=0.000 slipVel=0.000 kappa=0.000 alpha=0.000 Fz=0.000 Fx=0.000 Fy=0.000
[DEBUG] [Tire] RL grounded=0 omega=56.279 wheelSpeed=0.000 Vx=0.000 Vy=0.000 slipVel=0.000 kappa=0.000 alpha=0.000 Fz=0.000 Fx=0.000 Fy=0.000
[DEBUG] [Tire] RR grounded=0 omega=62.254 wheelSpeed=0.000 Vx=0.000 Vy=0.000 slipVel=0.000 kappa=0.000 alpha=0.000 Fz=0.000 Fx=0.000 Fy=0.000
[DEBUG] [Suspension] FL=0.000000 FR=0.000000 RL=0.000000 RR=0.000000
[DEBUG] [Wheel] FL=0.000000 FR=0.000000 RL=56.078552 RR=62.053741
[DEBUG] [Powertrain] gear=4 rpm=2537.710693 torque=0.000000 clutch=0.000000 running=1
[DEBUG] [Tire] FL grounded=1 omega=0.000 wheelSpeed=0.000 Vx=0.000 Vy=0.000 slipVel=0.000 kappa=0.000 alpha=0.000 Fz=0.000 Fx=0.000 Fy=0.000
[DEBUG] [Tire] FR grounded=0 omega=0.000 wheelSpeed=0.000 Vx=0.000 Vy=0.000 slipVel=0.000 kappa=0.000 alpha=0.000 Fz=0.000 Fx=0.000 Fy=0.000
[DEBUG] [Tire] RL grounded=0 omega=55.079 wheelSpeed=0.000 Vx=0.000 Vy=0.000 slipVel=0.000 kappa=0.000 alpha=0.000 Fz=0.000 Fx=0.000 Fy=0.000
[DEBUG] [Tire] RR grounded=0 omega=61.054 wheelSpeed=0.000 Vx=0.000 Vy=0.000 slipVel=0.000 kappa=0.000 alpha=0.000 Fz=0.000 Fx=0.000 Fy=0.000
[DEBUG] [Energy] x=7.374 y=3.625 z=199.189 vx=-14.140 vy=-1.513 vz=-31.440 total=756878.438 potential=42317.457 linear=708480.000 angular=119.951 wheels=5961.083 suspension=0.000 suspensionPower=0.000 suspensionResidual=0.000
[DEBUG] [Tire] FL grounded=1 omega=0.000 wheelSpeed=0.000 Vx=0.000 Vy=0.000 slipVel=0.000 kappa=0.000 alpha=0.000 Fz=0.000 Fx=0.000 Fy=0.000
[DEBUG] [Tire] FR grounded=1 omega=0.000 wheelSpeed=0.000 Vx=0.000 Vy=0.000 slipVel=0.000 kappa=0.000 alpha=0.000 Fz=0.000 Fx=0.000 Fy=0.000
[DEBUG] [Tire] RL grounded=0 omega=53.888 wheelSpeed=0.000 Vx=0.000 Vy=0.000 slipVel=0.000 kappa=0.000 alpha=0.000 Fz=0.000 Fx=0.000 Fy=0.000
[DEBUG] [Tire] RR grounded=0 omega=59.863 wheelSpeed=0.000 Vx=0.000 Vy=0.000 slipVel=0.000 kappa=0.000 alpha=0.000 Fz=0.000 Fx=0.000 Fy=0.000
[DEBUG] [Audio] Submitted bytes=17612800
[DEBUG] [Suspension] FL=0.000000 FR=0.000000 RL=0.000000 RR=0.000000
[DEBUG] [Wheel] FL=0.000000 FR=0.000000 RL=53.097755 RR=59.072945
[DEBUG] [Powertrain] gear=4 rpm=2409.441895 torque=0.000000 clutch=0.000000 running=1
[DEBUG] [Tire] FL grounded=1 omega=14.893 wheelSpeed=2.336 Vx=34.176 Vy=0.069 slipVel=31.839 kappa=-0.932 alpha=0.002 Fz=5606.289 Fx=-5140.966 Fy=-88.050
[DEBUG] [Tire] FR grounded=1 omega=0.000 wheelSpeed=0.000 Vx=0.000 Vy=0.000 slipVel=0.000 kappa=0.000 alpha=0.000 Fz=0.000 Fx=0.000 Fy=0.000
[DEBUG] [Tire] RL grounded=1 omega=54.025 wheelSpeed=0.000 Vx=0.000 Vy=0.000 slipVel=0.000 kappa=0.000 alpha=0.000 Fz=0.000 Fx=0.000 Fy=0.000
[DEBUG] [Tire] RR grounded=0 omega=60.000 wheelSpeed=0.000 Vx=0.000 Vy=0.000 slipVel=0.000 kappa=0.000 alpha=0.000 Fz=0.000 Fx=0.000 Fy=0.000
[DEBUG] [Tire] FL grounded=1 omega=105.061 wheelSpeed=33.569 Vx=33.569 Vy=0.065 slipVel=-0.000 kappa=0.000 alpha=0.002 Fz=7081.620 Fx=-105.934 Fy=-85.668
[DEBUG] [Tire] FR grounded=1 omega=99.888 wheelSpeed=28.514 Vx=33.552 Vy=0.064 slipVel=5.038 kappa=-0.150 alpha=0.002 Fz=7707.105 Fx=-7321.365 Fy=-75.044
[DEBUG] [Tire] RL grounded=1 omega=63.857 wheelSpeed=0.000 Vx=0.000 Vy=0.000 slipVel=0.000 kappa=0.000 alpha=0.000 Fz=0.000 Fx=0.000 Fy=0.000
[DEBUG] [Tire] RR grounded=1 omega=69.832 wheelSpeed=0.000 Vx=0.000 Vy=0.000 slipVel=0.000 kappa=0.000 alpha=0.000 Fz=0.000 Fx=0.000 Fy=0.000
[DEBUG] [Tire] FL grounded=1 omega=107.057 wheelSpeed=34.211 Vx=34.246 Vy=0.105 slipVel=0.035 kappa=-0.001 alpha=0.003 Fz=4252.184 Fx=-100.964 Fy=-133.615
[DEBUG] [Tire] FR grounded=1 omega=106.984 wheelSpeed=34.185 Vx=34.213 Vy=0.105 slipVel=0.028 kappa=-0.001 alpha=0.003 Fz=5041.997 Fx=-105.894 Fy=-135.158
[DEBUG] [Tire] RL grounded=1 omega=62.595 wheelSpeed=0.000 Vx=0.000 Vy=0.000 slipVel=0.000 kappa=0.000 alpha=0.000 Fz=0.000 Fx=0.000 Fy=0.000
[DEBUG] [Tire] RR grounded=1 omega=68.570 wheelSpeed=0.000 Vx=0.000 Vy=0.000 slipVel=0.000 kappa=0.000 alpha=0.000 Fz=0.000 Fx=0.000 Fy=0.000
[DEBUG] [Suspension] FL=0.144568 FR=0.150015 RL=0.000000 RR=0.000000
[DEBUG] [Wheel] FL=107.333252 FR=107.274330 RL=62.387135 RR=68.362320
[DEBUG] [Powertrain] gear=4 rpm=2809.178467 torque=0.000000 clutch=0.000000 running=1
[DEBUG] [Tire] FL grounded=1 omega=106.380 wheelSpeed=34.052 Vx=33.941 Vy=0.051 slipVel=-0.111 kappa=0.003 alpha=0.002 Fz=13575.505 Fx=21.406 Fy=-113.925
[DEBUG] [Tire] FR grounded=1 omega=106.190 wheelSpeed=33.997 Vx=33.881 Vy=0.076 slipVel=-0.116 kappa=0.003 alpha=0.002 Fz=14769.177 Fx=34.531 Fy=-189.403
[DEBUG] [Tire] RL grounded=1 omega=86.659 wheelSpeed=27.102 Vx=34.076 Vy=-0.026 slipVel=6.974 kappa=-0.205 alpha=-0.001 Fz=4363.750 Fx=-4145.441 Fy=31.742
[DEBUG] [Tire] RR grounded=1 omega=101.328 wheelSpeed=32.496 Vx=33.994 Vy=-0.026 slipVel=1.498 kappa=-0.044 alpha=-0.001 Fz=5792.518 Fx=-2668.826 Fy=32.290
[DEBUG] [Energy] x=0.303 y=2.411 z=183.517 vx=-13.547 vy=-0.081 vz=-29.562 total=696019.125 potential=28143.986 linear=629165.375 angular=593.785 wheels=35175.453 suspension=2940.480 suspensionPower=-57316.555 suspensionResidual=0.055
[DEBUG] [Tire] FL grounded=1 omega=89.553 wheelSpeed=29.033 Vx=31.536 Vy=0.106 slipVel=2.504 kappa=-0.079 alpha=0.003 Fz=8130.315 Fx=-7024.223 Fy=-160.612
[DEBUG] [Tire] FR grounded=1 omega=89.554 wheelSpeed=29.012 Vx=31.525 Vy=0.109 slipVel=2.513 kappa=-0.080 alpha=0.003 Fz=8147.853 Fx=-7067.736 Fy=-166.833
[DEBUG] [Tire] RL grounded=1 omega=74.369 wheelSpeed=23.516 Vx=31.537 Vy=0.086 slipVel=8.021 kappa=-0.254 alpha=0.003 Fz=6581.146 Fx=-6034.912 Fy=-122.566
[DEBUG] [Tire] RR grounded=1 omega=80.807 wheelSpeed=24.929 Vx=31.523 Vy=0.093 slipVel=6.594 kappa=-0.209 alpha=0.003 Fz=7795.368 Fx=-7401.325 Fy=-136.367
[DEBUG] [Suspension] FL=0.257766 FR=0.255398 RL=0.164224 RR=0.168960
[DEBUG] [Wheel] FL=95.688568 FR=95.585922 RL=76.528725 RR=90.076859
[DEBUG] [Powertrain] gear=3 rpm=4748.666016 torque=0.000000 clutch=0.000000 running=1
[DEBUG] [Tire] FL grounded=1 omega=95.370 wheelSpeed=30.539 Vx=30.458 Vy=0.067 slipVel=-0.081 kappa=0.003 alpha=0.002 Fz=3611.932 Fx=43.005 Fy=-93.935
[DEBUG] [Tire] FR grounded=1 omega=95.290 wheelSpeed=30.511 Vx=30.434 Vy=0.072 slipVel=-0.077 kappa=0.003 alpha=0.002 Fz=3639.383 Fx=37.988 Fy=-101.636
[DEBUG] [Tire] RL grounded=1 omega=79.270 wheelSpeed=24.941 Vx=30.462 Vy=0.036 slipVel=5.521 kappa=-0.181 alpha=0.001 Fz=1615.702 Fx=-1534.746 Fy=-22.931
[DEBUG] [Tire] RR grounded=1 omega=90.629 wheelSpeed=28.684 Vx=30.437 Vy=0.042 slipVel=1.753 kappa=-0.058 alpha=0.001 Fz=1857.317 Fx=-1306.280 Fy=-32.409
[DEBUG] [Performance] FPS=60 PhysicsHz=120
[DEBUG] [Tire] FL grounded=1 omega=95.030 wheelSpeed=0.000 Vx=0.000 Vy=0.000 slipVel=0.000 kappa=0.000 alpha=0.000 Fz=0.000 Fx=0.000 Fy=0.000
[DEBUG] [Tire] FR grounded=1 omega=94.876 wheelSpeed=30.376 Vx=30.284 Vy=0.118 slipVel=-0.092 kappa=0.003 alpha=0.004 Fz=1732.961 Fx=32.563 Fy=-86.225
[DEBUG] [Tire] RL grounded=1 omega=85.158 wheelSpeed=26.936 Vx=30.288 Vy=0.120 slipVel=3.352 kappa=-0.111 alpha=0.004 Fz=1281.263 Fx=-1215.916 Fy=-55.892
[DEBUG] [Tire] RR grounded=1 omega=90.447 wheelSpeed=28.901 Vx=30.287 Vy=0.124 slipVel=1.386 kappa=-0.046 alpha=0.004 Fz=1132.378 Fx=-640.329 Fy=-59.301
[DEBUG] [Tire] FL grounded=1 omega=95.030 wheelSpeed=0.000 Vx=0.000 Vy=0.000 slipVel=0.000 kappa=0.000 alpha=0.000 Fz=0.000 Fx=0.000 Fy=0.000
[DEBUG] [Tire] FR grounded=1 omega=94.875 wheelSpeed=30.360 Vx=29.965 Vy=0.216 slipVel=-0.396 kappa=0.013 alpha=0.007 Fz=6.092 Fx=0.823 Fy=-0.569
[DEBUG] [Tire] RL grounded=1 omega=87.013 wheelSpeed=0.000 Vx=0.000 Vy=0.000 slipVel=0.000 kappa=0.000 alpha=0.000 Fz=0.000 Fx=0.000 Fy=0.000
[DEBUG] [Tire] RR grounded=1 omega=90.519 wheelSpeed=0.000 Vx=0.000 Vy=0.000 slipVel=0.000 kappa=0.000 alpha=0.000 Fz=0.000 Fx=0.000 Fy=0.000
[DEBUG] [Suspension] FL=0.046407 FR=0.064169 RL=0.036106 RR=0.054459
[DEBUG] [Wheel] FL=94.986526 FR=94.719055 RL=86.752922 RR=90.259277
[DEBUG] [Powertrain] gear=3 rpm=5190.253418 torque=0.000000 clutch=0.000000 running=1
[DEBUG] [Tire] FL grounded=1 omega=94.112 wheelSpeed=30.119 Vx=30.069 Vy=0.235 slipVel=-0.050 kappa=0.002 alpha=0.008 Fz=2221.840 Fx=7.549 Fy=-225.859
[DEBUG] [Tire] FR grounded=1 omega=94.130 wheelSpeed=30.118 Vx=30.086 Vy=0.235 slipVel=-0.032 kappa=0.001 alpha=0.008 Fz=2524.808 Fx=-8.479 Fy=-256.525
[DEBUG] [Tire] RL grounded=1 omega=87.020 wheelSpeed=27.708 Vx=30.069 Vy=0.263 slipVel=2.361 kappa=-0.079 alpha=0.009 Fz=970.535 Fx=-887.805 Fy=-110.864
[DEBUG] [Tire] RR grounded=1 omega=90.171 wheelSpeed=28.820 Vx=30.086 Vy=0.263 slipVel=1.266 kappa=-0.042 alpha=0.009 Fz=1284.610 Fx=-669.554 Fy=-146.664
[DEBUG] [Energy] x=-6.185 y=2.727 z=169.497 vx=-12.467 vy=-0.560 vz=-26.971 total=564349.875 potential=31832.686 linear=525477.438 angular=16.639 wheels=6813.026 suspension=210.110 suspensionPower=-3748.234 suspensionResidual=-0.000
[DEBUG] [Tire] FL grounded=1 omega=9.279 wheelSpeed=4.701 Vx=29.251 Vy=0.208 slipVel=24.550 kappa=-0.839 alpha=0.007 Fz=4536.260 Fx=-4159.750 Fy=-324.373
[DEBUG] [Tire] FR grounded=1 omega=17.059 wheelSpeed=6.925 Vx=29.258 Vy=0.208 slipVel=22.333 kappa=-0.763 alpha=0.007 Fz=5147.492 Fx=-4720.250 Fy=-333.096
[DEBUG] [Tire] RL grounded=1 omega=31.432 wheelSpeed=10.801 Vx=29.251 Vy=0.220 slipVel=18.450 kappa=-0.631 alpha=0.008 Fz=941.936 Fx=-863.755 Fy=-91.921
[DEBUG] [Tire] RR grounded=1 omega=42.270 wheelSpeed=13.995 Vx=29.259 Vy=0.220 slipVel=15.264 kappa=-0.522 alpha=0.008 Fz=1574.540 Fx=-1443.853 Fy=-153.641
[DEBUG] [Suspension] FL=0.143739 FR=0.130832 RL=0.024147 RR=0.045105
[DEBUG] [Wheel] FL=68.506523 FR=65.035789 RL=30.270397 RR=50.014767
[DEBUG] [Powertrain] gear=2 rpm=3457.111572 torque=0.000000 clutch=0.000000 running=1
[DEBUG] [Tire] FL grounded=1 omega=89.744 wheelSpeed=27.665 Vx=28.379 Vy=0.146 slipVel=0.714 kappa=-0.025 alpha=0.005 Fz=10533.268 Fx=-2230.647 Fy=-337.644
[DEBUG] [Tire] FR grounded=1 omega=96.753 wheelSpeed=25.779 Vx=28.402 Vy=0.139 slipVel=2.623 kappa=-0.092 alpha=0.005 Fz=11563.311 Fx=-10979.997 Fy=-336.269
[DEBUG] [Tire] RL grounded=1 omega=27.201 wheelSpeed=0.000 Vx=0.000 Vy=0.000 slipVel=0.000 kappa=0.000 alpha=0.000 Fz=0.000 Fx=0.000 Fy=0.000
[DEBUG] [Tire] RR grounded=1 omega=51.474 wheelSpeed=18.554 Vx=28.437 Vy=0.219 slipVel=9.883 kappa=-0.348 alpha=0.008 Fz=1078.198 Fx=-988.708 Fy=-107.999
[DEBUG] [Audio] Callback count=2200 additionalBytes=8192 totalBytes=8192
[DEBUG] [Audio] GenerateAudio rpm=3464.578857 torque=0.000000 speed=101.458321 slip=0.611303 running=1
[DEBUG] [Audio] Submitted bytes=18022400
[DEBUG] [Tire] FL grounded=1 omega=87.426 wheelSpeed=28.071 Vx=27.874 Vy=0.258 slipVel=-0.197 kappa=0.007 alpha=0.009 Fz=5806.632 Fx=199.704 Fy=-462.770
[DEBUG] [Tire] FR grounded=1 omega=87.487 wheelSpeed=28.083 Vx=27.906 Vy=0.308 slipVel=-0.177 kappa=0.006 alpha=0.011 Fz=9402.057 Fx=185.230 Fy=-753.684
[DEBUG] [Tire] RL grounded=1 omega=46.097 wheelSpeed=15.185 Vx=27.875 Vy=0.320 slipVel=12.690 kappa=-0.455 alpha=0.011 Fz=4876.042 Fx=-4471.331 Fy=-559.905
[DEBUG] [Tire] RR grounded=1 omega=67.325 wheelSpeed=21.505 Vx=27.918 Vy=0.316 slipVel=6.414 kappa=-0.230 alpha=0.011 Fz=5940.905 Fx=-5472.183 Fy=-588.800
[DEBUG] [Tire] FL grounded=1 omega=84.825 wheelSpeed=27.188 Vx=27.068 Vy=0.361 slipVel=-0.120 kappa=0.004 alpha=0.013 Fz=5102.570 Fx=92.595 Fy=-675.221
[DEBUG] [Tire] FR grounded=1 omega=84.898 wheelSpeed=27.209 Vx=27.085 Vy=0.357 slipVel=-0.124 kappa=0.005 alpha=0.013 Fz=6102.684 Fx=89.086 Fy=-713.802
[DEBUG] [Tire] RL grounded=1 omega=47.234 wheelSpeed=13.943 Vx=27.065 Vy=0.354 slipVel=13.122 kappa=-0.485 alpha=0.013 Fz=2775.640 Fx=-2545.262 Fy=-479.481
[DEBUG] [Tire] RR grounded=1 omega=84.186 wheelSpeed=25.532 Vx=27.085 Vy=0.381 slipVel=1.553 kappa=-0.057 alpha=0.014 Fz=4694.345 Fx=-3043.522 Fy=-696.989
[DEBUG] [Suspension] FL=0.181748 FR=0.241781 RL=0.094836 RR=0.126688
[DEBUG] [Wheel] FL=84.590714 FR=84.691116 RL=54.220032 RR=90.767548
[DEBUG] [Powertrain] gear=2 rpm=5039.767578 torque=0.000000 clutch=0.000000 running=1
[DEBUG] [Tire] FL grounded=1 omega=83.445 wheelSpeed=26.737 Vx=26.647 Vy=0.203 slipVel=-0.089 kappa=0.003 alpha=0.008 Fz=3275.660 Fx=72.571 Fy=-324.479
[DEBUG] [Tire] FR grounded=1 omega=83.664 wheelSpeed=26.793 Vx=26.719 Vy=0.200 slipVel=-0.074 kappa=0.003 alpha=0.007 Fz=3923.173 Fx=42.501 Fy=-334.292
[DEBUG] [Tire] RL grounded=1 omega=57.245 wheelSpeed=18.560 Vx=26.646 Vy=0.321 slipVel=8.086 kappa=-0.303 alpha=0.012 Fz=3299.197 Fx=-3025.364 Fy=-523.353
[DEBUG] [Tire] RR grounded=1 omega=76.790 wheelSpeed=24.652 Vx=26.719 Vy=0.319 slipVel=2.067 kappa=-0.077 alpha=0.012 Fz=3785.781 Fx=-3368.610 Fy=-543.224
[DEBUG] [Energy] x=-12.036 y=3.272 z=156.785 vx=-10.694 vy=2.232 vz=-23.739 total=466385.031 potential=38202.543 linear=406329.656 angular=9.714 wheels=21174.746 suspension=668.366 suspensionPower=549.807 suspensionResidual=35504.824
[DEBUG] [Tire] FL grounded=1 omega=59.605 wheelSpeed=0.000 Vx=0.000 Vy=0.000 slipVel=0.000 kappa=0.000 alpha=0.000 Fz=0.000 Fx=0.000 Fy=0.000
[DEBUG] [Tire] FR grounded=1 omega=59.364 wheelSpeed=0.000 Vx=0.000 Vy=0.000 slipVel=0.000 kappa=0.000 alpha=0.000 Fz=0.000 Fx=0.000 Fy=0.000
[DEBUG] [Tire] RL grounded=1 omega=54.147 wheelSpeed=17.365 Vx=25.909 Vy=0.338 slipVel=8.544 kappa=-0.330 alpha=0.013 Fz=2563.787 Fx=-2350.992 Fy=-441.919
[DEBUG] [Tire] RR grounded=1 omega=60.629 wheelSpeed=19.406 Vx=25.974 Vy=0.336 slipVel=6.568 kappa=-0.253 alpha=0.013 Fz=2641.002 Fx=-2421.799 Fy=-451.625
[DEBUG] [Suspension] FL=0.000000 FR=0.000000 RL=0.017516 RR=0.084890
[DEBUG] [Wheel] FL=0.000000 FR=0.000000 RL=35.140110 RR=53.360165
[DEBUG] [Powertrain] gear=2 rpm=4641.969727 torque=0.000000 clutch=0.000000 running=1
[DEBUG] [Tire] FL grounded=1 omega=0.000 wheelSpeed=0.000 Vx=0.000 Vy=0.000 slipVel=0.000 kappa=0.000 alpha=0.000 Fz=0.000 Fx=0.000 Fy=0.000
[DEBUG] [Tire] FR grounded=1 omega=0.000 wheelSpeed=0.000 Vx=0.000 Vy=0.000 slipVel=0.000 kappa=0.000 alpha=0.000 Fz=0.000 Fx=0.000 Fy=0.000
[DEBUG] [Tire] RL grounded=1 omega=43.881 wheelSpeed=0.000 Vx=0.000 Vy=0.000 slipVel=0.000 kappa=0.000 alpha=0.000 Fz=0.000 Fx=0.000 Fy=0.000
[DEBUG] [Tire] RR grounded=1 omega=62.101 wheelSpeed=0.000 Vx=0.000 Vy=0.000 slipVel=0.000 kappa=0.000 alpha=0.000 Fz=0.000 Fx=0.000 Fy=0.000
[DEBUG] [Performance] FPS=60 PhysicsHz=120
[DEBUG] [Tire] FL grounded=1 omega=0.000 wheelSpeed=0.000 Vx=0.000 Vy=0.000 slipVel=0.000 kappa=0.000 alpha=0.000 Fz=0.000 Fx=0.000 Fy=0.000
[DEBUG] [Tire] FR grounded=1 omega=0.000 wheelSpeed=0.000 Vx=0.000 Vy=0.000 slipVel=0.000 kappa=0.000 alpha=0.000 Fz=0.000 Fx=0.000 Fy=0.000
[DEBUG] [Tire] RL grounded=1 omega=43.881 wheelSpeed=0.000 Vx=0.000 Vy=0.000 slipVel=0.000 kappa=0.000 alpha=0.000 Fz=0.000 Fx=0.000 Fy=0.000
[DEBUG] [Tire] RR grounded=1 omega=62.101 wheelSpeed=0.000 Vx=0.000 Vy=0.000 slipVel=0.000 kappa=0.000 alpha=0.000 Fz=0.000 Fx=0.000 Fy=0.000
[DEBUG] [Tire] FL grounded=1 omega=0.000 wheelSpeed=0.000 Vx=0.000 Vy=0.000 slipVel=0.000 kappa=0.000 alpha=0.000 Fz=0.000 Fx=0.000 Fy=0.000
[DEBUG] [Tire] FR grounded=1 omega=0.000 wheelSpeed=0.000 Vx=0.000 Vy=0.000 slipVel=0.000 kappa=0.000 alpha=0.000 Fz=0.000 Fx=0.000 Fy=0.000
[DEBUG] [Tire] RL grounded=0 omega=43.881 wheelSpeed=0.000 Vx=0.000 Vy=0.000 slipVel=0.000 kappa=0.000 alpha=0.000 Fz=0.000 Fx=0.000 Fy=0.000
[DEBUG] [Tire] RR grounded=0 omega=62.101 wheelSpeed=0.000 Vx=0.000 Vy=0.000 slipVel=0.000 kappa=0.000 alpha=0.000 Fz=0.000 Fx=0.000 Fy=0.000
[DEBUG] [Suspension] FL=0.000000 FR=0.000000 RL=0.000000 RR=0.000000
[DEBUG] [Wheel] FL=0.000000 FR=0.000000 RL=43.880848 RR=62.100903
[DEBUG] [Powertrain] gear=2 rpm=3864.794922 torque=0.000000 clutch=0.000000 running=1
[DEBUG] [Tire] FL grounded=1 omega=0.000 wheelSpeed=0.000 Vx=0.000 Vy=0.000 slipVel=0.000 kappa=0.000 alpha=0.000 Fz=0.000 Fx=0.000 Fy=0.000
[DEBUG] [Tire] FR grounded=1 omega=0.000 wheelSpeed=0.000 Vx=0.000 Vy=0.000 slipVel=0.000 kappa=0.000 alpha=0.000 Fz=0.000 Fx=0.000 Fy=0.000
[DEBUG] [Tire] RL grounded=1 omega=0.000 wheelSpeed=0.000 Vx=0.000 Vy=0.000 slipVel=0.000 kappa=0.000 alpha=0.000 Fz=0.000 Fx=0.000 Fy=0.000
[DEBUG] [Tire] RR grounded=0 omega=10.138 wheelSpeed=0.000 Vx=0.000 Vy=0.000 slipVel=0.000 kappa=0.000 alpha=0.000 Fz=0.000 Fx=0.000 Fy=0.000
[DEBUG] [Energy] x=-17.398 y=3.256 z=144.832 vx=-10.539 vy=-2.466 vz=-23.498 total=437711.594 potential=38014.914 linear=398245.656 angular=129.053 wheels=1321.979 suspension=0.000 suspensionPower=0.000 suspensionResidual=0.000
[DEBUG] [Tire] FL grounded=1 omega=0.000 wheelSpeed=0.000 Vx=0.000 Vy=0.000 slipVel=0.000 kappa=0.000 alpha=0.000 Fz=0.000 Fx=0.000 Fy=0.000
[DEBUG] [Tire] FR grounded=1 omega=0.000 wheelSpeed=0.000 Vx=0.000 Vy=0.000 slipVel=0.000 kappa=0.000 alpha=0.000 Fz=0.000 Fx=0.000 Fy=0.000
[DEBUG] [Tire] RL grounded=1 omega=27.417 wheelSpeed=0.000 Vx=0.000 Vy=0.000 slipVel=0.000 kappa=0.000 alpha=0.000 Fz=0.000 Fx=0.000 Fy=0.000
[DEBUG] [Tire] RR grounded=1 omega=30.351 wheelSpeed=0.000 Vx=0.000 Vy=0.000 slipVel=0.000 kappa=0.000 alpha=0.000 Fz=0.000 Fx=0.000 Fy=0.000
[DEBUG] [Suspension] FL=0.047355 FR=0.000000 RL=0.000000 RR=0.000000
[DEBUG] [Wheel] FL=45.957077 FR=0.000000 RL=27.417271 RR=30.351498
[DEBUG] [Powertrain] gear=2 rpm=1930.745972 torque=0.000000 clutch=0.000000 running=1
[DEBUG] [Tire] FL grounded=1 omega=79.620 wheelSpeed=24.250 Vx=25.169 Vy=-0.146 slipVel=0.919 kappa=-0.037 alpha=-0.006 Fz=7576.092 Fx=-2596.019 Fy=290.538
[DEBUG] [Tire] FR grounded=1 omega=43.060 wheelSpeed=9.123 Vx=25.177 Vy=-0.137 slipVel=16.054 kappa=-0.638 alpha=-0.005 Fz=10749.494 Fx=-9857.286 Fy=367.131
[DEBUG] [Tire] RL grounded=1 omega=27.417 wheelSpeed=0.000 Vx=0.000 Vy=0.000 slipVel=0.000 kappa=0.000 alpha=0.000 Fz=0.000 Fx=0.000 Fy=0.000
[DEBUG] [Tire] RR grounded=1 omega=30.351 wheelSpeed=0.000 Vx=0.000 Vy=0.000 slipVel=0.000 kappa=0.000 alpha=0.000 Fz=0.000 Fx=0.000 Fy=0.000
[DEBUG] [Audio] Submitted bytes=18432000
[DEBUG] [Tire] FL grounded=1 omega=80.187 wheelSpeed=25.703 Vx=25.602 Vy=0.067 slipVel=-0.101 kappa=0.004 alpha=0.003 Fz=3660.893 Fx=90.171 Fy=-112.155
[DEBUG] [Tire] FR grounded=1 omega=79.457 wheelSpeed=26.245 Vx=25.587 Vy=0.151 slipVel=-0.658 kappa=0.025 alpha=0.006 Fz=9586.896 Fx=1733.723 Fy=-361.408
[DEBUG] [Tire] RL grounded=1 omega=36.181 wheelSpeed=11.491 Vx=25.600 Vy=0.158 slipVel=14.109 kappa=-0.551 alpha=0.006 Fz=6074.785 Fx=-5570.578 Fy=-295.624
[DEBUG] [Tire] RR grounded=1 omega=14.279 wheelSpeed=0.000 Vx=0.000 Vy=0.000 slipVel=0.000 kappa=0.000 alpha=0.000 Fz=0.000 Fx=0.000 Fy=0.000
[DEBUG] [Tire] FL grounded=1 omega=76.161 wheelSpeed=25.159 Vx=24.738 Vy=-0.073 slipVel=-0.421 kappa=0.017 alpha=-0.003 Fz=16807.047 Fx=1679.883 Fy=286.988
[DEBUG] [Tire] FR grounded=1 omega=77.886 wheelSpeed=24.959 Vx=24.849 Vy=-0.012 slipVel=-0.110 kappa=0.004 alpha=-0.000 Fz=6742.609 Fx=75.303 Fy=20.418
[DEBUG] [Tire] RL grounded=1 omega=35.642 wheelSpeed=10.785 Vx=24.872 Vy=-0.046 slipVel=14.087 kappa=-0.566 alpha=-0.002 Fz=1171.234 Fx=-1074.021 Fy=27.676
[DEBUG] [Tire] RR grounded=1 omega=49.685 wheelSpeed=12.879 Vx=24.856 Vy=-0.036 slipVel=11.978 kappa=-0.482 alpha=-0.001 Fz=6699.078 Fx=-6143.055 Fy=62.644
[DEBUG] [Suspension] FL=0.259661 FR=0.250188 RL=0.075062 RR=0.109874
[DEBUG] [Wheel] FL=75.537766 FR=77.516663 RL=32.214596 RR=52.037956
[DEBUG] [Powertrain] gear=2 rpm=3276.537598 torque=0.000000 clutch=0.000000 running=1
[DEBUG] [Tire] FL grounded=1 omega=75.546 wheelSpeed=24.344 Vx=24.096 Vy=-0.297 slipVel=-0.247 kappa=0.010 alpha=-0.012 Fz=6959.751 Fx=357.465 Fy=695.330
[DEBUG] [Tire] FR grounded=1 omega=75.577 wheelSpeed=24.328 Vx=24.105 Vy=-0.286 slipVel=-0.223 kappa=0.009 alpha=-0.012 Fz=6374.889 Fx=301.977 Fy=640.642
[DEBUG] [Tire] RL grounded=1 omega=66.219 wheelSpeed=18.463 Vx=24.089 Vy=-0.277 slipVel=5.626 kappa=-0.234 alpha=-0.012 Fz=12147.435 Fx=-11159.402 Fy=1026.685
[DEBUG] [Tire] RR grounded=1 omega=64.571 wheelSpeed=21.638 Vx=24.161 Vy=-0.289 slipVel=2.523 kappa=-0.104 alpha=-0.012 Fz=3533.526 Fx=-3324.565 Fy=464.444
[DEBUG] [Energy] x=-22.407 y=2.561 z=133.415 vx=-8.887 vy=1.585 vz=-20.779 total=354006.000 potential=29900.807 linear=305373.812 angular=7.800 wheels=16389.404 suspension=2334.144 suspensionPower=7101.578 suspensionResidual=-0.006
[DEBUG] [Tire] FL grounded=1 omega=70.890 wheelSpeed=22.757 Vx=22.631 Vy=-0.140 slipVel=-0.126 kappa=0.006 alpha=-0.006 Fz=3462.238 Fx=152.757 Fy=268.401
[DEBUG] [Tire] FR grounded=1 omega=71.000 wheelSpeed=22.790 Vx=22.647 Vy=-0.133 slipVel=-0.143 kappa=0.006 alpha=-0.006 Fz=2654.551 Fx=148.224 Fy=201.599
[DEBUG] [Tire] RL grounded=1 omega=70.559 wheelSpeed=20.468 Vx=22.637 Vy=-0.096 slipVel=2.169 kappa=-0.096 alpha=-0.004 Fz=3546.870 Fx=-3365.357 Fy=167.580
[DEBUG] [Tire] RR grounded=1 omega=69.260 wheelSpeed=20.211 Vx=22.654 Vy=-0.090 slipVel=2.442 kappa=-0.108 alpha=-0.004 Fz=3192.779 Fx=-3029.853 Fy=141.173
[DEBUG] [Suspension] FL=0.177841 FR=0.152383 RL=0.141134 RR=0.130951
[DEBUG] [Wheel] FL=70.255280 FR=70.313171 RL=70.517456 RR=70.200150
[DEBUG] [Powertrain] gear=2 rpm=5309.663086 torque=0.000000 clutch=0.000000 running=1
[DEBUG] [Tire] FL grounded=1 omega=70.068 wheelSpeed=22.428 Vx=22.382 Vy=-0.137 slipVel=-0.046 kappa=0.002 alpha=-0.006 Fz=1754.785 Fx=13.980 Fy=138.188
[DEBUG] [Tire] FR grounded=1 omega=70.125 wheelSpeed=22.449 Vx=22.387 Vy=-0.132 slipVel=-0.063 kappa=0.003 alpha=-0.006 Fz=1234.328 Fx=19.908 Fy=93.821
[DEBUG] [Tire] RL grounded=1 omega=71.366 wheelSpeed=20.390 Vx=22.388 Vy=-0.116 slipVel=1.999 kappa=-0.089 alpha=-0.005 Fz=1582.008 Fx=-1499.584 Fy=99.900
[DEBUG] [Tire] RR grounded=1 omega=71.145 wheelSpeed=20.345 Vx=22.392 Vy=-0.111 slipVel=2.047 kappa=-0.091 alpha=-0.005 Fz=1522.861 Fx=-1443.891 Fy=90.398
[DEBUG] [Performance] FPS=58 PhysicsHz=120
[DEBUG] [Tire] FL grounded=1 omega=69.631 wheelSpeed=22.284 Vx=22.248 Vy=-0.117 slipVel=-0.036 kappa=0.002 alpha=-0.005 Fz=1787.735 Fx=5.356 Fy=120.716
[DEBUG] [Tire] FR grounded=1 omega=69.661 wheelSpeed=22.297 Vx=22.249 Vy=-0.115 slipVel=-0.048 kappa=0.002 alpha=-0.005 Fz=1339.203 Fx=11.587 Fy=88.850
[DEBUG] [Tire] RL grounded=1 omega=71.020 wheelSpeed=20.414 Vx=22.251 Vy=-0.108 slipVel=1.837 kappa=-0.083 alpha=-0.005 Fz=1533.972 Fx=-1454.123 Fy=95.771
[DEBUG] [Tire] RR grounded=1 omega=71.038 wheelSpeed=20.411 Vx=22.252 Vy=-0.105 slipVel=1.842 kappa=-0.083 alpha=-0.005 Fz=1555.592 Fx=-1474.816 Fy=94.053
[DEBUG] [Tire] FL grounded=1 omega=69.457 wheelSpeed=22.206 Vx=22.204 Vy=-0.090 slipVel=-0.003 kappa=0.000 alpha=-0.004 Fz=3080.663 Fx=-41.909 Fy=160.664
[DEBUG] [Tire] FR grounded=1 omega=69.421 wheelSpeed=22.201 Vx=22.195 Vy=-0.089 slipVel=-0.006 kappa=0.000 alpha=-0.004 Fz=2426.677 Fx=-28.752 Fy=124.674
[DEBUG] [Tire] RL grounded=1 omega=71.679 wheelSpeed=20.315 Vx=22.204 Vy=-0.102 slipVel=1.888 kappa=-0.085 alpha=-0.005 Fz=1739.701 Fx=-1649.683 Fy=100.081
[DEBUG] [Tire] RR grounded=1 omega=71.987 wheelSpeed=20.331 Vx=22.195 Vy=-0.100 slipVel=1.864 kappa=-0.084 alpha=-0.005 Fz=1925.656 Fx=-1826.065 Fy=109.970
[DEBUG] [Suspension] FL=0.103599 FR=0.079207 RL=0.071392 RR=0.072102
[DEBUG] [Wheel] FL=69.445747 FR=69.408035 RL=73.218269 RR=73.504105
[DEBUG] [Powertrain] gear=2 rpm=5282.907715 torque=0.000000 clutch=0.000000 running=1
[DEBUG] [Tire] FL grounded=1 omega=57.637 wheelSpeed=22.132 Vx=22.128 Vy=-0.082 slipVel=-0.004 kappa=0.000 alpha=-0.004 Fz=2487.308 Fx=-32.449 Fy=117.575
[DEBUG] [Tire] FR grounded=1 omega=57.603 wheelSpeed=22.126 Vx=22.118 Vy=-0.082 slipVel=-0.008 kappa=0.000 alpha=-0.004 Fz=2067.190 Fx=-22.464 Fy=97.379
[DEBUG] [Tire] RL grounded=1 omega=61.901 wheelSpeed=20.170 Vx=22.128 Vy=-0.101 slipVel=1.958 kappa=-0.089 alpha=-0.005 Fz=2933.269 Fx=-2781.828 Fy=163.090
[DEBUG] [Tire] RR grounded=1 omega=62.251 wheelSpeed=20.231 Vx=22.117 Vy=-0.100 slipVel=1.886 kappa=-0.085 alpha=-0.005 Fz=3047.035 Fx=-2889.541 Fy=172.463
[DEBUG] [Tire] FL grounded=1 omega=0.000 wheelSpeed=0.000 Vx=21.153 Vy=-0.041 slipVel=21.153 kappa=-1.000 alpha=-0.002 Fz=3896.677 Fx=-3573.253 Fy=82.435
[DEBUG] [Tire] FR grounded=1 omega=0.000 wheelSpeed=0.000 Vx=21.145 Vy=-0.041 slipVel=21.145 kappa=-1.000 alpha=-0.002 Fz=3459.093 Fx=-3171.988 Fy=82.327
[DEBUG] [Tire] RL grounded=1 omega=38.987 wheelSpeed=13.287 Vx=21.154 Vy=-0.053 slipVel=7.867 kappa=-0.372 alpha=-0.003 Fz=786.495 Fx=-721.215 Fy=25.211
[DEBUG] [Tire] RR grounded=1 omega=40.577 wheelSpeed=13.753 Vx=21.145 Vy=-0.048 slipVel=7.392 kappa=-0.350 alpha=-0.002 Fz=884.373 Fx=-810.970 Fy=25.637
[DEBUG] [Energy] x=-26.871 y=2.973 z=123.058 vx=-8.549 vy=0.198 vz=-19.619 total=310576.094 potential=34707.121 linear=272524.656 angular=75.667 wheels=2849.864 suspension=418.779 suspensionPower=-779.206 suspensionResidual=0.002
[DEBUG] [Suspension] FL=0.117689 FR=0.101112 RL=0.048657 RR=0.049841
[DEBUG] [Wheel] FL=33.274712 FR=30.095165 RL=38.034168 RR=41.113228
[DEBUG] [Powertrain] gear=2 rpm=3408.902100 torque=0.000000 clutch=0.000000 running=1
[DEBUG] [Tire] FL grounded=1 omega=55.948 wheelSpeed=16.058 Vx=20.510 Vy=-0.020 slipVel=4.452 kappa=-0.217 alpha=-0.001 Fz=4159.691 Fx=-3893.207 Fy=41.349
[DEBUG] [Tire] FR grounded=1 omega=50.733 wheelSpeed=14.576 Vx=20.498 Vy=-0.018 slipVel=5.922 kappa=-0.289 alpha=-0.001 Fz=3815.876 Fx=-3499.159 Fy=36.235
[DEBUG] [Tire] RL grounded=1 omega=36.652 wheelSpeed=14.148 Vx=20.511 Vy=-0.037 slipVel=6.363 kappa=-0.310 alpha=-0.002 Fz=303.544 Fx=-278.350 Fy=6.906
[DEBUG] [Tire] RR grounded=1 omega=40.721 wheelSpeed=15.367 Vx=20.498 Vy=-0.030 slipVel=5.131 kappa=-0.250 alpha=-0.001 Fz=494.585 Fx=-453.535 Fy=9.113
[DEBUG] [Tire] FL grounded=1 omega=64.015 wheelSpeed=20.489 Vx=20.456 Vy=0.047 slipVel=-0.033 kappa=0.002 alpha=0.002 Fz=2963.263 Fx=8.546 Fy=-86.251
[DEBUG] [Tire] FR grounded=1 omega=63.975 wheelSpeed=20.473 Vx=20.434 Vy=0.078 slipVel=-0.039 kappa=0.002 alpha=0.004 Fz=4547.708 Fx=2.189 Fy=-169.238
[DEBUG] [Tire] RL grounded=1 omega=37.265 wheelSpeed=13.343 Vx=20.456 Vy=0.018 slipVel=7.113 kappa=-0.348 alpha=0.001 Fz=1657.029 Fx=-1519.495 Fy=-18.583
[DEBUG] [Tire] RR grounded=1 omega=42.497 wheelSpeed=15.183 Vx=20.435 Vy=0.023 slipVel=5.252 kappa=-0.257 alpha=0.001 Fz=1277.140 Fx=-1171.137 Fy=-18.399
[DEBUG] [Audio] Callback count=2300 additionalBytes=8192 totalBytes=8192
[DEBUG] [Audio] Submitted bytes=18841600
[DEBUG] [Tire] FL grounded=1 omega=63.262 wheelSpeed=20.285 Vx=20.185 Vy=0.123 slipVel=-0.101 kappa=0.005 alpha=0.006 Fz=2163.223 Fx=88.115 Fy=-169.512
[DEBUG] [Tire] FR grounded=1 omega=63.280 wheelSpeed=20.288 Vx=20.210 Vy=0.142 slipVel=-0.078 kappa=0.004 alpha=0.007 Fz=4081.292 Fx=81.759 Fy=-314.736
[DEBUG] [Tire] RL grounded=1 omega=50.454 wheelSpeed=17.624 Vx=20.184 Vy=0.165 slipVel=2.560 kappa=-0.127 alpha=0.008 Fz=2392.817 Fx=-2262.888 Fy=-216.031
[DEBUG] [Tire] RR grounded=1 omega=45.495 wheelSpeed=16.031 Vx=20.210 Vy=0.186 slipVel=4.179 kappa=-0.207 alpha=0.009 Fz=2415.714 Fx=-2276.872 Fy=-287.317
[DEBUG] [Suspension] FL=0.093889 FR=0.133793 RL=0.058722 RR=0.049486
[DEBUG] [Wheel] FL=63.002392 FR=63.044125 RL=52.348438 RR=47.502262
[DEBUG] [Powertrain] gear=2 rpm=3877.112305 torque=0.000000 clutch=0.000000 running=1
[DEBUG] [Tire] FL grounded=1 omega=62.243 wheelSpeed=19.937 Vx=19.883 Vy=0.129 slipVel=-0.054 kappa=0.003 alpha=0.006 Fz=3883.104 Fx=41.762 Fy=-286.364
[DEBUG] [Tire] FR grounded=1 omega=62.226 wheelSpeed=19.939 Vx=19.881 Vy=0.131 slipVel=-0.058 kappa=0.003 alpha=0.007 Fz=3364.834 Fx=55.491 Fy=-284.165
[DEBUG] [Tire] RL grounded=1 omega=43.466 wheelSpeed=15.974 Vx=19.884 Vy=0.112 slipVel=3.910 kappa=-0.197 alpha=0.006 Fz=1082.035 Fx=-1025.104 Fy=-76.219
[DEBUG] [Tire] RR grounded=1 omega=53.639 wheelSpeed=19.349 Vx=19.881 Vy=0.130 slipVel=0.532 kappa=-0.027 alpha=0.007 Fz=2327.505 Fx=-773.420 Fy=-196.631
[DEBUG] [Tire] FL grounded=1 omega=49.827 wheelSpeed=19.689 Vx=19.615 Vy=-0.023 slipVel=-0.074 kappa=0.004 alpha=-0.001 Fz=3388.513 Fx=86.284 Fy=50.574
[DEBUG] [Tire] FR grounded=1 omega=49.911 wheelSpeed=19.714 Vx=19.640 Vy=-0.022 slipVel=-0.073 kappa=0.004 alpha=-0.001 Fz=3047.188 Fx=80.974 Fy=43.476
[DEBUG] [Tire] RL grounded=1 omega=40.955 wheelSpeed=18.526 Vx=19.615 Vy=0.022 slipVel=1.089 kappa=-0.056 alpha=0.001 Fz=2590.862 Fx=-1761.307 Fy=-36.543
[DEBUG] [Tire] RR grounded=1 omega=41.134 wheelSpeed=18.739 Vx=19.641 Vy=0.023 slipVel=0.902 kappa=-0.046 alpha=0.001 Fz=2523.984 Fx=-1432.326 Fy=-37.597
[DEBUG] [Energy] x=-30.993 y=2.866 z=113.593 vx=-7.740 vy=-0.342 vz=-18.004 total=268893.906 potential=33461.398 linear=228578.953 angular=0.370 wheels=6302.084 suspension=551.095 suspensionPower=-77.660 suspensionResidual=-0.000
[DEBUG] [Suspension] FL=0.119110 FR=0.117689 RL=0.063458 RR=0.071510
[DEBUG] [Wheel] FL=0.000000 FR=0.000000 RL=32.644936 RR=32.608120
[DEBUG] [Powertrain] gear=2 rpm=3442.656494 torque=0.000000 clutch=0.000000 running=1
[DEBUG] [Tire] FL grounded=1 omega=0.000 wheelSpeed=0.000 Vx=18.663 Vy=-0.019 slipVel=18.663 kappa=-1.000 alpha=-0.001 Fz=4442.955 Fx=-4074.190 Fy=43.885
[DEBUG] [Tire] FR grounded=1 omega=0.000 wheelSpeed=0.000 Vx=18.687 Vy=-0.018 slipVel=18.687 kappa=-1.000 alpha=-0.001 Fz=4189.745 Fx=-3841.996 Fy=41.526
[DEBUG] [Tire] RL grounded=1 omega=24.224 wheelSpeed=8.481 Vx=18.663 Vy=0.024 slipVel=10.181 kappa=-0.546 alpha=0.001 Fz=973.618 Fx=-892.807 Fy=-16.138
[DEBUG] [Tire] RR grounded=1 omega=24.280 wheelSpeed=8.488 Vx=18.687 Vy=0.027 slipVel=10.199 kappa=-0.546 alpha=0.001 Fz=998.357 Fx=-915.494 Fy=-18.421
[DEBUG] [Performance] FPS=60 PhysicsHz=119
[DEBUG] [Tire] FL grounded=1 omega=56.294 wheelSpeed=17.968 Vx=17.982 Vy=0.006 slipVel=0.014 kappa=-0.001 alpha=0.000 Fz=4549.561 Fx=-96.526 Fy=-14.217
[DEBUG] [Tire] FR grounded=1 omega=56.312 wheelSpeed=18.165 Vx=17.994 Vy=0.008 slipVel=-0.171 kappa=0.009 alpha=0.000 Fz=4386.761 Fx=306.603 Fy=-18.888
[DEBUG] [Tire] RL grounded=1 omega=29.035 wheelSpeed=4.728 Vx=17.982 Vy=0.030 slipVel=13.254 kappa=-0.737 alpha=0.002 Fz=717.289 Fx=-657.754 Fy=-15.251
[DEBUG] [Tire] RR grounded=1 omega=30.276 wheelSpeed=5.073 Vx=17.994 Vy=0.033 slipVel=12.921 kappa=-0.718 alpha=0.002 Fz=835.365 Fx=-766.030 Fy=-19.707
[DEBUG] [Tire] FL grounded=1 omega=56.205 wheelSpeed=18.001 Vx=17.954 Vy=0.003 slipVel=-0.047 kappa=0.003 alpha=0.000 Fz=4253.732 Fx=32.469 Fy=-6.015
[DEBUG] [Tire] FR grounded=1 omega=56.192 wheelSpeed=17.999 Vx=17.956 Vy=0.007 slipVel=-0.043 kappa=0.002 alpha=0.000 Fz=3316.524 Fx=36.186 Fy=-15.623
[DEBUG] [Tire] RL grounded=1 omega=14.829 wheelSpeed=8.215 Vx=17.954 Vy=0.012 slipVel=9.739 kappa=-0.542 alpha=0.001 Fz=1801.193 Fx=-1651.694 Fy=-15.489
[DEBUG] [Tire] RR grounded=1 omega=19.094 wheelSpeed=9.447 Vx=17.956 Vy=0.014 slipVel=8.509 kappa=-0.474 alpha=0.001 Fz=2105.055 Fx=-1930.335 Fy=-21.186
[DEBUG] [Suspension] FL=0.134858 FR=0.126096 RL=0.047710 RR=0.053986
[DEBUG] [Wheel] FL=56.098717 FR=56.074818 RL=19.696005 RR=25.092304
[DEBUG] [Powertrain] gear=1 rpm=2903.959473 torque=0.000000 clutch=0.000000 running=1
[DEBUG] [Tire] FL grounded=1 omega=55.641 wheelSpeed=17.822 Vx=17.775 Vy=0.059 slipVel=-0.047 kappa=0.003 alpha=0.003 Fz=4065.421 Fx=35.306 Fy=-144.645
[DEBUG] [Tire] FR grounded=1 omega=55.636 wheelSpeed=17.819 Vx=17.769 Vy=0.054 slipVel=-0.050 kappa=0.003 alpha=0.003 Fz=4797.075 Fx=33.546 Fy=-134.042
[DEBUG] [Tire] RL grounded=1 omega=26.665 wheelSpeed=3.366 Vx=17.777 Vy=0.047 slipVel=14.411 kappa=-0.811 alpha=0.003 Fz=2104.982 Fx=-1930.268 Fy=-70.466
[DEBUG] [Tire] RR grounded=1 omega=34.378 wheelSpeed=5.850 Vx=17.771 Vy=0.048 slipVel=11.921 kappa=-0.671 alpha=0.003 Fz=2068.059 Fx=-1896.410 Fy=-70.931
[DEBUG] [Tire] FL grounded=1 omega=54.384 wheelSpeed=17.452 Vx=17.376 Vy=0.068 slipVel=-0.076 kappa=0.004 alpha=0.004 Fz=3877.802 Fx=102.788 Fy=-168.768
[DEBUG] [Tire] FR grounded=1 omega=54.419 wheelSpeed=17.464 Vx=17.383 Vy=0.064 slipVel=-0.081 kappa=0.005 alpha=0.004 Fz=4792.264 Fx=105.283 Fy=-162.344
[DEBUG] [Tire] RL grounded=1 omega=18.401 wheelSpeed=8.858 Vx=17.377 Vy=0.076 slipVel=8.519 kappa=-0.490 alpha=0.004 Fz=2950.449 Fx=-2705.562 Fy=-166.191
[DEBUG] [Tire] RR grounded=1 omega=23.340 wheelSpeed=10.264 Vx=17.385 Vy=0.075 slipVel=7.121 kappa=-0.410 alpha=0.004 Fz=3351.983 Fx=-3073.769 Fy=-185.507
[DEBUG] [Energy] x=-34.634 y=2.654 z=105.140 vx=-6.775 vy=-0.183 vz=-15.764 total=213782.000 potential=30986.535 linear=175182.906 angular=19.717 wheels=6820.441 suspension=772.399 suspensionPower=-1283.394 suspensionResidual=0.002
[DEBUG] [Suspension] FL=0.131306 FR=0.151909 RL=0.079680 RR=0.083232
[DEBUG] [Wheel] FL=53.325218 FR=53.346935 RL=21.835447 RR=30.389633
[DEBUG] [Powertrain] gear=1 rpm=3626.037842 torque=0.000000 clutch=0.000000 running=1
[DEBUG] [Tire] FL grounded=1 omega=52.865 wheelSpeed=16.953 Vx=16.891 Vy=0.068 slipVel=-0.062 kappa=0.004 alpha=0.004 Fz=3896.485 Fx=75.912 Fy=-175.245
[DEBUG] [Tire] FR grounded=1 omega=52.886 wheelSpeed=16.959 Vx=16.894 Vy=0.065 slipVel=-0.065 kappa=0.004 alpha=0.004 Fz=4654.429 Fx=75.780 Fy=-169.151
[DEBUG] [Tire] RL grounded=1 omega=25.105 wheelSpeed=11.172 Vx=16.891 Vy=0.069 slipVel=5.719 kappa=-0.339 alpha=0.004 Fz=2561.315 Fx=-2348.726 Fy=-133.062
[DEBUG] [Tire] RR grounded=1 omega=35.197 wheelSpeed=14.256 Vx=16.895 Vy=0.067 slipVel=2.639 kappa=-0.156 alpha=0.004 Fz=2799.307 Fx=-2656.389 Fy=-125.296
[DEBUG] [Tire] FL grounded=1 omega=51.590 wheelSpeed=16.541 Vx=16.485 Vy=0.046 slipVel=-0.056 kappa=0.003 alpha=0.003 Fz=3846.724 Fx=67.104 Fy=-120.708
[DEBUG] [Tire] FR grounded=1 omega=51.622 wheelSpeed=16.550 Vx=16.492 Vy=0.043 slipVel=-0.058 kappa=0.004 alpha=0.003 Fz=4447.690 Fx=64.982 Fy=-112.617
[DEBUG] [Tire] RL grounded=1 omega=15.401 wheelSpeed=8.102 Vx=16.485 Vy=0.053 slipVel=8.383 kappa=-0.509 alpha=0.003 Fz=2480.892 Fx=-2274.978 Fy=-101.354
[DEBUG] [Tire] RR grounded=1 omega=28.058 wheelSpeed=12.117 Vx=16.492 Vy=0.051 slipVel=4.375 kappa=-0.265 alpha=0.003 Fz=2561.225 Fx=-2348.644 Fy=-100.676
[DEBUG] [Tire] FL grounded=1 omega=50.389 wheelSpeed=16.159 Vx=16.102 Vy=0.020 slipVel=-0.057 kappa=0.004 alpha=0.001 Fz=3814.269 Fx=73.523 Fy=-53.459
[DEBUG] [Tire] FR grounded=1 omega=50.455 wheelSpeed=16.181 Vx=16.121 Vy=0.017 slipVel=-0.060 kappa=0.004 alpha=0.001 Fz=4278.284 Fx=74.123 Fy=-44.652
[DEBUG] [Tire] RL grounded=1 omega=39.377 wheelSpeed=7.782 Vx=16.102 Vy=0.047 slipVel=8.320 kappa=-0.517 alpha=0.003 Fz=2529.311 Fx=-2319.378 Fy=-94.448
[DEBUG] [Tire] RR grounded=1 omega=49.422 wheelSpeed=11.023 Vx=16.121 Vy=0.045 slipVel=5.098 kappa=-0.316 alpha=0.003 Fz=2469.914 Fx=-2264.912 Fy=-88.502
[DEBUG] [Audio] Submitted bytes=19251200
[DEBUG] [Suspension] FL=0.127991 FR=0.147173 RL=0.082285 RR=0.084180
[DEBUG] [Wheel] FL=50.226723 FR=50.319176 RL=19.805553 RR=27.003281
[DEBUG] [Powertrain] gear=1 rpm=4365.312988 torque=0.000000 clutch=0.000000 running=1
[DEBUG] [Tire] FL grounded=1 omega=49.155 wheelSpeed=15.765 Vx=15.709 Vy=0.004 slipVel=-0.056 kappa=0.004 alpha=0.000 Fz=3831.236 Fx=74.226 Fy=-9.959
[DEBUG] [Tire] FR grounded=1 omega=49.246 wheelSpeed=15.794 Vx=15.736 Vy=0.001 slipVel=-0.059 kappa=0.004 alpha=0.000 Fz=4222.694 Fx=75.019 Fy=-1.649
[DEBUG] [Tire] RL grounded=1 omega=45.324 wheelSpeed=9.148 Vx=15.709 Vy=0.045 slipVel=6.560 kappa=-0.418 alpha=0.003 Fz=2538.910 Fx=-2328.181 Fy=-92.876
[DEBUG] [Tire] RR grounded=1 omega=49.905 wheelSpeed=10.675 Vx=15.736 Vy=0.043 slipVel=5.061 kappa=-0.322 alpha=0.003 Fz=2399.182 Fx=-2200.050 Fy=-84.231
[DEBUG] [Tire] FL grounded=1 omega=48.458 wheelSpeed=15.523 Vx=15.476 Vy=-0.015 slipVel=-0.047 kappa=0.003 alpha=-0.001 Fz=5361.516 Fx=33.668 Fy=42.324
[DEBUG] [Tire] FR grounded=1 omega=48.524 wheelSpeed=15.542 Vx=15.498 Vy=-0.018 slipVel=-0.044 kappa=0.003 alpha=-0.001 Fz=5151.228 Fx=30.054 Fy=48.411
[DEBUG] [Tire] RL grounded=1 omega=33.404 wheelSpeed=11.008 Vx=15.479 Vy=0.020 slipVel=4.471 kappa=-0.289 alpha=0.001 Fz=2303.107 Fx=-2111.949 Fy=-38.260
[DEBUG] [Tire] RR grounded=1 omega=34.685 wheelSpeed=11.263 Vx=15.497 Vy=0.019 slipVel=4.234 kappa=-0.273 alpha=0.001 Fz=2660.847 Fx=-2439.997 Fy=-42.193
[DEBUG] [Energy] x=-37.824 y=2.792 z=97.588 vx=-5.834 vy=0.779 vz=-13.974 total=178557.984 potential=32589.314 linear=136803.156 angular=70.372 wheels=8161.798 suspension=933.345 suspensionPower=-315.619 suspensionResidual=-0.002
[DEBUG] [Suspension] FL=0.157593 FR=0.143739 RL=0.077904 RR=0.086193
[DEBUG] [Wheel] FL=47.759647 FR=47.761505 RL=34.027065 RR=34.499149
[DEBUG] [Powertrain] gear=1 rpm=4852.813965 torque=0.000000 clutch=0.000000 running=1
[DEBUG] [Tire] FL grounded=1 omega=47.172 wheelSpeed=15.187 Vx=15.085 Vy=-0.102 slipVel=-0.102 kappa=0.007 alpha=-0.007 Fz=4171.002 Fx=194.270 Fy=302.483
[DEBUG] [Tire] FR grounded=1 omega=47.250 wheelSpeed=15.199 Vx=15.099 Vy=-0.123 slipVel=-0.101 kappa=0.007 alpha=-0.008 Fz=2800.235 Fx=167.022 Fy=296.806
[DEBUG] [Tire] RL grounded=1 omega=34.606 wheelSpeed=14.618 Vx=15.086 Vy=-0.082 slipVel=0.468 kappa=-0.031 alpha=-0.005 Fz=4460.056 Fx=-1493.459 Fy=241.973
[DEBUG] [Tire] RR grounded=1 omega=32.411 wheelSpeed=13.358 Vx=15.107 Vy=-0.083 slipVel=1.749 kappa=-0.116 alpha=-0.005 Fz=2814.798 Fx=-2668.726 Fy=168.779
[DEBUG] [Performance] FPS=60 PhysicsHz=120
[DEBUG] [Tire] FL grounded=1 omega=42.810 wheelSpeed=13.881 Vx=13.111 Vy=6.829 slipVel=-0.770 kappa=0.055 alpha=0.480 Fz=3270.760 Fx=1815.057 Fy=-2521.983
[DEBUG] [Tire] FR grounded=1 omega=44.094 wheelSpeed=14.373 Vx=13.174 Vy=6.840 slipVel=-1.199 kappa=0.083 alpha=0.479 Fz=1985.216 Fx=1351.020 Fy=-1315.892
[DEBUG] [Tire] RL grounded=1 omega=34.517 wheelSpeed=16.433 Vx=14.778 Vy=-0.195 slipVel=-1.655 kappa=0.101 alpha=-0.013 Fz=2557.533 Fx=2396.146 Fy=402.137
[DEBUG] [Tire] RR grounded=1 omega=32.460 wheelSpeed=16.870 Vx=14.839 Vy=-0.195 slipVel=-2.031 kappa=0.120 alpha=-0.013 Fz=4989.494 Fx=4705.378 Fy=572.012
[DEBUG] [Tire] FL grounded=1 omega=45.336 wheelSpeed=14.543 Vx=14.466 Vy=-0.321 slipVel=-0.076 kappa=0.005 alpha=-0.022 Fz=1688.323 Fx=74.027 Fy=507.216
[DEBUG] [Tire] FR grounded=1 omega=46.350 wheelSpeed=14.882 Vx=14.784 Vy=-0.321 slipVel=-0.098 kappa=0.007 alpha=-0.022 Fz=1781.258 Fx=105.802 Fy=522.953
[DEBUG] [Tire] RL grounded=1 omega=33.054 wheelSpeed=15.685 Vx=14.467 Vy=0.233 slipVel=-1.218 kappa=0.078 alpha=0.016 Fz=2057.881 Fx=1804.969 Fy=-441.958
[DEBUG] [Tire] RR grounded=1 omega=32.414 wheelSpeed=15.723 Vx=14.790 Vy=0.229 slipVel=-0.933 kappa=0.059 alpha=0.015 Fz=3367.614 Fx=2316.448 Fy=-689.675
[DEBUG] [Suspension] FL=0.105256 FR=0.085600 RL=0.080035 RR=0.125741
[DEBUG] [Wheel] FL=45.251965 FR=46.173088 RL=33.151802 RR=32.671242
[DEBUG] [Powertrain] gear=1 rpm=4755.015625 torque=0.000000 clutch=0.000000 running=1
[DEBUG] [Tire] FL grounded=1 omega=45.026 wheelSpeed=14.442 Vx=14.376 Vy=-0.022 slipVel=-0.066 kappa=0.005 alpha=-0.002 Fz=1952.139 Fx=70.926 Fy=37.351
[DEBUG] [Tire] FR grounded=1 omega=45.485 wheelSpeed=14.619 Vx=14.533 Vy=-0.023 slipVel=-0.086 kappa=0.006 alpha=-0.002 Fz=2622.038 Fx=135.037 Fy=52.467
[DEBUG] [Tire] RL grounded=1 omega=32.563 wheelSpeed=15.713 Vx=14.377 Vy=0.266 slipVel=-1.335 kappa=0.085 alpha=0.019 Fz=2390.548 Fx=2195.407 Fy=-581.140
[DEBUG] [Tire] RR grounded=1 omega=32.570 wheelSpeed=15.927 Vx=14.535 Vy=0.249 slipVel=-1.392 kappa=0.087 alpha=0.017 Fz=2861.364 Fx=2643.558 Fy=-633.035
[DEBUG] [Tire] FL grounded=1 omega=44.915 wheelSpeed=14.394 Vx=14.348 Vy=0.140 slipVel=-0.046 kappa=0.003 alpha=0.010 Fz=2163.969 Fx=44.855 Fy=-276.739
[DEBUG] [Tire] FR grounded=1 omega=45.121 wheelSpeed=14.488 Vx=14.424 Vy=0.139 slipVel=-0.064 kappa=0.004 alpha=0.010 Fz=3042.250 Fx=104.672 Fy=-384.214
[DEBUG] [Tire] RL grounded=1 omega=31.266 wheelSpeed=14.173 Vx=14.349 Vy=0.271 slipVel=0.176 kappa=-0.012 alpha=0.019 Fz=1141.474 Fx=-177.721 Fy=-289.564
[DEBUG] [Tire] RR grounded=1 omega=31.836 wheelSpeed=14.730 Vx=14.426 Vy=0.273 slipVel=-0.304 kappa=0.021 alpha=0.019 Fz=2695.250 Fx=612.857 Fy=-684.087
[DEBUG] [Energy] x=-40.650 y=3.241 z=90.677 vx=-5.276 vy=0.547 vz=-13.354 total=162267.938 potential=37839.320 linear=122850.758 angular=40.260 wheels=1101.466 suspension=436.121 suspensionPower=-213.303 suspensionResidual=0.001
[DEBUG] [Suspension] FL=0.082522 FR=0.100875 RL=0.055170 RR=0.095428
[DEBUG] [Wheel] FL=0.000000 FR=0.000000 RL=16.947334 RR=34.467297
[DEBUG] [Powertrain] gear=1 rpm=3891.681396 torque=0.000000 clutch=0.000000 running=1
[DEBUG] [Tire] FL grounded=1 omega=0.000 wheelSpeed=0.000 Vx=13.587 Vy=0.189 slipVel=13.587 kappa=-1.000 alpha=0.014 Fz=3716.637 Fx=-3408.156 Fy=-636.207
[DEBUG] [Tire] FR grounded=1 omega=0.000 wheelSpeed=0.000 Vx=13.601 Vy=0.188 slipVel=13.601 kappa=-1.000 alpha=0.014 Fz=4579.553 Fx=-4199.451 Fy=-676.450
[DEBUG] [Tire] RL grounded=1 omega=3.821 wheelSpeed=0.626 Vx=13.587 Vy=0.213 slipVel=12.961 kappa=-0.954 alpha=0.016 Fz=112.470 Fx=-103.135 Fy=-23.529
[DEBUG] [Tire] RR grounded=1 omega=26.736 wheelSpeed=7.291 Vx=13.601 Vy=0.217 slipVel=6.310 kappa=-0.464 alpha=0.016 Fz=1647.959 Fx=-1511.178 Fy=-350.555
[DEBUG] [Tire] FL grounded=1 omega=41.075 wheelSpeed=13.259 Vx=13.155 Vy=0.152 slipVel=-0.104 kappa=0.008 alpha=0.012 Fz=3634.229 Fx=242.197 Fy=-520.061
[DEBUG] [Tire] FR grounded=1 omega=41.995 wheelSpeed=12.957 Vx=13.231 Vy=0.152 slipVel=0.274 kappa=-0.021 alpha=0.011 Fz=4948.657 Fx=-1015.442 Fy=-563.502
[DEBUG] [Tire] RL grounded=1 omega=21.217 wheelSpeed=2.228 Vx=13.153 Vy=0.288 slipVel=10.926 kappa=-0.831 alpha=0.022 Fz=723.737 Fx=-654.346 Fy=-211.083
[DEBUG] [Tire] RR grounded=1 omega=46.329 wheelSpeed=9.754 Vx=13.233 Vy=0.291 slipVel=3.479 kappa=-0.263 alpha=0.022 Fz=1914.209 Fx=-1729.641 Fy=-561.497
[DEBUG] [Tire] FL grounded=1 omega=41.101 wheelSpeed=13.178 Vx=13.137 Vy=0.126 slipVel=-0.041 kappa=0.003 alpha=0.010 Fz=2732.887 Fx=54.041 Fy=-343.024
[DEBUG] [Tire] FR grounded=1 omega=41.395 wheelSpeed=13.264 Vx=13.227 Vy=0.125 slipVel=-0.037 kappa=0.003 alpha=0.009 Fz=4377.170 Fx=37.766 Fy=-440.100
[DEBUG] [Tire] RL grounded=1 omega=29.271 wheelSpeed=5.794 Vx=13.135 Vy=0.281 slipVel=7.341 kappa=-0.559 alpha=0.021 Fz=1688.930 Fx=-1530.297 Fy=-482.241
[DEBUG] [Tire] RR grounded=1 omega=41.082 wheelSpeed=9.103 Vx=13.229 Vy=0.283 slipVel=4.126 kappa=-0.312 alpha=0.021 Fz=2783.906 Fx=-2522.664 Fy=-794.144
[DEBUG] [Suspension] FL=0.102888 FR=0.142910 RL=0.039421 RR=0.079799
[DEBUG] [Wheel] FL=40.997421 FR=41.292286 RL=31.845482 RR=43.058189
[DEBUG] [Powertrain] gear=1 rpm=3269.764893 torque=0.000000 clutch=0.000000 running=1
[DEBUG] [Audio] Callback count=2400 additionalBytes=8192 totalBytes=8192
[DEBUG] [Audio] GenerateAudio rpm=3436.802734 torque=0.000000 speed=46.610348 slip=0.169008 running=1
[DEBUG] [Audio] Submitted bytes=19660800
[DEBUG] [Tire] FL grounded=1 omega=37.627 wheelSpeed=12.036 Vx=11.538 Vy=5.730 slipVel=-0.498 kappa=0.041 alpha=0.461 Fz=1108.008 Fx=496.346 Fy=-928.236
[DEBUG] [Tire] FR grounded=1 omega=39.174 wheelSpeed=12.351 Vx=11.845 Vy=5.897 slipVel=-0.506 kappa=0.041 alpha=0.462 Fz=5224.758 Fx=2029.870 Fy=-4529.477
[DEBUG] [Tire] RL grounded=1 omega=31.366 wheelSpeed=6.786 Vx=12.867 Vy=0.098 slipVel=6.081 kappa=-0.473 alpha=0.008 Fz=804.049 Fx=-737.313 Fy=-79.635
[DEBUG] [Tire] RR grounded=1 omega=42.052 wheelSpeed=8.453 Vx=13.227 Vy=0.098 slipVel=4.773 kappa=-0.361 alpha=0.007 Fz=4836.347 Fx=-4434.930 Fy=-344.625
[DEBUG] [Tire] FL grounded=1 omega=39.446 wheelSpeed=12.593 Vx=12.607 Vy=0.038 slipVel=0.014 kappa=-0.001 alpha=0.003 Fz=2316.006 Fx=-62.346 Fy=-89.447
[DEBUG] [Tire] FR grounded=1 omega=40.836 wheelSpeed=12.714 Vx=12.927 Vy=0.038 slipVel=0.213 kappa=-0.016 alpha=0.003 Fz=4262.014 Fx=-746.934 Fy=-126.947
[DEBUG] [Tire] RL grounded=1 omega=26.348 wheelSpeed=7.123 Vx=12.603 Vy=0.588 slipVel=5.480 kappa=-0.435 alpha=0.047 Fz=1928.104 Fx=-1502.742 Fy=-1047.324
[DEBUG] [Tire] RR grounded=1 omega=34.677 wheelSpeed=9.098 Vx=12.930 Vy=0.588 slipVel=3.832 kappa=-0.296 alpha=0.045 Fz=3730.385 Fx=-2959.307 Fy=-1949.741
[DEBUG] [Energy] x=-42.971 y=3.418 z=84.377 vx=-3.896 vy=0.384 vz=-11.970 total=138879.234 potential=39902.336 linear=94363.516 angular=31.188 wheels=3905.759 suspension=676.432 suspensionPower=-51.708 suspensionResidual=0.000
[DEBUG] [Suspension] FL=0.075536 FR=0.150725 RL=0.048657 RR=0.119465
[DEBUG] [Wheel] FL=39.015846 FR=39.726738 RL=33.451031 RR=38.808876
[DEBUG] [Powertrain] gear=1 rpm=3511.388672 torque=0.000000 clutch=0.000000 running=1
[DEBUG] [Tire] FL grounded=1 omega=38.859 wheelSpeed=12.403 Vx=12.419 Vy=0.124 slipVel=0.016 kappa=-0.001 alpha=0.010 Fz=2299.961 Fx=-66.518 Fy=-301.545
[DEBUG] [Tire] FR grounded=1 omega=39.511 wheelSpeed=12.558 Vx=12.597 Vy=0.124 slipVel=0.039 kappa=-0.003 alpha=0.010 Fz=4307.583 Fx=-179.924 Fy=-456.947
[DEBUG] [Tire] RL grounded=1 omega=31.188 wheelSpeed=8.056 Vx=12.417 Vy=0.431 slipVel=4.360 kappa=-0.351 alpha=0.035 Fz=1749.874 Fx=-1475.322 Fy=-766.115
[DEBUG] [Tire] RR grounded=1 omega=34.882 wheelSpeed=8.478 Vx=12.599 Vy=0.431 slipVel=4.121 kappa=-0.327 alpha=0.034 Fz=3616.565 Fx=-3078.911 Fy=-1524.662
[DEBUG] [Tire] FL grounded=1 omega=38.511 wheelSpeed=12.285 Vx=12.309 Vy=0.132 slipVel=0.024 kappa=-0.002 alpha=0.011 Fz=2229.362 Fx=-80.786 Fy=-314.352
[DEBUG] [Tire] FR grounded=1 omega=38.955 wheelSpeed=12.343 Vx=12.408 Vy=0.132 slipVel=0.065 kappa=-0.005 alpha=0.011 Fz=4054.444 Fx=-258.474 Fy=-488.685
[DEBUG] [Tire] RL grounded=1 omega=41.168 wheelSpeed=8.096 Vx=12.307 Vy=0.302 slipVel=4.211 kappa=-0.342 alpha=0.025 Fz=1951.307 Fx=-1741.960 Fy=-633.983
[DEBUG] [Tire] RR grounded=1 omega=42.283 wheelSpeed=7.734 Vx=12.409 Vy=0.302 slipVel=4.676 kappa=-0.377 alpha=0.024 Fz=3629.411 Fx=-3259.347 Fy=-1124.699
[DEBUG] [Performance] FPS=60 PhysicsHz=121
[DEBUG] [Tire] FL grounded=1 omega=35.477 wheelSpeed=11.343 Vx=10.886 Vy=5.430 slipVel=-0.457 kappa=0.040 alpha=0.463 Fz=1063.579 Fx=466.189 Fy=-896.423
[DEBUG] [Tire] FR grounded=1 omega=37.086 wheelSpeed=11.526 Vx=11.153 Vy=5.576 slipVel=-0.374 kappa=0.032 alpha=0.464 Fz=4664.233 Fx=1464.770 Fy=-4181.913
[DEBUG] [Tire] RL grounded=1 omega=39.638 wheelSpeed=8.140 Vx=12.153 Vy=0.069 slipVel=4.012 kappa=-0.330 alpha=0.006 Fz=1226.299 Fx=-1124.516 Fy=-89.172
[DEBUG] [Tire] RR grounded=1 omega=42.596 wheelSpeed=7.570 Vx=12.464 Vy=0.069 slipVel=4.895 kappa=-0.393 alpha=0.006 Fz=4716.008 Fx=-4324.580 Fy=-248.733
[DEBUG] [Suspension] FL=0.063695 FR=0.146462 RL=0.052328 RR=0.130714
[DEBUG] [Wheel] FL=35.455761 FR=37.482029 RL=40.318901 RR=42.655823
[DEBUG] [Powertrain] gear=1 rpm=3458.679932 torque=0.000000 clutch=0.000000 running=1
[DEBUG] [Tire] FL grounded=1 omega=36.735 wheelSpeed=11.488 Vx=11.894 Vy=-0.522 slipVel=0.406 kappa=-0.034 alpha=-0.044 Fz=1328.715 Fx=-563.151 Fy=800.628
[DEBUG] [Tire] FR grounded=1 omega=38.836 wheelSpeed=12.666 Vx=12.492 Vy=-0.522 slipVel=-0.175 kappa=0.014 alpha=-0.042 Fz=4545.458 Fx=503.310 Fy=2381.318
[DEBUG] [Tire] RL grounded=1 omega=38.603 wheelSpeed=8.208 Vx=11.887 Vy=0.504 slipVel=3.679 kappa=-0.310 alpha=0.042 Fz=1482.299 Fx=-1188.568 Fy=-755.174
[DEBUG] [Tire] RR grounded=1 omega=39.587 wheelSpeed=7.282 Vx=12.499 Vy=0.504 slipVel=5.217 kappa=-0.417 alpha=0.040 Fz=4567.834 Fx=-3805.103 Fy=-2086.134
[DEBUG] [Tire] FL grounded=1 omega=37.010 wheelSpeed=11.842 Vx=11.834 Vy=0.055 slipVel=-0.008 kappa=0.001 alpha=0.005 Fz=272.019 Fx=-1.933 Fy=-16.275
[DEBUG] [Tire] FR grounded=1 omega=37.833 wheelSpeed=12.097 Vx=12.092 Vy=0.055 slipVel=-0.005 kappa=0.000 alpha=0.005 Fz=1991.737 Fx=-20.827 Fy=-116.526
[DEBUG] [Tire] RL grounded=1 omega=38.725 wheelSpeed=7.674 Vx=11.830 Vy=0.515 slipVel=4.156 kappa=-0.351 alpha=0.044 Fz=2233.685 Fx=-1777.674 Fy=-1158.775
[DEBUG] [Tire] RR grounded=1 omega=40.497 wheelSpeed=7.703 Vx=12.104 Vy=0.515 slipVel=4.401 kappa=-0.364 alpha=0.043 Fz=3610.617 Fx=-2912.813 Fy=-1811.356
[DEBUG] [Energy] x=-44.595 y=3.641 z=78.376 vx=-2.518 vy=0.275 vz=-11.768 total=134776.422 potential=42499.156 linear=86222.398 angular=47.702 wheels=5457.644 suspension=549.511 suspensionPower=494.269 suspensionResidual=0.000
[DEBUG] [Suspension] FL=0.036580 FR=0.119347 RL=0.061682 RR=0.129056
[DEBUG] [Wheel] FL=36.819485 FR=37.390278 RL=39.118378 RR=40.216972
[DEBUG] [Powertrain] gear=1 rpm=3344.669678 torque=0.000000 clutch=0.000000 running=1
[DEBUG] [Tire] FL grounded=1 omega=0.000 wheelSpeed=2.007 Vx=11.573 Vy=0.107 slipVel=9.566 kappa=-0.827 alpha=0.009 Fz=2034.900 Fx=-1866.003 Fy=-246.299
[DEBUG] [Tire] FR grounded=1 omega=4.453 wheelSpeed=3.537 Vx=11.665 Vy=0.107 slipVel=8.129 kappa=-0.697 alpha=0.009 Fz=3663.449 Fx=-3359.383 Fy=-408.439
[DEBUG] [Tire] RL grounded=1 omega=18.885 wheelSpeed=6.729 Vx=11.575 Vy=0.266 slipVel=4.846 kappa=-0.419 alpha=0.023 Fz=1863.005 Fx=-1675.656 Fy=-569.706
[DEBUG] [Tire] RR grounded=1 omega=23.327 wheelSpeed=7.560 Vx=11.672 Vy=0.266 slipVel=4.111 kappa=-0.352 alpha=0.023 Fz=3243.410 Fx=-2920.320 Fy=-982.733
[DEBUG] [Tire] FL grounded=1 omega=28.177 wheelSpeed=7.098 Vx=10.605 Vy=0.134 slipVel=3.507 kappa=-0.331 alpha=0.013 Fz=4414.666 Fx=-4048.249 Fy=-605.540
[DEBUG] [Tire] FR grounded=1 omega=35.292 wheelSpeed=8.943 Vx=10.630 Vy=0.134 slipVel=1.687 kappa=-0.159 alpha=0.013 Fz=5253.393 Fx=-4958.427 Fy=-566.854
[DEBUG] [Tire] RL grounded=1 omega=13.287 wheelSpeed=0.000 Vx=0.000 Vy=0.000 slipVel=0.000 kappa=0.000 alpha=0.000 Fz=0.000 Fx=0.000 Fy=0.000
[DEBUG] [Tire] RR grounded=1 omega=33.216 wheelSpeed=0.000 Vx=0.000 Vy=0.000 slipVel=0.000 kappa=0.000 alpha=0.000 Fz=0.000 Fx=0.000 Fy=0.000
[DEBUG] [Tire] FL grounded=1 omega=34.300 wheelSpeed=10.886 Vx=10.928 Vy=0.069 slipVel=0.042 kappa=-0.004 alpha=0.006 Fz=3336.476 Fx=-190.296 Fy=-271.904
[DEBUG] [Tire] FR grounded=1 omega=36.736 wheelSpeed=10.233 Vx=11.022 Vy=0.069 slipVel=0.788 kappa=-0.072 alpha=0.006 Fz=3870.156 Fx=-3212.500 Fy=-276.215
[DEBUG] [Tire] RL grounded=1 omega=15.608 wheelSpeed=0.369 Vx=10.926 Vy=0.232 slipVel=10.557 kappa=-0.966 alpha=0.021 Fz=870.337 Fx=-789.322 Fy=-246.175
[DEBUG] [Tire] RR grounded=1 omega=36.638 wheelSpeed=6.845 Vx=11.023 Vy=0.232 slipVel=4.178 kappa=-0.379 alpha=0.021 Fz=1460.322 Fx=-1325.418 Fy=-409.737
[DEBUG] [Suspension] FL=0.102178 FR=0.142081 RL=0.010648 RR=0.052920
[DEBUG] [Wheel] FL=34.422035 FR=36.409607 RL=18.638760 RR=37.469616
[DEBUG] [Powertrain] gear=1 rpm=2349.871582 torque=0.000000 clutch=0.000000 running=1
[DEBUG] [Tire] FL grounded=1 omega=33.972 wheelSpeed=10.807 Vx=10.836 Vy=0.020 slipVel=0.029 kappa=-0.003 alpha=0.002 Fz=2998.226 Fx=-135.495 Fy=-68.714
[DEBUG] [Tire] FR grounded=1 omega=34.570 wheelSpeed=10.758 Vx=10.922 Vy=0.020 slipVel=0.165 kappa=-0.015 alpha=0.002 Fz=3638.203 Fx=-642.805 Fy=-76.522
[DEBUG] [Tire] RL grounded=1 omega=18.729 wheelSpeed=5.347 Vx=10.835 Vy=0.168 slipVel=5.488 kappa=-0.507 alpha=0.015 Fz=2203.905 Fx=-2020.981 Fy=-454.075
[DEBUG] [Tire] RR grounded=1 omega=23.254 wheelSpeed=6.493 Vx=10.923 Vy=0.168 slipVel=4.431 kappa=-0.406 alpha=0.015 Fz=2899.993 Fx=-2659.294 Fy=-592.531
[DEBUG] [Audio] Submitted bytes=20070400
[DEBUG] [Tire] FL grounded=1 omega=31.091 wheelSpeed=9.981 Vx=9.507 Vy=4.195 slipVel=-0.474 kappa=0.048 alpha=0.416 Fz=1350.812 Fx=673.868 Fy=-1092.102
[DEBUG] [Tire] FR grounded=1 omega=33.001 wheelSpeed=10.392 Vx=9.962 Vy=4.443 slipVel=-0.430 kappa=0.041 alpha=0.420 Fz=5169.291 Fx=2037.365 Fy=-4468.261
[DEBUG] [Tire] RL grounded=1 omega=15.636 wheelSpeed=4.559 Vx=10.347 Vy=0.016 slipVel=5.788 kappa=-0.559 alpha=0.002 Fz=747.317 Fx=-685.289 Fy=-14.525
[DEBUG] [Tire] RR grounded=1 omega=31.271 wheelSpeed=7.842 Vx=10.878 Vy=0.016 slipVel=3.037 kappa=-0.279 alpha=0.001 Fz=4705.009 Fx=-4314.494 Fy=-62.595
[DEBUG] [Energy] x=-45.615 y=3.648 z=72.873 vx=-1.420 vy=-0.070 vz=-10.324 total=110494.656 potential=42585.016 linear=64615.543 angular=147.107 wheels=2501.166 suspension=645.820 suspensionPower=-315.294 suspensionResidual=-0.001
[DEBUG] [Suspension] FL=0.075891 FR=0.150133 RL=0.037645 RR=0.115203
[DEBUG] [Wheel] FL=32.168251 FR=36.016743 RL=22.945583 RR=39.645081
[DEBUG] [Powertrain] gear=1 rpm=2626.447021 torque=0.000000 clutch=0.000000 running=1
[DEBUG] [Tire] FL grounded=1 omega=32.185 wheelSpeed=10.168 Vx=10.248 Vy=-0.126 slipVel=0.080 kappa=-0.008 alpha=-0.012 Fz=2668.152 Fx=-276.814 Fy=432.093
[DEBUG] [Tire] FR grounded=1 omega=35.269 wheelSpeed=9.977 Vx=10.652 Vy=-0.126 slipVel=0.674 kappa=-0.063 alpha=-0.012 Fz=3689.565 Fx=-2760.434 Fy=533.111
[DEBUG] [Tire] RL grounded=1 omega=20.683 wheelSpeed=5.468 Vx=10.243 Vy=0.569 slipVel=4.775 kappa=-0.466 alpha=0.055 Fz=2335.928 Fx=-1716.231 Fy=-1406.804
[DEBUG] [Tire] RR grounded=1 omega=27.331 wheelSpeed=7.194 Vx=10.656 Vy=0.569 slipVel=3.462 kappa=-0.325 alpha=0.053 Fz=3429.549 Fx=-2561.242 Fy=-2013.720
[DEBUG] [Tire] FL grounded=1 omega=32.221 wheelSpeed=10.161 Vx=10.272 Vy=0.008 slipVel=0.111 kappa=-0.011 alpha=0.001 Fz=2279.427 Fx=-315.776 Fy=-22.615
[DEBUG] [Tire] FR grounded=1 omega=34.853 wheelSpeed=9.665 Vx=10.445 Vy=0.008 slipVel=0.781 kappa=-0.075 alpha=0.001 Fz=3609.845 Fx=-3139.337 Fy=-32.721
[DEBUG] [Tire] RL grounded=1 omega=34.721 wheelSpeed=5.937 Vx=10.270 Vy=0.307 slipVel=4.333 kappa=-0.422 alpha=0.030 Fz=2240.839 Fx=-1944.620 Fy=-866.158
[DEBUG] [Tire] RR grounded=1 omega=35.820 wheelSpeed=5.697 Vx=10.447 Vy=0.307 slipVel=4.750 kappa=-0.455 alpha=0.029 Fz=3645.251 Fx=-3192.620 Fy=-1341.442
[DEBUG] [Performance] FPS=60 PhysicsHz=120
[DEBUG] [Tire] FL grounded=1 omega=32.230 wheelSpeed=10.192 Vx=10.280 Vy=0.056 slipVel=0.088 kappa=-0.009 alpha=0.005 Fz=2287.956 Fx=-257.197 Fy=-160.633
[DEBUG] [Tire] FR grounded=1 omega=33.871 wheelSpeed=9.787 Vx=10.345 Vy=0.056 slipVel=0.558 kappa=-0.054 alpha=0.005 Fz=3383.570 Fx=-2218.976 Fy=-233.484
[DEBUG] [Tire] RL grounded=1 omega=34.916 wheelSpeed=5.872 Vx=10.279 Vy=0.168 slipVel=4.407 kappa=-0.429 alpha=0.016 Fz=2413.116 Fx=-2212.827 Fy=-524.785
[DEBUG] [Tire] RR grounded=1 omega=35.213 wheelSpeed=5.459 Vx=10.345 Vy=0.168 slipVel=4.886 kappa=-0.472 alpha=0.016 Fz=3581.771 Fx=-3284.484 Fy=-738.653
[DEBUG] [Suspension] FL=0.079799 FR=0.126570 RL=0.066892 RR=0.116387
[DEBUG] [Wheel] FL=32.246586 FR=33.781342 RL=34.745232 RR=34.956470
[DEBUG] [Powertrain] gear=1 rpm=2567.363037 torque=0.000000 clutch=0.000000 running=1
[DEBUG] [Tire] FL grounded=1 omega=29.762 wheelSpeed=9.524 Vx=9.054 Vy=4.472 slipVel=-0.470 kappa=0.049 alpha=0.459 Fz=4.042 Fx=2.073 Fy=-3.232
[DEBUG] [Tire] FR grounded=1 omega=30.380 wheelSpeed=9.704 Vx=9.309 Vy=4.611 slipVel=-0.395 kappa=0.041 alpha=0.460 Fz=2465.168 Fx=1089.179 Fy=-2073.217
[DEBUG] [Tire] RL grounded=1 omega=33.994 wheelSpeed=5.925 Vx=10.094 Vy=0.077 slipVel=4.169 kappa=-0.413 alpha=0.008 Fz=1839.629 Fx=-1686.940 Fy=-181.142
[DEBUG] [Tire] RR grounded=1 omega=35.207 wheelSpeed=5.314 Vx=10.387 Vy=0.077 slipVel=5.073 kappa=-0.488 alpha=0.007 Fz=4136.494 Fx=-3793.165 Fy=-331.764
[DEBUG] [Tire] FL grounded=1 omega=30.919 wheelSpeed=9.779 Vx=9.895 Vy=-0.335 slipVel=0.116 kappa=-0.012 alpha=-0.034 Fz=1626.735 Fx=-242.222 Fy=755.590
[DEBUG] [Tire] FR grounded=1 omega=33.755 wheelSpeed=9.740 Vx=10.302 Vy=-0.335 slipVel=0.562 kappa=-0.055 alpha=-0.032 Fz=3375.668 Fx=-2240.133 Fy=1497.471
[DEBUG] [Tire] RL grounded=1 omega=32.986 wheelSpeed=5.602 Vx=9.887 Vy=0.369 slipVel=4.286 kappa=-0.433 alpha=0.037 Fz=2222.664 Fx=-1842.370 Fy=-1031.617
[DEBUG] [Tire] RR grounded=1 omega=34.221 wheelSpeed=5.364 Vx=10.309 Vy=0.369 slipVel=4.945 kappa=-0.480 alpha=0.036 Fz=3760.671 Fx=-3178.716 Fy=-1630.798
[DEBUG] [Energy] x=-46.124 y=3.612 z=67.681 vx=-0.546 vy=-0.214 vz=-10.203 total=108484.594 potential=42164.668 linear=62141.652 angular=55.333 wheels=3572.637 suspension=550.293 suspensionPower=-268.914 suspensionResidual=0.000
[DEBUG] [Suspension] FL=0.054696 FR=0.117097 RL=0.067721 RR=0.124083
[DEBUG] [Wheel] FL=31.194006 FR=33.197811 RL=30.189964 RR=31.352859
[DEBUG] [Powertrain] gear=1 rpm=2467.852295 torque=0.000000 clutch=0.000000 running=1
[DEBUG] [Tire] FL grounded=1 omega=30.831 wheelSpeed=9.835 Vx=9.843 Vy=-0.004 slipVel=0.008 kappa=-0.001 alpha=-0.000 Fz=2709.146 Fx=-65.033 Fy=13.553
[DEBUG] [Tire] FR grounded=1 omega=33.166 wheelSpeed=9.437 Vx=9.985 Vy=-0.004 slipVel=0.548 kappa=-0.055 alpha=-0.000 Fz=3836.979 Fx=-2481.792 Fy=16.258
[DEBUG] [Tire] RL grounded=1 omega=31.872 wheelSpeed=5.164 Vx=9.846 Vy=0.240 slipVel=4.682 kappa=-0.476 alpha=0.024 Fz=2201.777 Fx=-1967.577 Fy=-709.789
[DEBUG] [Tire] RR grounded=1 omega=35.704 wheelSpeed=6.053 Vx=9.996 Vy=0.240 slipVel=3.943 kappa=-0.394 alpha=0.024 Fz=2992.683 Fx=-2679.105 Fy=-951.483
[DEBUG] [Tire] FL grounded=1 omega=31.308 wheelSpeed=9.829 Vx=9.934 Vy=0.036 slipVel=0.105 kappa=-0.011 alpha=0.004 Fz=2944.200 Fx=-399.330 Fy=-135.090
[DEBUG] [Tire] FR grounded=1 omega=33.743 wheelSpeed=9.284 Vx=10.028 Vy=0.036 slipVel=0.744 kappa=-0.074 alpha=0.004 Fz=3707.546 Fx=-3192.987 Fy=-153.153
[DEBUG] [Tire] RL grounded=1 omega=32.002 wheelSpeed=5.522 Vx=9.933 Vy=0.196 slipVel=4.411 kappa=-0.444 alpha=0.020 Fz=1536.627 Fx=-1401.972 Fy=-406.789
[DEBUG] [Tire] RR grounded=1 omega=33.650 wheelSpeed=5.794 Vx=10.029 Vy=0.196 slipVel=4.235 kappa=-0.422 alpha=0.020 Fz=2126.226 Fx=-1941.440 Fy=-557.551
[DEBUG] [Tire] FL grounded=1 omega=31.758 wheelSpeed=9.868 Vx=10.054 Vy=0.029 slipVel=0.186 kappa=-0.019 alpha=0.003 Fz=2691.771 Fx=-622.367 Fy=-99.092
[DEBUG] [Tire] FR grounded=1 omega=33.609 wheelSpeed=9.368 Vx=10.103 Vy=0.029 slipVel=0.735 kappa=-0.073 alpha=0.003 Fz=3414.567 Fx=-2925.159 Fy=-122.459
[DEBUG] [Tire] RL grounded=1 omega=33.449 wheelSpeed=5.656 Vx=10.053 Vy=0.114 slipVel=4.397 kappa=-0.437 alpha=0.011 Fz=2466.933 Fx=-2262.177 Fy=-367.718
[DEBUG] [Tire] RR grounded=1 omega=33.630 wheelSpeed=5.476 Vx=10.104 Vy=0.114 slipVel=4.628 kappa=-0.458 alpha=0.011 Fz=3014.642 Fx=-2764.427 Fy=-447.018
[DEBUG] [Suspension] FL=0.087495 FR=0.121005 RL=0.064287 RR=0.092231
[DEBUG] [Wheel] FL=31.746075 FR=33.472439 RL=34.229271 RR=34.421776
[DEBUG] [Powertrain] gear=1 rpm=2480.322510 torque=0.000000 clutch=0.000000 running=1
[DEBUG] [Tire] FL grounded=1 omega=31.715 wheelSpeed=9.934 Vx=10.071 Vy=0.031 slipVel=0.137 kappa=-0.014 alpha=0.003 Fz=2639.332 Fx=-452.971 Fy=-104.003
[DEBUG] [Tire] FR grounded=1 omega=32.889 wheelSpeed=9.586 Vx=10.091 Vy=0.031 slipVel=0.505 kappa=-0.050 alpha=0.003 Fz=3210.835 Fx=-1979.397 Fy=-126.185
[DEBUG] [Tire] RL grounded=1 omega=33.442 wheelSpeed=5.514 Vx=10.071 Vy=0.066 slipVel=4.557 kappa=-0.452 alpha=0.007 Fz=2817.822 Fx=-2583.943 Fy=-238.961
[DEBUG] [Tire] RR grounded=1 omega=33.614 wheelSpeed=5.398 Vx=10.091 Vy=0.066 slipVel=4.693 kappa=-0.465 alpha=0.007 Fz=3211.772 Fx=-2945.195 Fy=-271.804
[DEBUG] [Tire] FL grounded=1 omega=31.389 wheelSpeed=9.905 Vx=9.983 Vy=0.027 slipVel=0.078 kappa=-0.008 alpha=0.003 Fz=2838.166 Fx=-293.201 Fy=-98.450
[DEBUG] [Tire] FR grounded=1 omega=32.124 wheelSpeed=9.680 Vx=9.992 Vy=0.027 slipVel=0.312 kappa=-0.031 alpha=0.003 Fz=3262.260 Fx=-1265.372 Fy=-113.049
[DEBUG] [Tire] RL grounded=1 omega=26.495 wheelSpeed=5.782 Vx=9.983 Vy=0.042 slipVel=4.201 kappa=-0.421 alpha=0.004 Fz=2743.541 Fx=-2515.827 Fy=-149.211
[DEBUG] [Tire] RR grounded=1 omega=26.809 wheelSpeed=5.777 Vx=9.992 Vy=0.042 slipVel=4.215 kappa=-0.422 alpha=0.004 Fz=2987.288 Fx=-2739.343 Fy=-162.312
[DEBUG] [Audio] Callback count=2500 additionalBytes=8192 totalBytes=8192
[DEBUG] [Audio] Submitted bytes=20480000
[DEBUG] [Suspension] FL=0.094008 FR=0.112953 RL=0.084180 RR=0.097205
[DEBUG] [Wheel] FL=31.473154 FR=32.356247 RL=33.834297 RR=33.852272
[DEBUG] [Powertrain] gear=1 rpm=2463.820068 torque=0.000000 clutch=0.000000 running=1
[DEBUG] [Energy] x=-46.320 y=3.437 z=62.599 vx=-0.316 vy=-0.351 vz=-9.863 total=100837.094 potential=40122.039 linear=58010.789 angular=0.654 wheels=2131.035 suspension=572.574 suspensionPower=-75.724 suspensionResidual=-0.000
[DEBUG] [Tire] FL grounded=1 omega=31.545 wheelSpeed=9.747 Vx=9.956 Vy=0.020 slipVel=0.209 kappa=-0.021 alpha=0.002 Fz=2799.105 Fx=-732.358 Fy=-72.397
[DEBUG] [Tire] FR grounded=1 omega=32.397 wheelSpeed=9.486 Vx=9.965 Vy=0.020 slipVel=0.479 kappa=-0.048 alpha=0.002 Fz=3132.492 Fx=-1859.052 Fy=-80.902
[DEBUG] [Tire] RL grounded=1 omega=34.016 wheelSpeed=5.447 Vx=9.956 Vy=0.035 slipVel=4.510 kappa=-0.453 alpha=0.004 Fz=2832.080 Fx=-2597.017 Fy=-127.070
[DEBUG] [Tire] RR grounded=1 omega=33.999 wheelSpeed=5.376 Vx=9.965 Vy=0.035 slipVel=4.590 kappa=-0.461 alpha=0.004 Fz=2982.961 Fx=-2735.375 Fy=-133.705
[DEBUG] [Tire] FL grounded=1 omega=31.435 wheelSpeed=9.817 Vx=9.965 Vy=0.019 slipVel=0.148 kappa=-0.015 alpha=0.002 Fz=2737.866 Fx=-510.680 Fy=-66.887
[DEBUG] [Tire] FR grounded=1 omega=31.926 wheelSpeed=9.659 Vx=9.970 Vy=0.019 slipVel=0.311 kappa=-0.031 alpha=0.002 Fz=3038.779 Fx=-1175.399 Fy=-74.148
[DEBUG] [Tire] RL grounded=1 omega=32.423 wheelSpeed=5.352 Vx=9.965 Vy=0.027 slipVel=4.613 kappa=-0.463 alpha=0.003 Fz=2903.198 Fx=-2662.233 Fy=-101.058
[DEBUG] [Tire] RR grounded=1 omega=32.452 wheelSpeed=5.312 Vx=9.970 Vy=0.027 slipVel=4.657 kappa=-0.467 alpha=0.003 Fz=3016.215 Fx=-2765.869 Fy=-104.942
[DEBUG] [Performance] FPS=60 PhysicsHz=120
[DEBUG] [Tire] FL grounded=1 omega=28.625 wheelSpeed=9.121 Vx=8.784 Vy=3.844 slipVel=-0.338 kappa=0.037 alpha=0.413 Fz=1546.373 Fx=631.201 Fy=-1326.539
[DEBUG] [Tire] FR grounded=1 omega=30.539 wheelSpeed=9.485 Vx=9.148 Vy=4.043 slipVel=-0.337 kappa=0.036 alpha=0.416 Fz=4848.875 Fx=1657.155 Fy=-4298.028
[DEBUG] [Tire] RL grounded=1 omega=30.885 wheelSpeed=5.200 Vx=9.546 Vy=-0.122 slipVel=4.346 kappa=-0.455 alpha=-0.013 Fz=992.127 Fx=-909.780 Fy=167.650
[DEBUG] [Tire] RR grounded=1 omega=36.036 wheelSpeed=5.463 Vx=9.972 Vy=-0.122 slipVel=4.509 kappa=-0.452 alpha=-0.012 Fz=4179.855 Fx=-3832.927 Fy=574.292
[DEBUG] [Suspension] FL=0.080272 FR=0.127754 RL=0.069142 RR=0.111295
[DEBUG] [Wheel] FL=28.673939 FR=31.687218 RL=31.547394 RR=36.191650
[DEBUG] [Powertrain] gear=1 rpm=2479.662598 torque=0.000000 clutch=0.000000 running=1
[DEBUG] [Tire] FL grounded=1 omega=29.027 wheelSpeed=9.198 Vx=9.397 Vy=-0.799 slipVel=0.199 kappa=-0.021 alpha=-0.085 Fz=810.277 Fx=-190.338 Fy=745.860
[DEBUG] [Tire] FR grounded=1 omega=31.564 wheelSpeed=10.197 Vx=10.125 Vy=-0.799 slipVel=-0.072 kappa=0.007 alpha=-0.079 Fz=3475.540 Fx=203.473 Fy=3295.488
[DEBUG] [Tire] RL grounded=1 omega=32.558 wheelSpeed=5.585 Vx=9.390 Vy=0.450 slipVel=3.805 kappa=-0.405 alpha=0.048 Fz=1587.810 Fx=-1227.239 Fy=-877.048
[DEBUG] [Tire] RR grounded=1 omega=34.348 wheelSpeed=5.092 Vx=10.133 Vy=0.450 slipVel=5.041 kappa=-0.497 alpha=0.044 Fz=4301.321 Fx=-3474.857 Fy=-2150.081
[DEBUG] [Tire] FL grounded=1 omega=30.082 wheelSpeed=9.532 Vx=9.602 Vy=-0.077 slipVel=0.070 kappa=-0.007 alpha=-0.008 Fz=2052.227 Fx=-199.392 Fy=213.622
[DEBUG] [Tire] FR grounded=1 omega=31.623 wheelSpeed=9.632 Vx=9.880 Vy=-0.077 slipVel=0.248 kappa=-0.025 alpha=-0.008 Fz=3327.246 Fx=-1026.777 Fy=336.422
[DEBUG] [Tire] RL grounded=1 omega=31.694 wheelSpeed=5.231 Vx=9.596 Vy=0.405 slipVel=4.366 kappa=-0.455 alpha=0.042 Fz=2337.905 Fx=-1876.980 Fy=-1187.362
[DEBUG] [Tire] RR grounded=1 omega=33.478 wheelSpeed=5.286 Vx=9.885 Vy=0.405 slipVel=4.599 kappa=-0.465 alpha=0.041 Fz=3635.263 Fx=-2964.683 Fy=-1771.246
[DEBUG] [Suspension] FL=0.065116 FR=0.119939 RL=0.067839 RR=0.122307
[DEBUG] [Wheel] FL=30.345858 FR=32.618801 RL=32.827972 RR=33.666786
[DEBUG] [Powertrain] gear=1 rpm=2322.531006 torque=0.000000 clutch=0.000000 running=1
[DEBUG] [Energy] x=-46.279 y=3.241 z=57.606 vx=0.562 vy=-0.470 vz=-9.825 total=99794.812 potential=37837.605 linear=57760.559 angular=18.820 wheels=3603.598 suspension=574.230 suspensionPower=-135.103 suspensionResidual=0.001
[DEBUG] [Tire] FL grounded=1 omega=30.427 wheelSpeed=9.591 Vx=9.690 Vy=0.025 slipVel=0.099 kappa=-0.010 alpha=0.003 Fz=2333.952 Fx=-305.934 Fy=-76.314
[DEBUG] [Tire] FR grounded=1 omega=32.853 wheelSpeed=9.043 Vx=9.791 Vy=0.025 slipVel=0.748 kappa=-0.076 alpha=0.003 Fz=3487.822 Fx=-3100.408 Fy=-108.364
[DEBUG] [Tire] RL grounded=1 omega=31.754 wheelSpeed=5.299 Vx=9.690 Vy=0.199 slipVel=4.391 kappa=-0.453 alpha=0.021 Fz=2333.173 Fx=-2122.013 Fy=-640.308
[DEBUG] [Tire] RR grounded=1 omega=32.606 wheelSpeed=5.048 Vx=9.796 Vy=0.199 slipVel=4.749 kappa=-0.485 alpha=0.020 Fz=3536.277 Fx=-3227.871 Fy=-931.043
[DEBUG] [Tire] FL grounded=1 omega=28.118 wheelSpeed=8.934 Vx=8.615 Vy=4.299 slipVel=-0.319 kappa=0.036 alpha=0.463 Fz=1994.066 Fx=788.694 Fy=-1722.374
[DEBUG] [Tire] FR grounded=1 omega=29.835 wheelSpeed=8.923 Vx=8.768 Vy=4.382 slipVel=-0.155 kappa=0.017 alpha=0.464 Fz=4392.663 Fx=663.580 Fy=-3962.182
[DEBUG] [Tire] RL grounded=1 omega=30.449 wheelSpeed=5.241 Vx=9.619 Vy=-0.058 slipVel=4.378 kappa=-0.455 alpha=-0.006 Fz=961.748 Fx=-881.923 Fy=74.971
[DEBUG] [Tire] RR grounded=1 omega=33.969 wheelSpeed=5.348 Vx=9.798 Vy=-0.058 slipVel=4.450 kappa=-0.454 alpha=-0.006 Fz=3307.083 Fx=-3032.595 Fy=252.887
[DEBUG] [Tire] FL grounded=1 omega=28.563 wheelSpeed=9.111 Vx=8.780 Vy=3.685 slipVel=-0.331 kappa=0.036 alpha=0.397 Fz=1012.457 Fx=406.333 Fy=-871.790
[DEBUG] [Tire] FR grounded=1 omega=32.159 wheelSpeed=9.451 Vx=9.342 Vy=3.992 slipVel=-0.110 kappa=0.012 alpha=0.404 Fz=4923.947 Fx=408.765 Fy=-4441.401
[DEBUG] [Tire] RL grounded=1 omega=31.481 wheelSpeed=5.464 Vx=9.464 Vy=0.125 slipVel=4.000 kappa=-0.423 alpha=0.013 Fz=822.858 Fx=-754.561 Fy=-143.587
[DEBUG] [Tire] RR grounded=1 omega=34.493 wheelSpeed=4.732 Vx=10.120 Vy=0.125 slipVel=5.388 kappa=-0.532 alpha=0.012 Fz=4725.375 Fx=-4333.169 Fy=-602.022
[DEBUG] [Suspension] FL=0.058959 FR=0.144449 RL=0.041198 RR=0.125031
[DEBUG] [Wheel] FL=28.583771 FR=32.352158 RL=30.854767 RR=33.729855
[DEBUG] [Powertrain] gear=1 rpm=2316.358398 torque=0.000000 clutch=0.000000 running=1
[DEBUG] [Tire] FL grounded=1 omega=28.525 wheelSpeed=9.119 Vx=8.773 Vy=3.391 slipVel=-0.346 kappa=0.038 alpha=0.369 Fz=434.579 Fx=181.311 Fy=-370.906
[DEBUG] [Tire] FR grounded=1 omega=33.183 wheelSpeed=9.722 Vx=9.600 Vy=3.843 slipVel=-0.122 kappa=0.013 alpha=0.381 Fz=5305.068 Fx=458.346 Fy=-4785.171
[DEBUG] [Tire] RL grounded=1 omega=29.929 wheelSpeed=5.125 Vx=9.312 Vy=0.389 slipVel=4.187 kappa=-0.450 alpha=0.042 Fz=524.157 Fx=-422.122 Fy=-264.134
[DEBUG] [Tire] RR grounded=1 omega=35.093 wheelSpeed=4.785 Vx=10.278 Vy=0.389 slipVel=5.493 kappa=-0.534 alpha=0.038 Fz=5413.318 Fx=-4625.701 Fy=-2247.168
[DEBUG] [Tire] FL grounded=1 omega=28.463 wheelSpeed=9.108 Vx=8.732 Vy=3.300 slipVel=-0.375 kappa=0.041 alpha=0.361 Fz=39.409 Fx=17.608 Fy=-33.039
[DEBUG] [Tire] FR grounded=1 omega=33.672 wheelSpeed=9.828 Vx=9.701 Vy=3.829 slipVel=-0.127 kappa=0.013 alpha=0.376 Fz=5600.913 Fx=483.221 Fy=-5052.023
[DEBUG] [Tire] RL grounded=1 omega=27.496 wheelSpeed=4.480 Vx=9.231 Vy=0.602 slipVel=4.751 kappa=-0.515 alpha=0.065 Fz=204.011 Fx=-141.169 Fy=-132.792
[DEBUG] [Tire] RR grounded=1 omega=35.935 wheelSpeed=5.188 Vx=10.363 Vy=0.602 slipVel=5.174 kappa=-0.499 alpha=0.058 Fz=5814.722 Fx=-4343.881 Fy=-3412.493
[DEBUG] [Suspension] FL=0.017634 FR=0.177841 RL=0.014082 RR=0.175117
[DEBUG] [Wheel] FL=28.427204 FR=33.815685 RL=26.612274 RR=36.111343
[DEBUG] [Powertrain] gear=1 rpm=2196.458252 torque=0.000000 clutch=0.000000 running=1
[DEBUG] [Energy] x=-45.507 y=2.957 z=52.713 vx=2.911 vy=-0.528 vz=-9.384 total=95724.688 potential=34514.957 linear=57604.773 angular=639.881 wheels=2003.150 suspension=961.920 suspensionPower=-12.336 suspensionResidual=-0.000
[DEBUG] [Audio] Submitted bytes=20889600
[DEBUG] [Tire] FL grounded=1 omega=28.867 wheelSpeed=9.135 Vx=9.296 Vy=-0.733 slipVel=0.161 kappa=-0.017 alpha=-0.079 Fz=1063.369 Fx=-216.360 Fy=986.759
[DEBUG] [Tire] FR grounded=1 omega=34.537 wheelSpeed=9.712 Vx=10.365 Vy=-0.733 slipVel=0.653 kappa=-0.063 alpha=-0.071 Fz=4757.459 Fx=-2826.294 Fy=3526.858
[DEBUG] [Tire] RL grounded=1 omega=23.933 wheelSpeed=4.419 Vx=9.283 Vy=1.097 slipVel=4.863 kappa=-0.524 alpha=0.118 Fz=1286.026 Fx=-785.619 Fy=-935.635
[DEBUG] [Tire] RR grounded=1 omega=30.751 wheelSpeed=5.533 Vx=10.378 Vy=1.097 slipVel=4.845 kappa=-0.467 alpha=0.105 Fz=4994.122 Fx=-3037.960 Fy=-3644.212
[DEBUG] [Tire] FL grounded=1 omega=27.160 wheelSpeed=8.716 Vx=8.317 Vy=4.222 slipVel=-0.399 kappa=0.046 alpha=0.470 Fz=1525.204 Fx=739.360 Fy=-1246.108
[DEBUG] [Tire] FR grounded=1 omega=29.962 wheelSpeed=9.224 Vx=8.927 Vy=4.555 slipVel=-0.297 kappa=0.032 alpha=0.472 Fz=4787.653 Fx=1475.741 Fy=-4302.204
[DEBUG] [Tire] RL grounded=1 omega=23.783 wheelSpeed=3.110 Vx=9.314 Vy=0.911 slipVel=6.204 kappa=-0.666 alpha=0.098 Fz=858.935 Fx=-525.233 Fy=-624.474
[DEBUG] [Tire] RR grounded=1 omega=33.698 wheelSpeed=5.316 Vx=10.027 Vy=0.911 slipVel=4.711 kappa=-0.470 alpha=0.091 Fz=4128.167 Fx=-2564.253 Fy=-2967.288
[DEBUG] [Performance] FPS=57 PhysicsHz=120
[DEBUG] [Tire] FL grounded=1 omega=27.623 wheelSpeed=8.837 Vx=9.308 Vy=-0.810 slipVel=0.472 kappa=-0.051 alpha=-0.087 Fz=11.542 Fx=-5.621 Fy=9.415
[DEBUG] [Tire] FR grounded=1 omega=34.548 wheelSpeed=9.414 Vx=10.172 Vy=-0.810 slipVel=0.758 kappa=-0.075 alpha=-0.079 Fz=5613.933 Fx=-3463.069 Fy=4055.929
[DEBUG] [Tire] RL grounded=1 omega=24.819 wheelSpeed=0.000 Vx=0.000 Vy=0.000 slipVel=0.000 kappa=0.000 alpha=0.000 Fz=0.000 Fx=0.000 Fy=0.000
[DEBUG] [Tire] RR grounded=1 omega=34.796 wheelSpeed=5.000 Vx=10.182 Vy=0.670 slipVel=5.182 kappa=-0.509 alpha=0.066 Fz=5615.979 Fx=-3972.971 Fy=-3560.849
[DEBUG] [Suspension] FL=0.029475 FR=0.171920 RL=0.018463 RR=0.161974
[DEBUG] [Wheel] FL=28.972672 FR=34.628071 RL=26.232296 RR=34.163654
[DEBUG] [Powertrain] gear=1 rpm=2203.701904 torque=0.000000 clutch=0.000000 running=1
[DEBUG] [Tire] FL grounded=1 omega=29.540 wheelSpeed=9.397 Vx=9.447 Vy=0.143 slipVel=0.051 kappa=-0.005 alpha=0.015 Fz=1566.589 Fx=-118.369 Fy=-316.387
[DEBUG] [Tire] FR grounded=1 omega=36.154 wheelSpeed=7.954 Vx=9.913 Vy=0.152 slipVel=1.958 kappa=-0.198 alpha=0.015 Fz=8125.747 Fx=-7659.610 Fy=-959.393
[DEBUG] [Tire] RL grounded=1 omega=26.889 wheelSpeed=3.796 Vx=9.441 Vy=0.960 slipVel=5.645 kappa=-0.598 alpha=0.101 Fz=1927.737 Fx=-1174.162 Fy=-1405.413
[DEBUG] [Tire] RR grounded=1 omega=34.634 wheelSpeed=5.840 Vx=9.929 Vy=0.960 slipVel=4.089 kappa=-0.412 alpha=0.096 Fz=3413.782 Fx=-2091.216 Fy=-2478.804
[DEBUG] [Tire] FL grounded=1 omega=31.797 wheelSpeed=8.804 Vx=9.601 Vy=0.051 slipVel=0.797 kappa=-0.083 alpha=0.005 Fz=3061.166 Fx=-2900.549 Fy=-209.536
[DEBUG] [Tire] FR grounded=1 omega=34.174 wheelSpeed=8.109 Vx=9.925 Vy=0.051 slipVel=1.815 kappa=-0.183 alpha=0.005 Fz=6299.390 Fx=-5980.105 Fy=-227.219
[DEBUG] [Tire] RL grounded=1 omega=25.768 wheelSpeed=5.209 Vx=9.592 Vy=0.587 slipVel=4.383 kappa=-0.457 alpha=0.061 Fz=1895.597 Fx=-1343.529 Fy=-1199.113
[DEBUG] [Tire] RR grounded=1 omega=28.131 wheelSpeed=5.576 Vx=9.921 Vy=0.587 slipVel=4.345 kappa=-0.438 alpha=0.059 Fz=3013.761 Fx=-2163.322 Fy=-1875.427
[DEBUG] [Suspension] FL=0.075299 FR=0.204838 RL=0.052209 RR=0.112834
[DEBUG] [Wheel] FL=30.159973 FR=33.342369 RL=27.355022 RR=29.654598
[DEBUG] [Powertrain] gear=1 rpm=2422.195068 torque=0.000000 clutch=0.000000 running=1
[DEBUG] [Tire] FL grounded=1 omega=30.009 wheelSpeed=9.487 Vx=9.579 Vy=0.040 slipVel=0.092 kappa=-0.010 alpha=0.004 Fz=1966.155 Fx=-244.623 Fy=-103.970
[DEBUG] [Tire] FR grounded=1 omega=32.844 wheelSpeed=8.394 Vx=9.757 Vy=0.039 slipVel=1.363 kappa=-0.140 alpha=0.004 Fz=4704.790 Fx=-4466.942 Fy=-152.667
[DEBUG] [Tire] RL grounded=1 omega=32.273 wheelSpeed=5.249 Vx=9.588 Vy=0.361 slipVel=4.339 kappa=-0.453 alpha=0.038 Fz=2109.287 Fx=-1745.692 Fy=-983.801
[DEBUG] [Tire] RR grounded=1 omega=32.878 wheelSpeed=5.187 Vx=9.781 Vy=0.360 slipVel=4.594 kappa=-0.470 alpha=0.037 Fz=2746.561 Fx=-2284.838 Fy=-1260.004
[DEBUG] [Energy] x=-43.620 y=2.794 z=48.211 vx=4.320 vy=0.081 vz=-8.224 total=88735.266 potential=32612.100 linear=51347.922 angular=196.462 wheels=3691.628 suspension=887.153 suspensionPower=1470.351 suspensionResidual=-0.002
[DEBUG] [Tire] FL grounded=1 omega=27.482 wheelSpeed=8.741 Vx=8.431 Vy=4.260 slipVel=-0.310 kappa=0.035 alpha=0.468 Fz=1606.533 Fx=631.440 Fy=-1389.456
[DEBUG] [Tire] FR grounded=1 omega=28.912 wheelSpeed=8.817 Vx=8.653 Vy=4.381 slipVel=-0.164 kappa=0.019 alpha=0.469 Fz=3486.751 Fx=672.814 Fy=-3145.050
[DEBUG] [Tire] RL grounded=1 omega=32.932 wheelSpeed=5.878 Vx=9.464 Vy=0.163 slipVel=3.585 kappa=-0.379 alpha=0.017 Fz=942.276 Fx=-864.067 Fy=-216.531
[DEBUG] [Tire] RR grounded=1 omega=33.302 wheelSpeed=3.474 Vx=9.697 Vy=0.130 slipVel=6.224 kappa=-0.642 alpha=0.013 Fz=6742.337 Fx=-6182.723 Fy=-761.947
[DEBUG] [Tire] FL grounded=1 omega=27.160 wheelSpeed=8.668 Vx=8.344 Vy=3.489 slipVel=-0.324 kappa=0.037 alpha=0.396 Fz=984.704 Fx=405.428 Fy=-843.048
[DEBUG] [Tire] FR grounded=1 omega=29.935 wheelSpeed=9.011 Vx=8.861 Vy=3.771 slipVel=-0.150 kappa=0.017 alpha=0.402 Fz=4022.619 Fx=615.206 Fy=-3628.402
[DEBUG] [Tire] RL grounded=1 omega=31.794 wheelSpeed=4.922 Vx=8.988 Vy=0.074 slipVel=4.066 kappa=-0.452 alpha=0.008 Fz=2300.504 Fx=-2109.562 Fy=-245.416
[DEBUG] [Tire] RR grounded=1 omega=32.740 wheelSpeed=3.855 Vx=9.592 Vy=0.074 slipVel=5.737 kappa=-0.598 alpha=0.008 Fz=5451.559 Fx=-4999.080 Fy=-369.544
[DEBUG] [Suspension] FL=0.053038 FR=0.147528 RL=0.075536 RR=0.173933
[DEBUG] [Wheel] FL=27.100916 FR=30.110140 RL=31.756706 RR=32.694176
[DEBUG] [Powertrain] gear=1 rpm=2221.852295 torque=0.000000 clutch=0.000000 running=1
[DEBUG] [Tire] FL grounded=1 omega=26.902 wheelSpeed=8.595 Vx=8.267 Vy=3.031 slipVel=-0.329 kappa=0.038 alpha=0.351 Fz=710.186 Fx=297.930 Fy=-605.332
[DEBUG] [Tire] FR grounded=1 omega=31.025 wheelSpeed=9.186 Vx=9.057 Vy=3.463 slipVel=-0.129 kappa=0.014 alpha=0.365 Fz=4672.125 Fx=518.049 Fy=-4214.257
[DEBUG] [Tire] RL grounded=1 omega=30.678 wheelSpeed=5.486 Vx=8.697 Vy=0.245 slipVel=3.211 kappa=-0.369 alpha=0.028 Fz=959.720 Fx=-840.982 Fy=-352.148
[DEBUG] [Tire] RR grounded=1 omega=31.881 wheelSpeed=4.099 Vx=9.621 Vy=0.245 slipVel=5.522 kappa=-0.574 alpha=0.025 Fz=5046.408 Fx=-4579.852 Fy=-1417.121
[DEBUG] [Tire] FL grounded=1 omega=26.712 wheelSpeed=8.545 Vx=8.197 Vy=2.770 slipVel=-0.348 kappa=0.041 alpha=0.326 Fz=399.109 Fx=176.585 Fy=-335.522
[DEBUG] [Tire] FR grounded=1 omega=31.759 wheelSpeed=9.324 Vx=9.183 Vy=3.308 slipVel=-0.140 kappa=0.015 alpha=0.346 Fz=5286.989 Fx=587.391 Fy=-4768.864
[DEBUG] [Tire] RL grounded=1 omega=27.114 wheelSpeed=4.692 Vx=8.507 Vy=0.430 slipVel=3.815 kappa=-0.448 alpha=0.051 Fz=268.337 Fx=-203.701 Fy=-153.266
[DEBUG] [Tire] RR grounded=1 omega=33.188 wheelSpeed=4.685 Vx=9.660 Vy=0.430 slipVel=4.975 kappa=-0.515 alpha=0.045 Fz=5283.246 Fx=-4319.311 Fy=-2556.316
[DEBUG] [Suspension] FL=0.025094 FR=0.167302 RL=0.026870 RR=0.173223
[DEBUG] [Wheel] FL=26.590441 FR=32.151543 RL=27.734150 RR=33.077911
[DEBUG] [Powertrain] gear=1 rpm=2061.132080 torque=0.000000 clutch=0.000000 running=1
[DEBUG] [Tire] FL grounded=1 omega=26.546 wheelSpeed=8.494 Vx=8.142 Vy=2.660 slipVel=-0.352 kappa=0.041 alpha=0.316 Fz=59.086 Fx=26.536 Fy=-49.463
[DEBUG] [Tire] FR grounded=1 omega=32.276 wheelSpeed=9.402 Vx=9.271 Vy=3.277 slipVel=-0.131 kappa=0.014 alpha=0.340 Fz=5607.244 Fx=535.440 Fy=-5057.734
[DEBUG] [Tire] RL grounded=1 omega=27.439 wheelSpeed=4.516 Vx=8.404 Vy=0.636 slipVel=3.888 kappa=-0.463 alpha=0.076 Fz=40.194 Fx=-26.318 Fy=-27.667
[DEBUG] [Tire] RR grounded=1 omega=33.073 wheelSpeed=4.411 Vx=9.724 Vy=0.636 slipVel=5.313 kappa=-0.546 alpha=0.065 Fz=5710.455 Fx=-4051.373 Fy=-3607.806
[DEBUG] [Energy] x=-40.948 y=2.991 z=44.395 vx=6.354 vy=0.422 vz=-6.505 total=87765.391 potential=34914.875 linear=49307.219 angular=855.469 wheels=1763.077 suspension=924.750 suspensionPower=-1100.349 suspensionResidual=14.926
[DEBUG] [Audio] Callback count=2600 additionalBytes=8192 totalBytes=8192
[DEBUG] [Audio] GenerateAudio rpm=2125.738037 torque=0.000000 speed=32.828682 slip=0.113978 running=1
[DEBUG] [Audio] Submitted bytes=21299200
[DEBUG] [Tire] FL grounded=1 omega=26.499 wheelSpeed=0.000 Vx=0.000 Vy=0.000 slipVel=0.000 kappa=0.000 alpha=0.000 Fz=0.000 Fx=0.000 Fy=0.000
[DEBUG] [Tire] FR grounded=1 omega=32.400 wheelSpeed=9.422 Vx=9.279 Vy=3.279 slipVel=-0.143 kappa=0.015 alpha=0.340 Fz=5854.459 Fx=610.039 Fy=-5280.723
[DEBUG] [Tire] RL grounded=1 omega=25.754 wheelSpeed=0.000 Vx=0.000 Vy=0.000 slipVel=0.000 kappa=0.000 alpha=0.000 Fz=0.000 Fx=0.000 Fy=0.000
[DEBUG] [Tire] RR grounded=1 omega=33.278 wheelSpeed=4.547 Vx=9.733 Vy=0.783 slipVel=5.186 kappa=-0.533 alpha=0.080 Fz=6004.833 Fx=-3903.296 Fy=-4160.125
[DEBUG] [Performance] FPS=60 PhysicsHz=119
[DEBUG] [Tire] FL grounded=1 omega=26.499 wheelSpeed=0.000 Vx=0.000 Vy=0.000 slipVel=0.000 kappa=0.000 alpha=0.000 Fz=0.000 Fx=0.000 Fy=0.000
[DEBUG] [Tire] FR grounded=1 omega=31.159 wheelSpeed=9.205 Vx=9.651 Vy=-1.059 slipVel=0.445 kappa=-0.046 alpha=-0.109 Fz=3846.963 Fx=-1615.292 Fy=3278.268
[DEBUG] [Tire] RL grounded=1 omega=23.869 wheelSpeed=0.000 Vx=0.000 Vy=0.000 slipVel=0.000 kappa=0.000 alpha=0.000 Fz=0.000 Fx=0.000 Fy=0.000
[DEBUG] [Tire] RR grounded=1 omega=31.826 wheelSpeed=4.705 Vx=9.674 Vy=1.195 slipVel=4.969 kappa=-0.514 alpha=0.123 Fz=5234.948 Fx=-3210.675 Fy=-3797.932
[DEBUG] [Suspension] FL=0.000000 FR=0.178669 RL=0.002833 RR=0.186484
[DEBUG] [Wheel] FL=26.499323 FR=30.689899 RL=23.489574 RR=29.887295
[DEBUG] [Powertrain] gear=1 rpm=1919.621826 torque=0.000000 clutch=0.000000 running=1
[DEBUG] [Tire] FL grounded=1 omega=25.172 wheelSpeed=8.449 Vx=8.224 Vy=-0.032 slipVel=-0.226 kappa=0.027 alpha=-0.004 Fz=2752.910 Fx=831.944 Fy=137.127
[DEBUG] [Tire] FR grounded=1 omega=31.089 wheelSpeed=8.126 Vx=9.120 Vy=-0.032 slipVel=0.994 kappa=-0.109 alpha=-0.004 Fz=4049.644 Fx=-3844.891 Fy=132.132
[DEBUG] [Tire] RL grounded=1 omega=27.374 wheelSpeed=3.810 Vx=8.206 Vy=1.515 slipVel=4.397 kappa=-0.536 alpha=0.182 Fz=2213.781 Fx=-1472.079 Fy=-1501.991
[DEBUG] [Tire] RR grounded=1 omega=30.948 wheelSpeed=4.767 Vx=9.136 Vy=1.514 slipVel=4.369 kappa=-0.478 alpha=0.164 Fz=2877.669 Fx=-1865.815 Fy=-1998.079
[DEBUG] [Tire] FL grounded=1 omega=24.566 wheelSpeed=7.846 Vx=7.597 Vy=3.265 slipVel=-0.249 kappa=0.032 alpha=0.406 Fz=290.626 Fx=103.182 Fy=-256.089
[DEBUG] [Tire] FR grounded=1 omega=29.685 wheelSpeed=8.482 Vx=8.391 Vy=3.699 slipVel=-0.091 kappa=0.011 alpha=0.415 Fz=5722.085 Fx=374.934 Fy=-5161.321
[DEBUG] [Tire] RL grounded=1 omega=26.067 wheelSpeed=0.000 Vx=0.000 Vy=0.000 slipVel=0.000 kappa=0.000 alpha=0.000 Fz=0.000 Fx=0.000 Fy=0.000
[DEBUG] [Tire] RR grounded=1 omega=31.597 wheelSpeed=4.269 Vx=9.144 Vy=0.771 slipVel=4.875 kappa=-0.533 alpha=0.084 Fz=5264.071 Fx=-3355.931 Fy=-3707.615
[DEBUG] [Suspension] FL=0.018582 FR=0.174762 RL=0.001531 RR=0.160671
[DEBUG] [Wheel] FL=24.622662 FR=29.974813 RL=26.067003 RR=31.380081
[DEBUG] [Powertrain] gear=1 rpm=1879.692749 torque=0.000000 clutch=0.000000 running=1
[DEBUG] [Tire] FL grounded=1 omega=24.623 wheelSpeed=0.000 Vx=0.000 Vy=0.000 slipVel=0.000 kappa=0.000 alpha=0.000 Fz=0.000 Fx=0.000 Fy=0.000
[DEBUG] [Tire] FR grounded=1 omega=29.814 wheelSpeed=8.790 Vx=8.570 Vy=3.426 slipVel=-0.220 kappa=0.025 alpha=0.380 Fz=6163.825 Fx=1233.735 Fy=-5559.771
[DEBUG] [Tire] RL grounded=1 omega=24.067 wheelSpeed=0.000 Vx=0.000 Vy=0.000 slipVel=0.000 kappa=0.000 alpha=0.000 Fz=0.000 Fx=0.000 Fy=0.000
[DEBUG] [Tire] RR grounded=1 omega=32.506 wheelSpeed=4.505 Vx=9.175 Vy=0.636 slipVel=4.670 kappa=-0.509 alpha=0.069 Fz=5037.127 Fx=-3470.469 Fy=-3294.641
[DEBUG] [Energy] x=-37.274 y=3.149 z=41.749 vx=7.922 vy=0.163 vz=-3.785 total=87019.273 potential=36762.371 linear=45875.016 angular=592.463 wheels=2887.100 suspension=902.318 suspensionPower=-1261.244 suspensionResidual=150.985
[DEBUG] [Tire] FL grounded=1 omega=24.623 wheelSpeed=0.000 Vx=0.000 Vy=0.000 slipVel=0.000 kappa=0.000 alpha=0.000 Fz=0.000 Fx=0.000 Fy=0.000
[DEBUG] [Tire] FR grounded=1 omega=31.240 wheelSpeed=8.437 Vx=9.240 Vy=-0.808 slipVel=0.804 kappa=-0.087 alpha=-0.087 Fz=5106.059 Fx=-3291.222 Fy=3563.381
[DEBUG] [Tire] RL grounded=1 omega=23.931 wheelSpeed=0.000 Vx=0.000 Vy=0.000 slipVel=0.000 kappa=0.000 alpha=0.000 Fz=0.000 Fx=0.000 Fy=0.000
[DEBUG] [Tire] RR grounded=1 omega=31.015 wheelSpeed=4.364 Vx=9.251 Vy=0.995 slipVel=4.887 kappa=-0.528 alpha=0.107 Fz=4688.638 Fx=-2852.517 Fy=-3420.979
[DEBUG] [Tire] FL grounded=1 omega=24.831 wheelSpeed=7.987 Vx=7.612 Vy=-3.521 slipVel=-0.376 kappa=0.047 alpha=-0.433 Fz=3881.141 Fx=1844.127 Fy=3192.770
[DEBUG] [Tire] FR grounded=1 omega=26.464 wheelSpeed=8.499 Vx=8.119 Vy=-3.798 slipVel=-0.380 kappa=0.045 alpha=-0.438 Fz=2646.951 Fx=1262.344 Fy=2174.791
[DEBUG] [Tire] RL grounded=1 omega=23.183 wheelSpeed=1.980 Vx=8.360 Vy=1.552 slipVel=6.380 kappa=-0.763 alpha=0.184 Fz=3758.848 Fx=-2502.579 Fy=-2547.247
[DEBUG] [Tire] RR grounded=1 omega=22.219 wheelSpeed=2.080 Vx=8.953 Vy=1.552 slipVel=6.873 kappa=-0.768 alpha=0.172 Fz=2504.102 Fx=-1641.386 Fy=-1721.918
[DEBUG] [Suspension] FL=0.050315 FR=0.146699 RL=0.034211 RR=0.133201
[DEBUG] [Wheel] FL=24.934210 FR=26.312588 RL=30.876192 RR=26.471994
[DEBUG] [Powertrain] gear=1 rpm=1852.175659 torque=0.000000 clutch=0.000000 running=1
[DEBUG] [Tire] FL grounded=1 omega=26.082 wheelSpeed=8.847 Vx=8.148 Vy=-3.039 slipVel=-0.700 kappa=0.079 alpha=-0.357 Fz=4240.277 Fx=2791.279 Fy=2904.422
[DEBUG] [Tire] FR grounded=1 omega=25.912 wheelSpeed=8.286 Vx=7.941 Vy=-2.926 slipVel=-0.345 kappa=0.042 alpha=-0.353 Fz=2126.055 Fx=958.186 Fy=1777.998
[DEBUG] [Tire] RL grounded=1 omega=29.096 wheelSpeed=3.959 Vx=8.610 Vy=0.834 slipVel=4.651 kappa=-0.540 alpha=0.097 Fz=3786.916 Fx=-2320.198 Fy=-2749.399
[DEBUG] [Tire] RR grounded=1 omega=28.037 wheelSpeed=4.250 Vx=8.369 Vy=0.834 slipVel=4.118 kappa=-0.492 alpha=0.099 Fz=1624.034 Fx=-990.941 Fy=-1182.526
[DEBUG] [Tire] FL grounded=1 omega=29.358 wheelSpeed=8.802 Vx=8.642 Vy=-2.910 slipVel=-0.160 kappa=0.018 alpha=-0.325 Fz=4312.984 Fx=700.173 Fy=3890.312
[DEBUG] [Tire] FR grounded=1 omega=25.564 wheelSpeed=8.142 Vx=7.846 Vy=-2.475 slipVel=-0.295 kappa=0.036 alpha=-0.306 Fz=1339.303 Fx=536.733 Fy=1153.587
[DEBUG] [Tire] RL grounded=1 omega=30.481 wheelSpeed=3.873 Vx=8.990 Vy=0.028 slipVel=5.118 kappa=-0.569 alpha=0.003 Fz=4515.928 Fx=-4141.106 Fy=-137.949
[DEBUG] [Tire] RR grounded=1 omega=27.119 wheelSpeed=4.120 Vx=8.061 Vy=0.028 slipVel=3.941 kappa=-0.489 alpha=0.004 Fz=1472.690 Fx=-1350.457 Fy=-66.254
[DEBUG] [Suspension] FL=0.128346 FR=0.066537 RL=0.122307 RR=0.064050
[DEBUG] [Wheel] FL=30.009731 FR=25.358065 RL=30.374262 RR=26.705254
[DEBUG] [Powertrain] gear=1 rpm=1776.386597 torque=0.000000 clutch=0.000000 running=1
[DEBUG] [Tire] FL grounded=1 omega=30.320 wheelSpeed=8.853 Vx=8.740 Vy=-2.924 slipVel=-0.113 kappa=0.013 alpha=-0.323 Fz=5094.325 Fx=469.754 Fy=4595.082
[DEBUG] [Tire] FR grounded=1 omega=25.358 wheelSpeed=0.000 Vx=0.000 Vy=0.000 slipVel=0.000 kappa=0.000 alpha=0.000 Fz=0.000 Fx=0.000 Fy=0.000
[DEBUG] [Tire] RL grounded=1 omega=30.557 wheelSpeed=3.641 Vx=9.086 Vy=-0.401 slipVel=5.446 kappa=-0.599 alpha=-0.044 Fz=5234.429 Fx=-4287.278 Fy=2519.338
[DEBUG] [Tire] RR grounded=1 omega=26.441 wheelSpeed=4.009 Vx=7.880 Vy=-0.401 slipVel=3.871 kappa=-0.491 alpha=-0.051 Fz=966.200 Fx=-731.633 Fy=554.288
[DEBUG] [Energy] x=-33.275 y=3.191 z=40.001 vx=7.434 vy=0.074 vz=-4.036 total=82765.891 potential=37247.938 linear=42577.430 angular=761.754 wheels=1524.610 suspension=654.163 suspensionPower=-2666.206 suspensionResidual=450.858
[DEBUG] [Tire] FL grounded=1 omega=30.850 wheelSpeed=8.838 Vx=8.736 Vy=-2.908 slipVel=-0.103 kappa=0.012 alpha=-0.321 Fz=5900.990 Fx=423.098 Fy=5322.693
[DEBUG] [Tire] FR grounded=1 omega=25.358 wheelSpeed=0.000 Vx=0.000 Vy=0.000 slipVel=0.000 kappa=0.000 alpha=0.000 Fz=0.000 Fx=0.000 Fy=0.000
[DEBUG] [Tire] RL grounded=1 omega=31.255 wheelSpeed=3.801 Vx=9.076 Vy=-0.588 slipVel=5.275 kappa=-0.581 alpha=-0.065 Fz=5765.323 Fx=-4111.091 Fy=3618.989
[DEBUG] [Tire] RR grounded=1 omega=24.112 wheelSpeed=3.368 Vx=7.749 Vy=-0.588 slipVel=4.381 kappa=-0.565 alpha=-0.076 Fz=310.471 Fx=-203.177 Fy=213.807
[DEBUG] [Performance] FPS=60 PhysicsHz=120
[DEBUG] [Audio] Submitted bytes=21708800
[DEBUG] [Tire] FL grounded=1 omega=28.779 wheelSpeed=9.132 Vx=8.755 Vy=-2.917 slipVel=-0.376 kappa=0.041 alpha=-0.322 Fz=4032.070 Fx=1691.187 Fy=3436.911
[DEBUG] [Tire] FR grounded=1 omega=25.358 wheelSpeed=0.000 Vx=0.000 Vy=0.000 slipVel=0.000 kappa=0.000 alpha=0.000 Fz=0.000 Fx=0.000 Fy=0.000
[DEBUG] [Tire] RL grounded=1 omega=30.735 wheelSpeed=3.785 Vx=9.103 Vy=-0.744 slipVel=5.318 kappa=-0.584 alpha=-0.082 Fz=6199.002 Fx=-4006.485 Fy=4316.134
[DEBUG] [Tire] RR grounded=1 omega=23.482 wheelSpeed=0.000 Vx=0.000 Vy=0.000 slipVel=0.000 kappa=0.000 alpha=0.000 Fz=0.000 Fx=0.000 Fy=0.000
[DEBUG] [Suspension] FL=0.171565 FR=0.000000 RL=0.179735 RR=0.015503
[DEBUG] [Wheel] FL=29.079567 FR=25.358065 RL=31.072403 RR=23.481770
[DEBUG] [Powertrain] gear=1 rpm=1635.093384 torque=0.000000 clutch=0.000000 running=1
[DEBUG] [Tire] FL grounded=1 omega=29.537 wheelSpeed=8.791 Vx=8.643 Vy=-2.893 slipVel=-0.148 kappa=0.017 alpha=-0.323 Fz=4534.920 Fx=645.215 Fy=4090.498
[DEBUG] [Tire] FR grounded=1 omega=25.358 wheelSpeed=0.000 Vx=0.000 Vy=0.000 slipVel=0.000 kappa=0.000 alpha=0.000 Fz=0.000 Fx=0.000 Fy=0.000
[DEBUG] [Tire] RL grounded=1 omega=30.612 wheelSpeed=3.566 Vx=8.991 Vy=-0.777 slipVel=5.425 kappa=-0.603 alpha=-0.086 Fz=6686.853 Fx=-4236.743 Fy=4733.328
[DEBUG] [Tire] RR grounded=1 omega=23.247 wheelSpeed=0.000 Vx=0.000 Vy=0.000 slipVel=0.000 kappa=0.000 alpha=0.000 Fz=0.000 Fx=0.000 Fy=0.000
[DEBUG] [Tire] FL grounded=1 omega=29.768 wheelSpeed=8.677 Vx=8.566 Vy=-2.803 slipVel=-0.111 kappa=0.013 alpha=-0.316 Fz=5097.512 Fx=470.370 Fy=4597.956
[DEBUG] [Tire] FR grounded=1 omega=25.358 wheelSpeed=0.000 Vx=0.000 Vy=0.000 slipVel=0.000 kappa=0.000 alpha=0.000 Fz=0.000 Fx=0.000 Fy=0.000
[DEBUG] [Tire] RL grounded=1 omega=30.128 wheelSpeed=3.368 Vx=8.888 Vy=-0.740 slipVel=5.520 kappa=-0.621 alpha=-0.083 Fz=6847.697 Fx=-4400.025 Fy=4791.542
[DEBUG] [Tire] RR grounded=1 omega=22.722 wheelSpeed=0.000 Vx=0.000 Vy=0.000 slipVel=0.000 kappa=0.000 alpha=0.000 Fz=0.000 Fx=0.000 Fy=0.000
[DEBUG] [Suspension] FL=0.170262 FR=0.000000 RL=0.209337 RR=0.000000
[DEBUG] [Wheel] FL=30.191397 FR=25.358065 RL=23.619438 RR=16.002636
[DEBUG] [Powertrain] gear=1 rpm=1513.607422 torque=0.000000 clutch=0.000000 running=1
[DEBUG] [Tire] FL grounded=1 omega=30.832 wheelSpeed=8.545 Vx=8.572 Vy=-2.610 slipVel=0.028 kappa=-0.003 alpha=-0.296 Fz=6011.981 Fx=-214.561 Fy=5422.807
[DEBUG] [Tire] FR grounded=0 omega=25.358 wheelSpeed=0.000 Vx=0.000 Vy=0.000 slipVel=0.000 kappa=0.000 alpha=0.000 Fz=0.000 Fx=0.000 Fy=0.000
[DEBUG] [Tire] RL grounded=1 omega=33.385 wheelSpeed=4.903 Vx=8.799 Vy=-0.682 slipVel=3.896 kappa=-0.443 alpha=-0.077 Fz=4905.471 Fx=-3224.601 Fy=3364.430
[DEBUG] [Tire] RR grounded=1 omega=16.003 wheelSpeed=0.000 Vx=0.000 Vy=0.000 slipVel=0.000 kappa=0.000 alpha=0.000 Fz=0.000 Fx=0.000 Fy=0.000
[DEBUG] [Energy] x=-30.039 y=3.245 z=37.213 vx=5.097 vy=0.103 vz=-6.770 total=85670.109 potential=37884.980 linear=42736.215 angular=1287.976 wheels=2706.050 suspension=1054.888 suspensionPower=-120.695 suspensionResidual=-0.002
[DEBUG] [Tire] FL grounded=1 omega=31.788 wheelSpeed=8.798 Vx=8.854 Vy=-2.375 slipVel=0.056 kappa=-0.006 alpha=-0.262 Fz=5999.808 Fx=-346.783 Fy=5411.827
[DEBUG] [Tire] FR grounded=0 omega=25.358 wheelSpeed=0.000 Vx=0.000 Vy=0.000 slipVel=0.000 kappa=0.000 alpha=0.000 Fz=0.000 Fx=0.000 Fy=0.000
[DEBUG] [Tire] RL grounded=1 omega=33.557 wheelSpeed=4.640 Vx=8.927 Vy=-0.617 slipVel=4.287 kappa=-0.480 alpha=-0.069 Fz=5622.625 Fx=-3894.492 Fy=3655.747
[DEBUG] [Tire] RR grounded=0 omega=16.003 wheelSpeed=0.000 Vx=0.000 Vy=0.000 slipVel=0.000 kappa=0.000 alpha=0.000 Fz=0.000 Fx=0.000 Fy=0.000
[DEBUG] [Tire] FL grounded=1 omega=31.194 wheelSpeed=9.082 Vx=9.000 Vy=-2.148 slipVel=-0.082 kappa=0.009 alpha=-0.234 Fz=4977.580 Fx=289.221 Fy=4489.777
[DEBUG] [Tire] FR grounded=0 omega=25.358 wheelSpeed=0.000 Vx=0.000 Vy=0.000 slipVel=0.000 kappa=0.000 alpha=0.000 Fz=0.000 Fx=0.000 Fy=0.000
[DEBUG] [Tire] RL grounded=1 omega=33.630 wheelSpeed=4.393 Vx=8.950 Vy=-0.544 slipVel=4.556 kappa=-0.509 alpha=-0.061 Fz=6081.124 Fx=-4464.697 Fy=3666.196
[DEBUG] [Tire] RR grounded=0 omega=16.003 wheelSpeed=0.000 Vx=0.000 Vy=0.000 slipVel=0.000 kappa=0.000 alpha=0.000 Fz=0.000 Fx=0.000 Fy=0.000
[DEBUG] [Suspension] FL=0.186484 FR=0.000000 RL=0.191931 RR=0.000000
[DEBUG] [Wheel] FL=30.656551 FR=25.358065 RL=33.630550 RR=16.002636
[DEBUG] [Powertrain] gear=1 rpm=1324.162231 torque=0.000000 clutch=0.000000 running=1
[DEBUG] [Tire] FL grounded=1 omega=27.072 wheelSpeed=8.869 Vx=8.723 Vy=1.275 slipVel=-0.146 kappa=0.016 alpha=0.145 Fz=2731.087 Fx=434.748 Fy=-2557.849
[DEBUG] [Tire] FR grounded=0 omega=25.358 wheelSpeed=0.000 Vx=0.000 Vy=0.000 slipVel=0.000 kappa=0.000 alpha=0.000 Fz=0.000 Fx=0.000 Fy=0.000
[DEBUG] [Tire] RL grounded=1 omega=31.534 wheelSpeed=4.239 Vx=8.756 Vy=-1.261 slipVel=4.518 kappa=-0.516 alpha=-0.143 Fz=5375.953 Fx=-3375.921 Fy=3832.257
[DEBUG] [Tire] RR grounded=0 omega=15.150 wheelSpeed=0.000 Vx=0.000 Vy=0.000 slipVel=0.000 kappa=0.000 alpha=0.000 Fz=0.000 Fx=0.000 Fy=0.000
[DEBUG] [Tire] FL grounded=1 omega=26.938 wheelSpeed=8.299 Vx=8.459 Vy=-0.170 slipVel=0.160 kappa=-0.019 alpha=-0.020 Fz=2872.586 Fx=-678.418 Fy=778.336
[DEBUG] [Tire] FR grounded=0 omega=25.358 wheelSpeed=0.000 Vx=0.000 Vy=0.000 slipVel=0.000 kappa=0.000 alpha=0.000 Fz=0.000 Fx=0.000 Fy=0.000
[DEBUG] [Tire] RL grounded=1 omega=29.847 wheelSpeed=3.773 Vx=8.492 Vy=-2.066 slipVel=4.720 kappa=-0.556 alpha=-0.239 Fz=4754.978 Fx=-3220.394 Fy=3167.716
[DEBUG] [Tire] RR grounded=0 omega=15.150 wheelSpeed=0.000 Vx=0.000 Vy=0.000 slipVel=0.000 kappa=0.000 alpha=0.000 Fz=0.000 Fx=0.000 Fy=0.000
[DEBUG] [Suspension] FL=0.121360 FR=0.000000 RL=0.169789 RR=0.000000
[DEBUG] [Wheel] FL=25.392509 FR=25.358065 RL=29.154829 RR=15.150463
[DEBUG] [Powertrain] gear=1 rpm=1148.291260 torque=0.000000 clutch=0.000000 running=1
[DEBUG] [Tire] FL grounded=1 omega=26.629 wheelSpeed=7.863 Vx=7.800 Vy=3.017 slipVel=-0.063 kappa=0.008 alpha=0.369 Fz=3715.672 Fx=249.854 Fy=-3351.536
[DEBUG] [Tire] FR grounded=0 omega=25.358 wheelSpeed=0.000 Vx=0.000 Vy=0.000 slipVel=0.000 kappa=0.000 alpha=0.000 Fz=0.000 Fx=0.000 Fy=0.000
[DEBUG] [Tire] RL grounded=1 omega=28.723 wheelSpeed=3.463 Vx=8.315 Vy=-2.530 slipVel=4.853 kappa=-0.584 alpha=-0.295 Fz=4599.721 Fx=-3115.243 Fy=3064.285
[DEBUG] [Tire] RR grounded=0 omega=15.150 wheelSpeed=0.000 Vx=0.000 Vy=0.000 slipVel=0.000 kappa=0.000 alpha=0.000 Fz=0.000 Fx=0.000 Fy=0.000
[DEBUG] [Energy] x=-28.038 y=3.261 z=33.402 vx=3.408 vy=-0.256 vz=-7.778 total=83176.781 potential=38065.500 linear=42944.746 angular=239.390 wheels=1303.630 suspension=623.509 suspensionPower=253.238 suspensionResidual=-0.002
[DEBUG] [Tire] FL grounded=1 omega=29.648 wheelSpeed=9.147 Vx=8.847 Vy=0.914 slipVel=-0.299 kappa=0.033 alpha=0.103 Fz=3896.440 Fx=1109.984 Fy=-3531.276
[DEBUG] [Tire] FR grounded=0 omega=25.358 wheelSpeed=0.000 Vx=0.000 Vy=0.000 slipVel=0.000 kappa=0.000 alpha=0.000 Fz=0.000 Fx=0.000 Fy=0.000
[DEBUG] [Tire] RL grounded=1 omega=27.962 wheelSpeed=3.511 Vx=8.208 Vy=-3.941 slipVel=4.697 kappa=-0.572 alpha=-0.448 Fz=3690.139 Fx=-2499.212 Fy=2458.331
[DEBUG] [Tire] RR grounded=0 omega=15.150 wheelSpeed=0.000 Vx=0.000 Vy=0.000 slipVel=0.000 kappa=0.000 alpha=0.000 Fz=0.000 Fx=0.000 Fy=0.000
[DEBUG] [Performance] FPS=60 PhysicsHz=120
[DEBUG] [Audio] Callback count=2700 additionalBytes=8192 totalBytes=8192
[DEBUG] [Audio] Submitted bytes=22118400
[DEBUG] [Tire] FL grounded=1 omega=24.130 wheelSpeed=8.785 Vx=8.240 Vy=-3.555 slipVel=-0.545 kappa=0.062 alpha=-0.407 Fz=3858.089 Fx=2243.248 Fy=2898.520
[DEBUG] [Tire] FR grounded=0 omega=25.358 wheelSpeed=0.000 Vx=0.000 Vy=0.000 slipVel=0.000 kappa=0.000 alpha=0.000 Fz=0.000 Fx=0.000 Fy=0.000
[DEBUG] [Tire] RL grounded=1 omega=28.125 wheelSpeed=3.644 Vx=8.242 Vy=-3.847 slipVel=4.598 kappa=-0.558 alpha=-0.437 Fz=3439.802 Fx=-2329.667 Fy=2291.559
[DEBUG] [Tire] RR grounded=0 omega=15.150 wheelSpeed=0.000 Vx=0.000 Vy=0.000 slipVel=0.000 kappa=0.000 alpha=0.000 Fz=0.000 Fx=0.000 Fy=0.000
[DEBUG] [Suspension] FL=0.126807 FR=0.000000 RL=0.131425 RR=0.000000
[DEBUG] [Wheel] FL=24.026917 FR=25.358065 RL=28.165874 RR=15.150463
[DEBUG] [Powertrain] gear=1 rpm=2108.210693 torque=0.000000 clutch=0.000000 running=1
[DEBUG] [Tire] FL grounded=1 omega=23.653 wheelSpeed=9.082 Vx=8.287 Vy=-2.890 slipVel=-0.795 kappa=0.088 alpha=-0.336 Fz=4664.220 Fx=3191.260 Fy=3074.036
[DEBUG] [Tire] FR grounded=0 omega=25.358 wheelSpeed=0.000 Vx=0.000 Vy=0.000 slipVel=0.000 kappa=0.000 alpha=0.000 Fz=0.000 Fx=0.000 Fy=0.000
[DEBUG] [Tire] RL grounded=1 omega=28.340 wheelSpeed=3.493 Vx=8.289 Vy=-3.241 slipVel=4.796 kappa=-0.579 alpha=-0.373 Fz=4122.115 Fx=-2791.776 Fy=2746.109
[DEBUG] [Tire] RR grounded=0 omega=15.150 wheelSpeed=0.000 Vx=0.000 Vy=0.000 slipVel=0.000 kappa=0.000 alpha=0.000 Fz=0.000 Fx=0.000 Fy=0.000
[DEBUG] [Tire] FL grounded=1 omega=23.608 wheelSpeed=9.229 Vx=8.336 Vy=-2.412 slipVel=-0.893 kappa=0.097 alpha=-0.282 Fz=5000.651 Fx=3532.879 Fy=3176.025
[DEBUG] [Tire] FR grounded=1 omega=25.358 wheelSpeed=0.000 Vx=0.000 Vy=0.000 slipVel=0.000 kappa=0.000 alpha=0.000 Fz=0.000 Fx=0.000 Fy=0.000
[DEBUG] [Tire] RL grounded=1 omega=28.463 wheelSpeed=3.426 Vx=8.339 Vy=-2.787 slipVel=4.912 kappa=-0.589 alpha=-0.323 Fz=4453.574 Fx=-3016.263 Fy=2966.924
[DEBUG] [Tire] RR grounded=1 omega=15.150 wheelSpeed=0.000 Vx=0.000 Vy=0.000 slipVel=0.000 kappa=0.000 alpha=0.000 Fz=0.000 Fx=0.000 Fy=0.000
[DEBUG] [Suspension] FL=0.143739 FR=0.028883 RL=0.136516 RR=0.023199
[DEBUG] [Wheel] FL=26.934692 FR=34.075279 RL=27.942581 RR=35.649353
[DEBUG] [Powertrain] gear=1 rpm=1901.183594 torque=0.000000 clutch=0.000000 running=1
[DEBUG] [Tire] FL grounded=1 omega=26.781 wheelSpeed=8.544 Vx=8.192 Vy=1.573 slipVel=-0.352 kappa=0.041 alpha=0.190 Fz=2993.613 Fx=1315.379 Fy=-2521.454
[DEBUG] [Tire] FR grounded=1 omega=29.656 wheelSpeed=10.557 Vx=8.633 Vy=1.814 slipVel=-1.925 kappa=0.182 alpha=0.207 Fz=7384.109 Fx=5160.958 Fy=-4751.145
[DEBUG] [Tire] RL grounded=1 omega=26.339 wheelSpeed=3.729 Vx=7.941 Vy=-1.728 slipVel=4.212 kappa=-0.530 alpha=-0.214 Fz=2805.394 Fx=-1900.003 Fy=1868.924
[DEBUG] [Tire] RR grounded=1 omega=33.901 wheelSpeed=4.588 Vx=8.420 Vy=-1.728 slipVel=3.832 kappa=-0.455 alpha=-0.202 Fz=7681.114 Fx=-5193.720 Fy=5125.654
[DEBUG] [Energy] x=-26.624 y=2.876 z=29.374 vx=2.265 vy=-0.482 vz=-8.029 total=79606.484 potential=33572.809 linear=41549.137 angular=666.548 wheels=3003.154 suspension=814.838 suspensionPower=-4066.289 suspensionResidual=-0.001
[DEBUG] [Tire] FL grounded=1 omega=25.709 wheelSpeed=8.165 Vx=7.866 Vy=1.410 slipVel=-0.299 kappa=0.037 alpha=0.177 Fz=1746.823 Fx=677.761 Fy=-1514.768
[DEBUG] [Tire] FR grounded=1 omega=29.704 wheelSpeed=9.718 Vx=9.161 Vy=2.117 slipVel=-0.557 kappa=0.057 alpha=0.227 Fz=4749.663 Fx=2545.624 Fy=-3725.529
[DEBUG] [Tire] RL grounded=1 omega=26.652 wheelSpeed=3.481 Vx=7.567 Vy=0.001 slipVel=4.086 kappa=-0.540 alpha=0.000 Fz=1831.840 Fx=-1679.797 Fy=-2.326
[DEBUG] [Tire] RR grounded=1 omega=34.481 wheelSpeed=4.372 Vx=9.066 Vy=0.001 slipVel=4.694 kappa=-0.518 alpha=0.000 Fz=5544.468 Fx=-5084.277 Fy=-3.626
[DEBUG] [Tire] FL grounded=1 omega=25.425 wheelSpeed=8.137 Vx=7.759 Vy=1.444 slipVel=-0.378 kappa=0.046 alpha=0.184 Fz=82.635 Fx=39.550 Fy=-67.813
[DEBUG] [Tire] FR grounded=1 omega=32.038 wheelSpeed=9.451 Vx=9.305 Vy=2.288 slipVel=-0.146 kappa=0.015 alpha=0.241 Fz=5130.774 Fx=602.463 Fy=-4627.958
[DEBUG] [Tire] RL grounded=1 omega=19.505 wheelSpeed=3.806 Vx=7.487 Vy=0.581 slipVel=3.681 kappa=-0.492 alpha=0.077 Fz=198.180 Fx=-128.669 Fy=-137.443
[DEBUG] [Tire] RR grounded=1 omega=26.215 wheelSpeed=4.287 Vx=9.286 Vy=0.581 slipVel=5.000 kappa=-0.538 alpha=0.063 Fz=5063.461 Fx=-3643.954 Fy=-3140.137
[DEBUG] [Suspension] FL=0.062985 FR=0.149067 RL=0.058604 RR=0.159724
[DEBUG] [Wheel] FL=25.395470 FR=31.546249 RL=18.387569 RR=35.586906
[DEBUG] [Powertrain] gear=1 rpm=1794.838745 torque=0.000000 clutch=0.000000 running=1
[DEBUG] [Tire] FL grounded=1 omega=25.375 wheelSpeed=0.000 Vx=0.000 Vy=0.000 slipVel=0.000 kappa=0.000 alpha=0.000 Fz=0.000 Fx=0.000 Fy=0.000
[DEBUG] [Tire] FR grounded=1 omega=32.428 wheelSpeed=9.328 Vx=9.239 Vy=2.573 slipVel=-0.089 kappa=0.010 alpha=0.272 Fz=5763.690 Fx=317.688 Fy=-5198.849
[DEBUG] [Tire] RL grounded=1 omega=18.388 wheelSpeed=0.000 Vx=0.000 Vy=0.000 slipVel=0.000 kappa=0.000 alpha=0.000 Fz=0.000 Fx=0.000 Fy=0.000
[DEBUG] [Tire] RR grounded=1 omega=35.449 wheelSpeed=5.416 Vx=9.366 Vy=0.990 slipVel=3.949 kappa=-0.422 alpha=0.105 Fz=5809.577 Fx=-3534.006 Fy=-4239.251
[DEBUG] [Tire] FL grounded=1 omega=25.375 wheelSpeed=0.000 Vx=0.000 Vy=0.000 slipVel=0.000 kappa=0.000 alpha=0.000 Fz=0.000 Fx=0.000 Fy=0.000
[DEBUG] [Tire] FR grounded=1 omega=32.553 wheelSpeed=9.257 Vx=9.209 Vy=2.813 slipVel=-0.049 kappa=0.005 alpha=0.297 Fz=5902.294 Fx=120.723 Fy=-5323.869
[DEBUG] [Tire] RL grounded=1 omega=18.388 wheelSpeed=0.000 Vx=0.000 Vy=0.000 slipVel=0.000 kappa=0.000 alpha=0.000 Fz=0.000 Fx=0.000 Fy=0.000
[DEBUG] [Tire] RR grounded=1 omega=34.937 wheelSpeed=4.996 Vx=9.456 Vy=1.324 slipVel=4.460 kappa=-0.472 alpha=0.139 Fz=6525.063 Fx=-4075.384 Fy=-4670.812
[DEBUG] [Suspension] FL=0.000000 FR=0.187313 RL=0.000000 RR=0.198207
[DEBUG] [Wheel] FL=25.375051 FR=32.381069 RL=18.387569 RR=33.987854
[DEBUG] [Powertrain] gear=1 rpm=1597.077881 torque=0.000000 clutch=0.000000 running=1
[DEBUG] [Tire] FL grounded=1 omega=25.375 wheelSpeed=0.000 Vx=0.000 Vy=0.000 slipVel=0.000 kappa=0.000 alpha=0.000 Fz=0.000 Fx=0.000 Fy=0.000
[DEBUG] [Tire] FR grounded=1 omega=32.167 wheelSpeed=9.126 Vx=9.103 Vy=3.031 slipVel=-0.023 kappa=0.002 alpha=0.321 Fz=5711.392 Fx=8.287 Fy=-5151.675
[DEBUG] [Tire] RL grounded=1 omega=18.388 wheelSpeed=0.000 Vx=0.000 Vy=0.000 slipVel=0.000 kappa=0.000 alpha=0.000 Fz=0.000 Fx=0.000 Fy=0.000
[DEBUG] [Tire] RR grounded=1 omega=33.327 wheelSpeed=4.272 Vx=9.471 Vy=1.663 slipVel=5.198 kappa=-0.549 alpha=0.174 Fz=6867.641 Fx=-4515.576 Fy=-4709.090
[DEBUG] [Energy] x=-24.705 y=2.744 z=25.543 vx=5.397 vy=-0.082 vz=-6.665 total=80539.242 potential=32036.330 linear=43761.312 angular=2089.527 wheels=1449.545 suspension=1202.529 suspensionPower=-705.215 suspensionResidual=-0.003
[DEBUG] [Tire] FL grounded=1 omega=25.375 wheelSpeed=0.000 Vx=0.000 Vy=0.000 slipVel=0.000 kappa=0.000 alpha=0.000 Fz=0.000 Fx=0.000 Fy=0.000
[DEBUG] [Tire] FR grounded=1 omega=31.257 wheelSpeed=8.953 Vx=8.900 Vy=3.225 slipVel=-0.053 kappa=0.006 alpha=0.348 Fz=5426.343 Fx=152.263 Fy=-4894.562
[DEBUG] [Tire] RL grounded=1 omega=18.388 wheelSpeed=0.000 Vx=0.000 Vy=0.000 slipVel=0.000 kappa=0.000 alpha=0.000 Fz=0.000 Fx=0.000 Fy=0.000
[DEBUG] [Tire] RR grounded=1 omega=32.136 wheelSpeed=3.796 Vx=9.390 Vy=2.010 slipVel=5.594 kappa=-0.596 alpha=0.211 Fz=6964.248 Fx=-4716.662 Fy=-4639.508
[DEBUG] [Performance] FPS=60 PhysicsHz=120
[DEBUG] [Tire] FL grounded=0 omega=25.375 wheelSpeed=0.000 Vx=0.000 Vy=0.000 slipVel=0.000 kappa=0.000 alpha=0.000 Fz=0.000 Fx=0.000 Fy=0.000
[DEBUG] [Tire] FR grounded=1 omega=30.434 wheelSpeed=8.243 Vx=9.066 Vy=0.294 slipVel=0.823 kappa=-0.091 alpha=0.032 Fz=3613.313 Fx=-3156.480 Fy=-1348.965
[DEBUG] [Tire] RL grounded=1 omega=18.388 wheelSpeed=0.000 Vx=0.000 Vy=0.000 slipVel=0.000 kappa=0.000 alpha=0.000 Fz=0.000 Fx=0.000 Fy=0.000
[DEBUG] [Tire] RR grounded=1 omega=31.042 wheelSpeed=4.140 Vx=9.095 Vy=3.227 slipVel=4.955 kappa=-0.545 alpha=0.341 Fz=4802.916 Fx=-3252.860 Fy=-3199.651
[DEBUG] [Suspension] FL=0.000000 FR=0.164342 RL=0.000000 RR=0.198444
[DEBUG] [Wheel] FL=25.375051 FR=30.144121 RL=18.387569 RR=30.980110
[DEBUG] [Powertrain] gear=1 rpm=1405.164551 torque=0.000000 clutch=0.000000 running=1
[DEBUG] [Audio] Submitted bytes=22528000
[DEBUG] [Tire] FL grounded=1 omega=25.375 wheelSpeed=0.000 Vx=0.000 Vy=0.000 slipVel=0.000 kappa=0.000 alpha=0.000 Fz=0.000 Fx=0.000 Fy=0.000
[DEBUG] [Tire] FR grounded=1 omega=29.504 wheelSpeed=8.233 Vx=8.837 Vy=0.848 slipVel=0.604 kappa=-0.068 alpha=0.096 Fz=4597.137 Fx=-2549.323 Fy=-3545.996
[DEBUG] [Tire] RL grounded=1 omega=18.388 wheelSpeed=0.000 Vx=0.000 Vy=0.000 slipVel=0.000 kappa=0.000 alpha=0.000 Fz=0.000 Fx=0.000 Fy=0.000
[DEBUG] [Tire] RR grounded=1 omega=30.579 wheelSpeed=3.982 Vx=8.864 Vy=3.763 slipVel=4.881 kappa=-0.551 alpha=0.402 Fz=4830.370 Fx=-3271.455 Fy=-3217.941
[DEBUG] [Tire] FL grounded=1 omega=25.375 wheelSpeed=0.000 Vx=0.000 Vy=0.000 slipVel=0.000 kappa=0.000 alpha=0.000 Fz=0.000 Fx=0.000 Fy=0.000
[DEBUG] [Tire] FR grounded=1 omega=21.650 wheelSpeed=7.753 Vx=6.992 Vy=5.208 slipVel=-0.761 kappa=0.098 alpha=0.640 Fz=5464.618 Fx=3872.033 Fy=-3458.015
[DEBUG] [Tire] RL grounded=1 omega=18.388 wheelSpeed=0.000 Vx=0.000 Vy=0.000 slipVel=0.000 kappa=0.000 alpha=0.000 Fz=0.000 Fx=0.000 Fy=0.000
[DEBUG] [Tire] RR grounded=1 omega=29.869 wheelSpeed=3.633 Vx=8.658 Vy=4.225 slipVel=5.025 kappa=-0.580 alpha=0.454 Fz=5212.077 Fx=-3529.972 Fy=-3472.230
[DEBUG] [Suspension] FL=0.000000 FR=0.175946 RL=0.000000 RR=0.177367
[DEBUG] [Wheel] FL=25.375051 FR=21.096014 RL=18.387569 RR=29.394556
[DEBUG] [Powertrain] gear=1 rpm=1218.925659 torque=0.000000 clutch=0.000000 running=1
[DEBUG] [Tire] FL grounded=1 omega=25.375 wheelSpeed=0.000 Vx=0.000 Vy=0.000 slipVel=0.000 kappa=0.000 alpha=0.000 Fz=0.000 Fx=0.000 Fy=0.000
[DEBUG] [Tire] FR grounded=1 omega=26.642 wheelSpeed=6.644 Vx=6.813 Vy=5.111 slipVel=0.170 kappa=-0.025 alpha=0.644 Fz=6283.913 Fx=-1426.634 Fy=-5668.089
[DEBUG] [Tire] RL grounded=1 omega=18.388 wheelSpeed=0.000 Vx=0.000 Vy=0.000 slipVel=0.000 kappa=0.000 alpha=0.000 Fz=0.000 Fx=0.000 Fy=0.000
[DEBUG] [Tire] RR grounded=1 omega=29.070 wheelSpeed=3.113 Vx=8.453 Vy=4.467 slipVel=5.340 kappa=-0.632 alpha=0.486 Fz=6035.187 Fx=-4087.438 Fy=-4020.577
[DEBUG] [Energy] x=-21.557 y=2.635 z=22.661 vx=6.786 vy=-0.239 vz=-4.294 total=74309.102 potential=30763.967 linear=38410.555 angular=2021.482 wheels=2014.530 suspension=1098.562 suspensionPower=-1704.293 suspensionResidual=0.000
[DEBUG] [Tire] FL grounded=1 omega=25.375 wheelSpeed=0.000 Vx=0.000 Vy=0.000 slipVel=0.000 kappa=0.000 alpha=0.000 Fz=0.000 Fx=0.000 Fy=0.000
[DEBUG] [Tire] FR grounded=1 omega=23.669 wheelSpeed=8.384 Vx=6.469 Vy=5.009 slipVel=-1.915 kappa=0.228 alpha=0.659 Fz=6509.748 Fx=4349.035 Fy=-4396.699
[DEBUG] [Tire] RL grounded=1 omega=18.388 wheelSpeed=0.000 Vx=0.000 Vy=0.000 slipVel=0.000 kappa=0.000 alpha=0.000 Fz=0.000 Fx=0.000 Fy=0.000
[DEBUG] [Tire] RR grounded=1 omega=27.860 wheelSpeed=2.643 Vx=8.102 Vy=4.732 slipVel=5.460 kappa=-0.674 alpha=0.529 Fz=6293.494 Fx=-4262.381 Fy=-4192.659
[DEBUG] [Tire] FL grounded=1 omega=25.375 wheelSpeed=0.000 Vx=0.000 Vy=0.000 slipVel=0.000 kappa=0.000 alpha=0.000 Fz=0.000 Fx=0.000 Fy=0.000
[DEBUG] [Tire] FR grounded=1 omega=21.206 wheelSpeed=7.604 Vx=6.168 Vy=4.776 slipVel=-1.436 kappa=0.189 alpha=0.659 Fz=5799.124 Fx=4023.187 Fy=-3763.628
[DEBUG] [Tire] RL grounded=1 omega=18.388 wheelSpeed=0.000 Vx=0.000 Vy=0.000 slipVel=0.000 kappa=0.000 alpha=0.000 Fz=0.000 Fx=0.000 Fy=0.000
[DEBUG] [Tire] RR grounded=1 omega=26.584 wheelSpeed=2.111 Vx=7.729 Vy=4.907 slipVel=5.618 kappa=-0.727 alpha=0.566 Fz=6678.083 Fx=-4522.851 Fy=-4448.868
[DEBUG] [Suspension] FL=0.000000 FR=0.203535 RL=0.000000 RR=0.206851
[DEBUG] [Wheel] FL=25.375051 FR=24.881996 RL=18.387569 RR=26.413162
[DEBUG] [Powertrain] gear=1 rpm=1038.193970 torque=0.000000 clutch=0.000000 running=1
[DEBUG] [Tire] FL grounded=1 omega=25.375 wheelSpeed=0.000 Vx=0.000 Vy=0.000 slipVel=0.000 kappa=0.000 alpha=0.000 Fz=0.000 Fx=0.000 Fy=0.000
[DEBUG] [Tire] FR grounded=1 omega=24.882 wheelSpeed=6.189 Vx=7.185 Vy=1.645 slipVel=0.996 kappa=-0.139 alpha=0.225 Fz=5088.150 Fx=-3740.835 Fy=-3061.245
[DEBUG] [Tire] RL grounded=1 omega=18.388 wheelSpeed=0.000 Vx=0.000 Vy=0.000 slipVel=0.000 kappa=0.000 alpha=0.000 Fz=0.000 Fx=0.000 Fy=0.000
[DEBUG] [Tire] RR grounded=1 omega=24.870 wheelSpeed=1.702 Vx=7.218 Vy=5.323 slipVel=5.516 kappa=-0.764 alpha=0.635 Fz=6244.474 Fx=-4229.182 Fy=-4160.002
[DEBUG] [Tire] FL grounded=1 omega=25.375 wheelSpeed=0.000 Vx=0.000 Vy=0.000 slipVel=0.000 kappa=0.000 alpha=0.000 Fz=0.000 Fx=0.000 Fy=0.000
[DEBUG] [Tire] FR grounded=1 omega=23.595 wheelSpeed=5.925 Vx=6.581 Vy=2.208 slipVel=0.656 kappa=-0.100 alpha=0.324 Fz=4754.139 Fx=-3429.329 Fy=-2939.024
[DEBUG] [Tire] RL grounded=1 omega=18.388 wheelSpeed=0.000 Vx=0.000 Vy=0.000 slipVel=0.000 kappa=0.000 alpha=0.000 Fz=0.000 Fx=0.000 Fy=0.000
[DEBUG] [Tire] RR grounded=1 omega=23.037 wheelSpeed=1.339 Vx=6.616 Vy=5.805 slipVel=5.276 kappa=-0.798 alpha=0.720 Fz=5545.442 Fx=-3755.750 Fy=-3694.314
[DEBUG] [Suspension] FL=0.000000 FR=0.173933 RL=0.000000 RR=0.191813
[DEBUG] [Wheel] FL=25.375051 FR=22.578465 RL=18.387569 RR=21.957487
[DEBUG] [Powertrain] gear=1 rpm=872.722717 torque=0.000000 clutch=0.000000 running=1
[DEBUG] [Tire] FL grounded=1 omega=25.375 wheelSpeed=0.000 Vx=0.000 Vy=0.000 slipVel=0.000 kappa=0.000 alpha=0.000 Fz=0.000 Fx=0.000 Fy=0.000
[DEBUG] [Tire] FR grounded=1 omega=23.660 wheelSpeed=5.441 Vx=6.514 Vy=-0.557 slipVel=1.072 kappa=-0.165 alpha=-0.085 Fz=4909.461 Fx=-3344.594 Fy=3250.612
[DEBUG] [Tire] RL grounded=1 omega=18.388 wheelSpeed=0.000 Vx=0.000 Vy=0.000 slipVel=0.000 kappa=0.000 alpha=0.000 Fz=0.000 Fx=0.000 Fy=0.000
[DEBUG] [Tire] RR grounded=1 omega=21.060 wheelSpeed=0.974 Vx=6.015 Vy=6.202 slipVel=5.041 kappa=-0.838 alpha=0.801 Fz=4713.409 Fx=-3192.240 Fy=-3140.023
[DEBUG] [Energy] x=-18.124 y=2.614 z=21.343 vx=6.460 vy=-0.247 vz=-1.443 total=60532.199 potential=30519.707 linear=26109.094 angular=2119.710 wheels=989.124 suspension=794.564 suspensionPower=1373.307 suspensionResidual=0.002
[DEBUG] [Tire] FL grounded=1 omega=25.375 wheelSpeed=0.000 Vx=0.000 Vy=0.000 slipVel=0.000 kappa=0.000 alpha=0.000 Fz=0.000 Fx=0.000 Fy=0.000
[DEBUG] [Tire] FR grounded=1 omega=19.083 wheelSpeed=6.107 Vx=6.402 Vy=0.478 slipVel=0.295 kappa=-0.046 alpha=0.074 Fz=4844.112 Fx=-2205.521 Fy=-4038.963
[DEBUG] [Tire] RL grounded=1 omega=18.388 wheelSpeed=0.000 Vx=0.000 Vy=0.000 slipVel=0.000 kappa=0.000 alpha=0.000 Fz=0.000 Fx=0.000 Fy=0.000
[DEBUG] [Tire] RR grounded=1 omega=19.249 wheelSpeed=0.709 Vx=5.415 Vy=6.928 slipVel=4.706 kappa=-0.869 alpha=0.907 Fz=3735.184 Fx=-2529.720 Fy=-2488.340
[DEBUG] [Performance] FPS=60 PhysicsHz=121
[DEBUG] [Tire] FL grounded=1 omega=18.958 wheelSpeed=8.120 Vx=3.950 Vy=1.546 slipVel=-4.170 kappa=0.513 alpha=0.373 Fz=4763.736 Fx=3173.104 Fy=-3226.764
[DEBUG] [Tire] FR grounded=1 omega=13.574 wheelSpeed=5.975 Vx=5.857 Vy=0.499 slipVel=-0.118 kappa=0.020 alpha=0.085 Fz=6033.075 Fx=822.807 Fy=-5672.053
[DEBUG] [Tire] RL grounded=1 omega=18.388 wheelSpeed=0.000 Vx=0.000 Vy=0.000 slipVel=0.000 kappa=0.000 alpha=0.000 Fz=0.000 Fx=0.000 Fy=0.000
[DEBUG] [Tire] RR grounded=1 omega=18.447 wheelSpeed=0.189 Vx=4.922 Vy=6.984 slipVel=4.733 kappa=-0.962 alpha=0.957 Fz=4554.536 Fx=-3084.641 Fy=-3034.183
[DEBUG] [Suspension] FL=0.021068 FR=0.175946 RL=0.000000 RR=0.152264
[DEBUG] [Wheel] FL=8.214378 FR=20.494789 RL=18.387569 RR=18.746992
[DEBUG] [Powertrain] gear=1 rpm=856.841919 torque=0.000000 clutch=0.000000 running=1
[DEBUG] [Tire] FL grounded=1 omega=10.001 wheelSpeed=3.042 Vx=3.343 Vy=1.153 slipVel=0.301 kappa=-0.090 alpha=0.332 Fz=1053.886 Fx=-744.988 Fy=-668.863
[DEBUG] [Tire] FR grounded=1 omega=17.541 wheelSpeed=3.951 Vx=5.154 Vy=0.164 slipVel=1.203 kappa=-0.233 alpha=0.032 Fz=5718.257 Fx=-5066.235 Fy=-1960.517
[DEBUG] [Tire] RL grounded=1 omega=19.383 wheelSpeed=1.587 Vx=2.352 Vy=6.151 slipVel=0.765 kappa=-0.325 alpha=1.206 Fz=1132.808 Fx=-767.215 Fy=-754.665
[DEBUG] [Tire] RR grounded=1 omega=20.153 wheelSpeed=0.174 Vx=4.466 Vy=6.150 slipVel=4.292 kappa=-0.961 alpha=0.943 Fz=6302.500 Fx=-4268.481 Fy=-4198.659
[DEBUG] [Audio] Callback count=2800 additionalBytes=8192 totalBytes=8192
[DEBUG] [Audio] GenerateAudio rpm=989.857910 torque=0.000000 speed=19.986761 slip=0.642449 running=1
[DEBUG] [Audio] Submitted bytes=22937600
[DEBUG] [Tire] FL grounded=1 omega=8.223 wheelSpeed=2.663 Vx=2.681 Vy=1.211 slipVel=0.018 kappa=-0.007 alpha=0.424 Fz=191.893 Fx=-17.421 Fy=-173.087
[DEBUG] [Tire] FR grounded=1 omega=7.463 wheelSpeed=4.810 Vx=4.431 Vy=0.255 slipVel=-0.379 kappa=0.079 alpha=0.058 Fz=5492.222 Fx=3974.427 Fy=-3380.442
[DEBUG] [Tire] RL grounded=1 omega=18.795 wheelSpeed=1.784 Vx=1.748 Vy=5.762 slipVel=-0.036 kappa=0.020 alpha=1.276 Fz=201.421 Fx=44.274 Fy=-181.681
[DEBUG] [Tire] RR grounded=1 omega=21.331 wheelSpeed=0.589 Vx=3.791 Vy=5.762 slipVel=3.202 kappa=-0.845 alpha=0.989 Fz=6181.253 Fx=-4186.364 Fy=-4117.885
[DEBUG] [Suspension] FL=0.021186 FR=0.182932 RL=0.014319 RR=0.193234
[DEBUG] [Wheel] FL=7.088826 FR=6.490430 RL=17.853947 RR=22.123665
[DEBUG] [Powertrain] gear=1 rpm=856.692749 torque=0.000000 clutch=0.000000 running=1
[DEBUG] [Tire] FL grounded=1 omega=6.437 wheelSpeed=2.100 Vx=2.072 Vy=1.217 slipVel=-0.028 kappa=0.013 alpha=0.531 Fz=151.771 Fx=20.762 Fy=-136.897
[DEBUG] [Tire] FR grounded=1 omega=5.892 wheelSpeed=4.057 Vx=3.805 Vy=0.271 slipVel=-0.253 kappa=0.062 alpha=0.071 Fz=5301.273 Fx=3018.188 Fy=-4031.619
[DEBUG] [Tire] RL grounded=1 omega=17.412 wheelSpeed=1.329 Vx=1.210 Vy=5.442 slipVel=-0.119 kappa=0.089 alpha=1.352 Fz=27.513 Fx=19.148 Fy=-17.790
[DEBUG] [Tire] RR grounded=1 omega=22.508 wheelSpeed=1.030 Vx=3.236 Vy=5.442 slipVel=2.206 kappa=-0.682 alpha=1.034 Fz=5980.763 Fx=-4050.579 Fy=-3984.321
[DEBUG] [Energy] x=-15.406 y=2.544 z=21.231 vx=3.940 vy=0.032 vz=0.735 total=43190.516 potential=29694.291 linear=9561.026 angular=2051.462 wheels=835.993 suspension=1047.745 suspensionPower=184.640 suspensionResidual=0.000
[DEBUG] [Tire] FL grounded=1 omega=4.375 wheelSpeed=1.422 Vx=1.454 Vy=1.104 slipVel=0.032 kappa=-0.022 alpha=0.650 Fz=240.532 Fx=-66.593 Fy=-216.960
[DEBUG] [Tire] FR grounded=1 omega=3.492 wheelSpeed=3.494 Vx=3.193 Vy=0.154 slipVel=-0.301 kappa=0.086 alpha=0.048 Fz=5291.710 Fx=4217.523 Fy=-2735.778
[DEBUG] [Tire] RL grounded=1 omega=16.295 wheelSpeed=0.000 Vx=0.000 Vy=0.000 slipVel=0.000 kappa=0.000 alpha=0.000 Fz=0.000 Fx=0.000 Fy=0.000
[DEBUG] [Tire] RR grounded=1 omega=23.679 wheelSpeed=1.440 Vx=2.756 Vy=5.060 slipVel=1.315 kappa=-0.477 alpha=1.072 Fz=5871.521 Fx=-3976.592 Fy=-3911.544
[DEBUG] [Tire] FL grounded=1 omega=2.881 wheelSpeed=0.903 Vx=0.950 Vy=1.004 slipVel=0.047 kappa=-0.047 alpha=0.787 Fz=578.471 Fx=-297.854 Fy=-461.828
[DEBUG] [Tire] FR grounded=1 omega=3.550 wheelSpeed=3.418 Vx=2.653 Vy=0.074 slipVel=-0.765 kappa=0.224 alpha=0.028 Fz=5137.384 Fx=4607.039 Fy=-1608.663
[DEBUG] [Tire] RL grounded=1 omega=14.322 wheelSpeed=0.343 Vx=0.327 Vy=4.662 slipVel=-0.017 kappa=0.017 alpha=1.359 Fz=142.568 Fx=25.388 Fy=-128.596
[DEBUG] [Tire] RR grounded=1 omega=25.033 wheelSpeed=1.888 Vx=2.320 Vy=4.662 slipVel=0.432 kappa=-0.186 alpha=1.109 Fz=5589.542 Fx=-3944.876 Fy=-3554.539
[DEBUG] [Suspension] FL=0.017279 FR=0.173223 RL=0.007806 RR=0.190155
[DEBUG] [Wheel] FL=2.183153 FR=10.469079 RL=14.246380 RR=25.527723
[DEBUG] [Powertrain] gear=1 rpm=856.691406 torque=0.000000 clutch=0.000000 running=1
[DEBUG] [Tire] FL grounded=1 omega=1.423 wheelSpeed=0.319 Vx=0.705 Vy=0.949 slipVel=0.386 kappa=-0.386 alpha=0.759 Fz=1045.345 Fx=-707.978 Fy=-696.397
[DEBUG] [Tire] FR grounded=1 omega=6.255 wheelSpeed=0.761 Vx=2.302 Vy=0.076 slipVel=1.541 kappa=-0.669 alpha=0.033 Fz=4519.512 Fx=-3928.371 Fy=-1732.729
[DEBUG] [Tire] RL grounded=1 omega=14.182 wheelSpeed=0.102 Vx=0.139 Vy=4.292 slipVel=0.038 kappa=-0.038 alpha=1.342 Fz=891.015 Fx=-389.872 Fy=-751.334
[DEBUG] [Tire] RR grounded=1 omega=21.115 wheelSpeed=0.840 Vx=2.009 Vy=4.292 slipVel=1.170 kappa=-0.582 alpha=1.133 Fz=5186.425 Fx=-3512.599 Fy=-3455.141
[DEBUG] [Tire] FL grounded=1 omega=0.617 wheelSpeed=0.012 Vx=0.475 Vy=0.833 slipVel=0.463 kappa=-0.463 alpha=0.695 Fz=1301.437 Fx=-905.423 Fy=-841.908
[DEBUG] [Tire] FR grounded=1 omega=5.057 wheelSpeed=0.284 Vx=1.915 Vy=0.047 slipVel=1.631 kappa=-0.852 alpha=0.024 Fz=4280.704 Fx=-3877.084 Fy=-1227.198
[DEBUG] [Tire] RL grounded=1 omega=13.174 wheelSpeed=0.000 Vx=-0.005 Vy=3.775 slipVel=-0.005 kappa=0.005 alpha=1.312 Fz=1165.813 Fx=76.618 Fy=-1051.564
[DEBUG] [Tire] RR grounded=1 omega=22.098 wheelSpeed=1.249 Vx=1.680 Vy=3.775 slipVel=0.431 kappa=-0.257 alpha=1.152 Fz=4891.994 Fx=-3313.190 Fy=-3258.994
[DEBUG] [Suspension] FL=0.035159 FR=0.156290 RL=0.023791 RR=0.170973
[DEBUG] [Wheel] FL=0.000000 FR=6.604609 RL=12.428930 RR=17.880886
[DEBUG] [Powertrain] gear=1 rpm=856.691406 torque=0.000000 clutch=0.000000 running=1
[DEBUG] [Tire] FL grounded=1 omega=0.815 wheelSpeed=0.000 Vx=0.419 Vy=0.687 slipVel=0.419 kappa=-0.419 alpha=0.602 Fz=1354.580 Fx=-1040.640 Fy=-757.003
[DEBUG] [Tire] FR grounded=1 omega=5.851 wheelSpeed=0.504 Vx=1.630 Vy=0.026 slipVel=1.126 kappa=-0.691 alpha=0.016 Fz=4028.898 Fx=-3694.499 Fy=-742.895
[DEBUG] [Tire] RL grounded=1 omega=13.827 wheelSpeed=0.000 Vx=0.020 Vy=3.173 slipVel=0.020 kappa=-0.020 alpha=1.266 Fz=1452.702 Fx=-364.323 Fy=-1310.338
[DEBUG] [Tire] RR grounded=1 omega=18.254 wheelSpeed=0.048 Vx=1.436 Vy=3.173 slipVel=1.388 kappa=-0.966 alpha=1.146 Fz=4799.407 Fx=-3250.484 Fy=-3197.313
[DEBUG] [Energy] x=-14.136 y=2.552 z=21.728 vx=1.207 vy=0.002 vz=0.974 total=32917.004 potential=29795.102 linear=1430.584 angular=818.716 wheels=65.016 suspension=807.587 suspensionPower=-816.124 suspensionResidual=-0.000
[DEBUG] [Tire] FL grounded=1 omega=-1.101 wheelSpeed=-0.074 Vx=-0.157 Vy=0.187 slipVel=-0.083 kappa=0.083 alpha=0.000 Fz=705.384 Fx=670.115 Fy=-0.000
[DEBUG] [Tire] FR grounded=1 omega=6.604 wheelSpeed=2.715 Vx=0.915 Vy=0.772 slipVel=-1.800 kappa=0.663 alpha=0.658 Fz=4886.853 Fx=3255.111 Fy=-3310.158
[DEBUG] [Tire] RL grounded=1 omega=12.816 wheelSpeed=0.000 Vx=-0.064 Vy=2.337 slipVel=-0.064 kappa=0.064 alpha=1.167 Fz=512.705 Fx=317.782 Fy=-369.124
[DEBUG] [Tire] RR grounded=1 omega=19.086 wheelSpeed=0.142 Vx=1.191 Vy=2.337 slipVel=1.048 kappa=-0.880 alpha=1.100 Fz=5336.497 Fx=-3614.238 Fy=-3555.118
[DEBUG] [Performance] FPS=60 PhysicsHz=120
[DEBUG] [Tire] FL grounded=1 omega=0.274 wheelSpeed=0.030 Vx=0.129 Vy=-0.428 slipVel=0.099 kappa=-0.099 alpha=0.000 Fz=146.108 Fx=-138.803 Fy=-0.000
[DEBUG] [Tire] FR grounded=1 omega=9.309 wheelSpeed=0.749 Vx=1.212 Vy=0.163 slipVel=0.463 kappa=-0.382 alpha=0.134 Fz=5288.311 Fx=-3281.184 Fy=-3804.385
[DEBUG] [Tire] RL grounded=1 omega=13.097 wheelSpeed=0.000 Vx=-0.109 Vy=1.681 slipVel=-0.109 kappa=0.109 alpha=1.034 Fz=174.776 Fx=128.372 Fy=-105.305
[DEBUG] [Tire] RR grounded=1 omega=20.470 wheelSpeed=0.406 Vx=1.160 Vy=1.681 slipVel=0.754 kappa=-0.650 alpha=0.967 Fz=5893.966 Fx=-3991.794 Fy=-3926.497
[DEBUG] [Suspension] FL=0.023199 FR=0.164342 RL=0.016687 RR=0.179498
[DEBUG] [Wheel] FL=0.318793 FR=6.045931 RL=13.098736 RR=20.759426
[DEBUG] [Powertrain] gear=1 rpm=856.691406 torque=0.000000 clutch=0.000000 running=1
[DEBUG] [Tire] FL grounded=1 omega=0.106 wheelSpeed=0.493 Vx=0.236 Vy=-0.509 slipVel=-0.257 kappa=0.257 alpha=-0.471 Fz=1024.126 Fx=896.423 Fy=378.152
[DEBUG] [Tire] FR grounded=1 omega=0.219 wheelSpeed=1.244 Vx=1.173 Vy=0.003 slipVel=-0.071 kappa=0.057 alpha=0.002 Fz=4682.055 Fx=2878.591 Fy=-104.838
[DEBUG] [Tire] RL grounded=1 omega=12.487 wheelSpeed=0.000 Vx=-0.050 Vy=1.270 slipVel=-0.050 kappa=0.050 alpha=0.904 Fz=1005.848 Fx=540.040 Fy=-788.317
[DEBUG] [Tire] RR grounded=1 omega=17.110 wheelSpeed=1.036 Vx=1.044 Vy=1.271 slipVel=0.008 kappa=-0.008 alpha=0.883 Fz=5121.092 Fx=-394.435 Fy=-4619.225
[DEBUG] [Audio] Submitted bytes=23347200
[DEBUG] [Tire] FL grounded=1 omega=0.000 wheelSpeed=0.710 Vx=0.421 Vy=-0.373 slipVel=-0.289 kappa=0.289 alpha=-0.357 Fz=1652.154 Fx=1445.108 Fy=612.485
[DEBUG] [Tire] FR grounded=1 omega=5.818 wheelSpeed=0.488 Vx=1.076 Vy=-0.016 slipVel=0.587 kappa=-0.546 alpha=-0.015 Fz=4008.627 Fx=-3675.911 Fy=685.818
[DEBUG] [Tire] RL grounded=1 omega=15.267 wheelSpeed=0.000 Vx=0.183 Vy=0.749 slipVel=0.183 kappa=-0.183 alpha=0.643 Fz=1655.800 Fx=-1336.705 Fy=-829.205
[DEBUG] [Tire] RR grounded=1 omega=18.480 wheelSpeed=0.249 Vx=0.945 Vy=0.749 slipVel=0.696 kappa=-0.696 alpha=0.643 Fz=4401.744 Fx=-2981.160 Fy=-2932.395
[DEBUG] [Suspension] FL=0.047473 FR=0.144449 RL=0.043092 RR=0.155106
[DEBUG] [Wheel] FL=0.000000 FR=5.708971 RL=15.887319 RR=19.268101
[DEBUG] [Powertrain] gear=1 rpm=856.691406 torque=0.000000 clutch=0.000000 running=1
[DEBUG] [Tire] FL grounded=1 omega=0.000 wheelSpeed=0.744 Vx=0.517 Vy=-0.188 slipVel=-0.227 kappa=0.227 alpha=-0.186 Fz=2323.316 Fx=2038.001 Fy=847.385
[DEBUG] [Tire] FR grounded=1 omega=6.426 wheelSpeed=0.567 Vx=0.899 Vy=0.020 slipVel=0.331 kappa=-0.331 alpha=0.020 Fz=3430.775 Fx=-3146.021 Fy=-792.365
[DEBUG] [Tire] RL grounded=1 omega=16.426 wheelSpeed=0.043 Vx=0.360 Vy=0.331 slipVel=0.317 kappa=-0.317 alpha=0.000 Fz=2212.445 Fx=-2028.812 Fy=-0.000
[DEBUG] [Tire] RR grounded=1 omega=19.709 wheelSpeed=0.699 Vx=0.801 Vy=0.331 slipVel=0.103 kappa=-0.103 alpha=0.320 Fz=3661.069 Fx=-2861.271 Fy=-1977.302
[DEBUG] [Tire] FL grounded=1 omega=2.794 wheelSpeed=0.582 Vx=0.610 Vy=-0.021 slipVel=0.028 kappa=-0.028 alpha=-0.021 Fz=2779.020 Fx=-957.707 Fy=380.674
[DEBUG] [Tire] FR grounded=1 omega=2.999 wheelSpeed=0.842 Vx=0.812 Vy=0.089 slipVel=-0.029 kappa=0.029 alpha=0.089 Fz=2840.172 Fx=954.597 Fy=-2267.605
[DEBUG] [Tire] RL grounded=1 omega=14.973 wheelSpeed=0.525 Vx=0.525 Vy=0.081 slipVel=-0.000 kappa=0.000 alpha=0.081 Fz=2809.829 Fx=-29.909 Fy=-1057.073
[DEBUG] [Tire] RR grounded=1 omega=16.876 wheelSpeed=0.000 Vx=0.756 Vy=0.081 slipVel=0.756 kappa=-0.756 alpha=0.081 Fz=3180.618 Fx=-2422.367 Fy=-1806.136
[DEBUG] [Energy] x=-14.134 y=2.556 z=22.026 vx=-0.614 vy=0.017 vz=0.374 total=31285.754 potential=29842.055 linear=307.344 angular=40.349 wheels=473.189 suspension=622.819 suspensionPower=94.532 suspensionResidual=-0.000
[DEBUG] [Tire] FL grounded=1 omega=2.708 wheelSpeed=0.260 Vx=0.716 Vy=-0.074 slipVel=0.456 kappa=-0.456 alpha=-0.074 Fz=2833.240 Fx=-2257.782 Fy=1465.269
[DEBUG] [Tire] FR grounded=1 omega=3.966 wheelSpeed=0.094 Vx=0.907 Vy=0.030 slipVel=0.813 kappa=-0.813 alpha=0.030 Fz=2632.587 Fx=-2331.402 Fy=-905.182
[DEBUG] [Tire] RL grounded=1 omega=18.338 wheelSpeed=0.305 Vx=0.592 Vy=-0.037 slipVel=0.287 kappa=-0.287 alpha=-0.037 Fz=3016.114 Fx=-2765.777 Fy=709.806
[DEBUG] [Tire] RR grounded=1 omega=17.321 wheelSpeed=0.000 Vx=0.811 Vy=-0.037 slipVel=0.811 kappa=-0.811 alpha=-0.037 Fz=3106.332 Fx=-2723.013 Fy=1137.405
[DEBUG] [Suspension] FL=0.083824 FR=0.106559 RL=0.081338 RR=0.115439
[DEBUG] [Wheel] FL=1.714948 FR=6.007356 RL=11.849145 RR=17.944134
[DEBUG] [Powertrain] gear=1 rpm=2347.890137 torque=253.057816 clutch=0.000000 running=1
[DEBUG] [Tire] FL grounded=1 omega=3.816 wheelSpeed=0.307 Vx=1.013 Vy=-0.002 slipVel=0.706 kappa=-0.697 alpha=-0.002 Fz=2427.025 Fx=-2225.582 Fy=51.101
[DEBUG] [Tire] FR grounded=1 omega=3.987 wheelSpeed=1.506 Vx=1.278 Vy=0.142 slipVel=-0.228 kappa=0.151 alpha=0.111 Fz=1959.580 Fx=1287.174 Fy=-1344.895
[DEBUG] [Tire] RL grounded=1 omega=16.300 wheelSpeed=2.537 Vx=0.886 Vy=0.028 slipVel=-1.651 kappa=0.651 alpha=0.028 Fz=3739.666 Fx=3317.084 Fy=-1167.388
[DEBUG] [Tire] RR grounded=1 omega=17.626 wheelSpeed=2.870 Vx=1.192 Vy=0.029 slipVel=-1.678 kappa=0.585 alpha=0.025 Fz=3524.617 Fx=3126.336 Fy=-1151.506
[DEBUG] [Tire] FL grounded=1 omega=6.269 wheelSpeed=1.298 Vx=1.480 Vy=0.007 slipVel=0.182 kappa=-0.123 alpha=0.005 Fz=1743.956 Fx=-1654.485 Fy=-86.758
[DEBUG] [Tire] FR grounded=1 omega=5.974 wheelSpeed=2.013 Vx=1.874 Vy=0.221 slipVel=-0.139 kappa=0.069 alpha=0.117 Fz=1745.377 Fx=976.170 Fy=-1340.304
[DEBUG] [Tire] RL grounded=1 omega=21.481 wheelSpeed=4.052 Vx=1.297 Vy=0.068 slipVel=-2.755 kappa=0.680 alpha=0.052 Fz=4005.919 Fx=3016.870 Fy=-2319.755
[DEBUG] [Tire] RR grounded=1 omega=14.644 wheelSpeed=2.131 Vx=1.756 Vy=0.069 slipVel=-0.375 kappa=0.176 alpha=0.039 Fz=4217.635 Fx=3580.801 Fy=-1797.759
[DEBUG] [Suspension] FL=0.064761 FR=0.074589 RL=0.115795 RR=0.133911
[DEBUG] [Wheel] FL=4.762256 FR=8.288835 RL=8.854584 RR=5.817932
[DEBUG] [Powertrain] gear=1 rpm=3538.185547 torque=276.458282 clutch=0.000000 running=1
[DEBUG] [Tire] FL grounded=1 omega=6.121 wheelSpeed=1.918 Vx=1.930 Vy=-0.003 slipVel=0.012 kappa=-0.006 alpha=-0.001 Fz=1304.921 Fx=-108.618 Fy=21.580
[DEBUG] [Tire] FR grounded=1 omega=7.705 wheelSpeed=2.726 Vx=2.411 Vy=0.260 slipVel=-0.315 kappa=0.116 alpha=0.107 Fz=2110.430 Fx=1406.460 Fy=-1428.820
[DEBUG] [Tire] RL grounded=1 omega=16.095 wheelSpeed=2.442 Vx=1.685 Vy=0.015 slipVel=-0.757 kappa=0.310 alpha=0.009 Fz=3672.718 Fx=3257.700 Fy=-404.188
[DEBUG] [Tire] RR grounded=1 omega=20.768 wheelSpeed=4.349 Vx=2.248 Vy=0.017 slipVel=-2.102 kappa=0.483 alpha=0.007 Fz=4652.005 Fx=4126.329 Fy=-338.837
[DEBUG] [Tire] FL grounded=1 omega=8.053 wheelSpeed=2.522 Vx=2.564 Vy=0.006 slipVel=0.042 kappa=-0.016 alpha=0.003 Fz=600.019 Fx=-122.431 Fy=-19.261
[DEBUG] [Tire] FR grounded=1 omega=11.218 wheelSpeed=3.252 Vx=3.198 Vy=0.353 slipVel=-0.054 kappa=0.017 alpha=0.110 Fz=2247.200 Fx=339.065 Fy=-2107.742
[DEBUG] [Tire] RL grounded=1 omega=41.330 wheelSpeed=10.475 Vx=2.243 Vy=0.024 slipVel=-8.231 kappa=0.786 alpha=0.011 Fz=3571.387 Fx=3167.820 Fy=-468.116
[DEBUG] [Tire] RR grounded=1 omega=22.329 wheelSpeed=5.131 Vx=2.987 Vy=0.025 slipVel=-2.144 kappa=0.418 alpha=0.008 Fz=5325.926 Fx=4724.097 Fy=-408.001
[DEBUG] [Energy] x=-14.677 y=2.563 z=22.478 vx=-1.996 vy=0.025 vz=1.736 total=35708.730 potential=29917.457 linear=4165.037 angular=292.393 wheels=655.291 suspension=678.551 suspensionPower=-793.703 suspensionResidual=0.000
[DEBUG] [Performance] FPS=58 PhysicsHz=120
[DEBUG] [Tire] FL grounded=1 omega=9.059 wheelSpeed=2.948 Vx=2.916 Vy=-0.016 slipVel=-0.033 kappa=0.011 alpha=-0.006 Fz=794.810 Fx=88.636 Fy=56.606
[DEBUG] [Tire] FR grounded=1 omega=12.231 wheelSpeed=3.794 Vx=3.638 Vy=0.379 slipVel=-0.156 kappa=0.041 alpha=0.104 Fz=2993.593 Fx=1135.683 Fy=-2607.310
[DEBUG] [Tire] RL grounded=1 omega=34.096 wheelSpeed=10.724 Vx=2.541 Vy=0.008 slipVel=-8.183 kappa=0.763 alpha=0.003 Fz=2874.067 Fx=2549.297 Fy=-114.849
[DEBUG] [Tire] RR grounded=1 omega=26.254 wheelSpeed=9.152 Vx=3.387 Vy=0.009 slipVel=-5.764 kappa=0.630 alpha=0.003 Fz=5104.179 Fx=4527.407 Fy=-113.124
[DEBUG] [Suspension] FL=0.033975 FR=0.082759 RL=0.110940 RR=0.163632
[DEBUG] [Wheel] FL=9.420645 FR=12.984957 RL=26.047272 RR=12.273998
[DEBUG] [Powertrain] gear=1 rpm=4552.701660 torque=291.586060 clutch=0.000000 running=1
[DEBUG] [Tire] FL grounded=1 omega=10.454 wheelSpeed=3.307 Vx=3.366 Vy=-0.037 slipVel=0.059 kappa=-0.018 alpha=-0.011 Fz=656.502 Fx=-144.307 Fy=95.786
[DEBUG] [Tire] FR grounded=1 omega=13.786 wheelSpeed=4.828 Vx=4.232 Vy=0.437 slipVel=-0.596 kappa=0.123 alpha=0.103 Fz=3360.922 Fx=2242.526 Fy=-2272.781
[DEBUG] [Tire] RL grounded=1 omega=34.606 wheelSpeed=14.324 Vx=2.925 Vy=0.054 slipVel=-11.399 kappa=0.796 alpha=0.019 Fz=2556.289 Fx=2267.428 Fy=-634.909
[DEBUG] [Tire] RR grounded=1 omega=13.868 wheelSpeed=8.797 Vx=3.939 Vy=0.055 slipVel=-4.858 kappa=0.552 alpha=0.014 Fz=5195.199 Fx=4608.142 Fy=-716.668
[DEBUG] [Tire] FL grounded=1 omega=11.544 wheelSpeed=3.711 Vx=3.737 Vy=-0.081 slipVel=0.026 kappa=-0.007 alpha=-0.022 Fz=615.916 Fx=-58.409 Fy=180.574
[DEBUG] [Tire] FR grounded=1 omega=15.021 wheelSpeed=5.283 Vx=4.715 Vy=0.455 slipVel=-0.568 kappa=0.108 alpha=0.096 Fz=3898.204 Fx=2591.076 Fy=-2645.886
[DEBUG] [Tire] RL grounded=1 omega=35.830 wheelSpeed=16.588 Vx=3.229 Vy=0.057 slipVel=-13.360 kappa=0.805 alpha=0.018 Fz=2072.281 Fx=1838.113 Fy=-494.036
[DEBUG] [Tire] RR grounded=1 omega=11.993 wheelSpeed=10.267 Vx=4.374 Vy=0.058 slipVel=-5.893 kappa=0.574 alpha=0.013 Fz=5180.301 Fx=4594.927 Fy=-674.811
[DEBUG] [Audio] Callback count=2900 additionalBytes=8192 totalBytes=8192
[DEBUG] [Audio] Submitted bytes=23756800
[DEBUG] [Suspension] FL=0.021660 FR=0.115203 RL=0.082285 RR=0.172631
[DEBUG] [Wheel] FL=12.181333 FR=17.869091 RL=54.671703 RR=29.847731
[DEBUG] [Powertrain] gear=1 rpm=5892.238281 torque=294.111969 clutch=0.000000 running=1
[DEBUG] [Tire] FL grounded=1 omega=12.601 wheelSpeed=4.001 Vx=4.177 Vy=-0.114 slipVel=0.175 kappa=-0.042 alpha=-0.027 Fz=234.852 Fx=-122.108 Fy=87.013
[DEBUG] [Tire] FR grounded=1 omega=18.088 wheelSpeed=5.515 Vx=5.311 Vy=0.507 slipVel=-0.204 kappa=0.037 alpha=0.095 Fz=4010.733 Fx=1299.578 Fy=-3581.716
[DEBUG] [Tire] RL grounded=1 omega=52.633 wheelSpeed=21.890 Vx=3.597 Vy=0.123 slipVel=-18.293 kappa=0.836 alpha=0.034 Fz=1999.104 Fx=1679.751 Fy=-886.115
[DEBUG] [Tire] RR grounded=1 omega=9.528 wheelSpeed=9.606 Vx=4.924 Vy=0.124 slipVel=-4.682 kappa=0.487 alpha=0.025 Fz=5485.107 Fx=4865.290 Fy=-1480.917
[DEBUG] [Tire] FL grounded=1 omega=13.265 wheelSpeed=4.227 Vx=4.463 Vy=-0.200 slipVel=0.236 kappa=-0.053 alpha=-0.045 Fz=136.948 Fx=-89.114 Fy=84.293
[DEBUG] [Tire] FR grounded=1 omega=20.196 wheelSpeed=5.842 Vx=5.714 Vy=0.484 slipVel=-0.128 kappa=0.022 alpha=0.084 Fz=4537.886 Fx=819.133 Fy=-4232.454
[DEBUG] [Tire] RL grounded=1 omega=55.966 wheelSpeed=22.760 Vx=3.806 Vy=0.135 slipVel=-18.954 kappa=0.833 alpha=0.035 Fz=1518.762 Fx=1265.471 Fy=-693.053
[DEBUG] [Tire] RR grounded=1 omega=11.169 wheelSpeed=10.145 Vx=5.269 Vy=0.135 slipVel=-4.877 kappa=0.481 alpha=0.026 Fz=5517.480 Fx=4894.005 Fy=-1527.080
[DEBUG] [Energy] x=-16.342 y=2.592 z=23.423 vx=-4.510 vy=0.085 vz=1.474 total=50449.020 potential=30256.145 linear=13400.614 angular=1088.957 wheels=4889.855 suspension=813.449 suspensionPower=-595.585 suspensionResidual=0.000
[DEBUG] [Tire] FL grounded=1 omega=13.845 wheelSpeed=4.412 Vx=4.641 Vy=-0.278 slipVel=0.229 kappa=-0.049 alpha=-0.060 Fz=270.388 Fx=-155.064 Fy=204.785
[DEBUG] [Tire] FR grounded=1 omega=18.529 wheelSpeed=6.596 Vx=5.990 Vy=0.460 slipVel=-0.607 kappa=0.092 alpha=0.077 Fz=5086.064 Fx=3450.895 Fy=-3381.899
[DEBUG] [Tire] RL grounded=1 omega=55.398 wheelSpeed=22.358 Vx=3.924 Vy=0.171 slipVel=-18.434 kappa=0.824 alpha=0.044 Fz=1015.894 Fx=799.897 Fy=-539.984
[DEBUG] [Tire] RR grounded=1 omega=15.981 wheelSpeed=11.595 Vx=5.501 Vy=0.171 slipVel=-6.094 kappa=0.526 alpha=0.031 Fz=5330.573 Fx=4702.954 Fy=-1877.969
[DEBUG] [Suspension] FL=0.009582 FR=0.147173 RL=0.054222 RR=0.179735
[DEBUG] [Wheel] FL=13.934623 FR=21.405729 RL=58.181831 RR=21.520409
[DEBUG] [Powertrain] gear=1 rpm=7000.000000 torque=280.905365 clutch=0.000000 running=1
[DEBUG] [Tire] FL grounded=1 omega=14.128 wheelSpeed=4.517 Vx=4.903 Vy=-0.330 slipVel=0.386 kappa=-0.079 alpha=-0.067 Fz=32.105 Fx=-21.941 Fy=21.185
[DEBUG] [Tire] FR grounded=1 omega=20.995 wheelSpeed=7.522 Vx=6.380 Vy=0.478 slipVel=-1.141 kappa=0.152 alpha=0.075 Fz=5239.897 Fx=3730.897 Fy=-3295.439
[DEBUG] [Tire] RL grounded=1 omega=71.753 wheelSpeed=18.999 Vx=4.127 Vy=0.248 slipVel=-14.872 kappa=0.783 alpha=0.060 Fz=871.174 Fx=612.445 Fy=-556.648
[DEBUG] [Tire] RR grounded=1 omega=32.571 wheelSpeed=4.005 Vx=5.853 Vy=0.248 slipVel=1.847 kappa=-0.316 alpha=0.042 Fz=5497.777 Fx=-4567.753 Fy=-2532.626
[DEBUG] [Tire] FL grounded=1 omega=14.629 wheelSpeed=4.667 Vx=5.004 Vy=-0.376 slipVel=0.338 kappa=-0.067 alpha=-0.075 Fz=162.171 Fx=-99.382 Fy=117.721
[DEBUG] [Tire] FR grounded=1 omega=21.424 wheelSpeed=7.736 Vx=6.564 Vy=0.477 slipVel=-1.172 kappa=0.151 alpha=0.073 Fz=5527.363 Fx=3984.692 Fy=-3419.821
[DEBUG] [Tire] RL grounded=1 omega=68.870 wheelSpeed=17.967 Vx=4.193 Vy=0.317 slipVel=-13.775 kappa=0.767 alpha=0.075 Fz=592.555 Fx=381.414 Fy=-414.018
[DEBUG] [Tire] RR grounded=1 omega=30.505 wheelSpeed=6.201 Vx=6.013 Vy=0.317 slipVel=-0.187 kappa=0.030 alpha=0.053 Fz=5336.063 Fx=1458.018 Fy=-3497.621
[DEBUG] [Suspension] FL=0.002004 FR=0.174170 RL=0.028646 RR=0.182222
[DEBUG] [Wheel] FL=14.633174 FR=21.914970 RL=61.973747 RR=15.673536
[DEBUG] [Powertrain] gear=1 rpm=7000.000000 torque=280.905365 clutch=0.000000 running=1
[DEBUG] [Tire] FL grounded=1 omega=14.633 wheelSpeed=0.000 Vx=0.000 Vy=0.000 slipVel=0.000 kappa=0.000 alpha=0.000 Fz=0.000 Fx=0.000 Fy=0.000
[DEBUG] [Tire] FR grounded=1 omega=24.292 wheelSpeed=8.449 Vx=6.803 Vy=0.488 slipVel=-1.646 kappa=0.195 alpha=0.072 Fz=4876.474 Fx=3364.993 Fy=-3184.065
[DEBUG] [Tire] RL grounded=1 omega=60.444 wheelSpeed=23.697 Vx=4.313 Vy=0.368 slipVel=-19.383 kappa=0.818 alpha=0.085 Fz=350.414 Fx=216.661 Fy=-252.737
[DEBUG] [Tire] RR grounded=1 omega=16.612 wheelSpeed=11.449 Vx=6.229 Vy=0.368 slipVel=-5.220 kappa=0.456 alpha=0.059 Fz=5436.497 Fx=3968.239 Fy=-3305.590
[DEBUG] [Tire] FL grounded=1 omega=14.633 wheelSpeed=0.000 Vx=0.000 Vy=0.000 slipVel=0.000 kappa=0.000 alpha=0.000 Fz=0.000 Fx=0.000 Fy=0.000
[DEBUG] [Tire] FR grounded=1 omega=25.234 wheelSpeed=7.013 Vx=6.988 Vy=0.505 slipVel=-0.025 kappa=0.004 alpha=0.072 Fz=5304.883 Fx=55.725 Fy=-4776.471
[DEBUG] [Tire] RL grounded=1 omega=57.622 wheelSpeed=22.708 Vx=4.407 Vy=0.423 slipVel=-18.302 kappa=0.806 alpha=0.096 Fz=61.553 Fx=37.012 Fy=-45.271
[DEBUG] [Tire] RR grounded=1 omega=18.483 wheelSpeed=12.043 Vx=6.399 Vy=0.423 slipVel=-5.644 kappa=0.469 alpha=0.066 Fz=5689.517 Fx=3959.106 Fy=-3679.667
[DEBUG] [Energy] x=-19.016 y=2.625 z=23.455 vx=-5.603 vy=-0.030 vz=-1.549 total=59944.504 potential=30646.385 linear=20107.717 angular=1954.076 wheels=6270.877 suspension=965.450 suspensionPower=514.591 suspensionResidual=-0.001
[DEBUG] [Performance] FPS=60 PhysicsHz=120
[DEBUG] [Tire] FL grounded=1 omega=14.464 wheelSpeed=5.414 Vx=5.050 Vy=-1.437 slipVel=-0.363 kappa=0.067 alpha=-0.277 Fz=2674.632 Fx=1657.142 Fy=1926.150
[DEBUG] [Tire] FR grounded=1 omega=18.733 wheelSpeed=6.903 Vx=6.427 Vy=-1.438 slipVel=-0.476 kappa=0.069 alpha=-0.220 Fz=3050.849 Fx=1916.066 Fy=2174.598
[DEBUG] [Tire] RL grounded=1 omega=64.448 wheelSpeed=20.420 Vx=5.025 Vy=0.943 slipVel=-15.395 kappa=0.754 alpha=0.185 Fz=2991.978 Fx=1962.373 Fy=-2056.261
[DEBUG] [Tire] RR grounded=1 omega=32.603 wheelSpeed=10.288 Vx=6.455 Vy=0.943 slipVel=-3.833 kappa=0.373 alpha=0.145 Fz=3376.484 Fx=2086.564 Fy=-2436.254
[DEBUG] [Suspension] FL=0.028409 FR=0.147528 RL=0.047118 RR=0.159369
[DEBUG] [Wheel] FL=15.000482 FR=19.086500 RL=68.929619 RR=37.078049
[DEBUG] [Powertrain] gear=1 rpm=6473.338867 torque=0.000000 clutch=0.000000 running=1
[DEBUG] [Tire] FL grounded=1 omega=17.804 wheelSpeed=6.056 Vx=5.855 Vy=-0.669 slipVel=-0.201 kappa=0.033 alpha=-0.114 Fz=2417.915 Fx=755.901 Fy=2169.080
[DEBUG] [Tire] FR grounded=1 omega=20.194 wheelSpeed=6.563 Vx=6.491 Vy=-0.669 slipVel=-0.072 kappa=0.011 alpha=-0.103 Fz=2245.370 Fx=213.189 Fy=2122.421
[DEBUG] [Tire] RL grounded=1 omega=56.179 wheelSpeed=14.775 Vx=5.842 Vy=0.434 slipVel=-8.933 kappa=0.605 alpha=0.074 Fz=3414.066 Fx=2214.402 Fy=-2369.773
[DEBUG] [Tire] RR grounded=1 omega=32.154 wheelSpeed=7.148 Vx=6.507 Vy=0.434 slipVel=-0.640 kappa=0.090 alpha=0.067 Fz=3322.121 Fx=2341.481 Fy=-2116.104
[DEBUG] [Tire] FL grounded=1 omega=19.920 wheelSpeed=6.957 Vx=6.622 Vy=-0.190 slipVel=-0.336 kappa=0.048 alpha=-0.029 Fz=2177.136 Fx=1229.965 Fy=853.544
[DEBUG] [Tire] FR grounded=1 omega=21.128 wheelSpeed=6.741 Vx=6.750 Vy=-0.190 slipVel=0.009 kappa=-0.001 alpha=-0.028 Fz=1443.768 Fx=-42.583 Fy=555.018
[DEBUG] [Tire] RL grounded=1 omega=35.174 wheelSpeed=17.279 Vx=6.616 Vy=0.031 slipVel=-10.662 kappa=0.617 alpha=0.005 Fz=4211.358 Fx=3735.474 Fy=-207.368
[DEBUG] [Tire] RR grounded=1 omega=26.971 wheelSpeed=14.063 Vx=6.752 Vy=0.031 slipVel=-7.311 kappa=0.520 alpha=0.005 Fz=2808.282 Fx=2490.946 Fy=-162.755
[DEBUG] [Suspension] FL=0.064998 FR=0.073641 RL=0.116268 RR=0.116979
[DEBUG] [Wheel] FL=22.118046 FR=22.210255 RL=30.347757 RR=35.850471
[DEBUG] [Powertrain] gear=1 rpm=6620.301270 torque=288.972046 clutch=0.000000 running=1
[DEBUG] [Tire] FL grounded=1 omega=22.786 wheelSpeed=7.243 Vx=7.267 Vy=-0.095 slipVel=0.024 kappa=-0.003 alpha=-0.013 Fz=1973.151 Fx=-102.943 Fy=340.586
[DEBUG] [Tire] FR grounded=1 omega=22.785 wheelSpeed=7.244 Vx=7.291 Vy=-0.095 slipVel=0.047 kappa=-0.006 alpha=-0.013 Fz=1134.850 Fx=-98.996 Fy=195.473
[DEBUG] [Tire] RL grounded=1 omega=33.474 wheelSpeed=8.468 Vx=7.266 Vy=-0.052 slipVel=-1.202 kappa=0.142 alpha=-0.007 Fz=4470.972 Fx=4237.653 Fy=287.927
[DEBUG] [Tire] RR grounded=1 omega=45.144 wheelSpeed=11.608 Vx=7.292 Vy=-0.052 slipVel=-4.316 kappa=0.372 alpha=-0.007 Fz=3362.244 Fx=2982.310 Fy=309.519
[DEBUG] [Audio] Submitted bytes=24166400
[DEBUG] [Tire] FL grounded=1 omega=24.517 wheelSpeed=7.798 Vx=7.824 Vy=-0.090 slipVel=0.026 kappa=-0.003 alpha=-0.012 Fz=1915.458 Fx=-100.983 Fy=290.860
[DEBUG] [Tire] FR grounded=1 omega=24.508 wheelSpeed=7.792 Vx=7.845 Vy=-0.091 slipVel=0.053 kappa=-0.007 alpha=-0.012 Fz=1176.330 Fx=-106.930 Fy=178.777
[DEBUG] [Tire] RL grounded=1 omega=34.037 wheelSpeed=13.310 Vx=7.824 Vy=-0.053 slipVel=-5.487 kappa=0.412 alpha=-0.007 Fz=4714.753 Fx=4181.986 Fy=311.671
[DEBUG] [Tire] RR grounded=1 omega=53.262 wheelSpeed=19.039 Vx=7.845 Vy=-0.054 slipVel=-11.194 kappa=0.588 alpha=-0.007 Fz=3707.111 Fx=3288.208 Fy=300.502
[DEBUG] [Energy] x=-22.290 y=2.583 z=22.504 vx=-7.728 vy=-0.188 vz=-2.150 total=75902.000 potential=30157.521 linear=38309.379 angular=5.051 wheels=6814.045 suspension=616.005 suspensionPower=-652.424 suspensionResidual=0.000
[DEBUG] [Tire] FL grounded=1 omega=24.576 wheelSpeed=7.817 Vx=7.572 Vy=3.428 slipVel=-0.245 kappa=0.031 alpha=0.425 Fz=864.212 Fx=303.746 Fy=-762.746
[DEBUG] [Tire] FR grounded=1 omega=25.674 wheelSpeed=8.136 Vx=7.856 Vy=3.583 slipVel=-0.280 kappa=0.034 alpha=0.428 Fz=2080.715 Fx=795.646 Fy=-1809.477
[DEBUG] [Tire] RL grounded=1 omega=40.986 wheelSpeed=10.526 Vx=8.285 Vy=-0.064 slipVel=-2.241 kappa=0.213 alpha=-0.008 Fz=3844.495 Fx=3508.945 Fy=342.474
[DEBUG] [Tire] RR grounded=1 omega=52.723 wheelSpeed=14.660 Vx=8.616 Vy=-0.064 slipVel=-6.045 kappa=0.412 alpha=-0.007 Fz=4855.058 Fx=4306.437 Fy=347.993
[DEBUG] [Suspension] FL=0.051025 FR=0.056709 RL=0.137819 RR=0.135569
[DEBUG] [Wheel] FL=24.859217 FR=26.161427 RL=31.103170 RR=39.697220
[DEBUG] [Powertrain] gear=1 rpm=7000.000000 torque=281.778473 clutch=0.000000 running=1
[DEBUG] [Tire] FL grounded=1 omega=25.908 wheelSpeed=8.273 Vx=8.157 Vy=3.417 slipVel=-0.116 kappa=0.014 alpha=0.397 Fz=125.715 Fx=18.397 Fy=-113.395
[DEBUG] [Tire] FR grounded=1 omega=28.382 wheelSpeed=9.017 Vx=8.683 Vy=3.703 slipVel=-0.334 kappa=0.037 alpha=0.403 Fz=2619.881 Fx=1070.188 Fy=-2247.055
[DEBUG] [Tire] RL grounded=1 omega=52.346 wheelSpeed=13.853 Vx=8.790 Vy=0.120 slipVel=-5.062 kappa=0.365 alpha=0.014 Fz=3221.052 Fx=2857.073 Fy=-584.968
[DEBUG] [Tire] RR grounded=1 omega=41.174 wheelSpeed=9.727 Vx=9.403 Vy=0.120 slipVel=-0.324 kappa=0.033 alpha=0.013 Fz=5562.868 Fx=1694.701 Fy=-661.454
[DEBUG] [Tire] FL grounded=1 omega=26.729 wheelSpeed=8.518 Vx=8.418 Vy=3.423 slipVel=-0.100 kappa=0.012 alpha=0.386 Fz=226.626 Fx=27.179 Fy=-204.416
[DEBUG] [Tire] FR grounded=1 omega=29.324 wheelSpeed=9.604 Vx=9.045 Vy=3.765 slipVel=-0.558 kappa=0.058 alpha=0.394 Fz=3802.434 Fx=2124.415 Fy=-2921.584
[DEBUG] [Tire] RL grounded=1 omega=40.842 wheelSpeed=18.156 Vx=9.022 Vy=0.198 slipVel=-9.133 kappa=0.503 alpha=0.022 Fz=1985.236 Fx=1760.904 Fy=-589.774
[DEBUG] [Tire] RR grounded=1 omega=28.617 wheelSpeed=15.704 Vx=9.753 Vy=0.198 slipVel=-5.951 kappa=0.379 alpha=0.020 Fz=5458.892 Fx=4842.037 Fy=-1140.097
[DEBUG] [Suspension] FL=0.014556 FR=0.104664 RL=0.089034 RR=0.174525
[DEBUG] [Wheel] FL=27.158060 FR=30.721178 RL=60.279793 RR=42.143620
[DEBUG] [Powertrain] gear=1 rpm=6643.093750 torque=0.000000 clutch=0.000000 running=1
[DEBUG] [Tire] FL grounded=1 omega=27.255 wheelSpeed=8.720 Vx=8.687 Vy=3.362 slipVel=-0.033 kappa=0.004 alpha=0.369 Fz=6.252 Fx=0.173 Fy=-5.639
[DEBUG] [Tire] FR grounded=1 omega=31.843 wheelSpeed=9.749 Vx=9.479 Vy=3.794 slipVel=-0.270 kappa=0.028 alpha=0.381 Fz=4593.625 Fx=1204.587 Fy=-4143.450
[DEBUG] [Tire] RL grounded=1 omega=58.196 wheelSpeed=14.806 Vx=9.228 Vy=0.337 slipVel=-5.578 kappa=0.377 alpha=0.036 Fz=1109.773 Fx=917.780 Fy=-518.841
[DEBUG] [Tire] RR grounded=1 omega=46.352 wheelSpeed=8.204 Vx=10.151 Vy=0.336 slipVel=1.948 kappa=-0.192 alpha=0.033 Fz=5647.617 Fx=-5015.562 Fy=-1905.230
[DEBUG] [Tire] FL grounded=1 omega=28.078 wheelSpeed=8.972 Vx=8.695 Vy=3.261 slipVel=-0.277 kappa=0.031 alpha=0.359 Fz=231.091 Fx=80.152 Fy=-204.381
[DEBUG] [Tire] FR grounded=1 omega=33.282 wheelSpeed=9.749 Vx=9.620 Vy=3.766 slipVel=-0.129 kappa=0.013 alpha=0.373 Fz=5406.514 Fx=498.993 Fy=-4876.675
[DEBUG] [Tire] RL grounded=1 omega=50.359 wheelSpeed=11.956 Vx=9.184 Vy=0.502 slipVel=-2.772 kappa=0.232 alpha=0.055 Fz=267.958 Fx=195.625 Fy=-162.884
[DEBUG] [Tire] RR grounded=1 omega=48.655 wheelSpeed=9.171 Vx=10.263 Vy=0.502 slipVel=1.092 kappa=-0.106 alpha=0.049 Fz=5447.466 Fx=-4527.911 Fy=-2505.913
[DEBUG] [Energy] x=-26.680 y=2.442 z=20.795 vx=-8.597 vy=-0.394 vz=-4.825 total=91513.219 potential=28511.744 linear=57919.930 angular=653.737 wheels=3574.767 suspension=853.047 suspensionPower=-2683.965 suspensionResidual=23.246
[DEBUG] [Performance] FPS=60 PhysicsHz=120
[DEBUG] [Tire] FL grounded=1 omega=28.903 wheelSpeed=9.208 Vx=8.892 Vy=2.842 slipVel=-0.316 kappa=0.034 alpha=0.309 Fz=1049.674 Fx=401.015 Fy=-913.004
[DEBUG] [Tire] FR grounded=1 omega=34.848 wheelSpeed=10.143 Vx=10.025 Vy=3.471 slipVel=-0.118 kappa=0.012 alpha=0.333 Fz=5774.875 Fx=421.751 Fy=-5208.938
[DEBUG] [Tire] RL grounded=1 omega=49.973 wheelSpeed=0.000 Vx=0.000 Vy=0.000 slipVel=0.000 kappa=0.000 alpha=0.000 Fz=0.000 Fx=0.000 Fy=0.000
[DEBUG] [Tire] RR grounded=1 omega=51.126 wheelSpeed=9.614 Vx=10.479 Vy=0.473 slipVel=0.865 kappa=-0.083 alpha=0.045 Fz=6419.455 Fx=-5261.777 Fy=-3083.049
[DEBUG] [Suspension] FL=0.025212 FR=0.169078 RL=0.004609 RR=0.189089
[DEBUG] [Wheel] FL=28.936769 FR=34.910957 RL=49.973015 RR=51.212761
[DEBUG] [Powertrain] gear=1 rpm=6265.302734 torque=0.000000 clutch=0.000000 running=1
[DEBUG] [Tire] FL grounded=1 omega=28.929 wheelSpeed=9.257 Vx=8.888 Vy=2.765 slipVel=-0.369 kappa=0.040 alpha=0.302 Fz=14.334 Fx=6.229 Fy=-12.109
[DEBUG] [Tire] FR grounded=1 omega=36.911 wheelSpeed=10.328 Vx=10.121 Vy=3.429 slipVel=-0.207 kappa=0.020 alpha=0.327 Fz=9893.689 Fx=1295.375 Fy=-8924.108
[DEBUG] [Tire] RL grounded=1 omega=49.973 wheelSpeed=0.000 Vx=0.000 Vy=0.000 slipVel=0.000 kappa=0.000 alpha=0.000 Fz=0.000 Fx=0.000 Fy=0.000
[DEBUG] [Tire] RR grounded=1 omega=50.674 wheelSpeed=9.790 Vx=10.590 Vy=0.663 slipVel=0.800 kappa=-0.076 alpha=0.063 Fz=6586.359 Fx=-4586.220 Fy=-4256.425
[DEBUG] [Tire] FL grounded=1 omega=28.929 wheelSpeed=0.000 Vx=0.000 Vy=0.000 slipVel=0.000 kappa=0.000 alpha=0.000 Fz=0.000 Fx=0.000 Fy=0.000
[DEBUG] [Tire] FR grounded=1 omega=32.225 wheelSpeed=12.118 Vx=10.773 Vy=3.071 slipVel=-1.345 kappa=0.111 alpha=0.278 Fz=11145.980 Fx=8096.433 Fy=-6824.072
[DEBUG] [Tire] RL grounded=1 omega=49.973 wheelSpeed=0.000 Vx=0.000 Vy=0.000 slipVel=0.000 kappa=0.000 alpha=0.000 Fz=0.000 Fx=0.000 Fy=0.000
[DEBUG] [Tire] RR grounded=1 omega=51.398 wheelSpeed=10.030 Vx=10.955 Vy=0.709 slipVel=0.925 kappa=-0.084 alpha=0.065 Fz=6361.392 Fx=-4568.421 Fy=-3956.169
[DEBUG] [Suspension] FL=0.000000 FR=0.296249 RL=0.000000 RR=0.206140
[DEBUG] [Wheel] FL=28.928724 FR=41.285339 RL=49.973015 RR=51.495049
[DEBUG] [Powertrain] gear=1 rpm=5935.354492 torque=0.000000 clutch=0.000000 running=1
[DEBUG] [Tire] FL grounded=0 omega=28.929 wheelSpeed=0.000 Vx=0.000 Vy=0.000 slipVel=0.000 kappa=0.000 alpha=0.000 Fz=0.000 Fx=0.000 Fy=0.000
[DEBUG] [Tire] FR grounded=1 omega=32.255 wheelSpeed=12.305 Vx=11.168 Vy=-1.929 slipVel=-1.137 kappa=0.092 alpha=-0.171 Fz=6228.796 Fx=4188.048 Fy=4180.354
[DEBUG] [Tire] RL grounded=1 omega=49.973 wheelSpeed=0.000 Vx=0.000 Vy=0.000 slipVel=0.000 kappa=0.000 alpha=0.000 Fz=0.000 Fx=0.000 Fy=0.000
[DEBUG] [Tire] RR grounded=1 omega=49.892 wheelSpeed=10.573 Vx=11.198 Vy=1.393 slipVel=0.625 kappa=-0.056 alpha=0.124 Fz=5116.313 Fx=-2413.336 Fy=-4219.034
[DEBUG] [Audio] Callback count=3000 additionalBytes=8192 totalBytes=8192
[DEBUG] [Audio] GenerateAudio rpm=5901.445312 torque=0.000000 speed=35.525749 slip=0.323296 running=1
[DEBUG] [Audio] Submitted bytes=24576000
[DEBUG] [Tire] FL grounded=0 omega=28.929 wheelSpeed=0.000 Vx=0.000 Vy=0.000 slipVel=0.000 kappa=0.000 alpha=0.000 Fz=0.000 Fx=0.000 Fy=0.000
[DEBUG] [Tire] FR grounded=1 omega=33.312 wheelSpeed=10.631 Vx=10.647 Vy=0.230 slipVel=0.016 kappa=-0.002 alpha=0.022 Fz=1944.062 Fx=-62.054 Fy=-566.397
[DEBUG] [Tire] RL grounded=1 omega=49.973 wheelSpeed=0.000 Vx=0.000 Vy=0.000 slipVel=0.000 kappa=0.000 alpha=0.000 Fz=0.000 Fx=0.000 Fy=0.000
[DEBUG] [Tire] RR grounded=1 omega=49.452 wheelSpeed=8.448 Vx=10.681 Vy=2.552 slipVel=2.233 kappa=-0.209 alpha=0.235 Fz=9569.605 Fx=-6591.565 Fy=-6260.977
[DEBUG] [Energy] x=-30.343 y=2.535 z=17.407 vx=-5.841 vy=0.598 vz=-7.867 total=95391.617 potential=29597.080 linear=57337.199 angular=831.567 wheels=6253.235 suspension=1372.531 suspensionPower=778.199 suspensionResidual=-0.005
[DEBUG] [Tire] FL grounded=0 omega=28.929 wheelSpeed=0.000 Vx=0.000 Vy=0.000 slipVel=0.000 kappa=0.000 alpha=0.000 Fz=0.000 Fx=0.000 Fy=0.000
[DEBUG] [Tire] FR grounded=1 omega=31.422 wheelSpeed=9.980 Vx=10.024 Vy=0.677 slipVel=0.043 kappa=-0.004 alpha=0.067 Fz=2483.762 Fx=-157.563 Fy=-2201.666
[DEBUG] [Tire] RL grounded=1 omega=49.973 wheelSpeed=0.000 Vx=0.000 Vy=0.000 slipVel=0.000 kappa=0.000 alpha=0.000 Fz=0.000 Fx=0.000 Fy=0.000
[DEBUG] [Tire] RR grounded=1 omega=48.543 wheelSpeed=9.429 Vx=10.064 Vy=2.461 slipVel=0.635 kappa=-0.063 alpha=0.240 Fz=6823.906 Fx=-3909.257 Fy=-5171.388
[DEBUG] [Suspension] FL=0.000000 FR=0.133793 RL=0.000000 RR=0.248057
[DEBUG] [Wheel] FL=28.928724 FR=31.266863 RL=49.973015 RR=48.462814
[DEBUG] [Powertrain] gear=1 rpm=5615.163574 torque=0.000000 clutch=0.000000 running=1
[DEBUG] [Tire] FL grounded=1 omega=28.929 wheelSpeed=0.000 Vx=0.000 Vy=0.000 slipVel=0.000 kappa=0.000 alpha=0.000 Fz=0.000 Fx=0.000 Fy=0.000
[DEBUG] [Tire] FR grounded=1 omega=29.335 wheelSpeed=9.452 Vx=9.010 Vy=-3.729 slipVel=-0.441 kappa=0.047 alpha=-0.392 Fz=3309.028 Fx=1624.987 Fy=2691.002
[DEBUG] [Tire] RL grounded=1 omega=49.973 wheelSpeed=0.000 Vx=0.000 Vy=0.000 slipVel=0.000 kappa=0.000 alpha=0.000 Fz=0.000 Fx=0.000 Fy=0.000
[DEBUG] [Tire] RR grounded=1 omega=45.856 wheelSpeed=9.165 Vx=9.724 Vy=2.491 slipVel=0.559 kappa=-0.057 alpha=0.251 Fz=4785.933 Fx=-2652.210 Fy=-3692.923
[DEBUG] [Tire] FL grounded=1 omega=28.929 wheelSpeed=0.000 Vx=0.000 Vy=0.000 slipVel=0.000 kappa=0.000 alpha=0.000 Fz=0.000 Fx=0.000 Fy=0.000
[DEBUG] [Tire] FR grounded=1 omega=30.935 wheelSpeed=9.946 Vx=9.479 Vy=-2.315 slipVel=-0.466 kappa=0.047 alpha=-0.240 Fz=2207.496 Fx=1090.117 Fy=1791.526
[DEBUG] [Tire] RL grounded=1 omega=38.989 wheelSpeed=9.403 Vx=9.026 Vy=3.159 slipVel=-0.377 kappa=0.040 alpha=0.337 Fz=7022.105 Fx=2485.205 Fy=-6190.799
[DEBUG] [Tire] RR grounded=1 omega=42.398 wheelSpeed=8.991 Vx=9.445 Vy=3.154 slipVel=0.454 kappa=-0.048 alpha=0.322 Fz=1311.304 Fx=-684.169 Fy=-1041.047
[DEBUG] [Suspension] FL=0.073168 FR=0.105375 RL=0.065353 RR=0.128583
[DEBUG] [Wheel] FL=28.459240 FR=29.572023 RL=41.031796 RR=43.966148
[DEBUG] [Powertrain] gear=1 rpm=5272.314453 torque=0.000000 clutch=0.000000 running=1
[DEBUG] [Tire] FL grounded=1 omega=29.285 wheelSpeed=9.336 Vx=9.366 Vy=0.375 slipVel=0.029 kappa=-0.003 alpha=0.040 Fz=1465.297 Fx=-73.241 Fy=-806.744
[DEBUG] [Tire] FR grounded=1 omega=30.521 wheelSpeed=9.368 Vx=9.522 Vy=0.372 slipVel=0.154 kappa=-0.016 alpha=0.039 Fz=5843.044 Fx=-840.989 Fy=-2656.337
[DEBUG] [Tire] RL grounded=1 omega=40.525 wheelSpeed=8.680 Vx=9.369 Vy=0.628 slipVel=0.689 kappa=-0.074 alpha=0.067 Fz=113.850 Fx=-75.921 Fy=-77.033
[DEBUG] [Tire] RR grounded=1 omega=46.061 wheelSpeed=8.500 Vx=9.516 Vy=0.629 slipVel=1.016 kappa=-0.107 alpha=0.066 Fz=5545.198 Fx=-4191.610 Fy=-3190.858
[DEBUG] [Tire] FL grounded=1 omega=27.040 wheelSpeed=8.655 Vx=8.275 Vy=4.255 slipVel=-0.380 kappa=0.044 alpha=0.475 Fz=236.652 Fx=111.158 Fy=-195.416
[DEBUG] [Tire] FR grounded=1 omega=27.281 wheelSpeed=9.622 Vx=8.574 Vy=4.418 slipVel=-1.048 kappa=0.109 alpha=0.476 Fz=5510.806 Fx=3994.367 Fy=-3384.232
[DEBUG] [Tire] RL grounded=1 omega=40.568 wheelSpeed=0.000 Vx=0.000 Vy=0.000 slipVel=0.000 kappa=0.000 alpha=0.000 Fz=0.000 Fx=0.000 Fy=0.000
[DEBUG] [Tire] RR grounded=1 omega=48.125 wheelSpeed=8.849 Vx=9.644 Vy=0.350 slipVel=0.795 kappa=-0.082 alpha=0.036 Fz=5620.152 Fx=-4849.068 Fy=-2234.501
[DEBUG] [Energy] x=-32.748 y=2.620 z=13.148 vx=-3.419 vy=0.061 vz=-8.909 total=88588.820 potential=30581.910 linear=54188.477 angular=130.000 wheels=2848.161 suspension=840.269 suspensionPower=-698.111 suspensionResidual=192.504
[DEBUG] [Performance] FPS=59 PhysicsHz=121
[DEBUG] [Tire] FL grounded=1 omega=27.111 wheelSpeed=8.668 Vx=8.343 Vy=3.894 slipVel=-0.325 kappa=0.037 alpha=0.437 Fz=333.500 Fx=137.498 Fy=-285.434
[DEBUG] [Tire] FR grounded=1 omega=28.120 wheelSpeed=9.664 Vx=8.828 Vy=4.159 slipVel=-0.835 kappa=0.086 alpha=0.440 Fz=5049.043 Fx=3431.044 Fy=-3351.899
[DEBUG] [Tire] RL grounded=1 omega=40.568 wheelSpeed=0.000 Vx=0.000 Vy=0.000 slipVel=0.000 kappa=0.000 alpha=0.000 Fz=0.000 Fx=0.000 Fy=0.000
[DEBUG] [Tire] RR grounded=1 omega=47.919 wheelSpeed=8.986 Vx=9.748 Vy=0.368 slipVel=0.763 kappa=-0.078 alpha=0.038 Fz=5233.510 Fx=-4422.504 Fy=-2271.694
[DEBUG] [Suspension] FL=0.028054 FR=0.165053 RL=0.000000 RR=0.170262
[DEBUG] [Wheel] FL=27.148479 FR=28.280659 RL=40.568146 RR=47.926369
[DEBUG] [Powertrain] gear=1 rpm=4971.727539 torque=0.000000 clutch=0.000000 running=1
[DEBUG] [Tire] FL grounded=1 omega=27.363 wheelSpeed=8.745 Vx=8.418 Vy=3.562 slipVel=-0.327 kappa=0.037 alpha=0.400 Fz=469.595 Fx=193.351 Fy=-402.038
[DEBUG] [Tire] FR grounded=1 omega=29.083 wheelSpeed=9.825 Vx=9.086 Vy=3.927 slipVel=-0.740 kappa=0.075 alpha=0.408 Fz=4927.336 Fx=3142.478 Fy=-3469.338
[DEBUG] [Tire] RL grounded=1 omega=40.568 wheelSpeed=0.000 Vx=0.000 Vy=0.000 slipVel=0.000 kappa=0.000 alpha=0.000 Fz=0.000 Fx=0.000 Fy=0.000
[DEBUG] [Tire] RR grounded=1 omega=48.149 wheelSpeed=9.080 Vx=9.866 Vy=0.397 slipVel=0.786 kappa=-0.080 alpha=0.040 Fz=5247.013 Fx=-4379.697 Fy=-2380.149
[DEBUG] [Tire] FL grounded=1 omega=27.871 wheelSpeed=8.874 Vx=8.556 Vy=3.150 slipVel=-0.318 kappa=0.036 alpha=0.353 Fz=1429.089 Fx=566.785 Fy=-1233.664
[DEBUG] [Tire] FR grounded=1 omega=30.239 wheelSpeed=10.139 Vx=9.424 Vy=3.624 slipVel=-0.715 kappa=0.070 alpha=0.367 Fz=5127.437 Fx=3143.424 Fy=-3721.042
[DEBUG] [Tire] RL grounded=1 omega=40.568 wheelSpeed=0.000 Vx=0.000 Vy=0.000 slipVel=0.000 kappa=0.000 alpha=0.000 Fz=0.000 Fx=0.000 Fy=0.000
[DEBUG] [Tire] RR grounded=1 omega=49.294 wheelSpeed=9.114 Vx=10.020 Vy=0.360 slipVel=0.906 kappa=-0.090 alpha=0.036 Fz=5797.428 Fx=-5080.590 Fy=-2126.214
[DEBUG] [Suspension] FL=0.025923 FR=0.190865 RL=0.000000 RR=0.182932
[DEBUG] [Wheel] FL=28.083145 FR=31.232502 RL=40.568146 RR=49.482346
[DEBUG] [Powertrain] gear=1 rpm=4680.029785 torque=0.000000 clutch=0.000000 running=1
[DEBUG] [Tire] FL grounded=1 omega=28.087 wheelSpeed=0.000 Vx=0.000 Vy=0.000 slipVel=0.000 kappa=0.000 alpha=0.000 Fz=0.000 Fx=0.000 Fy=0.000
[DEBUG] [Tire] FR grounded=1 omega=31.403 wheelSpeed=11.189 Vx=9.754 Vy=3.478 slipVel=-1.435 kappa=0.128 alpha=0.342 Fz=6896.925 Fx=5033.255 Fy=-4194.769
[DEBUG] [Tire] RL grounded=1 omega=40.568 wheelSpeed=0.000 Vx=0.000 Vy=0.000 slipVel=0.000 kappa=0.000 alpha=0.000 Fz=0.000 Fx=0.000 Fy=0.000
[DEBUG] [Tire] RR grounded=1 omega=49.084 wheelSpeed=9.469 Vx=10.244 Vy=0.574 slipVel=0.775 kappa=-0.076 alpha=0.056 Fz=5717.364 Fx=-4189.571 Fy=-3456.681
[DEBUG] [Tire] FL grounded=1 omega=28.087 wheelSpeed=0.000 Vx=0.000 Vy=0.000 slipVel=0.000 kappa=0.000 alpha=0.000 Fz=0.000 Fx=0.000 Fy=0.000
[DEBUG] [Tire] FR grounded=1 omega=31.601 wheelSpeed=11.157 Vx=9.910 Vy=3.522 slipVel=-1.247 kappa=0.112 alpha=0.342 Fz=6386.083 Fx=4644.019 Fy=-3903.703
[DEBUG] [Tire] RL grounded=1 omega=40.568 wheelSpeed=0.000 Vx=0.000 Vy=0.000 slipVel=0.000 kappa=0.000 alpha=0.000 Fz=0.000 Fx=0.000 Fy=0.000
[DEBUG] [Tire] RR grounded=1 omega=48.659 wheelSpeed=9.579 Vx=10.407 Vy=0.802 slipVel=0.828 kappa=-0.080 alpha=0.077 Fz=5668.390 Fx=-3671.224 Fy=-3939.546
[DEBUG] [Audio] Submitted bytes=24985600
[DEBUG] [Energy] x=-33.615 y=2.614 z=8.384 vx=0.203 vy=0.128 vz=-9.650 total=93748.250 potential=30509.818 linear=55438.301 angular=1262.302 wheels=5315.802 suspension=1222.024 suspensionPower=-3939.748 suspensionResidual=0.005
[DEBUG] [Tire] FL grounded=1 omega=28.087 wheelSpeed=0.000 Vx=0.000 Vy=0.000 slipVel=0.000 kappa=0.000 alpha=0.000 Fz=0.000 Fx=0.000 Fy=0.000
[DEBUG] [Tire] FR grounded=1 omega=31.525 wheelSpeed=10.933 Vx=9.919 Vy=3.534 slipVel=-1.014 kappa=0.093 alpha=0.342 Fz=5935.782 Fx=4128.634 Fy=-3840.913
[DEBUG] [Tire] RL grounded=1 omega=40.568 wheelSpeed=0.000 Vx=0.000 Vy=0.000 slipVel=0.000 kappa=0.000 alpha=0.000 Fz=0.000 Fx=0.000 Fy=0.000
[DEBUG] [Tire] RR grounded=1 omega=50.534 wheelSpeed=9.592 Vx=10.418 Vy=0.907 slipVel=0.825 kappa=-0.079 alpha=0.087 Fz=8031.932 Fx=-4907.873 Fy=-5842.499
[DEBUG] [Suspension] FL=0.000000 FR=0.206377 RL=0.000000 RR=0.214666
[DEBUG] [Wheel] FL=28.087315 FR=31.489216 RL=40.568146 RR=50.508064
[DEBUG] [Powertrain] gear=1 rpm=4396.957520 torque=0.000000 clutch=0.000000 running=1
[DEBUG] [Tire] FL grounded=1 omega=28.087 wheelSpeed=0.000 Vx=0.000 Vy=0.000 slipVel=0.000 kappa=0.000 alpha=0.000 Fz=0.000 Fx=0.000 Fy=0.000
[DEBUG] [Tire] FR grounded=1 omega=31.298 wheelSpeed=10.768 Vx=9.827 Vy=3.433 slipVel=-0.941 kappa=0.087 alpha=0.336 Fz=5677.568 Fx=3864.579 Fy=-3762.569
[DEBUG] [Tire] RL grounded=1 omega=40.568 wheelSpeed=0.000 Vx=0.000 Vy=0.000 slipVel=0.000 kappa=0.000 alpha=0.000 Fz=0.000 Fx=0.000 Fy=0.000
[DEBUG] [Tire] RR grounded=1 omega=50.085 wheelSpeed=9.482 Vx=10.294 Vy=0.819 slipVel=0.812 kappa=-0.079 alpha=0.079 Fz=7641.028 Fx=-4836.798 Fy=-5412.773
[DEBUG] [Tire] FL grounded=1 omega=28.087 wheelSpeed=0.000 Vx=0.000 Vy=0.000 slipVel=0.000 kappa=0.000 alpha=0.000 Fz=0.000 Fx=0.000 Fy=0.000
[DEBUG] [Tire] FR grounded=1 omega=31.167 wheelSpeed=10.670 Vx=9.772 Vy=3.297 slipVel=-0.897 kappa=0.084 alpha=0.325 Fz=5538.904 Fx=3711.669 Fy=-3729.842
[DEBUG] [Tire] RL grounded=1 omega=40.568 wheelSpeed=0.000 Vx=0.000 Vy=0.000 slipVel=0.000 kappa=0.000 alpha=0.000 Fz=0.000 Fx=0.000 Fy=0.000
[DEBUG] [Tire] RR grounded=1 omega=49.606 wheelSpeed=9.383 Vx=10.186 Vy=0.743 slipVel=0.803 kappa=-0.079 alpha=0.073 Fz=7161.212 Fx=-4724.397 Fy=-4895.195
[DEBUG] [Suspension] FL=0.000000 FR=0.179498 RL=0.000000 RR=0.223191
[DEBUG] [Wheel] FL=28.087315 FR=30.596964 RL=40.568146 RR=46.535591
[DEBUG] [Powertrain] gear=1 rpm=4122.254883 torque=0.000000 clutch=0.000000 running=1
[DEBUG] [Tire] FL grounded=0 omega=28.087 wheelSpeed=0.000 Vx=0.000 Vy=0.000 slipVel=0.000 kappa=0.000 alpha=0.000 Fz=0.000 Fx=0.000 Fy=0.000
[DEBUG] [Tire] FR grounded=1 omega=30.951 wheelSpeed=9.947 Vx=9.909 Vy=0.130 slipVel=-0.038 kappa=0.004 alpha=0.013 Fz=3299.125 Fx=90.879 Fy=-570.481
[DEBUG] [Tire] RL grounded=0 omega=40.568 wheelSpeed=0.000 Vx=0.000 Vy=0.000 slipVel=0.000 kappa=0.000 alpha=0.000 Fz=0.000 Fx=0.000 Fy=0.000
[DEBUG] [Tire] RR grounded=1 omega=45.943 wheelSpeed=9.238 Vx=9.927 Vy=1.891 slipVel=0.690 kappa=-0.069 alpha=0.188 Fz=4105.619 Fx=-2557.200 Fy=-2945.058
[DEBUG] [Tire] FL grounded=1 omega=28.087 wheelSpeed=0.000 Vx=0.000 Vy=0.000 slipVel=0.000 kappa=0.000 alpha=0.000 Fz=0.000 Fx=0.000 Fy=0.000
[DEBUG] [Tire] FR grounded=1 omega=31.833 wheelSpeed=9.517 Vx=9.815 Vy=0.539 slipVel=0.298 kappa=-0.030 alpha=0.055 Fz=4214.580 Fx=-1413.578 Fy=-2997.712
[DEBUG] [Tire] RL grounded=1 omega=40.568 wheelSpeed=0.000 Vx=0.000 Vy=0.000 slipVel=0.000 kappa=0.000 alpha=0.000 Fz=0.000 Fx=0.000 Fy=0.000
[DEBUG] [Tire] RR grounded=1 omega=45.612 wheelSpeed=9.102 Vx=9.829 Vy=2.207 slipVel=0.727 kappa=-0.074 alpha=0.221 Fz=4018.396 Fx=-2620.159 Fy=-2776.310
[DEBUG] [Energy] x=-32.591 y=2.779 z=3.634 vx=3.010 vy=-0.071 vz=-9.031 total=91736.148 potential=32446.266 linear=53922.629 angular=536.526 wheels=4143.474 suspension=687.261 suspensionPower=1400.023 suspensionResidual=0.004
[DEBUG] [Tire] FL grounded=1 omega=28.087 wheelSpeed=0.000 Vx=0.000 Vy=0.000 slipVel=0.000 kappa=0.000 alpha=0.000 Fz=0.000 Fx=0.000 Fy=0.000
[DEBUG] [Tire] FR grounded=1 omega=31.044 wheelSpeed=9.713 Vx=9.438 Vy=-3.028 slipVel=-0.274 kappa=0.028 alpha=-0.310 Fz=3120.344 Fx=993.776 Fy=2792.783
[DEBUG] [Tire] RL grounded=1 omega=52.095 wheelSpeed=0.000 Vx=0.000 Vy=0.000 slipVel=0.000 kappa=0.000 alpha=0.000 Fz=0.000 Fx=0.000 Fy=0.000
[DEBUG] [Tire] RR grounded=1 omega=43.506 wheelSpeed=10.317 Vx=9.742 Vy=3.149 slipVel=-0.575 kappa=0.056 alpha=0.313 Fz=2453.328 Fx=1365.744 Fy=-1888.577
[DEBUG] [Suspension] FL=0.000000 FR=0.137582 RL=0.000000 RR=0.137700
[DEBUG] [Wheel] FL=28.087315 FR=31.345684 RL=52.095161 RR=43.323830
[DEBUG] [Powertrain] gear=1 rpm=6239.376953 torque=290.431000 clutch=0.000000 running=1
[DEBUG] [Performance] FPS=59 PhysicsHz=120
[DEBUG] [Tire] FL grounded=1 omega=28.319 wheelSpeed=10.594 Vx=9.537 Vy=1.676 slipVel=-1.058 kappa=0.100 alpha=0.174 Fz=4653.749 Fx=3231.756 Fy=-3016.876
[DEBUG] [Tire] FR grounded=1 omega=30.001 wheelSpeed=9.726 Vx=9.643 Vy=1.677 slipVel=-0.083 kappa=0.009 alpha=0.172 Fz=3616.266 Fx=265.294 Fy=-3425.194
[DEBUG] [Tire] RL grounded=1 omega=29.718 wheelSpeed=14.587 Vx=9.538 Vy=1.854 slipVel=-5.049 kappa=0.346 alpha=0.192 Fz=5038.429 Fx=3326.965 Fy=-3441.214
[DEBUG] [Tire] RR grounded=1 omega=30.247 wheelSpeed=14.475 Vx=9.645 Vy=1.856 slipVel=-4.830 kappa=0.334 alpha=0.190 Fz=4146.398 Fx=2732.945 Fy=-2836.785
[DEBUG] [Tire] FL grounded=1 omega=30.318 wheelSpeed=9.713 Vx=9.665 Vy=0.444 slipVel=-0.049 kappa=0.005 alpha=0.046 Fz=580.654 Fx=23.823 Fy=-366.060
[DEBUG] [Tire] FR grounded=1 omega=26.940 wheelSpeed=10.887 Vx=9.642 Vy=0.445 slipVel=-1.245 kappa=0.114 alpha=0.046 Fz=5663.145 Fx=4780.784 Fy=-2467.461
[DEBUG] [Tire] RL grounded=1 omega=29.091 wheelSpeed=13.893 Vx=9.663 Vy=0.409 slipVel=-4.230 kappa=0.304 alpha=0.042 Fz=881.372 Fx=700.482 Fy=-458.694
[DEBUG] [Tire] RR grounded=1 omega=24.083 wheelSpeed=14.427 Vx=9.644 Vy=0.409 slipVel=-4.783 kappa=0.332 alpha=0.042 Fz=6272.646 Fx=5206.237 Fy=-2899.127
[DEBUG] [Suspension] FL=0.043802 FR=0.163276 RL=0.054104 RR=0.175117
[DEBUG] [Wheel] FL=29.077545 FR=27.617577 RL=28.625633 RR=26.003780
[DEBUG] [Powertrain] gear=1 rpm=5788.838379 torque=0.000000 clutch=0.000000 running=1
[DEBUG] [Tire] FL grounded=1 omega=28.200 wheelSpeed=9.162 Vx=8.374 Vy=4.551 slipVel=-0.788 kappa=0.086 alpha=0.498 Fz=1006.599 Fx=692.243 Fy=-659.736
[DEBUG] [Tire] FR grounded=1 omega=27.766 wheelSpeed=9.835 Vx=8.502 Vy=4.621 slipVel=-1.333 kappa=0.136 alpha=0.498 Fz=5787.429 Fx=4213.251 Fy=-3532.301
[DEBUG] [Tire] RL grounded=1 omega=28.382 wheelSpeed=13.616 Vx=9.527 Vy=0.235 slipVel=-4.089 kappa=0.300 alpha=0.025 Fz=670.672 Fx=594.886 Fy=-224.302
[DEBUG] [Tire] RR grounded=1 omega=27.296 wheelSpeed=15.216 Vx=9.680 Vy=0.235 slipVel=-5.536 kappa=0.364 alpha=0.024 Fz=5302.466 Fx=4703.287 Fy=-1390.519
[DEBUG] [Tire] FL grounded=1 omega=27.668 wheelSpeed=8.867 Vx=8.460 Vy=3.969 slipVel=-0.406 kappa=0.046 alpha=0.439 Fz=782.145 Fx=379.617 Fy=-638.746
[DEBUG] [Tire] FR grounded=1 omega=28.597 wheelSpeed=10.043 Vx=8.874 Vy=4.195 slipVel=-1.169 kappa=0.116 alpha=0.442 Fz=5392.046 Fx=3935.770 Fy=-3278.588
[DEBUG] [Tire] RL grounded=1 omega=27.781 wheelSpeed=13.399 Vx=9.321 Vy=0.236 slipVel=-4.078 kappa=0.304 alpha=0.025 Fz=612.312 Fx=542.332 Fy=-210.349
[DEBUG] [Tire] RR grounded=1 omega=28.759 wheelSpeed=15.547 Vx=9.805 Vy=0.236 slipVel=-5.743 kappa=0.369 alpha=0.024 Fz=4976.468 Fx=4414.127 Fy=-1330.628
[DEBUG] [Energy] x=-30.575 y=2.878 z=-0.806 vx=5.199 vy=0.438 vz=-7.990 total=91838.461 potential=33599.707 linear=54181.832 angular=256.015 wheels=2862.796 suspension=938.106 suspensionPower=-417.628 suspensionResidual=-0.000
[DEBUG] [Tire] FL grounded=1 omega=27.734 wheelSpeed=8.888 Vx=8.470 Vy=3.558 slipVel=-0.417 kappa=0.047 alpha=0.398 Fz=589.948 Fx=291.773 Fy=-478.512
[DEBUG] [Tire] FR grounded=1 omega=29.191 wheelSpeed=10.177 Vx=9.113 Vy=3.909 slipVel=-1.063 kappa=0.104 alpha=0.405 Fz=5273.128 Fx=3794.541 Fy=-3270.515
[DEBUG] [Tire] RL grounded=1 omega=27.330 wheelSpeed=13.225 Vx=9.130 Vy=0.318 slipVel=-4.095 kappa=0.310 alpha=0.035 Fz=573.978 Fx=480.053 Fy=-258.609
[DEBUG] [Tire] RR grounded=1 omega=28.886 wheelSpeed=15.790 Vx=9.881 Vy=0.318 slipVel=-5.909 kappa=0.374 alpha=0.032 Fz=5507.189 Fx=4840.324 Fy=-1985.775
[DEBUG] [Suspension] FL=0.024620 FR=0.174762 RL=0.028528 RR=0.176301
[DEBUG] [Wheel] FL=27.722536 FR=29.243689 RL=27.281769 RR=28.620394
[DEBUG] [Powertrain] gear=1 rpm=5476.747070 torque=0.000000 clutch=0.000000 running=1
[DEBUG] [Audio] Callback count=3100 additionalBytes=8192 totalBytes=8192
[DEBUG] [Audio] Submitted bytes=25395200
[DEBUG] [Tire] FL grounded=1 omega=27.665 wheelSpeed=8.859 Vx=8.449 Vy=3.263 slipVel=-0.410 kappa=0.046 alpha=0.368 Fz=347.722 Fx=170.004 Fy=-283.232
[DEBUG] [Tire] FR grounded=1 omega=29.612 wheelSpeed=10.332 Vx=9.254 Vy=3.702 slipVel=-1.078 kappa=0.104 alpha=0.381 Fz=5413.257 Fx=3893.838 Fy=-3359.211
[DEBUG] [Tire] RL grounded=1 omega=26.938 wheelSpeed=13.117 Vx=8.968 Vy=0.383 slipVel=-4.148 kappa=0.316 alpha=0.043 Fz=651.344 Fx=515.962 Fy=-341.567
[DEBUG] [Tire] RR grounded=1 omega=28.976 wheelSpeed=15.677 Vx=9.908 Vy=0.383 slipVel=-5.769 kappa=0.368 alpha=0.039 Fz=5381.036 Fx=4541.526 Fy=-2346.685
[DEBUG] [Tire] FL grounded=1 omega=27.600 wheelSpeed=8.836 Vx=8.409 Vy=3.082 slipVel=-0.428 kappa=0.048 alpha=0.351 Fz=161.075 Fx=81.458 Fy=-129.538
[DEBUG] [Tire] FR grounded=1 omega=29.904 wheelSpeed=10.371 Vx=9.336 Vy=3.588 slipVel=-1.035 kappa=0.100 alpha=0.367 Fz=5229.783 Fx=3724.135 Fy=-3288.581
[DEBUG] [Tire] RL grounded=1 omega=26.723 wheelSpeed=12.936 Vx=8.845 Vy=0.482 slipVel=-4.092 kappa=0.316 alpha=0.054 Fz=384.916 Fx=280.894 Fy=-234.122
[DEBUG] [Tire] RR grounded=1 omega=28.962 wheelSpeed=15.503 Vx=9.927 Vy=0.482 slipVel=-5.576 kappa=0.360 alpha=0.049 Fz=5311.221 Fx=4182.215 Fy=-2822.722
[DEBUG] [Suspension] FL=0.009109 FR=0.175354 RL=0.017990 RR=0.180090
[DEBUG] [Wheel] FL=27.536160 FR=29.951967 RL=26.797087 RR=28.914547
[DEBUG] [Powertrain] gear=1 rpm=5173.882812 torque=0.000000 clutch=0.000000 running=1
[DEBUG] [Tire] FL grounded=1 omega=27.497 wheelSpeed=8.805 Vx=8.357 Vy=2.978 slipVel=-0.449 kappa=0.051 alpha=0.342 Fz=162.573 Fx=85.269 Fy=-128.773
[DEBUG] [Tire] FR grounded=1 omega=29.984 wheelSpeed=10.434 Vx=9.379 Vy=3.536 slipVel=-1.055 kappa=0.101 alpha=0.361 Fz=5421.548 Fx=3872.151 Fy=-3396.143
[DEBUG] [Tire] RL grounded=1 omega=26.881 wheelSpeed=12.867 Vx=8.748 Vy=0.601 slipVel=-4.119 kappa=0.320 alpha=0.069 Fz=41.359 Fx=27.610 Fy=-27.955
[DEBUG] [Tire] RR grounded=1 omega=28.911 wheelSpeed=15.384 Vx=9.941 Vy=0.600 slipVel=-5.443 kappa=0.354 alpha=0.060 Fz=5484.427 Fx=3966.046 Fy=-3378.864
[DEBUG] [Tire] FL grounded=1 omega=27.372 wheelSpeed=8.765 Vx=8.304 Vy=2.923 slipVel=-0.461 kappa=0.053 alpha=0.338 Fz=130.240 Fx=69.816 Fy=-102.148
[DEBUG] [Tire] FR grounded=1 omega=30.046 wheelSpeed=10.488 Vx=9.403 Vy=3.523 slipVel=-1.085 kappa=0.103 alpha=0.358 Fz=5552.169 Fx=3985.847 Fy=-3454.564
[DEBUG] [Tire] RL grounded=1 omega=26.978 wheelSpeed=0.000 Vx=0.000 Vy=0.000 slipVel=0.000 kappa=0.000 alpha=0.000 Fz=0.000 Fx=0.000 Fy=0.000
[DEBUG] [Tire] RR grounded=1 omega=28.921 wheelSpeed=15.323 Vx=9.957 Vy=0.726 slipVel=-5.366 kappa=0.350 alpha=0.073 Fz=5757.222 Fx=3832.995 Fy=-3901.546
[DEBUG] [Energy] x=-27.272 y=3.083 z=-4.302 vx=7.713 vy=0.294 vz=-5.564 total=96948.758 potential=35987.883 linear=53864.297 angular=946.076 wheels=5138.635 suspension=1011.869 suspensionPower=-314.069 suspensionResidual=19.066
[DEBUG] [Tire] FL grounded=1 omega=27.348 wheelSpeed=0.000 Vx=0.000 Vy=0.000 slipVel=0.000 kappa=0.000 alpha=0.000 Fz=0.000 Fx=0.000 Fy=0.000
[DEBUG] [Tire] FR grounded=1 omega=30.145 wheelSpeed=10.566 Vx=9.441 Vy=3.520 slipVel=-1.124 kappa=0.106 alpha=0.357 Fz=5745.570 Fx=4147.814 Fy=-3548.039
[DEBUG] [Tire] RL grounded=1 omega=26.978 wheelSpeed=0.000 Vx=0.000 Vy=0.000 slipVel=0.000 kappa=0.000 alpha=0.000 Fz=0.000 Fx=0.000 Fy=0.000
[DEBUG] [Tire] RR grounded=1 omega=28.998 wheelSpeed=15.180 Vx=9.990 Vy=0.839 slipVel=-5.190 kappa=0.342 alpha=0.084 Fz=5544.693 Fx=3477.180 Fy=-3956.683
[DEBUG] [Suspension] FL=0.000465 FR=0.183406 RL=0.000000 RR=0.185537
[DEBUG] [Wheel] FL=27.348219 FR=30.157711 RL=26.977818 RR=29.005154
[DEBUG] [Powertrain] gear=1 rpm=4879.974121 torque=0.000000 clutch=0.000000 running=1
[DEBUG] [Performance] FPS=59 PhysicsHz=119
[DEBUG] [Tire] FL grounded=1 omega=27.348 wheelSpeed=0.000 Vx=0.000 Vy=0.000 slipVel=0.000 kappa=0.000 alpha=0.000 Fz=0.000 Fx=0.000 Fy=0.000
[DEBUG] [Tire] FR grounded=1 omega=30.241 wheelSpeed=10.637 Vx=9.474 Vy=3.507 slipVel=-1.163 kappa=0.109 alpha=0.355 Fz=5914.405 Fx=4288.786 Fy=-3629.867
[DEBUG] [Tire] RL grounded=1 omega=26.978 wheelSpeed=0.000 Vx=0.000 Vy=0.000 slipVel=0.000 kappa=0.000 alpha=0.000 Fz=0.000 Fx=0.000 Fy=0.000
[DEBUG] [Tire] RR grounded=1 omega=29.052 wheelSpeed=15.214 Vx=10.012 Vy=0.923 slipVel=-5.202 kappa=0.342 alpha=0.092 Fz=5773.206 Fx=3513.405 Fy=-4211.440
[DEBUG] [Tire] FL grounded=1 omega=27.348 wheelSpeed=0.000 Vx=0.000 Vy=0.000 slipVel=0.000 kappa=0.000 alpha=0.000 Fz=0.000 Fx=0.000 Fy=0.000
[DEBUG] [Tire] FR grounded=1 omega=30.327 wheelSpeed=10.683 Vx=9.500 Vy=3.474 slipVel=-1.183 kappa=0.111 alpha=0.351 Fz=5997.680 Fx=4356.729 Fy=-3672.028
[DEBUG] [Tire] RL grounded=1 omega=26.978 wheelSpeed=0.000 Vx=0.000 Vy=0.000 slipVel=0.000 kappa=0.000 alpha=0.000 Fz=0.000 Fx=0.000 Fy=0.000
[DEBUG] [Tire] RR grounded=1 omega=29.074 wheelSpeed=15.271 Vx=10.021 Vy=0.972 slipVel=-5.250 kappa=0.344 alpha=0.097 Fz=6016.135 Fx=3618.023 Fy=-4424.352
[DEBUG] [Suspension] FL=0.000000 FR=0.194536 RL=0.000000 RR=0.198088
[DEBUG] [Wheel] FL=27.348219 FR=30.372812 RL=26.977818 RR=29.054131
[DEBUG] [Powertrain] gear=1 rpm=4594.755859 torque=0.000000 clutch=0.000000 running=1
[DEBUG] [Tire] FL grounded=1 omega=27.348 wheelSpeed=0.000 Vx=0.000 Vy=0.000 slipVel=0.000 kappa=0.000 alpha=0.000 Fz=0.000 Fx=0.000 Fy=0.000
[DEBUG] [Tire] FR grounded=1 omega=30.396 wheelSpeed=10.707 Vx=9.520 Vy=3.406 slipVel=-1.187 kappa=0.111 alpha=0.344 Fz=6009.359 Fx=4365.932 Fy=-3678.325
[DEBUG] [Tire] RL grounded=1 omega=26.978 wheelSpeed=0.000 Vx=0.000 Vy=0.000 slipVel=0.000 kappa=0.000 alpha=0.000 Fz=0.000 Fx=0.000 Fy=0.000
[DEBUG] [Tire] RR grounded=1 omega=29.030 wheelSpeed=15.328 Vx=10.007 Vy=0.972 slipVel=-5.321 kappa=0.347 alpha=0.097 Fz=6265.684 Fx=3767.388 Fy=-4608.454
[DEBUG] [Tire] FL grounded=1 omega=27.348 wheelSpeed=0.000 Vx=0.000 Vy=0.000 slipVel=0.000 kappa=0.000 alpha=0.000 Fz=0.000 Fx=0.000 Fy=0.000
[DEBUG] [Tire] FR grounded=1 omega=29.364 wheelSpeed=10.427 Vx=9.924 Vy=-1.385 slipVel=-0.503 kappa=0.048 alpha=-0.139 Fz=5423.808 Fx=2173.317 Fy=4671.847
[DEBUG] [Tire] RL grounded=1 omega=26.978 wheelSpeed=0.000 Vx=0.000 Vy=0.000 slipVel=0.000 kappa=0.000 alpha=0.000 Fz=0.000 Fx=0.000 Fy=0.000
[DEBUG] [Tire] RR grounded=1 omega=29.497 wheelSpeed=15.395 Vx=9.945 Vy=1.092 slipVel=-5.451 kappa=0.354 alpha=0.109 Fz=6025.649 Fx=3595.213 Fy=-4454.528
[DEBUG] [Tire] FL grounded=1 omega=27.348 wheelSpeed=0.000 Vx=0.000 Vy=0.000 slipVel=0.000 kappa=0.000 alpha=0.000 Fz=0.000 Fx=0.000 Fy=0.000
[DEBUG] [Tire] FR grounded=1 omega=28.698 wheelSpeed=10.366 Vx=9.724 Vy=0.384 slipVel=-0.642 kappa=0.062 alpha=0.039 Fz=3513.938 Fx=2495.282 Fy=-1873.242
[DEBUG] [Tire] RL grounded=1 omega=26.978 wheelSpeed=0.000 Vx=0.000 Vy=0.000 slipVel=0.000 kappa=0.000 alpha=0.000 Fz=0.000 Fx=0.000 Fy=0.000
[DEBUG] [Tire] RR grounded=1 omega=28.505 wheelSpeed=14.526 Vx=9.741 Vy=2.221 slipVel=-4.785 kappa=0.329 alpha=0.224 Fz=3649.222 Fx=2430.731 Fy=-2471.837
[DEBUG] [Energy] x=-22.895 y=3.230 z=-6.219 vx=9.104 vy=0.127 vz=-2.408 total=94780.391 potential=37709.043 linear=52774.051 angular=642.867 wheels=2800.607 suspension=853.818 suspensionPower=2352.117 suspensionResidual=0.000
[DEBUG] [Suspension] FL=0.000000 FR=0.156882 RL=0.000000 RR=0.170499
[DEBUG] [Wheel] FL=27.348219 FR=28.553873 RL=26.977818 RR=28.426504
[DEBUG] [Powertrain] gear=1 rpm=4596.113770 torque=291.993988 clutch=0.000000 running=1
[DEBUG] [Audio] Submitted bytes=25804800
[DEBUG] [Tire] FL grounded=1 omega=27.348 wheelSpeed=0.000 Vx=0.000 Vy=0.000 slipVel=0.000 kappa=0.000 alpha=0.000 Fz=0.000 Fx=0.000 Fy=0.000
[DEBUG] [Tire] FR grounded=1 omega=28.260 wheelSpeed=10.373 Vx=9.653 Vy=0.668 slipVel=-0.720 kappa=0.069 alpha=0.069 Fz=4504.687 Fx=2806.177 Fy=-3230.956
[DEBUG] [Tire] RL grounded=1 omega=26.978 wheelSpeed=0.000 Vx=0.000 Vy=0.000 slipVel=0.000 kappa=0.000 alpha=0.000 Fz=0.000 Fx=0.000 Fy=0.000
[DEBUG] [Tire] RR grounded=1 omega=28.190 wheelSpeed=14.521 Vx=9.667 Vy=2.485 slipVel=-4.854 kappa=0.334 alpha=0.252 Fz=3953.999 Fx=2633.742 Fy=-2678.281
[DEBUG] [Tire] FL grounded=1 omega=26.236 wheelSpeed=8.751 Vx=8.568 Vy=0.819 slipVel=-0.184 kappa=0.021 alpha=0.095 Fz=4747.261 Fx=750.568 Fy=-4447.002
[DEBUG] [Tire] FR grounded=1 omega=28.143 wheelSpeed=10.506 Vx=9.688 Vy=0.819 slipVel=-0.818 kappa=0.078 alpha=0.084 Fz=5227.727 Fx=3164.672 Fy=-3827.452
[DEBUG] [Tire] RL grounded=1 omega=36.027 wheelSpeed=0.000 Vx=0.000 Vy=0.000 slipVel=0.000 kappa=0.000 alpha=0.000 Fz=0.000 Fx=0.000 Fy=0.000
[DEBUG] [Tire] RR grounded=1 omega=28.295 wheelSpeed=14.716 Vx=9.701 Vy=2.730 slipVel=-5.015 kappa=0.341 alpha=0.274 Fz=4464.277 Fx=2973.636 Fy=-3023.923
[DEBUG] [Suspension] FL=0.035040 FR=0.165053 RL=0.017753 RR=0.167302
[DEBUG] [Wheel] FL=27.543995 FR=26.690664 RL=55.659630 RR=48.286621
[DEBUG] [Powertrain] gear=1 rpm=6688.337891 torque=284.469543 clutch=0.000000 running=1
[DEBUG] [Tire] FL grounded=1 omega=27.712 wheelSpeed=8.858 Vx=8.863 Vy=0.296 slipVel=0.006 kappa=-0.001 alpha=0.033 Fz=977.658 Fx=-21.853 Fy=-447.111
[DEBUG] [Tire] FR grounded=1 omega=26.979 wheelSpeed=10.889 Vx=9.847 Vy=0.296 slipVel=-1.042 kappa=0.096 alpha=0.030 Fz=5292.426 Fx=4758.201 Fy=-1624.297
[DEBUG] [Tire] RL grounded=1 omega=61.414 wheelSpeed=15.884 Vx=8.850 Vy=1.980 slipVel=-7.034 kappa=0.443 alpha=0.220 Fz=1530.659 Fx=1019.565 Fy=-1036.807
[DEBUG] [Tire] RR grounded=1 omega=47.837 wheelSpeed=13.087 Vx=9.860 Vy=1.980 slipVel=-3.227 kappa=0.247 alpha=0.198 Fz=6456.861 Fx=4284.146 Fy=-4390.020
[DEBUG] [Tire] FL grounded=1 omega=27.230 wheelSpeed=0.000 Vx=0.000 Vy=0.000 slipVel=0.000 kappa=0.000 alpha=0.000 Fz=0.000 Fx=0.000 Fy=0.000
[DEBUG] [Tire] FR grounded=1 omega=27.830 wheelSpeed=9.655 Vx=8.791 Vy=4.702 slipVel=-0.864 kappa=0.090 alpha=0.491 Fz=5467.702 Fx=3759.673 Fy=-3584.102
[DEBUG] [Tire] RL grounded=1 omega=68.619 wheelSpeed=0.000 Vx=0.000 Vy=0.000 slipVel=0.000 kappa=0.000 alpha=0.000 Fz=0.000 Fx=0.000 Fy=0.000
[DEBUG] [Tire] RR grounded=1 omega=44.133 wheelSpeed=7.685 Vx=9.983 Vy=1.545 slipVel=2.299 kappa=-0.230 alpha=0.154 Fz=7213.800 Fx=-4611.202 Fy=-5069.707
[DEBUG] [Tire] FL grounded=1 omega=27.230 wheelSpeed=0.000 Vx=0.000 Vy=0.000 slipVel=0.000 kappa=0.000 alpha=0.000 Fz=0.000 Fx=0.000 Fy=0.000
[DEBUG] [Tire] FR grounded=1 omega=33.347 wheelSpeed=8.816 Vx=9.770 Vy=0.389 slipVel=0.954 kappa=-0.098 alpha=0.040 Fz=4560.896 Fx=-3913.310 Fy=-1860.002
[DEBUG] [Tire] RL grounded=1 omega=67.534 wheelSpeed=17.546 Vx=8.971 Vy=1.738 slipVel=-8.575 kappa=0.489 alpha=0.191 Fz=598.992 Fx=395.300 Fy=-409.326
[DEBUG] [Tire] RR grounded=1 omega=46.513 wheelSpeed=8.807 Vx=9.781 Vy=1.738 slipVel=0.974 kappa=-0.100 alpha=0.176 Fz=5470.825 Fx=-3851.097 Fy=-3490.101
[DEBUG] [Energy] x=-18.150 y=3.171 z=-6.677 vx=9.399 vy=0.062 vz=0.770 total=95988.031 potential=37022.359 linear=52912.453 angular=297.966 wheels=4671.662 suspension=1083.586 suspensionPower=1637.760 suspensionResidual=0.000
[DEBUG] [Suspension] FL=0.000000 FR=0.171210 RL=0.009464 RR=0.204364
[DEBUG] [Wheel] FL=27.230335 FR=33.136448 RL=66.229485 RR=46.333038
[DEBUG] [Powertrain] gear=1 rpm=6949.972656 torque=280.000000 clutch=0.000000 running=1
[DEBUG] [Performance] FPS=60 PhysicsHz=121
[DEBUG] [Tire] FL grounded=1 omega=28.223 wheelSpeed=8.999 Vx=9.049 Vy=0.370 slipVel=0.051 kappa=-0.006 alpha=0.041 Fz=884.524 Fx=-69.166 Fy=-496.557
[DEBUG] [Tire] FR grounded=1 omega=33.233 wheelSpeed=8.671 Vx=9.695 Vy=0.370 slipVel=1.024 kappa=-0.106 alpha=0.038 Fz=4748.238 Fx=-4142.605 Fy=-1785.043
[DEBUG] [Tire] RL grounded=1 omega=59.452 wheelSpeed=14.996 Vx=9.042 Vy=1.475 slipVel=-5.954 kappa=0.397 alpha=0.162 Fz=742.613 Fx=470.979 Fy=-525.247
[DEBUG] [Tire] RR grounded=1 omega=45.931 wheelSpeed=8.994 Vx=9.704 Vy=1.475 slipVel=0.710 kappa=-0.073 alpha=0.151 Fz=5141.079 Fx=-3062.814 Fy=-3804.323
[DEBUG] [Tire] FL grounded=1 omega=27.750 wheelSpeed=8.908 Vx=8.498 Vy=-3.904 slipVel=-0.410 kappa=0.046 alpha=-0.431 Fz=1631.951 Fx=795.368 Fy=1330.784
[DEBUG] [Tire] FR grounded=1 omega=29.563 wheelSpeed=9.037 Vx=8.825 Vy=-4.083 slipVel=-0.212 kappa=0.023 alpha=-0.433 Fz=3926.018 Fx=918.127 Fy=3541.269
[DEBUG] [Tire] RL grounded=1 omega=61.827 wheelSpeed=16.077 Vx=9.326 Vy=1.285 slipVel=-6.751 kappa=0.420 alpha=0.137 Fz=1879.644 Fx=1148.299 Fy=-1367.479
[DEBUG] [Tire] RR grounded=1 omega=42.406 wheelSpeed=7.887 Vx=9.707 Vy=1.285 slipVel=1.819 kappa=-0.187 alpha=0.132 Fz=4653.744 Fx=-3017.705 Fy=-3230.976
[DEBUG] [Suspension] FL=0.045579 FR=0.137227 RL=0.050670 RR=0.159487
[DEBUG] [Wheel] FL=30.315199 FR=29.604080 RL=49.050236 RR=37.176006
[DEBUG] [Powertrain] gear=1 rpm=7000.000000 torque=280.905365 clutch=0.000000 running=1
[DEBUG] [Tire] FL grounded=1 omega=31.644 wheelSpeed=9.912 Vx=10.062 Vy=1.474 slipVel=0.150 kappa=-0.015 alpha=0.145 Fz=2664.625 Fx=-452.705 Fy=-2490.584
[DEBUG] [Tire] FR grounded=1 omega=29.942 wheelSpeed=9.508 Vx=9.566 Vy=1.474 slipVel=0.058 kappa=-0.006 alpha=0.153 Fz=2001.629 Fx=-154.976 Fy=-1895.222
[DEBUG] [Tire] RL grounded=1 omega=61.691 wheelSpeed=16.712 Vx=10.070 Vy=0.616 slipVel=-6.643 kappa=0.397 alpha=0.061 Fz=3669.745 Fx=2580.188 Fy=-2344.487
[DEBUG] [Tire] RR grounded=1 omega=52.186 wheelSpeed=13.572 Vx=9.557 Vy=0.616 slipVel=-4.015 kappa=0.296 alpha=0.064 Fz=3460.877 Fx=2372.840 Fy=-2275.846
[DEBUG] [Tire] FL grounded=1 omega=32.329 wheelSpeed=10.311 Vx=10.347 Vy=0.391 slipVel=0.037 kappa=-0.004 alpha=0.038 Fz=1331.151 Fx=-72.434 Fy=-690.471
[DEBUG] [Tire] FR grounded=1 omega=31.585 wheelSpeed=10.056 Vx=10.080 Vy=0.391 slipVel=0.024 kappa=-0.002 alpha=0.039 Fz=2637.451 Fx=-108.223 Fy=-1404.860
[DEBUG] [Tire] RL grounded=1 omega=42.532 wheelSpeed=19.125 Vx=10.351 Vy=-0.073 slipVel=-8.774 kappa=0.459 alpha=-0.007 Fz=3002.429 Fx=2663.155 Fy=273.142
[DEBUG] [Tire] RR grounded=1 omega=30.106 wheelSpeed=15.909 Vx=10.076 Vy=-0.072 slipVel=-5.833 kappa=0.367 alpha=-0.007 Fz=4811.823 Fx=4268.087 Fy=330.269
[DEBUG] [Tire] FL grounded=1 omega=33.496 wheelSpeed=10.675 Vx=10.709 Vy=0.190 slipVel=0.034 kappa=-0.003 alpha=0.018 Fz=1828.639 Fx=-92.042 Fy=-435.501
[DEBUG] [Tire] FR grounded=1 omega=33.019 wheelSpeed=10.509 Vx=10.555 Vy=0.191 slipVel=0.047 kappa=-0.004 alpha=0.018 Fz=1879.326 Fx=-121.507 Fy=-455.281
[DEBUG] [Tire] RL grounded=1 omega=34.885 wheelSpeed=17.034 Vx=10.712 Vy=-0.078 slipVel=-6.322 kappa=0.371 alpha=-0.007 Fz=3850.710 Fx=3415.580 Fy=323.923
[DEBUG] [Tire] RR grounded=1 omega=37.551 wheelSpeed=18.107 Vx=10.553 Vy=-0.077 slipVel=-7.555 kappa=0.417 alpha=-0.007 Fz=4375.664 Fx=3881.214 Fy=332.893
[DEBUG] [Energy] x=-13.253 y=3.205 z=-5.777 vx=10.380 vy=0.113 vz=2.347 total=112581.008 potential=37409.555 linear=67391.133 angular=17.624 wheels=7105.135 suspension=657.559 suspensionPower=-398.254 suspensionResidual=-0.000
[DEBUG] [Suspension] FL=0.052920 FR=0.088561 RL=0.100046 RR=0.152264
[DEBUG] [Wheel] FL=33.724064 FR=33.326572 RL=53.997231 RR=52.258209
[DEBUG] [Powertrain] gear=1 rpm=6900.284668 torque=280.905365 clutch=0.000000 running=1
[DEBUG] [Tire] FL grounded=1 omega=34.773 wheelSpeed=11.075 Vx=11.113 Vy=0.056 slipVel=0.038 kappa=-0.003 alpha=0.005 Fz=2096.824 Fx=-110.448 Fy=-135.018
[DEBUG] [Tire] FR grounded=1 omega=34.510 wheelSpeed=11.000 Vx=11.042 Vy=0.056 slipVel=0.042 kappa=-0.004 alpha=0.005 Fz=1572.552 Fx=-90.965 Fy=-103.066
[DEBUG] [Tire] RL grounded=1 omega=36.193 wheelSpeed=17.588 Vx=11.114 Vy=-0.070 slipVel=-6.474 kappa=0.368 alpha=-0.006 Fz=4173.840 Fx=3702.196 Fy=279.401
[DEBUG] [Tire] RR grounded=1 omega=37.179 wheelSpeed=17.877 Vx=11.041 Vy=-0.069 slipVel=-6.836 kappa=0.382 alpha=-0.006 Fz=4110.147 Fx=3645.700 Fy=276.458
[DEBUG] [Audio] Callback count=3200 additionalBytes=8192 totalBytes=8192
[DEBUG] [Audio] GenerateAudio rpm=6949.972656 torque=280.000000 speed=40.903118 slip=0.070672 running=1
[DEBUG] [Audio] Submitted bytes=26214400
[DEBUG] [Tire] FL grounded=1 omega=33.425 wheelSpeed=10.657 Vx=10.275 Vy=5.017 slipVel=-0.382 kappa=0.036 alpha=0.454 Fz=1255.262 Fx=498.566 Fy=-1083.275
[DEBUG] [Tire] FR grounded=1 omega=34.247 wheelSpeed=10.858 Vx=10.490 Vy=5.136 slipVel=-0.369 kappa=0.034 alpha=0.455 Fz=2469.933 Fx=933.744 Fy=-2152.646
[DEBUG] [Tire] RL grounded=1 omega=49.363 wheelSpeed=14.640 Vx=11.419 Vy=-0.103 slipVel=-3.221 kappa=0.220 alpha=-0.009 Fz=3264.322 Fx=2943.312 Fy=384.512
[DEBUG] [Tire] RR grounded=1 omega=47.691 wheelSpeed=14.853 Vx=11.671 Vy=-0.102 slipVel=-3.181 kappa=0.214 alpha=-0.009 Fz=4966.079 Fx=4521.832 Fy=415.838
[DEBUG] [Suspension] FL=0.029357 FR=0.036461 RL=0.114847 RR=0.159843
[DEBUG] [Wheel] FL=33.918976 FR=34.246536 RL=79.058220 RR=56.046806
[DEBUG] [Powertrain] gear=2 rpm=6466.631836 torque=287.682739 clutch=0.000000 running=1
[DEBUG] [Tire] FL grounded=1 omega=33.919 wheelSpeed=0.000 Vx=0.000 Vy=0.000 slipVel=0.000 kappa=0.000 alpha=0.000 Fz=0.000 Fx=0.000 Fy=0.000
[DEBUG] [Tire] FR grounded=1 omega=34.247 wheelSpeed=0.000 Vx=0.000 Vy=0.000 slipVel=0.000 kappa=0.000 alpha=0.000 Fz=0.000 Fx=0.000 Fy=0.000
[DEBUG] [Tire] RL grounded=1 omega=92.441 wheelSpeed=28.623 Vx=11.860 Vy=0.209 slipVel=-16.763 kappa=0.586 alpha=0.018 Fz=3446.463 Fx=3057.013 Fy=-798.423
[DEBUG] [Tire] RR grounded=1 omega=58.909 wheelSpeed=18.755 Vx=12.214 Vy=0.211 slipVel=-6.540 kappa=0.349 alpha=0.017 Fz=5499.059 Fx=4877.666 Fy=-941.105
[DEBUG] [Tire] FL grounded=1 omega=33.919 wheelSpeed=0.000 Vx=0.000 Vy=0.000 slipVel=0.000 kappa=0.000 alpha=0.000 Fz=0.000 Fx=0.000 Fy=0.000
[DEBUG] [Tire] FR grounded=1 omega=37.221 wheelSpeed=11.506 Vx=12.531 Vy=-0.157 slipVel=1.025 kappa=-0.082 alpha=-0.012 Fz=914.792 Fx=-856.046 Fy=149.791
[DEBUG] [Tire] RL grounded=1 omega=94.767 wheelSpeed=34.176 Vx=12.312 Vy=0.249 slipVel=-21.864 kappa=0.640 alpha=0.020 Fz=3090.545 Fx=2741.313 Fy=-843.386
[DEBUG] [Tire] RR grounded=1 omega=34.988 wheelSpeed=16.145 Vx=12.553 Vy=0.249 slipVel=-3.592 kappa=0.222 alpha=0.020 Fz=5629.360 Fx=5057.724 Fy=-1130.035
[DEBUG] [Tire] FL grounded=1 omega=39.608 wheelSpeed=11.952 Vx=12.559 Vy=0.180 slipVel=0.607 kappa=-0.048 alpha=0.014 Fz=2557.418 Fx=-1525.661 Fy=-487.418
[DEBUG] [Tire] FR grounded=1 omega=39.755 wheelSpeed=12.699 Vx=12.698 Vy=0.181 slipVel=-0.001 kappa=0.000 alpha=0.014 Fz=3336.206 Fx=-47.850 Fy=-631.449
[DEBUG] [Tire] RL grounded=1 omega=109.289 wheelSpeed=32.750 Vx=12.557 Vy=0.419 slipVel=-20.193 kappa=0.617 alpha=0.033 Fz=821.809 Fx=693.746 Fy=-358.103
[DEBUG] [Tire] RR grounded=1 omega=58.593 wheelSpeed=16.897 Vx=12.700 Vy=0.419 slipVel=-4.197 kappa=0.248 alpha=0.033 Fz=1741.932 Fx=1474.036 Fy=-752.130
[DEBUG] [Suspension] FL=0.016332 FR=0.053394 RL=0.075299 RR=0.117452
[DEBUG] [Wheel] FL=39.530842 FR=40.033730 RL=110.019211 RR=56.581650
[DEBUG] [Powertrain] gear=2 rpm=6853.701172 torque=281.730011 clutch=0.000000 running=1
[DEBUG] [Energy] x=-7.340 y=3.167 z=-4.357 vx=12.566 vy=-0.716 vz=3.270 total=154112.078 potential=36968.617 linear=100618.828 angular=79.491 wheels=16110.207 suspension=334.951 suspensionPower=-1849.633 suspensionResidual=-0.000
[DEBUG] [Performance] FPS=60 PhysicsHz=120
[DEBUG] [Tire] FL grounded=1 omega=41.166 wheelSpeed=13.116 Vx=13.165 Vy=0.099 slipVel=0.048 kappa=-0.004 alpha=0.008 Fz=2148.926 Fx=-120.427 Fy=-209.742
[DEBUG] [Tire] FR grounded=1 omega=41.653 wheelSpeed=13.273 Vx=13.297 Vy=0.099 slipVel=0.023 kappa=-0.002 alpha=0.007 Fz=3600.740 Fx=-117.193 Fy=-328.050
[DEBUG] [Tire] RL grounded=1 omega=118.853 wheelSpeed=36.429 Vx=13.163 Vy=0.325 slipVel=-23.266 kappa=0.639 alpha=0.025 Fz=2252.595 Fx=1998.052 Fy=-756.460
[DEBUG] [Tire] RR grounded=1 omega=48.641 wheelSpeed=13.928 Vx=13.299 Vy=0.326 slipVel=-0.630 kappa=0.045 alpha=0.024 Fz=3861.760 Fx=1929.388 Fy=-1189.795
[DEBUG] [Tire] FL grounded=1 omega=42.973 wheelSpeed=13.696 Vx=13.767 Vy=0.140 slipVel=0.070 kappa=-0.005 alpha=0.010 Fz=1607.639 Fx=-116.380 Fy=-214.105
[DEBUG] [Tire] FR grounded=1 omega=43.262 wheelSpeed=13.776 Vx=13.816 Vy=0.140 slipVel=0.040 kappa=-0.003 alpha=0.010 Fz=3024.716 Fx=-142.941 Fy=-401.879
[DEBUG] [Tire] RL grounded=1 omega=118.147 wheelSpeed=36.593 Vx=13.766 Vy=0.224 slipVel=-22.826 kappa=0.624 alpha=0.016 Fz=3178.527 Fx=2819.354 Fy=-689.785
[DEBUG] [Tire] RR grounded=1 omega=53.857 wheelSpeed=12.787 Vx=13.817 Vy=0.224 slipVel=1.030 kappa=-0.075 alpha=0.016 Fz=4749.704 Fx=-3999.834 Fy=-823.121
[DEBUG] [Suspension] FL=0.051854 FR=0.095428 RL=0.091047 RR=0.139832
[DEBUG] [Wheel] FL=44.093594 FR=44.249264 RL=115.468414 RR=54.755283
[DEBUG] [Powertrain] gear=2 rpm=6949.972656 torque=280.000000 clutch=0.000000 running=1
[DEBUG] [Tire] FL grounded=1 omega=44.592 wheelSpeed=14.218 Vx=14.293 Vy=0.167 slipVel=0.075 kappa=-0.005 alpha=0.012 Fz=1473.375 Fx=-108.626 Fy=-226.419
[DEBUG] [Tire] FR grounded=1 omega=44.637 wheelSpeed=14.224 Vx=14.271 Vy=0.167 slipVel=0.047 kappa=-0.003 alpha=0.012 Fz=2459.616 Fx=-127.239 Fy=-379.066
[DEBUG] [Tire] RL grounded=1 omega=112.755 wheelSpeed=36.848 Vx=14.293 Vy=0.128 slipVel=-22.555 kappa=0.612 alpha=0.009 Fz=3637.031 Fx=3226.047 Fy=-395.913
[DEBUG] [Tire] RR grounded=1 omega=46.908 wheelSpeed=16.387 Vx=14.270 Vy=0.128 slipVel=-2.116 kappa=0.129 alpha=0.009 Fz=4765.931 Fx=4512.427 Fy=-370.775
[DEBUG] [Tire] FL grounded=1 omega=46.384 wheelSpeed=14.803 Vx=14.858 Vy=0.158 slipVel=0.054 kappa=-0.004 alpha=0.011 Fz=1482.997 Fx=-82.921 Fy=-207.109
[DEBUG] [Tire] FR grounded=1 omega=46.288 wheelSpeed=14.787 Vx=14.802 Vy=0.158 slipVel=0.015 kappa=-0.001 alpha=0.011 Fz=2015.028 Fx=-52.891 Fy=-283.077
[DEBUG] [Tire] RL grounded=1 omega=110.522 wheelSpeed=35.739 Vx=14.859 Vy=0.061 slipVel=-20.880 kappa=0.584 alpha=0.004 Fz=3935.112 Fx=3490.445 Fy=-178.110
[DEBUG] [Tire] RR grounded=1 omega=51.546 wheelSpeed=17.285 Vx=14.801 Vy=0.061 slipVel=-2.483 kappa=0.144 alpha=0.004 Fz=4605.491 Fx=4372.154 Fy=-163.662
[DEBUG] [Tire] FL grounded=1 omega=48.549 wheelSpeed=15.407 Vx=15.492 Vy=0.201 slipVel=0.085 kappa=-0.005 alpha=0.013 Fz=4255.960 Fx=-271.243 Fy=-615.822
[DEBUG] [Tire] FR grounded=1 omega=48.332 wheelSpeed=15.434 Vx=15.433 Vy=0.201 slipVel=-0.001 kappa=0.000 alpha=0.013 Fz=4665.348 Fx=-68.108 Fy=-635.241
[DEBUG] [Tire] RL grounded=1 omega=106.449 wheelSpeed=34.962 Vx=15.504 Vy=0.093 slipVel=-19.458 kappa=0.557 alpha=0.006 Fz=4494.197 Fx=3986.353 Fy=-269.970
[DEBUG] [Tire] RR grounded=1 omega=53.018 wheelSpeed=17.809 Vx=15.437 Vy=0.093 slipVel=-2.372 kappa=0.133 alpha=0.006 Fz=4081.215 Fx=3869.958 Fy=-236.112
[DEBUG] [Suspension] FL=0.059432 FR=0.097560 RL=0.127162 RR=0.148475
[DEBUG] [Wheel] FL=49.011929 FR=48.866886 RL=106.608002 RR=53.075054
[DEBUG] [Powertrain] gear=2 rpm=6876.504883 torque=282.510132 clutch=0.000000 running=1
[DEBUG] [Energy] x=-0.404 y=2.819 z=-2.404 vx=14.981 vy=-0.449 vz=4.318 total=195202.875 potential=32905.477 linear=144743.703 angular=41.938 wheels=16719.459 suspension=792.303 suspensionPower=-1868.650 suspensionResidual=-0.000
[DEBUG] [Tire] FL grounded=1 omega=47.778 wheelSpeed=15.459 Vx=14.528 Vy=-7.576 slipVel=-0.931 kappa=0.060 alpha=-0.481 Fz=2348.382 Fx=1370.770 Fy=1760.167
[DEBUG] [Tire] FR grounded=1 omega=47.453 wheelSpeed=15.316 Vx=14.427 Vy=-7.521 slipVel=-0.889 kappa=0.058 alpha=-0.481 Fz=2019.047 Fx=1152.552 Fy=1533.203
[DEBUG] [Tire] RL grounded=1 omega=101.076 wheelSpeed=33.386 Vx=16.395 Vy=0.127 slipVel=-16.992 kappa=0.509 alpha=0.008 Fz=5050.270 Fx=4479.589 Fy=-364.690
[DEBUG] [Tire] RR grounded=1 omega=56.360 wheelSpeed=18.585 Vx=16.270 Vy=0.128 slipVel=-2.315 kappa=0.125 alpha=0.008 Fz=3635.171 Fx=3440.194 Fy=-301.869
[DEBUG] [Tire] FL grounded=1 omega=52.145 wheelSpeed=16.072 Vx=17.354 Vy=0.573 slipVel=1.282 kappa=-0.074 alpha=0.033 Fz=1539.223 Fx=-1297.973 Fy=-673.405
[DEBUG] [Tire] FR grounded=1 omega=47.965 wheelSpeed=0.000 Vx=0.000 Vy=0.000 slipVel=0.000 kappa=0.000 alpha=0.000 Fz=0.000 Fx=0.000 Fy=0.000
[DEBUG] [Tire] RL grounded=1 omega=77.845 wheelSpeed=25.716 Vx=17.359 Vy=-0.175 slipVel=-8.357 kappa=0.325 alpha=-0.010 Fz=7990.277 Fx=7087.376 Fy=572.568
[DEBUG] [Tire] RR grounded=1 omega=58.082 wheelSpeed=18.474 Vx=16.912 Vy=-0.177 slipVel=-1.562 kappa=0.085 alpha=-0.010 Fz=5719.097 Fx=5148.012 Fy=530.812
[DEBUG] [Audio] Submitted bytes=26624000
[DEBUG] [Suspension] FL=0.058012 FR=0.032791 RL=0.203061 RR=0.168131
[DEBUG] [Wheel] FL=55.202564 FR=47.965111 RL=65.910164 RR=64.052452
[DEBUG] [Powertrain] gear=2 rpm=6013.373047 torque=292.617920 clutch=0.000000 running=1
[DEBUG] [Tire] FL grounded=1 omega=55.906 wheelSpeed=17.834 Vx=18.004 Vy=0.114 slipVel=0.170 kappa=-0.009 alpha=0.006 Fz=959.730 Fx=-117.520 Fy=-78.323
[DEBUG] [Tire] FR grounded=1 omega=47.965 wheelSpeed=0.000 Vx=0.000 Vy=0.000 slipVel=0.000 kappa=0.000 alpha=0.000 Fz=0.000 Fx=0.000 Fy=0.000
[DEBUG] [Tire] RL grounded=1 omega=62.865 wheelSpeed=20.290 Vx=18.009 Vy=-0.397 slipVel=-2.282 kappa=0.112 alpha=-0.022 Fz=6184.240 Fx=5757.279 Fy=1170.339
[DEBUG] [Tire] RR grounded=1 omega=71.411 wheelSpeed=22.174 Vx=17.703 Vy=-0.399 slipVel=-4.471 kappa=0.202 alpha=-0.023 Fz=4330.032 Fx=3957.692 Fy=1121.520
[DEBUG] [Tire] FL grounded=1 omega=57.374 wheelSpeed=18.340 Vx=18.348 Vy=-0.123 slipVel=0.009 kappa=-0.000 alpha=-0.007 Fz=2082.713 Fx=-42.162 Fy=180.482
[DEBUG] [Tire] FR grounded=1 omega=50.206 wheelSpeed=15.821 Vx=18.214 Vy=-0.132 slipVel=2.393 kappa=-0.131 alpha=-0.007 Fz=546.034 Fx=-516.880 Fy=43.792
[DEBUG] [Tire] RL grounded=1 omega=55.303 wheelSpeed=20.884 Vx=18.351 Vy=-0.358 slipVel=-2.534 kappa=0.121 alpha=-0.019 Fz=4753.291 Fx=4430.382 Fy=873.264
[DEBUG] [Tire] RR grounded=1 omega=70.586 wheelSpeed=25.017 Vx=18.213 Vy=-0.359 slipVel=-6.804 kappa=0.272 alpha=-0.020 Fz=3188.136 Fx=2827.877 Fy=845.321
[DEBUG] [Tire] FL grounded=1 omega=58.550 wheelSpeed=18.708 Vx=18.716 Vy=-0.164 slipVel=0.009 kappa=-0.000 alpha=-0.009 Fz=2992.310 Fx=-60.244 Fy=342.169
[DEBUG] [Tire] FR grounded=1 omega=58.086 wheelSpeed=18.530 Vx=18.659 Vy=-0.182 slipVel=0.129 kappa=-0.007 alpha=-0.010 Fz=1306.669 Fx=-121.519 Fy=166.573
[DEBUG] [Tire] RL grounded=1 omega=61.341 wheelSpeed=21.224 Vx=18.717 Vy=-0.273 slipVel=-2.507 kappa=0.118 alpha=-0.015 Fz=3940.518 Fx=3696.587 Fy=590.741
[DEBUG] [Tire] RR grounded=1 omega=76.023 wheelSpeed=25.398 Vx=18.658 Vy=-0.275 slipVel=-6.740 kappa=0.265 alpha=-0.015 Fz=2919.878 Fx=2589.932 Fy=572.901
[DEBUG] [Suspension] FL=0.073168 FR=0.025804 RL=0.162921 RR=0.119465
[DEBUG] [Wheel] FL=58.807236 FR=58.415977 RL=61.282204 RR=76.436172
[DEBUG] [Powertrain] gear=2 rpm=6112.905762 torque=292.816315 clutch=0.000000 running=1
[DEBUG] [Energy] x=8.239 y=2.765 z=-0.228 vx=18.560 vy=-0.129 vz=4.101 total=264156.844 potential=32280.914 linear=214983.109 angular=11.353 wheels=16199.293 suspension=682.148 suspensionPower=333.971 suspensionResidual=-0.000
[DEBUG] [Performance] FPS=60 PhysicsHz=120
[DEBUG] [Tire] FL grounded=1 omega=60.351 wheelSpeed=19.275 Vx=19.284 Vy=-0.128 slipVel=0.009 kappa=-0.000 alpha=-0.007 Fz=4129.244 Fx=-79.367 Fy=296.293
[DEBUG] [Tire] FR grounded=1 omega=60.238 wheelSpeed=19.230 Vx=19.265 Vy=-0.142 slipVel=0.035 kappa=-0.002 alpha=-0.007 Fz=2774.054 Fx=-98.198 Fy=265.296
[DEBUG] [Tire] RL grounded=1 omega=63.117 wheelSpeed=21.802 Vx=19.286 Vy=-0.161 slipVel=-2.516 kappa=0.115 alpha=-0.008 Fz=4081.748 Fx=3863.486 Fy=331.249
[DEBUG] [Tire] RR grounded=1 omega=78.477 wheelSpeed=26.192 Vx=19.267 Vy=-0.170 slipVel=-6.925 kappa=0.264 alpha=-0.009 Fz=3106.121 Fx=2755.130 Fy=356.536
[DEBUG] [Tire] FL grounded=1 omega=62.206 wheelSpeed=19.861 Vx=19.897 Vy=-0.071 slipVel=0.036 kappa=-0.002 alpha=-0.004 Fz=2715.723 Fx=-95.339 Fy=123.560
[DEBUG] [Tire] FR grounded=1 omega=62.117 wheelSpeed=19.829 Vx=19.919 Vy=-0.086 slipVel=0.090 kappa=-0.005 alpha=-0.004 Fz=1542.280 Fx=-101.032 Fy=85.364
[DEBUG] [Tire] RL grounded=1 omega=69.318 wheelSpeed=22.376 Vx=19.896 Vy=-0.032 slipVel=-2.480 kappa=0.111 alpha=-0.002 Fz=6097.708 Fx=5792.495 Fy=61.692
[DEBUG] [Tire] RR grounded=1 omega=76.694 wheelSpeed=24.495 Vx=19.919 Vy=-0.056 slipVel=-4.576 kappa=0.187 alpha=-0.003 Fz=5562.773 Fx=5283.233 Fy=121.676
[DEBUG] [Suspension] FL=0.086429 FR=0.058248 RL=0.162803 RR=0.142200
[DEBUG] [Wheel] FL=63.611507 FR=63.704487 RL=69.332436 RR=70.976303
[DEBUG] [Powertrain] gear=2 rpm=6039.897461 torque=292.598877 clutch=0.000000 running=1
[DEBUG] [Tire] FL grounded=1 omega=64.195 wheelSpeed=20.501 Vx=20.614 Vy=-0.026 slipVel=0.113 kappa=-0.005 alpha=-0.001 Fz=1137.565 Fx=-86.822 Fy=17.956
[DEBUG] [Tire] FR grounded=1 omega=64.369 wheelSpeed=20.551 Vx=20.652 Vy=-0.026 slipVel=0.101 kappa=-0.005 alpha=-0.001 Fz=1415.564 Fx=-98.836 Fy=22.305
[DEBUG] [Tire] RL grounded=1 omega=66.565 wheelSpeed=22.945 Vx=20.613 Vy=0.040 slipVel=-2.331 kappa=0.102 alpha=0.002 Fz=5155.607 Fx=4897.207 Fy=-77.907
[DEBUG] [Tire] RR grounded=1 omega=66.782 wheelSpeed=22.924 Vx=20.653 Vy=0.009 slipVel=-2.271 kappa=0.099 alpha=0.000 Fz=4956.435 Fx=4708.579 Fy=-17.860
[DEBUG] [Tire] FL grounded=1 omega=65.403 wheelSpeed=20.896 Vx=20.962 Vy=0.087 slipVel=0.066 kappa=-0.003 alpha=0.004 Fz=1380.883 Fx=-68.819 Fy=-73.280
[DEBUG] [Tire] FR grounded=1 omega=65.543 wheelSpeed=20.945 Vx=20.979 Vy=0.087 slipVel=0.034 kappa=-0.002 alpha=0.004 Fz=1864.224 Fx=-61.151 Fy=-98.818
[DEBUG] [Tire] RL grounded=1 omega=69.068 wheelSpeed=23.530 Vx=20.962 Vy=0.116 slipVel=-2.568 kappa=0.109 alpha=0.006 Fz=4008.755 Fx=3802.189 Fy=-215.966
[DEBUG] [Tire] RR grounded=1 omega=68.275 wheelSpeed=23.497 Vx=20.979 Vy=0.116 slipVel=-2.519 kappa=0.107 alpha=0.006 Fz=4500.432 Fx=4269.682 Fy=-221.237
[DEBUG] [Tire] FL grounded=1 omega=66.800 wheelSpeed=21.340 Vx=21.405 Vy=0.133 slipVel=0.065 kappa=-0.003 alpha=0.006 Fz=1544.838 Fx=-75.203 Fy=-124.104
[DEBUG] [Tire] FR grounded=1 omega=66.880 wheelSpeed=21.370 Vx=21.401 Vy=0.133 slipVel=0.031 kappa=-0.001 alpha=0.006 Fz=2126.131 Fx=-66.337 Fy=-170.813
[DEBUG] [Tire] RL grounded=1 omega=71.248 wheelSpeed=24.120 Vx=21.405 Vy=0.127 slipVel=-2.715 kappa=0.113 alpha=0.006 Fz=3535.454 Fx=3351.051 Fy=-226.257
[DEBUG] [Tire] RR grounded=1 omega=69.994 wheelSpeed=23.985 Vx=21.401 Vy=0.127 slipVel=-2.584 kappa=0.108 alpha=0.006 Fz=4126.404 Fx=3913.044 Fy=-234.817
[DEBUG] [Suspension] FL=0.054578 FR=0.062511 RL=0.138529 RR=0.146462
[DEBUG] [Wheel] FL=67.044403 FR=67.115082 RL=71.574120 RR=70.270264
[DEBUG] [Powertrain] gear=2 rpm=6297.425293 torque=291.024872 clutch=0.000000 running=1
[DEBUG] [Energy] x=18.392 y=2.896 z=1.873 vx=21.236 vy=0.410 vz=4.336 total=331529.375 potential=33805.832 linear=279606.719 angular=2.317 wheels=17422.840 suspension=691.666 suspensionPower=419.748 suspensionResidual=0.000
[DEBUG] [Tire] FL grounded=1 omega=68.219 wheelSpeed=21.795 Vx=21.882 Vy=0.164 slipVel=0.087 kappa=-0.004 alpha=0.007 Fz=1263.590 Fx=-75.163 Fy=-122.820
[DEBUG] [Tire] FR grounded=1 omega=68.327 wheelSpeed=21.833 Vx=21.862 Vy=0.162 slipVel=0.029 kappa=-0.001 alpha=0.007 Fz=2279.668 Fx=-67.721 Fy=-219.691
[DEBUG] [Tire] RL grounded=1 omega=72.774 wheelSpeed=24.623 Vx=21.882 Vy=0.131 slipVel=-2.741 kappa=0.111 alpha=0.006 Fz=3613.354 Fx=3424.939 Fy=-230.497
[DEBUG] [Tire] RR grounded=1 omega=71.852 wheelSpeed=24.488 Vx=21.861 Vy=0.131 slipVel=-2.626 kappa=0.107 alpha=0.006 Fz=3967.184 Fx=3761.374 Fy=-236.865
[DEBUG] [Tire] FL grounded=1 omega=69.639 wheelSpeed=22.248 Vx=22.341 Vy=0.173 slipVel=0.093 kappa=-0.004 alpha=0.008 Fz=1240.504 Fx=-76.407 Fy=-124.741
[DEBUG] [Tire] FR grounded=1 omega=69.712 wheelSpeed=22.278 Vx=22.309 Vy=0.171 slipVel=0.030 kappa=-0.001 alpha=0.008 Fz=2078.607 Fx=-62.514 Fy=-207.484
[DEBUG] [Tire] RL grounded=1 omega=74.292 wheelSpeed=25.114 Vx=22.342 Vy=0.121 slipVel=-2.772 kappa=0.110 alpha=0.005 Fz=3532.851 Fx=3349.760 Fy=-207.943
[DEBUG] [Tire] RR grounded=1 omega=73.101 wheelSpeed=24.946 Vx=22.308 Vy=0.120 slipVel=-2.638 kappa=0.106 alpha=0.005 Fz=4006.306 Fx=3800.032 Fy=-212.886
[DEBUG] [Suspension] FL=0.044395 FR=0.068787 RL=0.123965 RR=0.136043
[DEBUG] [Wheel] FL=70.656090 FR=70.720619 RL=82.311401 RR=79.418297
[DEBUG] [Powertrain] gear=3 rpm=6265.556152 torque=290.142548 clutch=0.000000 running=1
[DEBUG] [Audio] Callback count=3300 additionalBytes=8192 totalBytes=8192
[DEBUG] [Audio] Submitted bytes=27033600
[DEBUG] [Tire] FL grounded=1 omega=71.244 wheelSpeed=22.750 Vx=22.900 Vy=0.144 slipVel=0.149 kappa=-0.007 alpha=0.006 Fz=1133.515 Fx=-100.435 Fy=-91.770
[DEBUG] [Tire] FR grounded=1 omega=71.328 wheelSpeed=22.776 Vx=22.867 Vy=0.142 slipVel=0.091 kappa=-0.004 alpha=0.006 Fz=1728.833 Fx=-102.797 Fy=-138.720
[DEBUG] [Tire] RL grounded=1 omega=84.205 wheelSpeed=26.813 Vx=22.900 Vy=0.092 slipVel=-3.912 kappa=0.146 alpha=0.004 Fz=3755.907 Fx=3564.702 Fy=-155.960
[DEBUG] [Tire] RR grounded=1 omega=79.922 wheelSpeed=25.540 Vx=22.867 Vy=0.091 slipVel=-2.674 kappa=0.105 alpha=0.004 Fz=3973.780 Fx=3771.859 Fy=-156.181
[DEBUG] [Tire] FL grounded=1 omega=73.080 wheelSpeed=23.336 Vx=23.514 Vy=0.106 slipVel=0.178 kappa=-0.008 alpha=0.005 Fz=1042.681 Fx=-105.157 Fy=-60.473
[DEBUG] [Tire] FR grounded=1 omega=73.162 wheelSpeed=23.362 Vx=23.480 Vy=0.105 slipVel=0.117 kappa=-0.005 alpha=0.004 Fz=1463.276 Fx=-103.863 Fy=-83.687
[DEBUG] [Tire] RL grounded=1 omega=86.664 wheelSpeed=27.716 Vx=23.515 Vy=0.053 slipVel=-4.201 kappa=0.152 alpha=0.002 Fz=4011.936 Fx=3810.329 Fy=-87.739
[DEBUG] [Tire] RR grounded=1 omega=80.426 wheelSpeed=25.722 Vx=23.479 Vy=0.052 slipVel=-2.242 kappa=0.087 alpha=0.002 Fz=4053.315 Fx=3814.427 Fy=-94.293
[DEBUG] [Tire] FL grounded=1 omega=74.659 wheelSpeed=0.000 Vx=0.000 Vy=0.000 slipVel=0.000 kappa=0.000 alpha=0.000 Fz=0.000 Fx=0.000 Fy=0.000
[DEBUG] [Tire] FR grounded=1 omega=74.535 wheelSpeed=0.000 Vx=0.000 Vy=0.000 slipVel=0.000 kappa=0.000 alpha=0.000 Fz=0.000 Fx=0.000 Fy=0.000
[DEBUG] [Tire] RL grounded=1 omega=83.999 wheelSpeed=27.212 Vx=24.105 Vy=-0.010 slipVel=-3.107 kappa=0.114 alpha=-0.000 Fz=4079.911 Fx=3875.885 Fy=15.458
[DEBUG] [Tire] RR grounded=1 omega=81.024 wheelSpeed=26.076 Vx=24.062 Vy=-0.012 slipVel=-2.014 kappa=0.077 alpha=-0.000 Fz=4093.614 Fx=3485.946 Fy=20.685
[DEBUG] [Suspension] FL=0.027107 FR=0.023199 RL=0.132372 RR=0.135569
[DEBUG] [Wheel] FL=74.659424 FR=74.535431 RL=82.240646 RR=81.034241
[DEBUG] [Powertrain] gear=3 rpm=5029.634766 torque=295.766785 clutch=0.000000 running=1
[DEBUG] [Energy] x=29.845 y=3.025 z=4.230 vx=23.947 vy=-0.078 vz=4.917 total=413756.500 potential=35317.840 linear=355592.719 angular=24.966 wheels=22272.955 suspension=547.990 suspensionPower=36.360 suspensionResidual=632.727
[DEBUG] [Performance] FPS=60 PhysicsHz=120
[DEBUG] [Tire] FL grounded=1 omega=76.011 wheelSpeed=24.269 Vx=24.407 Vy=-0.098 slipVel=0.138 kappa=-0.006 alpha=-0.004 Fz=1451.803 Fx=-114.200 Fy=74.814
[DEBUG] [Tire] FR grounded=1 omega=74.535 wheelSpeed=0.000 Vx=0.000 Vy=0.000 slipVel=0.000 kappa=0.000 alpha=0.000 Fz=0.000 Fx=0.000 Fy=0.000
[DEBUG] [Tire] RL grounded=1 omega=80.214 wheelSpeed=25.805 Vx=24.407 Vy=-0.205 slipVel=-1.398 kappa=0.054 alpha=-0.008 Fz=1424.251 Fx=903.542 Fy=155.935
[DEBUG] [Tire] RR grounded=1 omega=87.309 wheelSpeed=27.921 Vx=24.348 Vy=-0.203 slipVel=-3.573 kappa=0.128 alpha=-0.008 Fz=612.438 Fx=578.911 Fy=58.069
[DEBUG] [Tire] FL grounded=1 omega=77.635 wheelSpeed=24.792 Vx=24.831 Vy=-0.141 slipVel=0.040 kappa=-0.002 alpha=-0.006 Fz=3377.629 Fx=-108.610 Fy=245.278
[DEBUG] [Tire] FR grounded=1 omega=77.400 wheelSpeed=24.712 Vx=24.791 Vy=-0.138 slipVel=0.079 kappa=-0.003 alpha=-0.006 Fz=2347.160 Fx=-118.348 Fy=168.530
[DEBUG] [Tire] RL grounded=1 omega=82.806 wheelSpeed=26.713 Vx=24.833 Vy=-0.226 slipVel=-1.880 kappa=0.070 alpha=-0.009 Fz=3414.389 Fx=2742.526 Fy=398.146
[DEBUG] [Tire] RR grounded=1 omega=88.550 wheelSpeed=28.608 Vx=24.791 Vy=-0.223 slipVel=-3.817 kappa=0.133 alpha=-0.009 Fz=3031.910 Fx=2863.365 Fy=312.017
[DEBUG] [Suspension] FL=0.076957 FR=0.044631 RL=0.116387 RR=0.105848
[DEBUG] [Wheel] FL=78.960503 FR=78.817497 RL=82.553528 RR=83.058235
[DEBUG] [Powertrain] gear=3 rpm=5159.298828 torque=295.919586 clutch=0.000000 running=1
[DEBUG] [Tire] FL grounded=1 omega=79.492 wheelSpeed=25.409 Vx=25.417 Vy=-0.095 slipVel=0.008 kappa=-0.000 alpha=-0.004 Fz=3277.520 Fx=-60.465 Fy=156.875
[DEBUG] [Tire] FR grounded=1 omega=79.396 wheelSpeed=25.371 Vx=25.410 Vy=-0.093 slipVel=0.039 kappa=-0.002 alpha=-0.004 Fz=2380.639 Fx=-75.978 Fy=111.346
[DEBUG] [Tire] RL grounded=1 omega=82.058 wheelSpeed=27.387 Vx=25.418 Vy=-0.121 slipVel=-1.970 kappa=0.072 alpha=-0.005 Fz=4545.297 Fx=3582.269 Fy=212.446
[DEBUG] [Tire] RR grounded=1 omega=82.322 wheelSpeed=27.418 Vx=25.411 Vy=-0.118 slipVel=-2.007 kappa=0.073 alpha=-0.005 Fz=4298.743 Fx=3468.255 Fy=205.707
[DEBUG] [Tire] FL grounded=1 omega=80.570 wheelSpeed=25.774 Vx=25.788 Vy=-0.004 slipVel=0.014 kappa=-0.001 alpha=-0.000 Fz=880.786 Fx=-18.484 Fy=1.725
[DEBUG] [Tire] FR grounded=1 omega=80.640 wheelSpeed=25.788 Vx=25.789 Vy=-0.006 slipVel=0.001 kappa=-0.000 alpha=-0.000 Fz=2315.363 Fx=-35.610 Fy=6.951
[DEBUG] [Tire] RL grounded=1 omega=82.885 wheelSpeed=27.785 Vx=25.791 Vy=-0.018 slipVel=-1.995 kappa=0.072 alpha=-0.001 Fz=4513.332 Fx=3553.682 Fy=28.977
[DEBUG] [Tire] RR grounded=1 omega=82.978 wheelSpeed=27.779 Vx=25.789 Vy=-0.015 slipVel=-1.990 kappa=0.072 alpha=-0.001 Fz=4415.327 Fx=3478.093 Fy=24.591
[DEBUG] [Tire] FL grounded=1 omega=81.071 wheelSpeed=25.927 Vx=26.038 Vy=0.148 slipVel=0.111 kappa=-0.004 alpha=0.006 Fz=542.004 Fx=-34.042 Fy=-39.794
[DEBUG] [Tire] FR grounded=1 omega=81.392 wheelSpeed=26.029 Vx=26.030 Vy=0.146 slipVel=0.001 kappa=-0.000 alpha=0.006 Fz=2214.975 Fx=-34.282 Fy=-159.745
[DEBUG] [Tire] RL grounded=1 omega=85.792 wheelSpeed=28.163 Vx=26.040 Vy=0.140 slipVel=-2.123 kappa=0.075 alpha=0.005 Fz=2612.510 Fx=2238.010 Fy=-181.037
[DEBUG] [Tire] RR grounded=1 omega=84.471 wheelSpeed=28.114 Vx=26.030 Vy=0.138 slipVel=-2.084 kappa=0.074 alpha=0.005 Fz=3632.505 Fx=3025.507 Fy=-231.113
[DEBUG] [Suspension] FL=0.052209 FR=0.069615 RL=0.135450 RR=0.130359
[DEBUG] [Wheel] FL=81.205368 FR=81.534912 RL=86.040642 RR=84.340149
[DEBUG] [Powertrain] gear=3 rpm=5301.495605 torque=295.996002 clutch=0.000000 running=1
[DEBUG] [Energy] x=42.518 y=2.862 z=6.696 vx=25.912 vy=-0.345 vz=4.868 total=473232.438 potential=33410.660 linear=413679.406 angular=14.431 wheels=25564.764 suspension=563.194 suspensionPower=1105.635 suspensionResidual=-0.000
[DEBUG] [Tire] FL grounded=1 omega=82.186 wheelSpeed=26.265 Vx=26.405 Vy=0.256 slipVel=0.140 kappa=-0.005 alpha=0.010 Fz=964.977 Fx=-71.855 Fy=-122.360
[DEBUG] [Tire] FR grounded=1 omega=82.417 wheelSpeed=26.345 Vx=26.378 Vy=0.254 slipVel=0.033 kappa=-0.001 alpha=0.010 Fz=2089.872 Fx=-60.594 Fy=-262.627
[DEBUG] [Tire] RL grounded=1 omega=87.940 wheelSpeed=28.987 Vx=26.406 Vy=0.215 slipVel=-2.581 kappa=0.089 alpha=0.008 Fz=2674.296 Fx=2525.456 Fy=-276.814
[DEBUG] [Tire] RR grounded=1 omega=86.424 wheelSpeed=28.614 Vx=26.378 Vy=0.214 slipVel=-2.237 kappa=0.078 alpha=0.008 Fz=3132.424 Fx=2761.597 Fy=-330.393
[DEBUG] [Tire] FL grounded=1 omega=83.529 wheelSpeed=26.694 Vx=26.824 Vy=0.222 slipVel=0.130 kappa=-0.005 alpha=0.008 Fz=1084.526 Fx=-75.302 Fy=-116.950
[DEBUG] [Tire] FR grounded=1 omega=83.657 wheelSpeed=26.739 Vx=26.782 Vy=0.220 slipVel=0.043 kappa=-0.002 alpha=0.008 Fz=2034.306 Fx=-66.745 Fy=-217.367
[DEBUG] [Tire] RL grounded=1 omega=88.932 wheelSpeed=29.328 Vx=26.825 Vy=0.157 slipVel=-2.504 kappa=0.085 alpha=0.006 Fz=2892.314 Fx=2722.338 Fy=-218.776
[DEBUG] [Tire] RR grounded=1 omega=87.997 wheelSpeed=29.070 Vx=26.781 Vy=0.156 slipVel=-2.289 kappa=0.079 alpha=0.006 Fz=3168.062 Fx=2808.802 Fy=-237.503
[DEBUG] [Suspension] FL=0.041790 FR=0.089626 RL=0.105020 RR=0.110821
[DEBUG] [Wheel] FL=84.792572 FR=84.733192 RL=88.941742 RR=89.546509
[DEBUG] [Powertrain] gear=3 rpm=5515.039551 torque=295.781677 clutch=0.000000 running=1
[DEBUG] [Tire] FL grounded=1 omega=86.060 wheelSpeed=27.457 Vx=27.491 Vy=0.092 slipVel=0.034 kappa=-0.001 alpha=0.003 Fz=8282.589 Fx=-172.896 Fy=-164.212
[DEBUG] [Tire] FR grounded=1 omega=86.015 wheelSpeed=27.441 Vx=27.475 Vy=0.093 slipVel=0.034 kappa=-0.001 alpha=0.003 Fz=8479.455 Fx=-176.675 Fy=-168.336
[DEBUG] [Tire] RL grounded=1 omega=89.962 wheelSpeed=29.747 Vx=27.527 Vy=0.067 slipVel=-2.220 kappa=0.075 alpha=0.002 Fz=2894.721 Fx=2459.446 Fy=-89.125
[DEBUG] [Tire] RR grounded=1 omega=89.905 wheelSpeed=29.787 Vx=27.505 Vy=0.064 slipVel=-2.282 kappa=0.077 alpha=0.002 Fz=2973.151 Fx=2579.575 Fy=-88.150
[DEBUG] [Audio] Submitted bytes=27443200
[DEBUG] [Tire] FL grounded=1 omega=87.337 wheelSpeed=27.987 Vx=27.883 Vy=-0.001 slipVel=-0.104 kappa=0.004 alpha=-0.000 Fz=3615.898 Fx=82.774 Fy=1.032
[DEBUG] [Tire] FR grounded=1 omega=87.281 wheelSpeed=27.966 Vx=27.869 Vy=-0.001 slipVel=-0.097 kappa=0.003 alpha=-0.000 Fz=3323.659 Fx=77.014 Fy=1.153
[DEBUG] [Tire] RL grounded=1 omega=86.578 wheelSpeed=29.890 Vx=27.883 Vy=-0.021 slipVel=-2.007 kappa=0.067 alpha=-0.001 Fz=9403.492 Fx=6513.615 Fy=38.779
[DEBUG] [Tire] RR grounded=1 omega=87.059 wheelSpeed=29.822 Vx=27.869 Vy=-0.022 slipVel=-1.953 kappa=0.065 alpha=-0.001 Fz=8991.662 Fx=6044.726 Fy=38.359
[DEBUG] [Tire] FL grounded=1 omega=87.434 wheelSpeed=27.978 Vx=27.945 Vy=-0.061 slipVel=-0.034 kappa=0.001 alpha=-0.002 Fz=473.796 Fx=-0.807 Fy=13.107
[DEBUG] [Tire] FR grounded=1 omega=87.431 wheelSpeed=27.977 Vx=27.942 Vy=-0.018 slipVel=-0.035 kappa=0.001 alpha=-0.001 Fz=1648.972 Fx=-2.136 Fy=13.295
[DEBUG] [Tire] RL grounded=1 omega=89.527 wheelSpeed=29.956 Vx=27.949 Vy=-0.028 slipVel=-2.007 kappa=0.067 alpha=-0.001 Fz=5267.089 Fx=3792.954 Fy=43.012
[DEBUG] [Tire] RR grounded=1 omega=90.082 wheelSpeed=29.975 Vx=27.943 Vy=-0.029 slipVel=-2.033 kappa=0.068 alpha=-0.001 Fz=4667.786 Fx=3457.899 Fy=43.479
[DEBUG] [Suspension] FL=0.091521 FR=0.105138 RL=0.188971 RR=0.187076
[DEBUG] [Wheel] FL=87.449776 FR=87.475929 RL=89.809128 RR=90.597633
[DEBUG] [Powertrain] gear=3 rpm=5624.718750 torque=295.472473 clutch=0.000000 running=1
[DEBUG] [Energy] x=56.145 y=2.968 z=9.289 vx=27.655 vy=1.331 vz=5.254 total=538354.688 potential=34649.480 linear=472538.344 angular=15.270 wheels=30096.996 suspension=1054.633 suspensionPower=3330.882 suspensionResidual=0.000
[DEBUG] [Performance] FPS=60 PhysicsHz=120
[DEBUG] [Tire] FL grounded=1 omega=87.773 wheelSpeed=28.067 Vx=28.145 Vy=0.015 slipVel=0.077 kappa=-0.003 alpha=0.001 Fz=930.520 Fx=-42.385 Fy=-6.080
[DEBUG] [Tire] FR grounded=1 omega=87.949 wheelSpeed=28.124 Vx=28.140 Vy=0.064 slipVel=0.016 kappa=-0.001 alpha=0.002 Fz=1911.740 Fx=-40.445 Fy=-55.011
[DEBUG] [Tire] RL grounded=1 omega=92.405 wheelSpeed=30.590 Vx=28.145 Vy=0.012 slipVel=-2.445 kappa=0.080 alpha=0.000 Fz=2803.698 Fx=2514.993 Fy=-14.643
[DEBUG] [Tire] RR grounded=1 omega=92.426 wheelSpeed=30.587 Vx=28.140 Vy=0.049 slipVel=-2.446 kappa=0.080 alpha=0.002 Fz=2777.280 Fx=2492.440 Fy=-61.705
[DEBUG] [Tire] FL grounded=1 omega=87.926 wheelSpeed=0.000 Vx=0.000 Vy=0.000 slipVel=0.000 kappa=0.000 alpha=0.000 Fz=0.000 Fx=0.000 Fy=0.000
[DEBUG] [Tire] FR grounded=1 omega=88.025 wheelSpeed=0.000 Vx=0.000 Vy=0.000 slipVel=0.000 kappa=0.000 alpha=0.000 Fz=0.000 Fx=0.000 Fy=0.000
[DEBUG] [Tire] RL grounded=1 omega=94.071 wheelSpeed=30.950 Vx=28.367 Vy=-0.012 slipVel=-2.583 kappa=0.083 alpha=-0.000 Fz=3016.855 Fx=2794.125 Fy=15.570
[DEBUG] [Tire] RR grounded=1 omega=93.748 wheelSpeed=30.866 Vx=28.357 Vy=0.009 slipVel=-2.509 kappa=0.081 alpha=0.000 Fz=3119.575 Fx=2834.261 Fy=-12.252
[DEBUG] [Suspension] FL=0.021186 FR=0.000000 RL=0.089745 RR=0.065708
[DEBUG] [Wheel] FL=88.750656 FR=88.025452 RL=101.389893 RR=106.137901
[DEBUG] [Powertrain] gear=3 rpm=6173.612793 torque=292.158813 clutch=0.000000 running=1
[DEBUG] [Tire] FL grounded=1 omega=87.265 wheelSpeed=28.487 Vx=24.863 Vy=-13.920 slipVel=-3.624 kappa=0.127 alpha=-0.510 Fz=3397.540 Fx=2480.072 Fy=2065.684
[DEBUG] [Tire] FR grounded=1 omega=88.025 wheelSpeed=0.000 Vx=0.000 Vy=0.000 slipVel=0.000 kappa=0.000 alpha=0.000 Fz=0.000 Fx=0.000 Fy=0.000
[DEBUG] [Tire] RL grounded=1 omega=101.387 wheelSpeed=32.507 Vx=28.495 Vy=-0.378 slipVel=-4.012 kappa=0.123 alpha=-0.013 Fz=1525.820 Fx=1430.865 Fy=231.864
[DEBUG] [Tire] RR grounded=1 omega=111.017 wheelSpeed=35.307 Vx=28.456 Vy=-0.356 slipVel=-6.850 kappa=0.194 alpha=-0.012 Fz=892.333 Fx=835.267 Fy=144.751
[DEBUG] [Tire] FL grounded=1 omega=84.993 wheelSpeed=27.135 Vx=25.831 Vy=-13.710 slipVel=-1.304 kappa=0.048 alpha=-0.488 Fz=6532.350 Fx=2858.119 Fy=5508.382
[DEBUG] [Tire] FR grounded=1 omega=84.630 wheelSpeed=27.153 Vx=25.432 Vy=-13.489 slipVel=-1.722 kappa=0.063 alpha=-0.488 Fz=867.984 Fx=521.722 Fy=638.550
[DEBUG] [Tire] RL grounded=1 omega=94.142 wheelSpeed=30.347 Vx=29.254 Vy=-0.464 slipVel=-1.094 kappa=0.036 alpha=-0.016 Fz=6291.337 Fx=2038.474 Fy=906.186
[DEBUG] [Tire] RR grounded=1 omega=122.277 wheelSpeed=39.073 Vx=28.781 Vy=-0.460 slipVel=-10.293 kappa=0.263 alpha=-0.016 Fz=1639.964 Fx=1454.648 Fy=349.809
[DEBUG] [Tire] FL grounded=1 omega=90.068 wheelSpeed=27.187 Vx=29.451 Vy=-0.007 slipVel=2.264 kappa=-0.077 alpha=-0.000 Fz=3911.018 Fx=-3450.685 Fy=9.554
[DEBUG] [Tire] FR grounded=1 omega=84.008 wheelSpeed=0.000 Vx=0.000 Vy=0.000 slipVel=0.000 kappa=0.000 alpha=0.000 Fz=0.000 Fx=0.000 Fy=0.000
[DEBUG] [Tire] RL grounded=1 omega=85.707 wheelSpeed=32.259 Vx=29.455 Vy=-1.227 slipVel=-2.804 kappa=0.087 alpha=-0.042 Fz=7917.466 Fx=6707.150 Fy=3404.188
[DEBUG] [Tire] RR grounded=1 omega=112.068 wheelSpeed=38.012 Vx=28.739 Vy=-1.225 slipVel=-9.273 kappa=0.244 alpha=-0.043 Fz=1323.067 Fx=1049.069 Fy=692.303
[DEBUG] [Suspension] FL=0.142555 FR=0.000000 RL=0.185063 RR=0.052209
[DEBUG] [Wheel] FL=91.667885 FR=84.008202 RL=87.561607 RR=110.650414
[DEBUG] [Powertrain] gear=3 rpm=6251.021484 torque=0.000000 clutch=0.000000 running=1
[DEBUG] [Energy] x=70.560 y=3.185 z=11.789 vx=28.952 vy=0.233 vz=3.812 total=577065.562 potential=37182.918 linear=507416.906 angular=139.035 wheels=31521.252 suspension=805.456 suspensionPower=1824.711 suspensionResidual=0.001
[DEBUG] [Tire] FL grounded=1 omega=91.536 wheelSpeed=29.304 Vx=29.235 Vy=-1.142 slipVel=-0.069 kappa=0.002 alpha=-0.039 Fz=4047.933 Fx=25.813 Fy=2036.943
[DEBUG] [Tire] FR grounded=1 omega=84.008 wheelSpeed=0.000 Vx=0.000 Vy=0.000 slipVel=0.000 kappa=0.000 alpha=0.000 Fz=0.000 Fx=0.000 Fy=0.000
[DEBUG] [Tire] RL grounded=1 omega=87.496 wheelSpeed=30.643 Vx=29.241 Vy=-1.889 slipVel=-1.402 kappa=0.046 alpha=-0.065 Fz=3483.456 Fx=1734.136 Fy=2818.533
[DEBUG] [Tire] RR grounded=1 omega=108.184 wheelSpeed=36.626 Vx=28.796 Vy=-1.889 slipVel=-7.830 kappa=0.214 alpha=-0.066 Fz=567.815 Fx=390.836 Fy=371.787
[DEBUG] [Tire] FL grounded=1 omega=61.073 wheelSpeed=20.980 Vx=28.973 Vy=-1.268 slipVel=7.993 kappa=-0.276 alpha=-0.044 Fz=5791.247 Fx=-4782.008 Fy=2720.466
[DEBUG] [Tire] FR grounded=1 omega=38.093 wheelSpeed=15.229 Vx=28.640 Vy=-1.268 slipVel=13.411 kappa=-0.468 alpha=-0.044 Fz=1769.011 Fx=-1400.928 Fy=928.269
[DEBUG] [Tire] RL grounded=1 omega=71.066 wheelSpeed=23.236 Vx=28.977 Vy=-1.841 slipVel=5.741 kappa=-0.198 alpha=-0.063 Fz=4032.556 Fx=-2924.538 Fy=2474.488
[DEBUG] [Tire] RR grounded=1 omega=69.187 wheelSpeed=23.958 Vx=28.636 Vy=-1.841 slipVel=4.678 kappa=-0.163 alpha=-0.064 Fz=181.544 Fx=-134.198 Fy=108.331
[DEBUG] [Suspension] FL=0.175591 FR=0.038593 RL=0.143265 RR=0.011951
[DEBUG] [Wheel] FL=33.479855 FR=0.000000 RL=54.184345 RR=22.182213
[DEBUG] [Powertrain] gear=3 rpm=4264.705566 torque=0.000000 clutch=0.000000 running=1
[DEBUG] [Tire] FL grounded=1 omega=24.820 wheelSpeed=8.550 Vx=27.971 Vy=-1.166 slipVel=19.421 kappa=-0.694 alpha=-0.042 Fz=7709.021 Fx=-6532.402 Fy=3310.950
[DEBUG] [Tire] FR grounded=1 omega=0.000 wheelSpeed=0.000 Vx=27.709 Vy=-1.166 slipVel=27.709 kappa=-1.000 alpha=-0.042 Fz=2627.202 Fx=-2111.275 Fy=1331.068
[DEBUG] [Tire] RL grounded=1 omega=43.631 wheelSpeed=14.850 Vx=27.974 Vy=-1.611 slipVel=13.124 kappa=-0.469 alpha=-0.058 Fz=2890.855 Fx=-2095.603 Fy=1775.016
[DEBUG] [Tire] RR grounded=1 omega=0.000 wheelSpeed=0.000 Vx=0.000 Vy=0.000 slipVel=0.000 kappa=0.000 alpha=0.000 Fz=0.000 Fx=0.000 Fy=0.000
[DEBUG] [Tire] FL grounded=1 omega=58.689 wheelSpeed=15.522 Vx=23.259 Vy=-13.800 slipVel=7.736 kappa=-0.333 alpha=-0.536 Fz=7528.480 Fx=-5098.797 Fy=5015.393
[DEBUG] [Tire] FR grounded=1 omega=18.487 wheelSpeed=4.688 Vx=23.031 Vy=-13.675 slipVel=18.343 kappa=-0.796 alpha=-0.536 Fz=2838.416 Fx=-1922.367 Fy=1890.922
[DEBUG] [Tire] RL grounded=1 omega=51.474 wheelSpeed=18.550 Vx=27.028 Vy=-1.430 slipVel=8.478 kappa=-0.314 alpha=-0.053 Fz=1335.375 Fx=-997.983 Fy=783.194
[DEBUG] [Tire] RR grounded=1 omega=7.972 wheelSpeed=0.000 Vx=0.000 Vy=0.000 slipVel=0.000 kappa=0.000 alpha=0.000 Fz=0.000 Fx=0.000 Fy=0.000
[DEBUG] [Audio] Callback count=3400 additionalBytes=8192 totalBytes=8192
[DEBUG] [Audio] GenerateAudio rpm=2503.210938 torque=0.000000 speed=97.075508 slip=0.631432 running=1
[DEBUG] [Audio] Submitted bytes=27852800
[DEBUG] [Tire] FL grounded=1 omega=77.209 wheelSpeed=24.699 Vx=23.444 Vy=-13.366 slipVel=-1.255 kappa=0.051 alpha=-0.518 Fz=7565.555 Fx=3431.838 Fy=6315.018
[DEBUG] [Tire] FR grounded=1 omega=41.541 wheelSpeed=0.000 Vx=0.000 Vy=0.000 slipVel=0.000 kappa=0.000 alpha=0.000 Fz=0.000 Fx=0.000 Fy=0.000
[DEBUG] [Tire] RL grounded=1 omega=64.451 wheelSpeed=22.056 Vx=26.981 Vy=-1.533 slipVel=4.926 kappa=-0.183 alpha=-0.057 Fz=3127.590 Fx=-2365.792 Fy=1797.532
[DEBUG] [Tire] RR grounded=1 omega=0.000 wheelSpeed=0.000 Vx=0.000 Vy=0.000 slipVel=0.000 kappa=0.000 alpha=0.000 Fz=0.000 Fx=0.000 Fy=0.000
[DEBUG] [Suspension] FL=0.235505 FR=0.050197 RL=0.093415 RR=0.000000
[DEBUG] [Wheel] FL=77.209579 FR=41.541389 RL=66.613541 RR=0.000000
[DEBUG] [Powertrain] gear=2 rpm=2805.894531 torque=0.000000 clutch=0.000000 running=1
[DEBUG] [Performance] FPS=60 PhysicsHz=120
[DEBUG] [Energy] x=84.663 y=3.235 z=12.930 vx=26.523 vy=0.033 vz=0.649 total=471575.312 potential=37762.398 linear=418807.594 angular=285.532 wheels=13707.718 suspension=1012.058 suspensionPower=412.763 suspensionResidual=448.586
[DEBUG] [Tire] FL grounded=1 omega=83.941 wheelSpeed=26.878 Vx=26.786 Vy=-1.286 slipVel=-0.092 kappa=0.003 alpha=-0.048 Fz=6514.107 Fx=36.320 Fy=3716.210
[DEBUG] [Tire] FR grounded=1 omega=41.541 wheelSpeed=0.000 Vx=0.000 Vy=0.000 slipVel=0.000 kappa=0.000 alpha=0.000 Fz=0.000 Fx=0.000 Fy=0.000
[DEBUG] [Tire] RL grounded=1 omega=74.368 wheelSpeed=25.681 Vx=26.783 Vy=-2.469 slipVel=1.102 kappa=-0.041 alpha=-0.092 Fz=3535.508 Fx=-1410.344 Fy=3048.281
[DEBUG] [Tire] RR grounded=1 omega=0.000 wheelSpeed=0.000 Vx=0.000 Vy=0.000 slipVel=0.000 kappa=0.000 alpha=0.000 Fz=0.000 Fx=0.000 Fy=0.000
[DEBUG] [Tire] FL grounded=1 omega=83.471 wheelSpeed=26.738 Vx=26.637 Vy=-1.793 slipVel=-0.100 kappa=0.004 alpha=-0.067 Fz=5882.002 Fx=57.248 Fy=4924.702
[DEBUG] [Tire] FR grounded=1 omega=41.541 wheelSpeed=0.000 Vx=0.000 Vy=0.000 slipVel=0.000 kappa=0.000 alpha=0.000 Fz=0.000 Fx=0.000 Fy=0.000
[DEBUG] [Tire] RL grounded=1 omega=76.464 wheelSpeed=27.876 Vx=26.637 Vy=-2.981 slipVel=-1.239 kappa=0.044 alpha=-0.111 Fz=4986.450 Fx=1806.845 Fy=4379.005
[DEBUG] [Tire] RR grounded=1 omega=0.000 wheelSpeed=0.000 Vx=0.000 Vy=0.000 slipVel=0.000 kappa=0.000 alpha=0.000 Fz=0.000 Fx=0.000 Fy=0.000
[DEBUG] [Suspension] FL=0.212534 FR=0.000000 RL=0.147291 RR=0.000000
[DEBUG] [Wheel] FL=83.220314 FR=41.541389 RL=80.933853 RR=4.679424
[DEBUG] [Powertrain] gear=2 rpm=4107.361328 torque=287.064056 clutch=0.000000 running=1
[DEBUG] [Tire] FL grounded=1 omega=83.192 wheelSpeed=26.648 Vx=26.547 Vy=-1.923 slipVel=-0.101 kappa=0.004 alpha=-0.072 Fz=6086.028 Fx=56.117 Fy=5445.579
[DEBUG] [Tire] FR grounded=1 omega=41.541 wheelSpeed=0.000 Vx=0.000 Vy=0.000 slipVel=0.000 kappa=0.000 alpha=0.000 Fz=0.000 Fx=0.000 Fy=0.000
[DEBUG] [Tire] RL grounded=1 omega=80.387 wheelSpeed=29.084 Vx=26.551 Vy=-3.143 slipVel=-2.533 kappa=0.087 alpha=-0.118 Fz=6568.256 Fx=4015.612 Fy=4776.035
[DEBUG] [Tire] RR grounded=1 omega=10.175 wheelSpeed=0.000 Vx=0.000 Vy=0.000 slipVel=0.000 kappa=0.000 alpha=0.000 Fz=0.000 Fx=0.000 Fy=0.000
[DEBUG] [Tire] FL grounded=1 omega=82.710 wheelSpeed=26.522 Vx=26.385 Vy=-1.896 slipVel=-0.137 kappa=0.005 alpha=-0.072 Fz=6101.295 Fx=115.393 Fy=5419.192
[DEBUG] [Tire] FR grounded=0 omega=41.541 wheelSpeed=0.000 Vx=0.000 Vy=0.000 slipVel=0.000 kappa=0.000 alpha=0.000 Fz=0.000 Fx=0.000 Fy=0.000
[DEBUG] [Tire] RL grounded=1 omega=75.711 wheelSpeed=29.064 Vx=26.393 Vy=-3.085 slipVel=-2.672 kappa=0.092 alpha=-0.116 Fz=7711.690 Fx=4821.756 Fy=5515.658
[DEBUG] [Tire] RR grounded=0 omega=15.673 wheelSpeed=0.000 Vx=0.000 Vy=0.000 slipVel=0.000 kappa=0.000 alpha=0.000 Fz=0.000 Fx=0.000 Fy=0.000
[DEBUG] [Tire] FL grounded=1 omega=81.840 wheelSpeed=26.246 Vx=26.110 Vy=-1.741 slipVel=-0.136 kappa=0.005 alpha=-0.067 Fz=5672.167 Fx=119.982 Fy=4719.104
[DEBUG] [Tire] FR grounded=0 omega=41.541 wheelSpeed=0.000 Vx=0.000 Vy=0.000 slipVel=0.000 kappa=0.000 alpha=0.000 Fz=0.000 Fx=0.000 Fy=0.000
[DEBUG] [Tire] RL grounded=1 omega=75.009 wheelSpeed=28.786 Vx=26.122 Vy=-2.863 slipVel=-2.664 kappa=0.093 alpha=-0.109 Fz=7526.532 Fx=4708.604 Fy=5380.938
[DEBUG] [Tire] RR grounded=0 omega=15.673 wheelSpeed=0.000 Vx=0.000 Vy=0.000 slipVel=0.000 kappa=0.000 alpha=0.000 Fz=0.000 Fx=0.000 Fy=0.000
[DEBUG] [Suspension] FL=0.199746 FR=0.000000 RL=0.231124 RR=0.000000
[DEBUG] [Wheel] FL=81.687302 FR=41.541389 RL=74.939316 RR=15.672717
[DEBUG] [Powertrain] gear=2 rpm=4395.585449 torque=0.000000 clutch=0.000000 running=1
[DEBUG] [Tire] FL grounded=1 omega=71.995 wheelSpeed=23.083 Vx=22.035 Vy=-13.594 slipVel=-1.048 kappa=0.045 alpha=-0.553 Fz=3043.735 Fx=1467.802 Fy=2491.307
[DEBUG] [Tire] FR grounded=0 omega=41.541 wheelSpeed=0.000 Vx=0.000 Vy=0.000 slipVel=0.000 kappa=0.000 alpha=0.000 Fz=0.000 Fx=0.000 Fy=0.000
[DEBUG] [Tire] RL grounded=1 omega=74.846 wheelSpeed=28.324 Vx=25.874 Vy=-2.383 slipVel=-2.451 kappa=0.087 alpha=-0.092 Fz=6200.691 Fx=3844.338 Fy=4463.284
[DEBUG] [Tire] RR grounded=0 omega=15.673 wheelSpeed=0.000 Vx=0.000 Vy=0.000 slipVel=0.000 kappa=0.000 alpha=0.000 Fz=0.000 Fx=0.000 Fy=0.000
[DEBUG] [Energy] x=97.982 y=3.289 z=12.241 vx=25.841 vy=0.494 vz=-3.399 total=456498.281 potential=38397.539 linear=404326.562 angular=1033.350 wheels=11480.936 suspension=1259.895 suspensionPower=2487.291 suspensionResidual=-0.003
[DEBUG] [Tire] FL grounded=1 omega=71.698 wheelSpeed=0.000 Vx=0.000 Vy=0.000 slipVel=0.000 kappa=0.000 alpha=0.000 Fz=0.000 Fx=0.000 Fy=0.000
[DEBUG] [Tire] FR grounded=0 omega=41.541 wheelSpeed=0.000 Vx=0.000 Vy=0.000 slipVel=0.000 kappa=0.000 alpha=0.000 Fz=0.000 Fx=0.000 Fy=0.000
[DEBUG] [Tire] RL grounded=1 omega=75.820 wheelSpeed=27.239 Vx=25.468 Vy=-2.163 slipVel=-1.770 kappa=0.065 alpha=-0.085 Fz=1601.266 Fx=896.901 Fy=1228.668
[DEBUG] [Tire] RR grounded=0 omega=15.673 wheelSpeed=0.000 Vx=0.000 Vy=0.000 slipVel=0.000 kappa=0.000 alpha=0.000 Fz=0.000 Fx=0.000 Fy=0.000
[DEBUG] [Suspension] FL=0.020358 FR=0.000000 RL=0.118636 RR=0.000000
[DEBUG] [Wheel] FL=71.697906 FR=41.541389 RL=85.476402 RR=24.976938
[DEBUG] [Powertrain] gear=2 rpm=4810.227539 torque=294.253876 clutch=0.000000 running=1
[DEBUG] [Tire] FL grounded=1 omega=71.698 wheelSpeed=0.000 Vx=0.000 Vy=0.000 slipVel=0.000 kappa=0.000 alpha=0.000 Fz=0.000 Fx=0.000 Fy=0.000
[DEBUG] [Tire] FR grounded=0 omega=41.541 wheelSpeed=0.000 Vx=0.000 Vy=0.000 slipVel=0.000 kappa=0.000 alpha=0.000 Fz=0.000 Fx=0.000 Fy=0.000
[DEBUG] [Tire] RL grounded=1 omega=85.476 wheelSpeed=0.000 Vx=0.000 Vy=0.000 slipVel=0.000 kappa=0.000 alpha=0.000 Fz=0.000 Fx=0.000 Fy=0.000
[DEBUG] [Tire] RR grounded=0 omega=24.977 wheelSpeed=0.000 Vx=0.000 Vy=0.000 slipVel=0.000 kappa=0.000 alpha=0.000 Fz=0.000 Fx=0.000 Fy=0.000
[DEBUG] [Tire] FL grounded=0 omega=71.698 wheelSpeed=0.000 Vx=0.000 Vy=0.000 slipVel=0.000 kappa=0.000 alpha=0.000 Fz=0.000 Fx=0.000 Fy=0.000
[DEBUG] [Tire] FR grounded=0 omega=41.541 wheelSpeed=0.000 Vx=0.000 Vy=0.000 slipVel=0.000 kappa=0.000 alpha=0.000 Fz=0.000 Fx=0.000 Fy=0.000
[DEBUG] [Tire] RL grounded=1 omega=85.099 wheelSpeed=0.000 Vx=0.000 Vy=0.000 slipVel=0.000 kappa=0.000 alpha=0.000 Fz=0.000 Fx=0.000 Fy=0.000
[DEBUG] [Tire] RR grounded=0 omega=24.599 wheelSpeed=0.000 Vx=0.000 Vy=0.000 slipVel=0.000 kappa=0.000 alpha=0.000 Fz=0.000 Fx=0.000 Fy=0.000
[DEBUG] [Audio] Submitted bytes=28262400
[DEBUG] [Tire] FL grounded=0 omega=71.698 wheelSpeed=0.000 Vx=0.000 Vy=0.000 slipVel=0.000 kappa=0.000 alpha=0.000 Fz=0.000 Fx=0.000 Fy=0.000
[DEBUG] [Tire] FR grounded=0 omega=41.541 wheelSpeed=0.000 Vx=0.000 Vy=0.000 slipVel=0.000 kappa=0.000 alpha=0.000 Fz=0.000 Fx=0.000 Fy=0.000
[DEBUG] [Tire] RL grounded=0 omega=83.987 wheelSpeed=0.000 Vx=0.000 Vy=0.000 slipVel=0.000 kappa=0.000 alpha=0.000 Fz=0.000 Fx=0.000 Fy=0.000
[DEBUG] [Tire] RR grounded=0 omega=23.488 wheelSpeed=0.000 Vx=0.000 Vy=0.000 slipVel=0.000 kappa=0.000 alpha=0.000 Fz=0.000 Fx=0.000 Fy=0.000
[DEBUG] [Suspension] FL=0.000000 FR=0.000000 RL=0.000000 RR=0.000000
[DEBUG] [Wheel] FL=71.697906 FR=41.541389 RL=83.602661 RR=23.103199
[DEBUG] [Powertrain] gear=2 rpm=4647.940430 torque=0.000000 clutch=0.000000 running=1
[DEBUG] [Performance] FPS=59 PhysicsHz=119
[DEBUG] [Tire] FL grounded=0 omega=71.698 wheelSpeed=0.000 Vx=0.000 Vy=0.000 slipVel=0.000 kappa=0.000 alpha=0.000 Fz=0.000 Fx=0.000 Fy=0.000
[DEBUG] [Tire] FR grounded=0 omega=41.541 wheelSpeed=0.000 Vx=0.000 Vy=0.000 slipVel=0.000 kappa=0.000 alpha=0.000 Fz=0.000 Fx=0.000 Fy=0.000
[DEBUG] [Tire] RL grounded=0 omega=82.837 wheelSpeed=0.000 Vx=0.000 Vy=0.000 slipVel=0.000 kappa=0.000 alpha=0.000 Fz=0.000 Fx=0.000 Fy=0.000
[DEBUG] [Tire] RR grounded=0 omega=22.337 wheelSpeed=0.000 Vx=0.000 Vy=0.000 slipVel=0.000 kappa=0.000 alpha=0.000 Fz=0.000 Fx=0.000 Fy=0.000
[DEBUG] [Energy] x=110.879 y=3.010 z=10.415 vx=24.190 vy=-0.304 vz=-3.151 total=404385.250 potential=35136.746 linear=354133.438 angular=768.109 wheels=14346.980 suspension=0.000 suspensionPower=0.000 suspensionResidual=0.000
[DEBUG] [Tire] FL grounded=0 omega=71.698 wheelSpeed=0.000 Vx=0.000 Vy=0.000 slipVel=0.000 kappa=0.000 alpha=0.000 Fz=0.000 Fx=0.000 Fy=0.000
[DEBUG] [Tire] FR grounded=0 omega=41.541 wheelSpeed=0.000 Vx=0.000 Vy=0.000 slipVel=0.000 kappa=0.000 alpha=0.000 Fz=0.000 Fx=0.000 Fy=0.000
[DEBUG] [Tire] RL grounded=0 omega=81.723 wheelSpeed=0.000 Vx=0.000 Vy=0.000 slipVel=0.000 kappa=0.000 alpha=0.000 Fz=0.000 Fx=0.000 Fy=0.000
[DEBUG] [Tire] RR grounded=0 omega=21.223 wheelSpeed=0.000 Vx=0.000 Vy=0.000 slipVel=0.000 kappa=0.000 alpha=0.000 Fz=0.000 Fx=0.000 Fy=0.000
[DEBUG] [Suspension] FL=0.000000 FR=0.000000 RL=0.000000 RR=0.000000
[DEBUG] [Wheel] FL=71.697906 FR=41.541389 RL=80.968414 RR=20.468956
[DEBUG] [Powertrain] gear=2 rpm=4411.023438 torque=0.000000 clutch=0.000000 running=1
[DEBUG] [Tire] FL grounded=0 omega=71.698 wheelSpeed=0.000 Vx=0.000 Vy=0.000 slipVel=0.000 kappa=0.000 alpha=0.000 Fz=0.000 Fx=0.000 Fy=0.000
[DEBUG] [Tire] FR grounded=0 omega=41.541 wheelSpeed=0.000 Vx=0.000 Vy=0.000 slipVel=0.000 kappa=0.000 alpha=0.000 Fz=0.000 Fx=0.000 Fy=0.000
[DEBUG] [Tire] RL grounded=0 omega=80.540 wheelSpeed=0.000 Vx=0.000 Vy=0.000 slipVel=0.000 kappa=0.000 alpha=0.000 Fz=0.000 Fx=0.000 Fy=0.000
[DEBUG] [Tire] RR grounded=0 omega=20.040 wheelSpeed=0.000 Vx=0.000 Vy=0.000 slipVel=0.000 kappa=0.000 alpha=0.000 Fz=0.000 Fx=0.000 Fy=0.000
[DEBUG] [Tire] FL grounded=0 omega=71.698 wheelSpeed=0.000 Vx=0.000 Vy=0.000 slipVel=0.000 kappa=0.000 alpha=0.000 Fz=0.000 Fx=0.000 Fy=0.000
[DEBUG] [Tire] FR grounded=0 omega=41.541 wheelSpeed=0.000 Vx=0.000 Vy=0.000 slipVel=0.000 kappa=0.000 alpha=0.000 Fz=0.000 Fx=0.000 Fy=0.000
[DEBUG] [Tire] RL grounded=0 omega=84.642 wheelSpeed=0.000 Vx=0.000 Vy=0.000 slipVel=0.000 kappa=0.000 alpha=0.000 Fz=0.000 Fx=0.000 Fy=0.000
[DEBUG] [Tire] RR grounded=0 omega=24.143 wheelSpeed=0.000 Vx=0.000 Vy=0.000 slipVel=0.000 kappa=0.000 alpha=0.000 Fz=0.000 Fx=0.000 Fy=0.000
[DEBUG] [Tire] FL grounded=0 omega=71.698 wheelSpeed=0.000 Vx=0.000 Vy=0.000 slipVel=0.000 kappa=0.000 alpha=0.000 Fz=0.000 Fx=0.000 Fy=0.000
[DEBUG] [Tire] FR grounded=0 omega=41.541 wheelSpeed=0.000 Vx=0.000 Vy=0.000 slipVel=0.000 kappa=0.000 alpha=0.000 Fz=0.000 Fx=0.000 Fy=0.000
[DEBUG] [Tire] RL grounded=0 omega=94.616 wheelSpeed=0.000 Vx=0.000 Vy=0.000 slipVel=0.000 kappa=0.000 alpha=0.000 Fz=0.000 Fx=0.000 Fy=0.000
[DEBUG] [Tire] RR grounded=0 omega=34.117 wheelSpeed=0.000 Vx=0.000 Vy=0.000 slipVel=0.000 kappa=0.000 alpha=0.000 Fz=0.000 Fx=0.000 Fy=0.000
[DEBUG] [Suspension] FL=0.000000 FR=0.000000 RL=0.000000 RR=0.000000
[DEBUG] [Wheel] FL=71.697906 FR=41.541389 RL=96.575508 RR=36.076042
[DEBUG] [Powertrain] gear=2 rpm=5934.826660 torque=294.691406 clutch=0.000000 running=1
[DEBUG] [Tire] FL grounded=0 omega=71.698 wheelSpeed=0.000 Vx=0.000 Vy=0.000 slipVel=0.000 kappa=0.000 alpha=0.000 Fz=0.000 Fx=0.000 Fy=0.000
[DEBUG] [Tire] FR grounded=0 omega=41.541 wheelSpeed=0.000 Vx=0.000 Vy=0.000 slipVel=0.000 kappa=0.000 alpha=0.000 Fz=0.000 Fx=0.000 Fy=0.000
[DEBUG] [Tire] RL grounded=0 omega=70.001 wheelSpeed=0.000 Vx=0.000 Vy=0.000 slipVel=0.000 kappa=0.000 alpha=0.000 Fz=0.000 Fx=0.000 Fy=0.000
[DEBUG] [Tire] RR grounded=0 omega=9.502 wheelSpeed=0.000 Vx=0.000 Vy=0.000 slipVel=0.000 kappa=0.000 alpha=0.000 Fz=0.000 Fx=0.000 Fy=0.000
[DEBUG] [Energy] x=122.816 y=2.422 z=8.983 vx=23.056 vy=-2.701 vz=-2.610 total=366024.906 potential=28272.566 linear=324687.875 angular=2393.373 wheels=10671.087 suspension=0.000 suspensionPower=0.000 suspensionResidual=0.000
[DEBUG] [Tire] FL grounded=0 omega=71.698 wheelSpeed=0.000 Vx=0.000 Vy=0.000 slipVel=0.000 kappa=0.000 alpha=0.000 Fz=0.000 Fx=0.000 Fy=0.000
[DEBUG] [Tire] FR grounded=0 omega=41.541 wheelSpeed=0.000 Vx=0.000 Vy=0.000 slipVel=0.000 kappa=0.000 alpha=0.000 Fz=0.000 Fx=0.000 Fy=0.000
[DEBUG] [Tire] RL grounded=0 omega=70.001 wheelSpeed=0.000 Vx=0.000 Vy=0.000 slipVel=0.000 kappa=0.000 alpha=0.000 Fz=0.000 Fx=0.000 Fy=0.000
[DEBUG] [Tire] RR grounded=0 omega=9.502 wheelSpeed=0.000 Vx=0.000 Vy=0.000 slipVel=0.000 kappa=0.000 alpha=0.000 Fz=0.000 Fx=0.000 Fy=0.000
[DEBUG] [Suspension] FL=0.000000 FR=0.000000 RL=0.000000 RR=0.000000
[DEBUG] [Wheel] FL=71.697906 FR=41.541389 RL=70.001427 RR=9.501967
[DEBUG] [Powertrain] gear=1 rpm=6583.368164 torque=0.000000 clutch=0.000000 running=1
[DEBUG] [Tire] FL grounded=0 omega=71.698 wheelSpeed=0.000 Vx=0.000 Vy=0.000 slipVel=0.000 kappa=0.000 alpha=0.000 Fz=0.000 Fx=0.000 Fy=0.000
[DEBUG] [Tire] FR grounded=0 omega=41.541 wheelSpeed=0.000 Vx=0.000 Vy=0.000 slipVel=0.000 kappa=0.000 alpha=0.000 Fz=0.000 Fx=0.000 Fy=0.000
[DEBUG] [Tire] RL grounded=0 omega=70.001 wheelSpeed=0.000 Vx=0.000 Vy=0.000 slipVel=0.000 kappa=0.000 alpha=0.000 Fz=0.000 Fx=0.000 Fy=0.000
[DEBUG] [Tire] RR grounded=0 omega=9.502 wheelSpeed=0.000 Vx=0.000 Vy=0.000 slipVel=0.000 kappa=0.000 alpha=0.000 Fz=0.000 Fx=0.000 Fy=0.000
[DEBUG] [Tire] FL grounded=0 omega=71.698 wheelSpeed=0.000 Vx=0.000 Vy=0.000 slipVel=0.000 kappa=0.000 alpha=0.000 Fz=0.000 Fx=0.000 Fy=0.000
[DEBUG] [Tire] FR grounded=0 omega=41.541 wheelSpeed=0.000 Vx=0.000 Vy=0.000 slipVel=0.000 kappa=0.000 alpha=0.000 Fz=0.000 Fx=0.000 Fy=0.000
[DEBUG] [Tire] RL grounded=0 omega=70.001 wheelSpeed=0.000 Vx=0.000 Vy=0.000 slipVel=0.000 kappa=0.000 alpha=0.000 Fz=0.000 Fx=0.000 Fy=0.000
[DEBUG] [Tire] RR grounded=0 omega=9.502 wheelSpeed=0.000 Vx=0.000 Vy=0.000 slipVel=0.000 kappa=0.000 alpha=0.000 Fz=0.000 Fx=0.000 Fy=0.000
[DEBUG] [Tire] FL grounded=0 omega=71.698 wheelSpeed=0.000 Vx=0.000 Vy=0.000 slipVel=0.000 kappa=0.000 alpha=0.000 Fz=0.000 Fx=0.000 Fy=0.000
[DEBUG] [Tire] FR grounded=0 omega=41.541 wheelSpeed=0.000 Vx=0.000 Vy=0.000 slipVel=0.000 kappa=0.000 alpha=0.000 Fz=0.000 Fx=0.000 Fy=0.000
[DEBUG] [Tire] RL grounded=0 omega=70.001 wheelSpeed=0.000 Vx=0.000 Vy=0.000 slipVel=0.000 kappa=0.000 alpha=0.000 Fz=0.000 Fx=0.000 Fy=0.000
[DEBUG] [Tire] RR grounded=0 omega=9.502 wheelSpeed=0.000 Vx=0.000 Vy=0.000 slipVel=0.000 kappa=0.000 alpha=0.000 Fz=0.000 Fx=0.000 Fy=0.000
[DEBUG] [Suspension] FL=0.000000 FR=0.000000 RL=0.000000 RR=0.000000
[DEBUG] [Wheel] FL=71.697906 FR=41.541389 RL=70.001427 RR=9.501967
[DEBUG] [Powertrain] gear=1 rpm=6247.781250 torque=0.000000 clutch=0.000000 running=1
[DEBUG] [Audio] Callback count=3500 additionalBytes=8192 totalBytes=8192
[DEBUG] [Audio] Submitted bytes=28672000
[DEBUG] [Performance] FPS=60 PhysicsHz=121
[DEBUG] [Tire] FL grounded=0 omega=36.976 wheelSpeed=0.000 Vx=0.000 Vy=0.000 slipVel=0.000 kappa=0.000 alpha=0.000 Fz=0.000 Fx=0.000 Fy=0.000
[DEBUG] [Tire] FR grounded=0 omega=6.819 wheelSpeed=0.000 Vx=0.000 Vy=0.000 slipVel=0.000 kappa=0.000 alpha=0.000 Fz=0.000 Fx=0.000 Fy=0.000
[DEBUG] [Tire] RL grounded=0 omega=61.853 wheelSpeed=0.000 Vx=0.000 Vy=0.000 slipVel=0.000 kappa=0.000 alpha=0.000 Fz=0.000 Fx=0.000 Fy=0.000
[DEBUG] [Tire] RR grounded=0 omega=3.426 wheelSpeed=0.000 Vx=0.000 Vy=0.000 slipVel=0.000 kappa=0.000 alpha=0.000 Fz=0.000 Fx=0.000 Fy=0.000
[DEBUG] [Energy] x=133.621 y=2.043 z=8.326 vx=20.330 vy=-0.747 vz=-0.517 total=274427.750 potential=23851.902 linear=246421.359 angular=44.756 wheels=4109.747 suspension=0.000 suspensionPower=0.000 suspensionResidual=0.000
[DEBUG] [Tire] FL grounded=0 omega=0.000 wheelSpeed=0.000 Vx=0.000 Vy=0.000 slipVel=0.000 kappa=0.000 alpha=0.000 Fz=0.000 Fx=0.000 Fy=0.000
[DEBUG] [Tire] FR grounded=0 omega=0.000 wheelSpeed=0.000 Vx=0.000 Vy=0.000 slipVel=0.000 kappa=0.000 alpha=0.000 Fz=0.000 Fx=0.000 Fy=0.000
[DEBUG] [Tire] RL grounded=0 omega=72.526 wheelSpeed=0.000 Vx=0.000 Vy=0.000 slipVel=0.000 kappa=0.000 alpha=0.000 Fz=0.000 Fx=0.000 Fy=0.000
[DEBUG] [Tire] RR grounded=0 omega=19.539 wheelSpeed=0.000 Vx=0.000 Vy=0.000 slipVel=0.000 kappa=0.000 alpha=0.000 Fz=0.000 Fx=0.000 Fy=0.000
[DEBUG] [Suspension] FL=0.000000 FR=0.000000 RL=0.000000 RR=0.000000
[DEBUG] [Wheel] FL=0.000000 FR=0.000000 RL=71.533951 RR=18.547836
[DEBUG] [Powertrain] gear=1 rpm=4595.457031 torque=0.000000 clutch=0.000000 running=1
[DEBUG] [Tire] FL grounded=0 omega=0.000 wheelSpeed=0.000 Vx=0.000 Vy=0.000 slipVel=0.000 kappa=0.000 alpha=0.000 Fz=0.000 Fx=0.000 Fy=0.000
[DEBUG] [Tire] FR grounded=0 omega=0.000 wheelSpeed=0.000 Vx=0.000 Vy=0.000 slipVel=0.000 kappa=0.000 alpha=0.000 Fz=0.000 Fx=0.000 Fy=0.000
[DEBUG] [Tire] RL grounded=0 omega=71.534 wheelSpeed=0.000 Vx=0.000 Vy=0.000 slipVel=0.000 kappa=0.000 alpha=0.000 Fz=0.000 Fx=0.000 Fy=0.000
[DEBUG] [Tire] RR grounded=0 omega=18.548 wheelSpeed=0.000 Vx=0.000 Vy=0.000 slipVel=0.000 kappa=0.000 alpha=0.000 Fz=0.000 Fx=0.000 Fy=0.000
[DEBUG] [Tire] FL grounded=0 omega=0.000 wheelSpeed=0.000 Vx=0.000 Vy=0.000 slipVel=0.000 kappa=0.000 alpha=0.000 Fz=0.000 Fx=0.000 Fy=0.000
[DEBUG] [Tire] FR grounded=0 omega=0.000 wheelSpeed=0.000 Vx=0.000 Vy=0.000 slipVel=0.000 kappa=0.000 alpha=0.000 Fz=0.000 Fx=0.000 Fy=0.000
[DEBUG] [Tire] RL grounded=0 omega=71.235 wheelSpeed=0.000 Vx=0.000 Vy=0.000 slipVel=0.000 kappa=0.000 alpha=0.000 Fz=0.000 Fx=0.000 Fy=0.000
[DEBUG] [Tire] RR grounded=0 omega=18.249 wheelSpeed=0.000 Vx=0.000 Vy=0.000 slipVel=0.000 kappa=0.000 alpha=0.000 Fz=0.000 Fx=0.000 Fy=0.000
[DEBUG] [Tire] FL grounded=0 omega=0.000 wheelSpeed=0.000 Vx=0.000 Vy=0.000 slipVel=0.000 kappa=0.000 alpha=0.000 Fz=0.000 Fx=0.000 Fy=0.000
[DEBUG] [Tire] FR grounded=0 omega=0.000 wheelSpeed=0.000 Vx=0.000 Vy=0.000 slipVel=0.000 kappa=0.000 alpha=0.000 Fz=0.000 Fx=0.000 Fy=0.000
[DEBUG] [Tire] RL grounded=0 omega=70.297 wheelSpeed=0.000 Vx=0.000 Vy=0.000 slipVel=0.000 kappa=0.000 alpha=0.000 Fz=0.000 Fx=0.000 Fy=0.000
[DEBUG] [Tire] RR grounded=0 omega=17.310 wheelSpeed=0.000 Vx=0.000 Vy=0.000 slipVel=0.000 kappa=0.000 alpha=0.000 Fz=0.000 Fx=0.000 Fy=0.000
[DEBUG] [Suspension] FL=0.000000 FR=0.000000 RL=0.000000 RR=0.000000
[DEBUG] [Wheel] FL=0.000000 FR=0.000000 RL=70.296524 RR=17.310408
[DEBUG] [Powertrain] gear=1 rpm=4326.606445 torque=0.000000 clutch=0.000000 running=1
[DEBUG] [Tire] FL grounded=0 omega=0.000 wheelSpeed=0.000 Vx=0.000 Vy=0.000 slipVel=0.000 kappa=0.000 alpha=0.000 Fz=0.000 Fx=0.000 Fy=0.000
[DEBUG] [Tire] FR grounded=0 omega=0.000 wheelSpeed=0.000 Vx=0.000 Vy=0.000 slipVel=0.000 kappa=0.000 alpha=0.000 Fz=0.000 Fx=0.000 Fy=0.000
[DEBUG] [Tire] RL grounded=0 omega=69.773 wheelSpeed=0.000 Vx=0.000 Vy=0.000 slipVel=0.000 kappa=0.000 alpha=0.000 Fz=0.000 Fx=0.000 Fy=0.000
[DEBUG] [Tire] RR grounded=0 omega=16.787 wheelSpeed=0.000 Vx=0.000 Vy=0.000 slipVel=0.000 kappa=0.000 alpha=0.000 Fz=0.000 Fx=0.000 Fy=0.000
[DEBUG] [Energy] x=143.193 y=2.096 z=8.466 vx=17.491 vy=0.459 vz=0.998 total=211861.141 potential=24474.312 linear=182751.844 angular=53.696 wheels=4581.283 suspension=0.000 suspensionPower=0.000 suspensionResidual=0.000
[DEBUG] [Tire] FL grounded=0 omega=0.000 wheelSpeed=0.000 Vx=0.000 Vy=0.000 slipVel=0.000 kappa=0.000 alpha=0.000 Fz=0.000 Fx=0.000 Fy=0.000
[DEBUG] [Tire] FR grounded=0 omega=0.000 wheelSpeed=0.000 Vx=0.000 Vy=0.000 slipVel=0.000 kappa=0.000 alpha=0.000 Fz=0.000 Fx=0.000 Fy=0.000
[DEBUG] [Tire] RL grounded=0 omega=48.401 wheelSpeed=0.000 Vx=0.000 Vy=0.000 slipVel=0.000 kappa=0.000 alpha=0.000 Fz=0.000 Fx=0.000 Fy=0.000
[DEBUG] [Tire] RR grounded=0 omega=5.139 wheelSpeed=0.000 Vx=0.000 Vy=0.000 slipVel=0.000 kappa=0.000 alpha=0.000 Fz=0.000 Fx=0.000 Fy=0.000
[DEBUG] [Suspension] FL=0.000000 FR=0.000000 RL=0.000000 RR=0.000000
[DEBUG] [Wheel] FL=0.000000 FR=0.000000 RL=37.591022 RR=1.712963
[DEBUG] [Powertrain] gear=1 rpm=2931.829102 torque=0.000000 clutch=0.000000 running=1
[DEBUG] [Tire] FL grounded=0 omega=0.000 wheelSpeed=0.000 Vx=0.000 Vy=0.000 slipVel=0.000 kappa=0.000 alpha=0.000 Fz=0.000 Fx=0.000 Fy=0.000
[DEBUG] [Tire] FR grounded=0 omega=0.000 wheelSpeed=0.000 Vx=0.000 Vy=0.000 slipVel=0.000 kappa=0.000 alpha=0.000 Fz=0.000 Fx=0.000 Fy=0.000
[DEBUG] [Tire] RL grounded=0 omega=29.798 wheelSpeed=0.000 Vx=0.000 Vy=0.000 slipVel=0.000 kappa=0.000 alpha=0.000 Fz=0.000 Fx=0.000 Fy=0.000
[DEBUG] [Tire] RR grounded=0 omega=3.426 wheelSpeed=0.000 Vx=0.000 Vy=0.000 slipVel=0.000 kappa=0.000 alpha=0.000 Fz=0.000 Fx=0.000 Fy=0.000
[DEBUG] [Tire] FL grounded=0 omega=0.000 wheelSpeed=0.000 Vx=0.000 Vy=0.000 slipVel=0.000 kappa=0.000 alpha=0.000 Fz=0.000 Fx=0.000 Fy=0.000
[DEBUG] [Tire] FR grounded=0 omega=0.000 wheelSpeed=0.000 Vx=0.000 Vy=0.000 slipVel=0.000 kappa=0.000 alpha=0.000 Fz=0.000 Fx=0.000 Fy=0.000
[DEBUG] [Tire] RL grounded=0 omega=11.275 wheelSpeed=0.000 Vx=0.000 Vy=0.000 slipVel=0.000 kappa=0.000 alpha=0.000 Fz=0.000 Fx=0.000 Fy=0.000
[DEBUG] [Tire] RR grounded=0 omega=1.713 wheelSpeed=0.000 Vx=0.000 Vy=0.000 slipVel=0.000 kappa=0.000 alpha=0.000 Fz=0.000 Fx=0.000 Fy=0.000
[DEBUG] [Tire] FL grounded=0 omega=0.000 wheelSpeed=0.000 Vx=0.000 Vy=0.000 slipVel=0.000 kappa=0.000 alpha=0.000 Fz=0.000 Fx=0.000 Fy=0.000
[DEBUG] [Tire] FR grounded=0 omega=0.000 wheelSpeed=0.000 Vx=0.000 Vy=0.000 slipVel=0.000 kappa=0.000 alpha=0.000 Fz=0.000 Fx=0.000 Fy=0.000
[DEBUG] [Tire] RL grounded=0 omega=0.000 wheelSpeed=0.000 Vx=0.000 Vy=0.000 slipVel=0.000 kappa=0.000 alpha=0.000 Fz=0.000 Fx=0.000 Fy=0.000
[DEBUG] [Tire] RR grounded=0 omega=0.000 wheelSpeed=0.000 Vx=0.000 Vy=0.000 slipVel=0.000 kappa=0.000 alpha=0.000 Fz=0.000 Fx=0.000 Fy=0.000
[DEBUG] [Suspension] FL=0.000000 FR=0.000000 RL=0.000000 RR=0.000000
[DEBUG] [Wheel] FL=0.000000 FR=0.000000 RL=0.000000 RR=0.000000
[DEBUG] [Powertrain] gear=1 rpm=0.000000 torque=0.000000 clutch=0.000000 running=0
[DEBUG] [Performance] FPS=60 PhysicsHz=120
[DEBUG] [Tire] FL grounded=0 omega=0.000 wheelSpeed=0.000 Vx=0.000 Vy=0.000 slipVel=0.000 kappa=0.000 alpha=0.000 Fz=0.000 Fx=0.000 Fy=0.000
[DEBUG] [Tire] FR grounded=0 omega=0.000 wheelSpeed=0.000 Vx=0.000 Vy=0.000 slipVel=0.000 kappa=0.000 alpha=0.000 Fz=0.000 Fx=0.000 Fy=0.000
[DEBUG] [Tire] RL grounded=0 omega=0.000 wheelSpeed=0.000 Vx=0.000 Vy=0.000 slipVel=0.000 kappa=0.000 alpha=0.000 Fz=0.000 Fx=0.000 Fy=0.000
[DEBUG] [Tire] RR grounded=0 omega=0.000 wheelSpeed=0.000 Vx=0.000 Vy=0.000 slipVel=0.000 kappa=0.000 alpha=0.000 Fz=0.000 Fx=0.000 Fy=0.000
[DEBUG] [Audio] Submitted bytes=29081600
[DEBUG] [Energy] x=151.573 y=2.161 z=9.220 vx=15.433 vy=-0.141 vz=1.919 total=169206.969 potential=25230.898 linear=143926.969 angular=49.086 wheels=0.000 suspension=0.000 suspensionPower=0.000 suspensionResidual=0.000
[DEBUG] [Tire] FL grounded=0 omega=0.000 wheelSpeed=0.000 Vx=0.000 Vy=0.000 slipVel=0.000 kappa=0.000 alpha=0.000 Fz=0.000 Fx=0.000 Fy=0.000
[DEBUG] [Tire] FR grounded=0 omega=0.000 wheelSpeed=0.000 Vx=0.000 Vy=0.000 slipVel=0.000 kappa=0.000 alpha=0.000 Fz=0.000 Fx=0.000 Fy=0.000
[DEBUG] [Tire] RL grounded=0 omega=0.000 wheelSpeed=0.000 Vx=0.000 Vy=0.000 slipVel=0.000 kappa=0.000 alpha=0.000 Fz=0.000 Fx=0.000 Fy=0.000
[DEBUG] [Tire] RR grounded=0 omega=0.000 wheelSpeed=0.000 Vx=0.000 Vy=0.000 slipVel=0.000 kappa=0.000 alpha=0.000 Fz=0.000 Fx=0.000 Fy=0.000
[DEBUG] [Suspension] FL=0.000000 FR=0.000000 RL=0.000000 RR=0.000000
[DEBUG] [Wheel] FL=0.000000 FR=0.000000 RL=0.000000 RR=0.000000
[DEBUG] [Powertrain] gear=1 rpm=0.000000 torque=0.000000 clutch=0.000000 running=0
[DEBUG] [Tire] FL grounded=0 omega=0.000 wheelSpeed=0.000 Vx=0.000 Vy=0.000 slipVel=0.000 kappa=0.000 alpha=0.000 Fz=0.000 Fx=0.000 Fy=0.000
[DEBUG] [Tire] FR grounded=0 omega=0.000 wheelSpeed=0.000 Vx=0.000 Vy=0.000 slipVel=0.000 kappa=0.000 alpha=0.000 Fz=0.000 Fx=0.000 Fy=0.000
[DEBUG] [Tire] RL grounded=0 omega=0.000 wheelSpeed=0.000 Vx=0.000 Vy=0.000 slipVel=0.000 kappa=0.000 alpha=0.000 Fz=0.000 Fx=0.000 Fy=0.000
[DEBUG] [Tire] RR grounded=0 omega=0.000 wheelSpeed=0.000 Vx=0.000 Vy=0.000 slipVel=0.000 kappa=0.000 alpha=0.000 Fz=0.000 Fx=0.000 Fy=0.000
[DEBUG] [Tire] FL grounded=0 omega=0.000 wheelSpeed=0.000 Vx=0.000 Vy=0.000 slipVel=0.000 kappa=0.000 alpha=0.000 Fz=0.000 Fx=0.000 Fy=0.000
[DEBUG] [Tire] FR grounded=0 omega=0.000 wheelSpeed=0.000 Vx=0.000 Vy=0.000 slipVel=0.000 kappa=0.000 alpha=0.000 Fz=0.000 Fx=0.000 Fy=0.000
[DEBUG] [Tire] RL grounded=0 omega=0.000 wheelSpeed=0.000 Vx=0.000 Vy=0.000 slipVel=0.000 kappa=0.000 alpha=0.000 Fz=0.000 Fx=0.000 Fy=0.000
[DEBUG] [Tire] RR grounded=0 omega=0.000 wheelSpeed=0.000 Vx=0.000 Vy=0.000 slipVel=0.000 kappa=0.000 alpha=0.000 Fz=0.000 Fx=0.000 Fy=0.000
[DEBUG] [Tire] FL grounded=0 omega=0.000 wheelSpeed=0.000 Vx=0.000 Vy=0.000 slipVel=0.000 kappa=0.000 alpha=0.000 Fz=0.000 Fx=0.000 Fy=0.000
[DEBUG] [Tire] FR grounded=0 omega=0.000 wheelSpeed=0.000 Vx=0.000 Vy=0.000 slipVel=0.000 kappa=0.000 alpha=0.000 Fz=0.000 Fx=0.000 Fy=0.000
[DEBUG] [Tire] RL grounded=0 omega=0.000 wheelSpeed=0.000 Vx=0.000 Vy=0.000 slipVel=0.000 kappa=0.000 alpha=0.000 Fz=0.000 Fx=0.000 Fy=0.000
[DEBUG] [Tire] RR grounded=0 omega=0.000 wheelSpeed=0.000 Vx=0.000 Vy=0.000 slipVel=0.000 kappa=0.000 alpha=0.000 Fz=0.000 Fx=0.000 Fy=0.000
[DEBUG] [Suspension] FL=0.000000 FR=0.000000 RL=0.000000 RR=0.000000
[DEBUG] [Wheel] FL=0.000000 FR=0.000000 RL=0.000000 RR=0.000000
[DEBUG] [Powertrain] gear=1 rpm=0.000000 torque=0.000000 clutch=0.000000 running=0
[DEBUG] [Tire] FL grounded=0 omega=0.000 wheelSpeed=0.000 Vx=0.000 Vy=0.000 slipVel=0.000 kappa=0.000 alpha=0.000 Fz=0.000 Fx=0.000 Fy=0.000
[DEBUG] [Tire] FR grounded=0 omega=0.000 wheelSpeed=0.000 Vx=0.000 Vy=0.000 slipVel=0.000 kappa=0.000 alpha=0.000 Fz=0.000 Fx=0.000 Fy=0.000
[DEBUG] [Tire] RL grounded=0 omega=0.000 wheelSpeed=0.000 Vx=0.000 Vy=0.000 slipVel=0.000 kappa=0.000 alpha=0.000 Fz=0.000 Fx=0.000 Fy=0.000
[DEBUG] [Tire] RR grounded=0 omega=0.000 wheelSpeed=0.000 Vx=0.000 Vy=0.000 slipVel=0.000 kappa=0.000 alpha=0.000 Fz=0.000 Fx=0.000 Fy=0.000
[DEBUG] [Energy] x=158.875 y=1.991 z=10.347 vx=13.345 vy=-0.609 vz=2.295 total=132583.375 potential=23244.146 linear=109313.148 angular=26.079 wheels=0.000 suspension=0.000 suspensionPower=0.000 suspensionResidual=0.000
[DEBUG] [Tire] FL grounded=0 omega=0.000 wheelSpeed=0.000 Vx=0.000 Vy=0.000 slipVel=0.000 kappa=0.000 alpha=0.000 Fz=0.000 Fx=0.000 Fy=0.000
[DEBUG] [Tire] FR grounded=0 omega=0.000 wheelSpeed=0.000 Vx=0.000 Vy=0.000 slipVel=0.000 kappa=0.000 alpha=0.000 Fz=0.000 Fx=0.000 Fy=0.000
[DEBUG] [Tire] RL grounded=0 omega=0.000 wheelSpeed=0.000 Vx=0.000 Vy=0.000 slipVel=0.000 kappa=0.000 alpha=0.000 Fz=0.000 Fx=0.000 Fy=0.000
[DEBUG] [Tire] RR grounded=0 omega=0.000 wheelSpeed=0.000 Vx=0.000 Vy=0.000 slipVel=0.000 kappa=0.000 alpha=0.000 Fz=0.000 Fx=0.000 Fy=0.000
[DEBUG] [Suspension] FL=0.000000 FR=0.000000 RL=0.000000 RR=0.000000
[DEBUG] [Wheel] FL=0.000000 FR=0.000000 RL=0.000000 RR=0.000000
[DEBUG] [Powertrain] gear=1 rpm=0.000000 torque=0.000000 clutch=0.000000 running=0
[DEBUG] [Tire] FL grounded=0 omega=0.000 wheelSpeed=0.000 Vx=0.000 Vy=0.000 slipVel=0.000 kappa=0.000 alpha=0.000 Fz=0.000 Fx=0.000 Fy=0.000
[DEBUG] [Tire] FR grounded=0 omega=0.000 wheelSpeed=0.000 Vx=0.000 Vy=0.000 slipVel=0.000 kappa=0.000 alpha=0.000 Fz=0.000 Fx=0.000 Fy=0.000
[DEBUG] [Tire] RL grounded=0 omega=0.000 wheelSpeed=0.000 Vx=0.000 Vy=0.000 slipVel=0.000 kappa=0.000 alpha=0.000 Fz=0.000 Fx=0.000 Fy=0.000
[DEBUG] [Tire] RR grounded=0 omega=0.000 wheelSpeed=0.000 Vx=0.000 Vy=0.000 slipVel=0.000 kappa=0.000 alpha=0.000 Fz=0.000 Fx=0.000 Fy=0.000
[DEBUG] [Tire] FL grounded=0 omega=0.000 wheelSpeed=0.000 Vx=0.000 Vy=0.000 slipVel=0.000 kappa=0.000 alpha=0.000 Fz=0.000 Fx=0.000 Fy=0.000
[DEBUG] [Tire] FR grounded=0 omega=0.000 wheelSpeed=0.000 Vx=0.000 Vy=0.000 slipVel=0.000 kappa=0.000 alpha=0.000 Fz=0.000 Fx=0.000 Fy=0.000
[DEBUG] [Tire] RL grounded=0 omega=0.000 wheelSpeed=0.000 Vx=0.000 Vy=0.000 slipVel=0.000 kappa=0.000 alpha=0.000 Fz=0.000 Fx=0.000 Fy=0.000
[DEBUG] [Tire] RR grounded=0 omega=0.000 wheelSpeed=0.000 Vx=0.000 Vy=0.000 slipVel=0.000 kappa=0.000 alpha=0.000 Fz=0.000 Fx=0.000 Fy=0.000
[DEBUG] [Tire] FL grounded=0 omega=0.000 wheelSpeed=0.000 Vx=0.000 Vy=0.000 slipVel=0.000 kappa=0.000 alpha=0.000 Fz=0.000 Fx=0.000 Fy=0.000
[DEBUG] [Tire] FR grounded=0 omega=0.000 wheelSpeed=0.000 Vx=0.000 Vy=0.000 slipVel=0.000 kappa=0.000 alpha=0.000 Fz=0.000 Fx=0.000 Fy=0.000
[DEBUG] [Tire] RL grounded=0 omega=0.000 wheelSpeed=0.000 Vx=0.000 Vy=0.000 slipVel=0.000 kappa=0.000 alpha=0.000 Fz=0.000 Fx=0.000 Fy=0.000
[DEBUG] [Tire] RR grounded=0 omega=0.000 wheelSpeed=0.000 Vx=0.000 Vy=0.000 slipVel=0.000 kappa=0.000 alpha=0.000 Fz=0.000 Fx=0.000 Fy=0.000
[DEBUG] [Suspension] FL=0.000000 FR=0.000000 RL=0.000000 RR=0.000000
[DEBUG] [Wheel] FL=0.000000 FR=0.000000 RL=0.000000 RR=0.000000
[DEBUG] [Powertrain] gear=1 rpm=0.000000 torque=0.000000 clutch=0.000000 running=0
[DEBUG] [Performance] FPS=60 PhysicsHz=119
[DEBUG] [Tire] FL grounded=0 omega=0.000 wheelSpeed=0.000 Vx=0.000 Vy=0.000 slipVel=0.000 kappa=0.000 alpha=0.000 Fz=0.000 Fx=0.000 Fy=0.000
[DEBUG] [Tire] FR grounded=0 omega=0.000 wheelSpeed=0.000 Vx=0.000 Vy=0.000 slipVel=0.000 kappa=0.000 alpha=0.000 Fz=0.000 Fx=0.000 Fy=0.000
[DEBUG] [Tire] RL grounded=0 omega=0.000 wheelSpeed=0.000 Vx=0.000 Vy=0.000 slipVel=0.000 kappa=0.000 alpha=0.000 Fz=0.000 Fx=0.000 Fy=0.000
[DEBUG] [Tire] RR grounded=0 omega=0.000 wheelSpeed=0.000 Vx=0.000 Vy=0.000 slipVel=0.000 kappa=0.000 alpha=0.000 Fz=0.000 Fx=0.000 Fy=0.000
[DEBUG] [Energy] x=165.094 y=1.727 z=11.469 vx=11.064 vy=-0.457 vz=2.120 total=95976.938 potential=20166.428 linear=75630.430 angular=180.075 wheels=0.000 suspension=0.000 suspensionPower=0.000 suspensionResidual=0.000
[DEBUG] [Audio] Callback count=3600 additionalBytes=8192 totalBytes=8192
[DEBUG] [Audio] GenerateAudio rpm=0.000000 torque=0.000000 speed=38.886528 slip=0.000000 running=0
[DEBUG] [Audio] Submitted bytes=29491200
[DEBUG] [Tire] FL grounded=0 omega=0.000 wheelSpeed=0.000 Vx=0.000 Vy=0.000 slipVel=0.000 kappa=0.000 alpha=0.000 Fz=0.000 Fx=0.000 Fy=0.000
[DEBUG] [Tire] FR grounded=0 omega=0.000 wheelSpeed=0.000 Vx=0.000 Vy=0.000 slipVel=0.000 kappa=0.000 alpha=0.000 Fz=0.000 Fx=0.000 Fy=0.000
[DEBUG] [Tire] RL grounded=0 omega=0.000 wheelSpeed=0.000 Vx=0.000 Vy=0.000 slipVel=0.000 kappa=0.000 alpha=0.000 Fz=0.000 Fx=0.000 Fy=0.000
[DEBUG] [Tire] RR grounded=0 omega=0.000 wheelSpeed=0.000 Vx=0.000 Vy=0.000 slipVel=0.000 kappa=0.000 alpha=0.000 Fz=0.000 Fx=0.000 Fy=0.000
[DEBUG] [Suspension] FL=0.000000 FR=0.000000 RL=0.000000 RR=0.000000
[DEBUG] [Wheel] FL=0.000000 FR=0.000000 RL=0.000000 RR=0.000000
[DEBUG] [Powertrain] gear=1 rpm=0.000000 torque=0.000000 clutch=0.000000 running=0
[DEBUG] [Tire] FL grounded=0 omega=0.000 wheelSpeed=0.000 Vx=0.000 Vy=0.000 slipVel=0.000 kappa=0.000 alpha=0.000 Fz=0.000 Fx=0.000 Fy=0.000
[DEBUG] [Tire] FR grounded=0 omega=0.000 wheelSpeed=0.000 Vx=0.000 Vy=0.000 slipVel=0.000 kappa=0.000 alpha=0.000 Fz=0.000 Fx=0.000 Fy=0.000
[DEBUG] [Tire] RL grounded=0 omega=0.000 wheelSpeed=0.000 Vx=0.000 Vy=0.000 slipVel=0.000 kappa=0.000 alpha=0.000 Fz=0.000 Fx=0.000 Fy=0.000
[DEBUG] [Tire] RR grounded=0 omega=0.000 wheelSpeed=0.000 Vx=0.000 Vy=0.000 slipVel=0.000 kappa=0.000 alpha=0.000 Fz=0.000 Fx=0.000 Fy=0.000
[DEBUG] [Tire] FL grounded=0 omega=0.000 wheelSpeed=0.000 Vx=0.000 Vy=0.000 slipVel=0.000 kappa=0.000 alpha=0.000 Fz=0.000 Fx=0.000 Fy=0.000
[DEBUG] [Tire] FR grounded=0 omega=0.000 wheelSpeed=0.000 Vx=0.000 Vy=0.000 slipVel=0.000 kappa=0.000 alpha=0.000 Fz=0.000 Fx=0.000 Fy=0.000
[DEBUG] [Tire] RL grounded=0 omega=0.000 wheelSpeed=0.000 Vx=0.000 Vy=0.000 slipVel=0.000 kappa=0.000 alpha=0.000 Fz=0.000 Fx=0.000 Fy=0.000
[DEBUG] [Tire] RR grounded=0 omega=0.000 wheelSpeed=0.000 Vx=0.000 Vy=0.000 slipVel=0.000 kappa=0.000 alpha=0.000 Fz=0.000 Fx=0.000 Fy=0.000
[DEBUG] [Tire] FL grounded=0 omega=0.000 wheelSpeed=0.000 Vx=0.000 Vy=0.000 slipVel=0.000 kappa=0.000 alpha=0.000 Fz=0.000 Fx=0.000 Fy=0.000
[DEBUG] [Tire] FR grounded=0 omega=0.000 wheelSpeed=0.000 Vx=0.000 Vy=0.000 slipVel=0.000 kappa=0.000 alpha=0.000 Fz=0.000 Fx=0.000 Fy=0.000
[DEBUG] [Tire] RL grounded=0 omega=0.000 wheelSpeed=0.000 Vx=0.000 Vy=0.000 slipVel=0.000 kappa=0.000 alpha=0.000 Fz=0.000 Fx=0.000 Fy=0.000
[DEBUG] [Tire] RR grounded=0 omega=0.000 wheelSpeed=0.000 Vx=0.000 Vy=0.000 slipVel=0.000 kappa=0.000 alpha=0.000 Fz=0.000 Fx=0.000 Fy=0.000
[DEBUG] [Suspension] FL=0.000000 FR=0.000000 RL=0.000000 RR=0.000000
[DEBUG] [Wheel] FL=0.000000 FR=0.000000 RL=0.000000 RR=0.000000
[DEBUG] [Powertrain] gear=1 rpm=0.000000 torque=0.000000 clutch=0.000000 running=0
[DEBUG] [Tire] FL grounded=0 omega=0.000 wheelSpeed=0.000 Vx=0.000 Vy=0.000 slipVel=0.000 kappa=0.000 alpha=0.000 Fz=0.000 Fx=0.000 Fy=0.000
[DEBUG] [Tire] FR grounded=0 omega=0.000 wheelSpeed=0.000 Vx=0.000 Vy=0.000 slipVel=0.000 kappa=0.000 alpha=0.000 Fz=0.000 Fx=0.000 Fy=0.000
[DEBUG] [Tire] RL grounded=0 omega=0.000 wheelSpeed=0.000 Vx=0.000 Vy=0.000 slipVel=0.000 kappa=0.000 alpha=0.000 Fz=0.000 Fx=0.000 Fy=0.000
[DEBUG] [Tire] RR grounded=0 omega=0.000 wheelSpeed=0.000 Vx=0.000 Vy=0.000 slipVel=0.000 kappa=0.000 alpha=0.000 Fz=0.000 Fx=0.000 Fy=0.000
[DEBUG] [Energy] x=169.909 y=1.857 z=12.766 vx=8.077 vy=0.406 vz=2.884 total=65552.828 potential=21676.396 linear=43863.652 angular=12.779 wheels=0.000 suspension=0.000 suspensionPower=0.000 suspensionResidual=0.000
[DEBUG] [Tire] FL grounded=0 omega=0.000 wheelSpeed=0.000 Vx=0.000 Vy=0.000 slipVel=0.000 kappa=0.000 alpha=0.000 Fz=0.000 Fx=0.000 Fy=0.000
[DEBUG] [Tire] FR grounded=0 omega=0.000 wheelSpeed=0.000 Vx=0.000 Vy=0.000 slipVel=0.000 kappa=0.000 alpha=0.000 Fz=0.000 Fx=0.000 Fy=0.000
[DEBUG] [Tire] RL grounded=0 omega=0.000 wheelSpeed=0.000 Vx=0.000 Vy=0.000 slipVel=0.000 kappa=0.000 alpha=0.000 Fz=0.000 Fx=0.000 Fy=0.000
[DEBUG] [Tire] RR grounded=0 omega=0.000 wheelSpeed=0.000 Vx=0.000 Vy=0.000 slipVel=0.000 kappa=0.000 alpha=0.000 Fz=0.000 Fx=0.000 Fy=0.000
[DEBUG] [Suspension] FL=0.000000 FR=0.000000 RL=0.000000 RR=0.000000
[DEBUG] [Wheel] FL=0.000000 FR=0.000000 RL=0.000000 RR=0.000000
[DEBUG] [Powertrain] gear=1 rpm=0.000000 torque=0.000000 clutch=0.000000 running=0
[DEBUG] [Tire] FL grounded=0 omega=0.000 wheelSpeed=0.000 Vx=0.000 Vy=0.000 slipVel=0.000 kappa=0.000 alpha=0.000 Fz=0.000 Fx=0.000 Fy=0.000
[DEBUG] [Tire] FR grounded=0 omega=0.000 wheelSpeed=0.000 Vx=0.000 Vy=0.000 slipVel=0.000 kappa=0.000 alpha=0.000 Fz=0.000 Fx=0.000 Fy=0.000
[DEBUG] [Tire] RL grounded=0 omega=0.000 wheelSpeed=0.000 Vx=0.000 Vy=0.000 slipVel=0.000 kappa=0.000 alpha=0.000 Fz=0.000 Fx=0.000 Fy=0.000
[DEBUG] [Tire] RR grounded=0 omega=0.000 wheelSpeed=0.000 Vx=0.000 Vy=0.000 slipVel=0.000 kappa=0.000 alpha=0.000 Fz=0.000 Fx=0.000 Fy=0.000
[DEBUG] [Tire] FL grounded=0 omega=0.000 wheelSpeed=0.000 Vx=0.000 Vy=0.000 slipVel=0.000 kappa=0.000 alpha=0.000 Fz=0.000 Fx=0.000 Fy=0.000
[DEBUG] [Tire] FR grounded=0 omega=0.000 wheelSpeed=0.000 Vx=0.000 Vy=0.000 slipVel=0.000 kappa=0.000 alpha=0.000 Fz=0.000 Fx=0.000 Fy=0.000
[DEBUG] [Tire] RL grounded=0 omega=0.000 wheelSpeed=0.000 Vx=0.000 Vy=0.000 slipVel=0.000 kappa=0.000 alpha=0.000 Fz=0.000 Fx=0.000 Fy=0.000
[DEBUG] [Tire] RR grounded=0 omega=0.000 wheelSpeed=0.000 Vx=0.000 Vy=0.000 slipVel=0.000 kappa=0.000 alpha=0.000 Fz=0.000 Fx=0.000 Fy=0.000
[DEBUG] [Tire] FL grounded=0 omega=0.000 wheelSpeed=0.000 Vx=0.000 Vy=0.000 slipVel=0.000 kappa=0.000 alpha=0.000 Fz=0.000 Fx=0.000 Fy=0.000
[DEBUG] [Tire] FR grounded=0 omega=0.000 wheelSpeed=0.000 Vx=0.000 Vy=0.000 slipVel=0.000 kappa=0.000 alpha=0.000 Fz=0.000 Fx=0.000 Fy=0.000
[DEBUG] [Tire] RL grounded=0 omega=0.000 wheelSpeed=0.000 Vx=0.000 Vy=0.000 slipVel=0.000 kappa=0.000 alpha=0.000 Fz=0.000 Fx=0.000 Fy=0.000
[DEBUG] [Tire] RR grounded=0 omega=0.000 wheelSpeed=0.000 Vx=0.000 Vy=0.000 slipVel=0.000 kappa=0.000 alpha=0.000 Fz=0.000 Fx=0.000 Fy=0.000
[DEBUG] [Suspension] FL=0.000000 FR=0.000000 RL=0.000000 RR=0.000000
[DEBUG] [Wheel] FL=0.000000 FR=0.000000 RL=0.000000 RR=0.000000
[DEBUG] [Powertrain] gear=1 rpm=0.000000 torque=0.000000 clutch=0.000000 running=0
[DEBUG] [Tire] FL grounded=0 omega=0.000 wheelSpeed=0.000 Vx=0.000 Vy=0.000 slipVel=0.000 kappa=0.000 alpha=0.000 Fz=0.000 Fx=0.000 Fy=0.000
[DEBUG] [Tire] FR grounded=0 omega=0.000 wheelSpeed=0.000 Vx=0.000 Vy=0.000 slipVel=0.000 kappa=0.000 alpha=0.000 Fz=0.000 Fx=0.000 Fy=0.000
[DEBUG] [Tire] RL grounded=0 omega=0.000 wheelSpeed=0.000 Vx=0.000 Vy=0.000 slipVel=0.000 kappa=0.000 alpha=0.000 Fz=0.000 Fx=0.000 Fy=0.000
[DEBUG] [Tire] RR grounded=0 omega=0.000 wheelSpeed=0.000 Vx=0.000 Vy=0.000 slipVel=0.000 kappa=0.000 alpha=0.000 Fz=0.000 Fx=0.000 Fy=0.000
[DEBUG] [Performance] FPS=58 PhysicsHz=121
[DEBUG] [Energy] x=173.390 y=2.003 z=14.321 vx=5.582 vy=0.152 vz=3.191 total=47992.480 potential=23380.475 linear=24611.852 angular=0.154 wheels=0.000 suspension=0.000 suspensionPower=0.000 suspensionResidual=0.000
[DEBUG] [Tire] FL grounded=0 omega=0.000 wheelSpeed=0.000 Vx=0.000 Vy=0.000 slipVel=0.000 kappa=0.000 alpha=0.000 Fz=0.000 Fx=0.000 Fy=0.000
[DEBUG] [Tire] FR grounded=0 omega=0.000 wheelSpeed=0.000 Vx=0.000 Vy=0.000 slipVel=0.000 kappa=0.000 alpha=0.000 Fz=0.000 Fx=0.000 Fy=0.000
[DEBUG] [Tire] RL grounded=0 omega=0.000 wheelSpeed=0.000 Vx=0.000 Vy=0.000 slipVel=0.000 kappa=0.000 alpha=0.000 Fz=0.000 Fx=0.000 Fy=0.000
[DEBUG] [Tire] RR grounded=0 omega=0.000 wheelSpeed=0.000 Vx=0.000 Vy=0.000 slipVel=0.000 kappa=0.000 alpha=0.000 Fz=0.000 Fx=0.000 Fy=0.000
[DEBUG] [Audio] Submitted bytes=29900800
[DEBUG] [Suspension] FL=0.000000 FR=0.000000 RL=0.000000 RR=0.000000
[DEBUG] [Wheel] FL=0.000000 FR=0.000000 RL=0.000000 RR=0.000000
[DEBUG] [Powertrain] gear=1 rpm=0.000000 torque=0.000000 clutch=0.000000 running=0
[DEBUG] [Tire] FL grounded=0 omega=0.000 wheelSpeed=0.000 Vx=0.000 Vy=0.000 slipVel=0.000 kappa=0.000 alpha=0.000 Fz=0.000 Fx=0.000 Fy=0.000
[DEBUG] [Tire] FR grounded=0 omega=0.000 wheelSpeed=0.000 Vx=0.000 Vy=0.000 slipVel=0.000 kappa=0.000 alpha=0.000 Fz=0.000 Fx=0.000 Fy=0.000
[DEBUG] [Tire] RL grounded=0 omega=0.000 wheelSpeed=0.000 Vx=0.000 Vy=0.000 slipVel=0.000 kappa=0.000 alpha=0.000 Fz=0.000 Fx=0.000 Fy=0.000
[DEBUG] [Tire] RR grounded=0 omega=0.000 wheelSpeed=0.000 Vx=0.000 Vy=0.000 slipVel=0.000 kappa=0.000 alpha=0.000 Fz=0.000 Fx=0.000 Fy=0.000
[DEBUG] [Tire] FL grounded=0 omega=0.000 wheelSpeed=0.000 Vx=0.000 Vy=0.000 slipVel=0.000 kappa=0.000 alpha=0.000 Fz=0.000 Fx=0.000 Fy=0.000
[DEBUG] [Tire] FR grounded=0 omega=0.000 wheelSpeed=0.000 Vx=0.000 Vy=0.000 slipVel=0.000 kappa=0.000 alpha=0.000 Fz=0.000 Fx=0.000 Fy=0.000
[DEBUG] [Tire] RL grounded=0 omega=0.000 wheelSpeed=0.000 Vx=0.000 Vy=0.000 slipVel=0.000 kappa=0.000 alpha=0.000 Fz=0.000 Fx=0.000 Fy=0.000
[DEBUG] [Tire] RR grounded=0 omega=0.000 wheelSpeed=0.000 Vx=0.000 Vy=0.000 slipVel=0.000 kappa=0.000 alpha=0.000 Fz=0.000 Fx=0.000 Fy=0.000
[DEBUG] [Tire] FL grounded=0 omega=0.000 wheelSpeed=0.000 Vx=0.000 Vy=0.000 slipVel=0.000 kappa=0.000 alpha=0.000 Fz=0.000 Fx=0.000 Fy=0.000
[DEBUG] [Tire] FR grounded=0 omega=0.000 wheelSpeed=0.000 Vx=0.000 Vy=0.000 slipVel=0.000 kappa=0.000 alpha=0.000 Fz=0.000 Fx=0.000 Fy=0.000
[DEBUG] [Tire] RL grounded=0 omega=0.000 wheelSpeed=0.000 Vx=0.000 Vy=0.000 slipVel=0.000 kappa=0.000 alpha=0.000 Fz=0.000 Fx=0.000 Fy=0.000
[DEBUG] [Tire] RR grounded=0 omega=0.000 wheelSpeed=0.000 Vx=0.000 Vy=0.000 slipVel=0.000 kappa=0.000 alpha=0.000 Fz=0.000 Fx=0.000 Fy=0.000
[DEBUG] [Suspension] FL=0.000000 FR=0.000000 RL=0.000000 RR=0.000000
[DEBUG] [Wheel] FL=0.000000 FR=0.000000 RL=0.000000 RR=0.000000
[DEBUG] [Powertrain] gear=1 rpm=0.000000 torque=0.000000 clutch=0.000000 running=0
[DEBUG] [Tire] FL grounded=0 omega=0.000 wheelSpeed=0.000 Vx=0.000 Vy=0.000 slipVel=0.000 kappa=0.000 alpha=0.000 Fz=0.000 Fx=0.000 Fy=0.000
[DEBUG] [Tire] FR grounded=0 omega=0.000 wheelSpeed=0.000 Vx=0.000 Vy=0.000 slipVel=0.000 kappa=0.000 alpha=0.000 Fz=0.000 Fx=0.000 Fy=0.000
[DEBUG] [Tire] RL grounded=0 omega=0.000 wheelSpeed=0.000 Vx=0.000 Vy=0.000 slipVel=0.000 kappa=0.000 alpha=0.000 Fz=0.000 Fx=0.000 Fy=0.000
[DEBUG] [Tire] RR grounded=0 omega=0.000 wheelSpeed=0.000 Vx=0.000 Vy=0.000 slipVel=0.000 kappa=0.000 alpha=0.000 Fz=0.000 Fx=0.000 Fy=0.000
[DEBUG] [Energy] x=175.761 y=2.037 z=15.712 vx=3.960 vy=-0.046 vz=1.896 total=35253.988 potential=23781.605 linear=11471.291 angular=1.089 wheels=0.000 suspension=0.000 suspensionPower=0.000 suspensionResidual=0.000
[DEBUG] [Tire] FL grounded=0 omega=0.000 wheelSpeed=0.000 Vx=0.000 Vy=0.000 slipVel=0.000 kappa=0.000 alpha=0.000 Fz=0.000 Fx=0.000 Fy=0.000
[DEBUG] [Tire] FR grounded=0 omega=0.000 wheelSpeed=0.000 Vx=0.000 Vy=0.000 slipVel=0.000 kappa=0.000 alpha=0.000 Fz=0.000 Fx=0.000 Fy=0.000
[DEBUG] [Tire] RL grounded=0 omega=0.000 wheelSpeed=0.000 Vx=0.000 Vy=0.000 slipVel=0.000 kappa=0.000 alpha=0.000 Fz=0.000 Fx=0.000 Fy=0.000
[DEBUG] [Tire] RR grounded=0 omega=0.000 wheelSpeed=0.000 Vx=0.000 Vy=0.000 slipVel=0.000 kappa=0.000 alpha=0.000 Fz=0.000 Fx=0.000 Fy=0.000
[DEBUG] [Suspension] FL=0.000000 FR=0.000000 RL=0.000000 RR=0.000000
[DEBUG] [Wheel] FL=0.000000 FR=0.000000 RL=0.000000 RR=0.000000
[DEBUG] [Powertrain] gear=1 rpm=0.000000 torque=0.000000 clutch=0.000000 running=0
[DEBUG] [Tire] FL grounded=0 omega=0.000 wheelSpeed=0.000 Vx=0.000 Vy=0.000 slipVel=0.000 kappa=0.000 alpha=0.000 Fz=0.000 Fx=0.000 Fy=0.000
[DEBUG] [Tire] FR grounded=0 omega=0.000 wheelSpeed=0.000 Vx=0.000 Vy=0.000 slipVel=0.000 kappa=0.000 alpha=0.000 Fz=0.000 Fx=0.000 Fy=0.000
[DEBUG] [Tire] RL grounded=0 omega=0.000 wheelSpeed=0.000 Vx=0.000 Vy=0.000 slipVel=0.000 kappa=0.000 alpha=0.000 Fz=0.000 Fx=0.000 Fy=0.000
[DEBUG] [Tire] RR grounded=0 omega=0.000 wheelSpeed=0.000 Vx=0.000 Vy=0.000 slipVel=0.000 kappa=0.000 alpha=0.000 Fz=0.000 Fx=0.000 Fy=0.000
[DEBUG] [Tire] FL grounded=0 omega=0.000 wheelSpeed=0.000 Vx=0.000 Vy=0.000 slipVel=0.000 kappa=0.000 alpha=0.000 Fz=0.000 Fx=0.000 Fy=0.000
[DEBUG] [Tire] FR grounded=0 omega=0.000 wheelSpeed=0.000 Vx=0.000 Vy=0.000 slipVel=0.000 kappa=0.000 alpha=0.000 Fz=0.000 Fx=0.000 Fy=0.000
[DEBUG] [Tire] RL grounded=0 omega=0.000 wheelSpeed=0.000 Vx=0.000 Vy=0.000 slipVel=0.000 kappa=0.000 alpha=0.000 Fz=0.000 Fx=0.000 Fy=0.000
[DEBUG] [Tire] RR grounded=0 omega=0.000 wheelSpeed=0.000 Vx=0.000 Vy=0.000 slipVel=0.000 kappa=0.000 alpha=0.000 Fz=0.000 Fx=0.000 Fy=0.000
[DEBUG] [Tire] FL grounded=0 omega=0.000 wheelSpeed=0.000 Vx=0.000 Vy=0.000 slipVel=0.000 kappa=0.000 alpha=0.000 Fz=0.000 Fx=0.000 Fy=0.000
[DEBUG] [Tire] FR grounded=0 omega=0.000 wheelSpeed=0.000 Vx=0.000 Vy=0.000 slipVel=0.000 kappa=0.000 alpha=0.000 Fz=0.000 Fx=0.000 Fy=0.000
[DEBUG] [Tire] RL grounded=0 omega=0.000 wheelSpeed=0.000 Vx=0.000 Vy=0.000 slipVel=0.000 kappa=0.000 alpha=0.000 Fz=0.000 Fx=0.000 Fy=0.000
[DEBUG] [Tire] RR grounded=0 omega=0.000 wheelSpeed=0.000 Vx=0.000 Vy=0.000 slipVel=0.000 kappa=0.000 alpha=0.000 Fz=0.000 Fx=0.000 Fy=0.000
[DEBUG] [Suspension] FL=0.000000 FR=0.000000 RL=0.000000 RR=0.000000
[DEBUG] [Wheel] FL=0.000000 FR=0.000000 RL=0.000000 RR=0.000000
[DEBUG] [Powertrain] gear=1 rpm=0.000000 torque=0.000000 clutch=0.000000 running=0
[DEBUG] [Tire] FL grounded=0 omega=0.000 wheelSpeed=0.000 Vx=0.000 Vy=0.000 slipVel=0.000 kappa=0.000 alpha=0.000 Fz=0.000 Fx=0.000 Fy=0.000
[DEBUG] [Tire] FR grounded=0 omega=0.000 wheelSpeed=0.000 Vx=0.000 Vy=0.000 slipVel=0.000 kappa=0.000 alpha=0.000 Fz=0.000 Fx=0.000 Fy=0.000
[DEBUG] [Tire] RL grounded=0 omega=0.000 wheelSpeed=0.000 Vx=0.000 Vy=0.000 slipVel=0.000 kappa=0.000 alpha=0.000 Fz=0.000 Fx=0.000 Fy=0.000
[DEBUG] [Tire] RR grounded=0 omega=0.000 wheelSpeed=0.000 Vx=0.000 Vy=0.000 slipVel=0.000 kappa=0.000 alpha=0.000 Fz=0.000 Fx=0.000 Fy=0.000
[DEBUG] [Performance] FPS=59 PhysicsHz=119
[DEBUG] [Energy] x=177.346 y=2.020 z=16.299 vx=2.093 vy=-0.017 vz=0.561 total=26398.646 potential=23581.203 linear=2794.408 angular=23.035 wheels=0.000 suspension=0.000 suspensionPower=0.000 suspensionResidual=0.000
[DEBUG] [Tire] FL grounded=0 omega=0.000 wheelSpeed=0.000 Vx=0.000 Vy=0.000 slipVel=0.000 kappa=0.000 alpha=0.000 Fz=0.000 Fx=0.000 Fy=0.000
[DEBUG] [Tire] FR grounded=0 omega=0.000 wheelSpeed=0.000 Vx=0.000 Vy=0.000 slipVel=0.000 kappa=0.000 alpha=0.000 Fz=0.000 Fx=0.000 Fy=0.000
[DEBUG] [Tire] RL grounded=0 omega=0.000 wheelSpeed=0.000 Vx=0.000 Vy=0.000 slipVel=0.000 kappa=0.000 alpha=0.000 Fz=0.000 Fx=0.000 Fy=0.000
[DEBUG] [Tire] RR grounded=0 omega=0.000 wheelSpeed=0.000 Vx=0.000 Vy=0.000 slipVel=0.000 kappa=0.000 alpha=0.000 Fz=0.000 Fx=0.000 Fy=0.000
[DEBUG] [Suspension] FL=0.000000 FR=0.000000 RL=0.000000 RR=0.000000
[DEBUG] [Wheel] FL=0.000000 FR=0.000000 RL=0.000000 RR=0.000000
[DEBUG] [Powertrain] gear=1 rpm=0.000000 torque=0.000000 clutch=0.000000 running=0
[DEBUG] [Tire] FL grounded=0 omega=0.000 wheelSpeed=0.000 Vx=0.000 Vy=0.000 slipVel=0.000 kappa=0.000 alpha=0.000 Fz=0.000 Fx=0.000 Fy=0.000
[DEBUG] [Tire] FR grounded=0 omega=0.000 wheelSpeed=0.000 Vx=0.000 Vy=0.000 slipVel=0.000 kappa=0.000 alpha=0.000 Fz=0.000 Fx=0.000 Fy=0.000
[DEBUG] [Tire] RL grounded=0 omega=0.000 wheelSpeed=0.000 Vx=0.000 Vy=0.000 slipVel=0.000 kappa=0.000 alpha=0.000 Fz=0.000 Fx=0.000 Fy=0.000
[DEBUG] [Tire] RR grounded=0 omega=0.000 wheelSpeed=0.000 Vx=0.000 Vy=0.000 slipVel=0.000 kappa=0.000 alpha=0.000 Fz=0.000 Fx=0.000 Fy=0.000
[DEBUG] [Audio] Callback count=3700 additionalBytes=8192 totalBytes=8192
[DEBUG] [Audio] Submitted bytes=30310400
[DEBUG] [Tire] FL grounded=0 omega=0.000 wheelSpeed=0.000 Vx=0.000 Vy=0.000 slipVel=0.000 kappa=0.000 alpha=0.000 Fz=0.000 Fx=0.000 Fy=0.000
[DEBUG] [Tire] FR grounded=0 omega=0.000 wheelSpeed=0.000 Vx=0.000 Vy=0.000 slipVel=0.000 kappa=0.000 alpha=0.000 Fz=0.000 Fx=0.000 Fy=0.000
[DEBUG] [Tire] RL grounded=0 omega=0.000 wheelSpeed=0.000 Vx=0.000 Vy=0.000 slipVel=0.000 kappa=0.000 alpha=0.000 Fz=0.000 Fx=0.000 Fy=0.000
[DEBUG] [Tire] RR grounded=0 omega=0.000 wheelSpeed=0.000 Vx=0.000 Vy=0.000 slipVel=0.000 kappa=0.000 alpha=0.000 Fz=0.000 Fx=0.000 Fy=0.000
[DEBUG] [Tire] FL grounded=0 omega=0.000 wheelSpeed=0.000 Vx=0.000 Vy=0.000 slipVel=0.000 kappa=0.000 alpha=0.000 Fz=0.000 Fx=0.000 Fy=0.000
[DEBUG] [Tire] FR grounded=0 omega=0.000 wheelSpeed=0.000 Vx=0.000 Vy=0.000 slipVel=0.000 kappa=0.000 alpha=0.000 Fz=0.000 Fx=0.000 Fy=0.000
[DEBUG] [Tire] RL grounded=0 omega=0.000 wheelSpeed=0.000 Vx=0.000 Vy=0.000 slipVel=0.000 kappa=0.000 alpha=0.000 Fz=0.000 Fx=0.000 Fy=0.000
[DEBUG] [Tire] RR grounded=0 omega=0.000 wheelSpeed=0.000 Vx=0.000 Vy=0.000 slipVel=0.000 kappa=0.000 alpha=0.000 Fz=0.000 Fx=0.000 Fy=0.000
[DEBUG] [Suspension] FL=0.000000 FR=0.000000 RL=0.000000 RR=0.000000
[DEBUG] [Wheel] FL=0.000000 FR=0.000000 RL=0.000000 RR=0.000000
[DEBUG] [Powertrain] gear=1 rpm=0.000000 torque=0.000000 clutch=0.000000 running=0
[DEBUG] [Tire] FL grounded=0 omega=0.000 wheelSpeed=0.000 Vx=0.000 Vy=0.000 slipVel=0.000 kappa=0.000 alpha=0.000 Fz=0.000 Fx=0.000 Fy=0.000
[DEBUG] [Tire] FR grounded=0 omega=0.000 wheelSpeed=0.000 Vx=0.000 Vy=0.000 slipVel=0.000 kappa=0.000 alpha=0.000 Fz=0.000 Fx=0.000 Fy=0.000
[DEBUG] [Tire] RL grounded=0 omega=0.000 wheelSpeed=0.000 Vx=0.000 Vy=0.000 slipVel=0.000 kappa=0.000 alpha=0.000 Fz=0.000 Fx=0.000 Fy=0.000
[DEBUG] [Tire] RR grounded=0 omega=0.000 wheelSpeed=0.000 Vx=0.000 Vy=0.000 slipVel=0.000 kappa=0.000 alpha=0.000 Fz=0.000 Fx=0.000 Fy=0.000
[DEBUG] [Tire] FL grounded=0 omega=0.000 wheelSpeed=0.000 Vx=0.000 Vy=0.000 slipVel=0.000 kappa=0.000 alpha=0.000 Fz=0.000 Fx=0.000 Fy=0.000
[DEBUG] [Tire] FR grounded=0 omega=0.000 wheelSpeed=0.000 Vx=0.000 Vy=0.000 slipVel=0.000 kappa=0.000 alpha=0.000 Fz=0.000 Fx=0.000 Fy=0.000
[DEBUG] [Tire] RL grounded=0 omega=0.000 wheelSpeed=0.000 Vx=0.000 Vy=0.000 slipVel=0.000 kappa=0.000 alpha=0.000 Fz=0.000 Fx=0.000 Fy=0.000
[DEBUG] [Tire] RR grounded=0 omega=0.000 wheelSpeed=0.000 Vx=0.000 Vy=0.000 slipVel=0.000 kappa=0.000 alpha=0.000 Fz=0.000 Fx=0.000 Fy=0.000
[DEBUG] [Energy] x=177.841 y=2.015 z=16.426 vx=-0.001 vy=0.000 vz=-0.006 total=23524.154 potential=23524.123 linear=0.025 angular=0.006 wheels=0.000 suspension=0.000 suspensionPower=0.000 suspensionResidual=0.000
[DEBUG] [Suspension] FL=0.000000 FR=0.000000 RL=0.000000 RR=0.000000
[DEBUG] [Wheel] FL=0.000000 FR=0.000000 RL=0.000000 RR=0.000000
[DEBUG] [Powertrain] gear=1 rpm=0.000000 torque=0.000000 clutch=0.000000 running=0
[DEBUG] [Tire] FL grounded=0 omega=0.000 wheelSpeed=0.000 Vx=0.000 Vy=0.000 slipVel=0.000 kappa=0.000 alpha=0.000 Fz=0.000 Fx=0.000 Fy=0.000
[DEBUG] [Tire] FR grounded=0 omega=0.000 wheelSpeed=0.000 Vx=0.000 Vy=0.000 slipVel=0.000 kappa=0.000 alpha=0.000 Fz=0.000 Fx=0.000 Fy=0.000
[DEBUG] [Tire] RL grounded=0 omega=0.000 wheelSpeed=0.000 Vx=0.000 Vy=0.000 slipVel=0.000 kappa=0.000 alpha=0.000 Fz=0.000 Fx=0.000 Fy=0.000
[DEBUG] [Tire] RR grounded=0 omega=0.000 wheelSpeed=0.000 Vx=0.000 Vy=0.000 slipVel=0.000 kappa=0.000 alpha=0.000 Fz=0.000 Fx=0.000 Fy=0.000
[DEBUG] [Tire] FL grounded=0 omega=0.000 wheelSpeed=0.000 Vx=0.000 Vy=0.000 slipVel=0.000 kappa=0.000 alpha=0.000 Fz=0.000 Fx=0.000 Fy=0.000
[DEBUG] [Tire] FR grounded=0 omega=0.000 wheelSpeed=0.000 Vx=0.000 Vy=0.000 slipVel=0.000 kappa=0.000 alpha=0.000 Fz=0.000 Fx=0.000 Fy=0.000
[DEBUG] [Tire] RL grounded=0 omega=0.000 wheelSpeed=0.000 Vx=0.000 Vy=0.000 slipVel=0.000 kappa=0.000 alpha=0.000 Fz=0.000 Fx=0.000 Fy=0.000
[DEBUG] [Tire] RR grounded=0 omega=0.000 wheelSpeed=0.000 Vx=0.000 Vy=0.000 slipVel=0.000 kappa=0.000 alpha=0.000 Fz=0.000 Fx=0.000 Fy=0.000
[DEBUG] [Tire] FL grounded=0 omega=0.000 wheelSpeed=0.000 Vx=0.000 Vy=0.000 slipVel=0.000 kappa=0.000 alpha=0.000 Fz=0.000 Fx=0.000 Fy=0.000
[DEBUG] [Tire] FR grounded=0 omega=0.000 wheelSpeed=0.000 Vx=0.000 Vy=0.000 slipVel=0.000 kappa=0.000 alpha=0.000 Fz=0.000 Fx=0.000 Fy=0.000
[DEBUG] [Tire] RL grounded=0 omega=0.000 wheelSpeed=0.000 Vx=0.000 Vy=0.000 slipVel=0.000 kappa=0.000 alpha=0.000 Fz=0.000 Fx=0.000 Fy=0.000
[DEBUG] [Tire] RR grounded=0 omega=0.000 wheelSpeed=0.000 Vx=0.000 Vy=0.000 slipVel=0.000 kappa=0.000 alpha=0.000 Fz=0.000 Fx=0.000 Fy=0.000
[DEBUG] [Suspension] FL=0.000000 FR=0.000000 RL=0.000000 RR=0.000000
[DEBUG] [Wheel] FL=0.000000 FR=0.000000 RL=0.000000 RR=0.000000
[DEBUG] [Powertrain] gear=1 rpm=0.000000 torque=0.000000 clutch=0.000000 running=0
[DEBUG] [Tire] FL grounded=0 omega=0.000 wheelSpeed=0.000 Vx=0.000 Vy=0.000 slipVel=0.000 kappa=0.000 alpha=0.000 Fz=0.000 Fx=0.000 Fy=0.000
[DEBUG] [Tire] FR grounded=0 omega=0.000 wheelSpeed=0.000 Vx=0.000 Vy=0.000 slipVel=0.000 kappa=0.000 alpha=0.000 Fz=0.000 Fx=0.000 Fy=0.000
[DEBUG] [Tire] RL grounded=0 omega=0.000 wheelSpeed=0.000 Vx=0.000 Vy=0.000 slipVel=0.000 kappa=0.000 alpha=0.000 Fz=0.000 Fx=0.000 Fy=0.000
[DEBUG] [Tire] RR grounded=0 omega=0.000 wheelSpeed=0.000 Vx=0.000 Vy=0.000 slipVel=0.000 kappa=0.000 alpha=0.000 Fz=0.000 Fx=0.000 Fy=0.000
[DEBUG] [Performance] FPS=60 PhysicsHz=120
[DEBUG] [RB] Sleeping
[DEBUG] [Tire] FL grounded=0 omega=0.000 wheelSpeed=0.000 Vx=0.000 Vy=0.000 slipVel=0.000 kappa=0.000 alpha=0.000 Fz=0.000 Fx=0.000 Fy=0.000
[DEBUG] [Tire] FR grounded=0 omega=0.000 wheelSpeed=0.000 Vx=0.000 Vy=0.000 slipVel=0.000 kappa=0.000 alpha=0.000 Fz=0.000 Fx=0.000 Fy=0.000
[DEBUG] [Tire] RL grounded=0 omega=0.000 wheelSpeed=0.000 Vx=0.000 Vy=0.000 slipVel=0.000 kappa=0.000 alpha=0.000 Fz=0.000 Fx=0.000 Fy=0.000
[DEBUG] [Tire] RR grounded=0 omega=0.000 wheelSpeed=0.000 Vx=0.000 Vy=0.000 slipVel=0.000 kappa=0.000 alpha=0.000 Fz=0.000 Fx=0.000 Fy=0.000
[DEBUG] [Energy] x=177.840 y=2.017 z=16.431 vx=-0.000 vy=0.000 vz=0.000 total=23541.822 potential=23541.822 linear=0.000 angular=0.000 wheels=0.000 suspension=0.000 suspensionPower=0.000 suspensionResidual=0.000
[DEBUG] [Suspension] FL=0.000000 FR=0.000000 RL=0.000000 RR=0.000000
[DEBUG] [Wheel] FL=0.000000 FR=0.000000 RL=0.000000 RR=0.000000
[DEBUG] [Powertrain] gear=1 rpm=0.000000 torque=0.000000 clutch=0.000000 running=0
[DEBUG] [Tire] FL grounded=0 omega=0.000 wheelSpeed=0.000 Vx=0.000 Vy=0.000 slipVel=0.000 kappa=0.000 alpha=0.000 Fz=0.000 Fx=0.000 Fy=0.000
[DEBUG] [Tire] FR grounded=0 omega=0.000 wheelSpeed=0.000 Vx=0.000 Vy=0.000 slipVel=0.000 kappa=0.000 alpha=0.000 Fz=0.000 Fx=0.000 Fy=0.000
[DEBUG] [Tire] RL grounded=0 omega=0.000 wheelSpeed=0.000 Vx=0.000 Vy=0.000 slipVel=0.000 kappa=0.000 alpha=0.000 Fz=0.000 Fx=0.000 Fy=0.000
[DEBUG] [Tire] RR grounded=0 omega=0.000 wheelSpeed=0.000 Vx=0.000 Vy=0.000 slipVel=0.000 kappa=0.000 alpha=0.000 Fz=0.000 Fx=0.000 Fy=0.000
[DEBUG] [Audio] Submitted bytes=30720000
[DEBUG] [Tire] FL grounded=0 omega=0.000 wheelSpeed=0.000 Vx=0.000 Vy=0.000 slipVel=0.000 kappa=0.000 alpha=0.000 Fz=0.000 Fx=0.000 Fy=0.000
[DEBUG] [Tire] FR grounded=0 omega=0.000 wheelSpeed=0.000 Vx=0.000 Vy=0.000 slipVel=0.000 kappa=0.000 alpha=0.000 Fz=0.000 Fx=0.000 Fy=0.000
[DEBUG] [Tire] RL grounded=0 omega=0.000 wheelSpeed=0.000 Vx=0.000 Vy=0.000 slipVel=0.000 kappa=0.000 alpha=0.000 Fz=0.000 Fx=0.000 Fy=0.000
[DEBUG] [Tire] RR grounded=0 omega=0.000 wheelSpeed=0.000 Vx=0.000 Vy=0.000 slipVel=0.000 kappa=0.000 alpha=0.000 Fz=0.000 Fx=0.000 Fy=0.000
[DEBUG] [Tire] FL grounded=0 omega=0.000 wheelSpeed=0.000 Vx=0.000 Vy=0.000 slipVel=0.000 kappa=0.000 alpha=0.000 Fz=0.000 Fx=0.000 Fy=0.000
[DEBUG] [Tire] FR grounded=0 omega=0.000 wheelSpeed=0.000 Vx=0.000 Vy=0.000 slipVel=0.000 kappa=0.000 alpha=0.000 Fz=0.000 Fx=0.000 Fy=0.000
[DEBUG] [Tire] RL grounded=0 omega=0.000 wheelSpeed=0.000 Vx=0.000 Vy=0.000 slipVel=0.000 kappa=0.000 alpha=0.000 Fz=0.000 Fx=0.000 Fy=0.000
[DEBUG] [Tire] RR grounded=0 omega=0.000 wheelSpeed=0.000 Vx=0.000 Vy=0.000 slipVel=0.000 kappa=0.000 alpha=0.000 Fz=0.000 Fx=0.000 Fy=0.000
[DEBUG] [Suspension] FL=0.000000 FR=0.000000 RL=0.000000 RR=0.000000
[DEBUG] [Wheel] FL=0.000000 FR=0.000000 RL=0.000000 RR=0.000000
[DEBUG] [Powertrain] gear=1 rpm=0.000000 torque=0.000000 clutch=0.000000 running=0
[DEBUG] [Tire] FL grounded=0 omega=0.000 wheelSpeed=0.000 Vx=0.000 Vy=0.000 slipVel=0.000 kappa=0.000 alpha=0.000 Fz=0.000 Fx=0.000 Fy=0.000
[DEBUG] [Tire] FR grounded=0 omega=0.000 wheelSpeed=0.000 Vx=0.000 Vy=0.000 slipVel=0.000 kappa=0.000 alpha=0.000 Fz=0.000 Fx=0.000 Fy=0.000
[DEBUG] [Tire] RL grounded=0 omega=0.000 wheelSpeed=0.000 Vx=0.000 Vy=0.000 slipVel=0.000 kappa=0.000 alpha=0.000 Fz=0.000 Fx=0.000 Fy=0.000
[DEBUG] [Tire] RR grounded=0 omega=0.000 wheelSpeed=0.000 Vx=0.000 Vy=0.000 slipVel=0.000 kappa=0.000 alpha=0.000 Fz=0.000 Fx=0.000 Fy=0.000
[DEBUG] [Tire] FL grounded=0 omega=0.000 wheelSpeed=0.000 Vx=0.000 Vy=0.000 slipVel=0.000 kappa=0.000 alpha=0.000 Fz=0.000 Fx=0.000 Fy=0.000
[DEBUG] [Tire] FR grounded=0 omega=0.000 wheelSpeed=0.000 Vx=0.000 Vy=0.000 slipVel=0.000 kappa=0.000 alpha=0.000 Fz=0.000 Fx=0.000 Fy=0.000
[DEBUG] [Tire] RL grounded=0 omega=0.000 wheelSpeed=0.000 Vx=0.000 Vy=0.000 slipVel=0.000 kappa=0.000 alpha=0.000 Fz=0.000 Fx=0.000 Fy=0.000
[DEBUG] [Tire] RR grounded=0 omega=0.000 wheelSpeed=0.000 Vx=0.000 Vy=0.000 slipVel=0.000 kappa=0.000 alpha=0.000 Fz=0.000 Fx=0.000 Fy=0.000
[DEBUG] [Energy] x=177.840 y=2.017 z=16.431 vx=-0.000 vy=0.000 vz=0.000 total=23548.102 potential=23548.102 linear=0.000 angular=0.000 wheels=0.000 suspension=0.000 suspensionPower=0.000 suspensionResidual=0.000
[DEBUG] [Suspension] FL=0.000000 FR=0.000000 RL=0.000000 RR=0.000000
[DEBUG] [Wheel] FL=0.000000 FR=0.000000 RL=0.000000 RR=0.000000
[DEBUG] [Powertrain] gear=1 rpm=0.000000 torque=0.000000 clutch=0.000000 running=0
[DEBUG] [Tire] FL grounded=0 omega=0.000 wheelSpeed=0.000 Vx=0.000 Vy=0.000 slipVel=0.000 kappa=0.000 alpha=0.000 Fz=0.000 Fx=0.000 Fy=0.000
[DEBUG] [Tire] FR grounded=0 omega=0.000 wheelSpeed=0.000 Vx=0.000 Vy=0.000 slipVel=0.000 kappa=0.000 alpha=0.000 Fz=0.000 Fx=0.000 Fy=0.000
[DEBUG] [Tire] RL grounded=0 omega=0.000 wheelSpeed=0.000 Vx=0.000 Vy=0.000 slipVel=0.000 kappa=0.000 alpha=0.000 Fz=0.000 Fx=0.000 Fy=0.000
[DEBUG] [Tire] RR grounded=0 omega=0.000 wheelSpeed=0.000 Vx=0.000 Vy=0.000 slipVel=0.000 kappa=0.000 alpha=0.000 Fz=0.000 Fx=0.000 Fy=0.000
[DEBUG] [Tire] FL grounded=0 omega=0.000 wheelSpeed=0.000 Vx=0.000 Vy=0.000 slipVel=0.000 kappa=0.000 alpha=0.000 Fz=0.000 Fx=0.000 Fy=0.000
[DEBUG] [Tire] FR grounded=0 omega=0.000 wheelSpeed=0.000 Vx=0.000 Vy=0.000 slipVel=0.000 kappa=0.000 alpha=0.000 Fz=0.000 Fx=0.000 Fy=0.000
[DEBUG] [Tire] RL grounded=0 omega=0.000 wheelSpeed=0.000 Vx=0.000 Vy=0.000 slipVel=0.000 kappa=0.000 alpha=0.000 Fz=0.000 Fx=0.000 Fy=0.000
[DEBUG] [Tire] RR grounded=0 omega=0.000 wheelSpeed=0.000 Vx=0.000 Vy=0.000 slipVel=0.000 kappa=0.000 alpha=0.000 Fz=0.000 Fx=0.000 Fy=0.000
[DEBUG] [Tire] FL grounded=0 omega=0.000 wheelSpeed=0.000 Vx=0.000 Vy=0.000 slipVel=0.000 kappa=0.000 alpha=0.000 Fz=0.000 Fx=0.000 Fy=0.000
[DEBUG] [Tire] FR grounded=0 omega=0.000 wheelSpeed=0.000 Vx=0.000 Vy=0.000 slipVel=0.000 kappa=0.000 alpha=0.000 Fz=0.000 Fx=0.000 Fy=0.000
[DEBUG] [Tire] RL grounded=0 omega=0.000 wheelSpeed=0.000 Vx=0.000 Vy=0.000 slipVel=0.000 kappa=0.000 alpha=0.000 Fz=0.000 Fx=0.000 Fy=0.000
[DEBUG] [Tire] RR grounded=0 omega=0.000 wheelSpeed=0.000 Vx=0.000 Vy=0.000 slipVel=0.000 kappa=0.000 alpha=0.000 Fz=0.000 Fx=0.000 Fy=0.000
[DEBUG] [Suspension] FL=0.000000 FR=0.000000 RL=0.000000 RR=0.000000
[DEBUG] [Wheel] FL=0.000000 FR=0.000000 RL=0.000000 RR=0.000000
[DEBUG] [Powertrain] gear=1 rpm=0.000000 torque=0.000000 clutch=0.000000 running=0
[DEBUG] [Tire] FL grounded=0 omega=0.000 wheelSpeed=0.000 Vx=0.000 Vy=0.000 slipVel=0.000 kappa=0.000 alpha=0.000 Fz=0.000 Fx=0.000 Fy=0.000
[DEBUG] [Tire] FR grounded=0 omega=0.000 wheelSpeed=0.000 Vx=0.000 Vy=0.000 slipVel=0.000 kappa=0.000 alpha=0.000 Fz=0.000 Fx=0.000 Fy=0.000
[DEBUG] [Tire] RL grounded=0 omega=0.000 wheelSpeed=0.000 Vx=0.000 Vy=0.000 slipVel=0.000 kappa=0.000 alpha=0.000 Fz=0.000 Fx=0.000 Fy=0.000
[DEBUG] [Tire] RR grounded=0 omega=0.000 wheelSpeed=0.000 Vx=0.000 Vy=0.000 slipVel=0.000 kappa=0.000 alpha=0.000 Fz=0.000 Fx=0.000 Fy=0.000
[DEBUG] [Performance] FPS=59 PhysicsHz=120
[DEBUG] [Tire] FL grounded=0 omega=0.000 wheelSpeed=0.000 Vx=0.000 Vy=0.000 slipVel=0.000 kappa=0.000 alpha=0.000 Fz=0.000 Fx=0.000 Fy=0.000
[DEBUG] [Tire] FR grounded=0 omega=0.000 wheelSpeed=0.000 Vx=0.000 Vy=0.000 slipVel=0.000 kappa=0.000 alpha=0.000 Fz=0.000 Fx=0.000 Fy=0.000
[DEBUG] [Tire] RL grounded=0 omega=0.000 wheelSpeed=0.000 Vx=0.000 Vy=0.000 slipVel=0.000 kappa=0.000 alpha=0.000 Fz=0.000 Fx=0.000 Fy=0.000
[DEBUG] [Tire] RR grounded=0 omega=0.000 wheelSpeed=0.000 Vx=0.000 Vy=0.000 slipVel=0.000 kappa=0.000 alpha=0.000 Fz=0.000 Fx=0.000 Fy=0.000
[DEBUG] [Energy] x=177.840 y=2.017 z=16.431 vx=-0.000 vy=0.000 vz=0.000 total=23548.102 potential=23548.102 linear=0.000 angular=0.000 wheels=0.000 suspension=0.000 suspensionPower=0.000 suspensionResidual=0.000
[DEBUG] [Suspension] FL=0.000000 FR=0.000000 RL=0.000000 RR=0.000000
[DEBUG] [Wheel] FL=0.000000 FR=0.000000 RL=0.000000 RR=0.000000
[DEBUG] [Powertrain] gear=1 rpm=0.000000 torque=0.000000 clutch=0.000000 running=0
[DEBUG] [Tire] FL grounded=0 omega=0.000 wheelSpeed=0.000 Vx=0.000 Vy=0.000 slipVel=0.000 kappa=0.000 alpha=0.000 Fz=0.000 Fx=0.000 Fy=0.000
[DEBUG] [Tire] FR grounded=0 omega=0.000 wheelSpeed=0.000 Vx=0.000 Vy=0.000 slipVel=0.000 kappa=0.000 alpha=0.000 Fz=0.000 Fx=0.000 Fy=0.000
[DEBUG] [Tire] RL grounded=0 omega=0.000 wheelSpeed=0.000 Vx=0.000 Vy=0.000 slipVel=0.000 kappa=0.000 alpha=0.000 Fz=0.000 Fx=0.000 Fy=0.000
[DEBUG] [Tire] RR grounded=0 omega=0.000 wheelSpeed=0.000 Vx=0.000 Vy=0.000 slipVel=0.000 kappa=0.000 alpha=0.000 Fz=0.000 Fx=0.000 Fy=0.000
[DEBUG] [Tire] FL grounded=0 omega=0.000 wheelSpeed=0.000 Vx=0.000 Vy=0.000 slipVel=0.000 kappa=0.000 alpha=0.000 Fz=0.000 Fx=0.000 Fy=0.000
[DEBUG] [Tire] FR grounded=0 omega=0.000 wheelSpeed=0.000 Vx=0.000 Vy=0.000 slipVel=0.000 kappa=0.000 alpha=0.000 Fz=0.000 Fx=0.000 Fy=0.000
[DEBUG] [Tire] RL grounded=0 omega=0.000 wheelSpeed=0.000 Vx=0.000 Vy=0.000 slipVel=0.000 kappa=0.000 alpha=0.000 Fz=0.000 Fx=0.000 Fy=0.000
[DEBUG] [Tire] RR grounded=0 omega=0.000 wheelSpeed=0.000 Vx=0.000 Vy=0.000 slipVel=0.000 kappa=0.000 alpha=0.000 Fz=0.000 Fx=0.000 Fy=0.000
[DEBUG] [Audio] Callback count=3800 additionalBytes=8192 totalBytes=8192
[DEBUG] [Audio] GenerateAudio rpm=0.000000 torque=0.000000 speed=0.000000 slip=0.000000 running=0
[DEBUG] [Audio] Submitted bytes=31129600
[DEBUG] [Tire] FL grounded=0 omega=0.000 wheelSpeed=0.000 Vx=0.000 Vy=0.000 slipVel=0.000 kappa=0.000 alpha=0.000 Fz=0.000 Fx=0.000 Fy=0.000
[DEBUG] [Tire] FR grounded=0 omega=0.000 wheelSpeed=0.000 Vx=0.000 Vy=0.000 slipVel=0.000 kappa=0.000 alpha=0.000 Fz=0.000 Fx=0.000 Fy=0.000
[DEBUG] [Tire] RL grounded=0 omega=0.000 wheelSpeed=0.000 Vx=0.000 Vy=0.000 slipVel=0.000 kappa=0.000 alpha=0.000 Fz=0.000 Fx=0.000 Fy=0.000
[DEBUG] [Tire] RR grounded=0 omega=0.000 wheelSpeed=0.000 Vx=0.000 Vy=0.000 slipVel=0.000 kappa=0.000 alpha=0.000 Fz=0.000 Fx=0.000 Fy=0.000
[DEBUG] [Suspension] FL=0.000000 FR=0.000000 RL=0.000000 RR=0.000000
[DEBUG] [Wheel] FL=0.000000 FR=0.000000 RL=0.000000 RR=0.000000
[DEBUG] [Powertrain] gear=1 rpm=0.000000 torque=0.000000 clutch=0.000000 running=0
[DEBUG] [Tire] FL grounded=0 omega=0.000 wheelSpeed=0.000 Vx=0.000 Vy=0.000 slipVel=0.000 kappa=0.000 alpha=0.000 Fz=0.000 Fx=0.000 Fy=0.000
[DEBUG] [Tire] FR grounded=0 omega=0.000 wheelSpeed=0.000 Vx=0.000 Vy=0.000 slipVel=0.000 kappa=0.000 alpha=0.000 Fz=0.000 Fx=0.000 Fy=0.000
[DEBUG] [Tire] RL grounded=0 omega=0.000 wheelSpeed=0.000 Vx=0.000 Vy=0.000 slipVel=0.000 kappa=0.000 alpha=0.000 Fz=0.000 Fx=0.000 Fy=0.000
[DEBUG] [Tire] RR grounded=0 omega=0.000 wheelSpeed=0.000 Vx=0.000 Vy=0.000 slipVel=0.000 kappa=0.000 alpha=0.000 Fz=0.000 Fx=0.000 Fy=0.000
[DEBUG] [Tire] FL grounded=0 omega=0.000 wheelSpeed=0.000 Vx=0.000 Vy=0.000 slipVel=0.000 kappa=0.000 alpha=0.000 Fz=0.000 Fx=0.000 Fy=0.000
[DEBUG] [Tire] FR grounded=0 omega=0.000 wheelSpeed=0.000 Vx=0.000 Vy=0.000 slipVel=0.000 kappa=0.000 alpha=0.000 Fz=0.000 Fx=0.000 Fy=0.000
[DEBUG] [Tire] RL grounded=0 omega=0.000 wheelSpeed=0.000 Vx=0.000 Vy=0.000 slipVel=0.000 kappa=0.000 alpha=0.000 Fz=0.000 Fx=0.000 Fy=0.000
[DEBUG] [Tire] RR grounded=0 omega=0.000 wheelSpeed=0.000 Vx=0.000 Vy=0.000 slipVel=0.000 kappa=0.000 alpha=0.000 Fz=0.000 Fx=0.000 Fy=0.000
[DEBUG] [Energy] x=177.840 y=2.017 z=16.431 vx=-0.000 vy=0.000 vz=0.000 total=23548.102 potential=23548.102 linear=0.000 angular=0.000 wheels=0.000 suspension=0.000 suspensionPower=0.000 suspensionResidual=0.000
[DEBUG] [Suspension] FL=0.000000 FR=0.000000 RL=0.000000 RR=0.000000
[DEBUG] [Wheel] FL=0.000000 FR=0.000000 RL=0.000000 RR=0.000000
[DEBUG] [Powertrain] gear=1 rpm=0.000000 torque=0.000000 clutch=0.000000 running=0
[DEBUG] [Tire] FL grounded=0 omega=0.000 wheelSpeed=0.000 Vx=0.000 Vy=0.000 slipVel=0.000 kappa=0.000 alpha=0.000 Fz=0.000 Fx=0.000 Fy=0.000
[DEBUG] [Tire] FR grounded=0 omega=0.000 wheelSpeed=0.000 Vx=0.000 Vy=0.000 slipVel=0.000 kappa=0.000 alpha=0.000 Fz=0.000 Fx=0.000 Fy=0.000
[DEBUG] [Tire] RL grounded=0 omega=0.000 wheelSpeed=0.000 Vx=0.000 Vy=0.000 slipVel=0.000 kappa=0.000 alpha=0.000 Fz=0.000 Fx=0.000 Fy=0.000
[DEBUG] [Tire] RR grounded=0 omega=0.000 wheelSpeed=0.000 Vx=0.000 Vy=0.000 slipVel=0.000 kappa=0.000 alpha=0.000 Fz=0.000 Fx=0.000 Fy=0.000
[DEBUG] [Tire] FL grounded=0 omega=0.000 wheelSpeed=0.000 Vx=0.000 Vy=0.000 slipVel=0.000 kappa=0.000 alpha=0.000 Fz=0.000 Fx=0.000 Fy=0.000
[DEBUG] [Tire] FR grounded=0 omega=0.000 wheelSpeed=0.000 Vx=0.000 Vy=0.000 slipVel=0.000 kappa=0.000 alpha=0.000 Fz=0.000 Fx=0.000 Fy=0.000
[DEBUG] [Tire] RL grounded=0 omega=0.000 wheelSpeed=0.000 Vx=0.000 Vy=0.000 slipVel=0.000 kappa=0.000 alpha=0.000 Fz=0.000 Fx=0.000 Fy=0.000
[DEBUG] [Tire] RR grounded=0 omega=0.000 wheelSpeed=0.000 Vx=0.000 Vy=0.000 slipVel=0.000 kappa=0.000 alpha=0.000 Fz=0.000 Fx=0.000 Fy=0.000
[DEBUG] [Tire] FL grounded=0 omega=0.000 wheelSpeed=0.000 Vx=0.000 Vy=0.000 slipVel=0.000 kappa=0.000 alpha=0.000 Fz=0.000 Fx=0.000 Fy=0.000
[DEBUG] [Tire] FR grounded=0 omega=0.000 wheelSpeed=0.000 Vx=0.000 Vy=0.000 slipVel=0.000 kappa=0.000 alpha=0.000 Fz=0.000 Fx=0.000 Fy=0.000
[DEBUG] [Tire] RL grounded=0 omega=0.000 wheelSpeed=0.000 Vx=0.000 Vy=0.000 slipVel=0.000 kappa=0.000 alpha=0.000 Fz=0.000 Fx=0.000 Fy=0.000
[DEBUG] [Tire] RR grounded=0 omega=0.000 wheelSpeed=0.000 Vx=0.000 Vy=0.000 slipVel=0.000 kappa=0.000 alpha=0.000 Fz=0.000 Fx=0.000 Fy=0.000
[DEBUG] [Suspension] FL=0.000000 FR=0.000000 RL=0.000000 RR=0.000000
[DEBUG] [Wheel] FL=0.000000 FR=0.000000 RL=0.000000 RR=0.000000
[DEBUG] [Powertrain] gear=1 rpm=0.000000 torque=0.000000 clutch=0.000000 running=0
[DEBUG] [Tire] FL grounded=0 omega=0.000 wheelSpeed=0.000 Vx=0.000 Vy=0.000 slipVel=0.000 kappa=0.000 alpha=0.000 Fz=0.000 Fx=0.000 Fy=0.000
[DEBUG] [Tire] FR grounded=0 omega=0.000 wheelSpeed=0.000 Vx=0.000 Vy=0.000 slipVel=0.000 kappa=0.000 alpha=0.000 Fz=0.000 Fx=0.000 Fy=0.000
[DEBUG] [Tire] RL grounded=0 omega=0.000 wheelSpeed=0.000 Vx=0.000 Vy=0.000 slipVel=0.000 kappa=0.000 alpha=0.000 Fz=0.000 Fx=0.000 Fy=0.000
[DEBUG] [Tire] RR grounded=0 omega=0.000 wheelSpeed=0.000 Vx=0.000 Vy=0.000 slipVel=0.000 kappa=0.000 alpha=0.000 Fz=0.000 Fx=0.000 Fy=0.000
[DEBUG] [Performance] FPS=60 PhysicsHz=121
[DEBUG] [Tire] FL grounded=0 omega=0.000 wheelSpeed=0.000 Vx=0.000 Vy=0.000 slipVel=0.000 kappa=0.000 alpha=0.000 Fz=0.000 Fx=0.000 Fy=0.000
[DEBUG] [Tire] FR grounded=0 omega=0.000 wheelSpeed=0.000 Vx=0.000 Vy=0.000 slipVel=0.000 kappa=0.000 alpha=0.000 Fz=0.000 Fx=0.000 Fy=0.000
[DEBUG] [Tire] RL grounded=0 omega=0.000 wheelSpeed=0.000 Vx=0.000 Vy=0.000 slipVel=0.000 kappa=0.000 alpha=0.000 Fz=0.000 Fx=0.000 Fy=0.000
[DEBUG] [Tire] RR grounded=0 omega=0.000 wheelSpeed=0.000 Vx=0.000 Vy=0.000 slipVel=0.000 kappa=0.000 alpha=0.000 Fz=0.000 Fx=0.000 Fy=0.000
[DEBUG] [Energy] x=177.840 y=2.017 z=16.431 vx=-0.000 vy=0.000 vz=0.000 total=23548.102 potential=23548.102 linear=0.000 angular=0.000 wheels=0.000 suspension=0.000 suspensionPower=0.000 suspensionResidual=0.000
[DEBUG] [Suspension] FL=0.000000 FR=0.000000 RL=0.000000 RR=0.000000
[DEBUG] [Wheel] FL=0.000000 FR=0.000000 RL=0.000000 RR=0.000000
[DEBUG] [Powertrain] gear=1 rpm=0.000000 torque=0.000000 clutch=0.000000 running=0
[DEBUG] [Tire] FL grounded=0 omega=0.000 wheelSpeed=0.000 Vx=0.000 Vy=0.000 slipVel=0.000 kappa=0.000 alpha=0.000 Fz=0.000 Fx=0.000 Fy=0.000
[DEBUG] [Tire] FR grounded=0 omega=0.000 wheelSpeed=0.000 Vx=0.000 Vy=0.000 slipVel=0.000 kappa=0.000 alpha=0.000 Fz=0.000 Fx=0.000 Fy=0.000
[DEBUG] [Tire] RL grounded=0 omega=0.000 wheelSpeed=0.000 Vx=0.000 Vy=0.000 slipVel=0.000 kappa=0.000 alpha=0.000 Fz=0.000 Fx=0.000 Fy=0.000
[DEBUG] [Tire] RR grounded=0 omega=0.000 wheelSpeed=0.000 Vx=0.000 Vy=0.000 slipVel=0.000 kappa=0.000 alpha=0.000 Fz=0.000 Fx=0.000 Fy=0.000
[DEBUG] [Tire] FL grounded=0 omega=0.000 wheelSpeed=0.000 Vx=0.000 Vy=0.000 slipVel=0.000 kappa=0.000 alpha=0.000 Fz=0.000 Fx=0.000 Fy=0.000
[DEBUG] [Tire] FR grounded=0 omega=0.000 wheelSpeed=0.000 Vx=0.000 Vy=0.000 slipVel=0.000 kappa=0.000 alpha=0.000 Fz=0.000 Fx=0.000 Fy=0.000
[DEBUG] [Tire] RL grounded=0 omega=0.000 wheelSpeed=0.000 Vx=0.000 Vy=0.000 slipVel=0.000 kappa=0.000 alpha=0.000 Fz=0.000 Fx=0.000 Fy=0.000
[DEBUG] [Tire] RR grounded=0 omega=0.000 wheelSpeed=0.000 Vx=0.000 Vy=0.000 slipVel=0.000 kappa=0.000 alpha=0.000 Fz=0.000 Fx=0.000 Fy=0.000
[DEBUG] [Tire] FL grounded=0 omega=0.000 wheelSpeed=0.000 Vx=0.000 Vy=0.000 slipVel=0.000 kappa=0.000 alpha=0.000 Fz=0.000 Fx=0.000 Fy=0.000
[DEBUG] [Tire] FR grounded=0 omega=0.000 wheelSpeed=0.000 Vx=0.000 Vy=0.000 slipVel=0.000 kappa=0.000 alpha=0.000 Fz=0.000 Fx=0.000 Fy=0.000
[DEBUG] [Tire] RL grounded=0 omega=0.000 wheelSpeed=0.000 Vx=0.000 Vy=0.000 slipVel=0.000 kappa=0.000 alpha=0.000 Fz=0.000 Fx=0.000 Fy=0.000
[DEBUG] [Tire] RR grounded=0 omega=0.000 wheelSpeed=0.000 Vx=0.000 Vy=0.000 slipVel=0.000 kappa=0.000 alpha=0.000 Fz=0.000 Fx=0.000 Fy=0.000
[DEBUG] [Suspension] FL=0.000000 FR=0.000000 RL=0.000000 RR=0.000000
[DEBUG] [Wheel] FL=0.000000 FR=0.000000 RL=0.000000 RR=0.000000
[DEBUG] [Powertrain] gear=1 rpm=0.000000 torque=0.000000 clutch=0.000000 running=0
[DEBUG] [Audio] Submitted bytes=31539200
[DEBUG] [Tire] FL grounded=0 omega=0.000 wheelSpeed=0.000 Vx=0.000 Vy=0.000 slipVel=0.000 kappa=0.000 alpha=0.000 Fz=0.000 Fx=0.000 Fy=0.000
[DEBUG] [Tire] FR grounded=0 omega=0.000 wheelSpeed=0.000 Vx=0.000 Vy=0.000 slipVel=0.000 kappa=0.000 alpha=0.000 Fz=0.000 Fx=0.000 Fy=0.000
[DEBUG] [Tire] RL grounded=0 omega=0.000 wheelSpeed=0.000 Vx=0.000 Vy=0.000 slipVel=0.000 kappa=0.000 alpha=0.000 Fz=0.000 Fx=0.000 Fy=0.000
[DEBUG] [Tire] RR grounded=0 omega=0.000 wheelSpeed=0.000 Vx=0.000 Vy=0.000 slipVel=0.000 kappa=0.000 alpha=0.000 Fz=0.000 Fx=0.000 Fy=0.000
[DEBUG] [Tire] FL grounded=0 omega=0.000 wheelSpeed=0.000 Vx=0.000 Vy=0.000 slipVel=0.000 kappa=0.000 alpha=0.000 Fz=0.000 Fx=0.000 Fy=0.000
[DEBUG] [Tire] FR grounded=0 omega=0.000 wheelSpeed=0.000 Vx=0.000 Vy=0.000 slipVel=0.000 kappa=0.000 alpha=0.000 Fz=0.000 Fx=0.000 Fy=0.000
[DEBUG] [Tire] RL grounded=0 omega=0.000 wheelSpeed=0.000 Vx=0.000 Vy=0.000 slipVel=0.000 kappa=0.000 alpha=0.000 Fz=0.000 Fx=0.000 Fy=0.000
[DEBUG] [Tire] RR grounded=0 omega=0.000 wheelSpeed=0.000 Vx=0.000 Vy=0.000 slipVel=0.000 kappa=0.000 alpha=0.000 Fz=0.000 Fx=0.000 Fy=0.000
[DEBUG] [Energy] x=177.840 y=2.017 z=16.431 vx=-0.000 vy=0.000 vz=0.000 total=23548.102 potential=23548.102 linear=0.000 angular=0.000 wheels=0.000 suspension=0.000 suspensionPower=0.000 suspensionResidual=0.000
[DEBUG] [Suspension] FL=0.000000 FR=0.000000 RL=0.000000 RR=0.000000
[DEBUG] [Wheel] FL=0.000000 FR=0.000000 RL=0.000000 RR=0.000000
[DEBUG] [Powertrain] gear=1 rpm=0.000000 torque=0.000000 clutch=0.000000 running=0
[DEBUG] [Tire] FL grounded=0 omega=0.000 wheelSpeed=0.000 Vx=0.000 Vy=0.000 slipVel=0.000 kappa=0.000 alpha=0.000 Fz=0.000 Fx=0.000 Fy=0.000
[DEBUG] [Tire] FR grounded=0 omega=0.000 wheelSpeed=0.000 Vx=0.000 Vy=0.000 slipVel=0.000 kappa=0.000 alpha=0.000 Fz=0.000 Fx=0.000 Fy=0.000
[DEBUG] [Tire] RL grounded=0 omega=0.000 wheelSpeed=0.000 Vx=0.000 Vy=0.000 slipVel=0.000 kappa=0.000 alpha=0.000 Fz=0.000 Fx=0.000 Fy=0.000
[DEBUG] [Tire] RR grounded=0 omega=0.000 wheelSpeed=0.000 Vx=0.000 Vy=0.000 slipVel=0.000 kappa=0.000 alpha=0.000 Fz=0.000 Fx=0.000 Fy=0.000
[DEBUG] [Tire] FL grounded=0 omega=0.000 wheelSpeed=0.000 Vx=0.000 Vy=0.000 slipVel=0.000 kappa=0.000 alpha=0.000 Fz=0.000 Fx=0.000 Fy=0.000
[DEBUG] [Tire] FR grounded=0 omega=0.000 wheelSpeed=0.000 Vx=0.000 Vy=0.000 slipVel=0.000 kappa=0.000 alpha=0.000 Fz=0.000 Fx=0.000 Fy=0.000
[DEBUG] [Tire] RL grounded=0 omega=0.000 wheelSpeed=0.000 Vx=0.000 Vy=0.000 slipVel=0.000 kappa=0.000 alpha=0.000 Fz=0.000 Fx=0.000 Fy=0.000
[DEBUG] [Tire] RR grounded=0 omega=0.000 wheelSpeed=0.000 Vx=0.000 Vy=0.000 slipVel=0.000 kappa=0.000 alpha=0.000 Fz=0.000 Fx=0.000 Fy=0.000
[DEBUG] [Tire] FL grounded=0 omega=0.000 wheelSpeed=0.000 Vx=0.000 Vy=0.000 slipVel=0.000 kappa=0.000 alpha=0.000 Fz=0.000 Fx=0.000 Fy=0.000
[DEBUG] [Tire] FR grounded=0 omega=0.000 wheelSpeed=0.000 Vx=0.000 Vy=0.000 slipVel=0.000 kappa=0.000 alpha=0.000 Fz=0.000 Fx=0.000 Fy=0.000
[DEBUG] [Tire] RL grounded=0 omega=0.000 wheelSpeed=0.000 Vx=0.000 Vy=0.000 slipVel=0.000 kappa=0.000 alpha=0.000 Fz=0.000 Fx=0.000 Fy=0.000
[DEBUG] [Tire] RR grounded=0 omega=0.000 wheelSpeed=0.000 Vx=0.000 Vy=0.000 slipVel=0.000 kappa=0.000 alpha=0.000 Fz=0.000 Fx=0.000 Fy=0.000
[DEBUG] [Suspension] FL=0.000000 FR=0.000000 RL=0.000000 RR=0.000000
[DEBUG] [Wheel] FL=0.000000 FR=0.000000 RL=0.000000 RR=0.000000
[DEBUG] [Powertrain] gear=1 rpm=0.000000 torque=0.000000 clutch=0.000000 running=0
[DEBUG] [Tire] FL grounded=0 omega=0.000 wheelSpeed=0.000 Vx=0.000 Vy=0.000 slipVel=0.000 kappa=0.000 alpha=0.000 Fz=0.000 Fx=0.000 Fy=0.000
[DEBUG] [Tire] FR grounded=0 omega=0.000 wheelSpeed=0.000 Vx=0.000 Vy=0.000 slipVel=0.000 kappa=0.000 alpha=0.000 Fz=0.000 Fx=0.000 Fy=0.000
[DEBUG] [Tire] RL grounded=0 omega=0.000 wheelSpeed=0.000 Vx=0.000 Vy=0.000 slipVel=0.000 kappa=0.000 alpha=0.000 Fz=0.000 Fx=0.000 Fy=0.000
[DEBUG] [Tire] RR grounded=0 omega=0.000 wheelSpeed=0.000 Vx=0.000 Vy=0.000 slipVel=0.000 kappa=0.000 alpha=0.000 Fz=0.000 Fx=0.000 Fy=0.000
[DEBUG] [Performance] FPS=58 PhysicsHz=120
[DEBUG] [Tire] FL grounded=0 omega=0.000 wheelSpeed=0.000 Vx=0.000 Vy=0.000 slipVel=0.000 kappa=0.000 alpha=0.000 Fz=0.000 Fx=0.000 Fy=0.000
[DEBUG] [Tire] FR grounded=0 omega=0.000 wheelSpeed=0.000 Vx=0.000 Vy=0.000 slipVel=0.000 kappa=0.000 alpha=0.000 Fz=0.000 Fx=0.000 Fy=0.000
[DEBUG] [Tire] RL grounded=0 omega=0.000 wheelSpeed=0.000 Vx=0.000 Vy=0.000 slipVel=0.000 kappa=0.000 alpha=0.000 Fz=0.000 Fx=0.000 Fy=0.000
[DEBUG] [Tire] RR grounded=0 omega=0.000 wheelSpeed=0.000 Vx=0.000 Vy=0.000 slipVel=0.000 kappa=0.000 alpha=0.000 Fz=0.000 Fx=0.000 Fy=0.000
[DEBUG] [Energy] x=177.840 y=2.017 z=16.431 vx=-0.000 vy=0.000 vz=0.000 total=23548.102 potential=23548.102 linear=0.000 angular=0.000 wheels=0.000 suspension=0.000 suspensionPower=0.000 suspensionResidual=0.000
[DEBUG] [Suspension] FL=0.000000 FR=0.000000 RL=0.000000 RR=0.000000
[DEBUG] [Wheel] FL=0.000000 FR=0.000000 RL=0.000000 RR=0.000000
[DEBUG] [Powertrain] gear=1 rpm=0.000000 torque=0.000000 clutch=0.000000 running=0
[DEBUG] [Tire] FL grounded=0 omega=0.000 wheelSpeed=0.000 Vx=0.000 Vy=0.000 slipVel=0.000 kappa=0.000 alpha=0.000 Fz=0.000 Fx=0.000 Fy=0.000
[DEBUG] [Tire] FR grounded=0 omega=0.000 wheelSpeed=0.000 Vx=0.000 Vy=0.000 slipVel=0.000 kappa=0.000 alpha=0.000 Fz=0.000 Fx=0.000 Fy=0.000
[DEBUG] [Tire] RL grounded=0 omega=0.000 wheelSpeed=0.000 Vx=0.000 Vy=0.000 slipVel=0.000 kappa=0.000 alpha=0.000 Fz=0.000 Fx=0.000 Fy=0.000
[DEBUG] [Tire] RR grounded=0 omega=0.000 wheelSpeed=0.000 Vx=0.000 Vy=0.000 slipVel=0.000 kappa=0.000 alpha=0.000 Fz=0.000 Fx=0.000 Fy=0.000
[DEBUG] [Tire] FL grounded=0 omega=0.000 wheelSpeed=0.000 Vx=0.000 Vy=0.000 slipVel=0.000 kappa=0.000 alpha=0.000 Fz=0.000 Fx=0.000 Fy=0.000
[DEBUG] [Tire] FR grounded=0 omega=0.000 wheelSpeed=0.000 Vx=0.000 Vy=0.000 slipVel=0.000 kappa=0.000 alpha=0.000 Fz=0.000 Fx=0.000 Fy=0.000
[DEBUG] [Tire] RL grounded=0 omega=0.000 wheelSpeed=0.000 Vx=0.000 Vy=0.000 slipVel=0.000 kappa=0.000 alpha=0.000 Fz=0.000 Fx=0.000 Fy=0.000
[DEBUG] [Tire] RR grounded=0 omega=0.000 wheelSpeed=0.000 Vx=0.000 Vy=0.000 slipVel=0.000 kappa=0.000 alpha=0.000 Fz=0.000 Fx=0.000 Fy=0.000
[DEBUG] [Tire] FL grounded=0 omega=0.000 wheelSpeed=0.000 Vx=0.000 Vy=0.000 slipVel=0.000 kappa=0.000 alpha=0.000 Fz=0.000 Fx=0.000 Fy=0.000
[DEBUG] [Tire] FR grounded=0 omega=0.000 wheelSpeed=0.000 Vx=0.000 Vy=0.000 slipVel=0.000 kappa=0.000 alpha=0.000 Fz=0.000 Fx=0.000 Fy=0.000
[DEBUG] [Tire] RL grounded=0 omega=0.000 wheelSpeed=0.000 Vx=0.000 Vy=0.000 slipVel=0.000 kappa=0.000 alpha=0.000 Fz=0.000 Fx=0.000 Fy=0.000
[DEBUG] [Tire] RR grounded=0 omega=0.000 wheelSpeed=0.000 Vx=0.000 Vy=0.000 slipVel=0.000 kappa=0.000 alpha=0.000 Fz=0.000 Fx=0.000 Fy=0.000
[DEBUG] [Suspension] FL=0.000000 FR=0.000000 RL=0.000000 RR=0.000000
[DEBUG] [Wheel] FL=0.000000 FR=0.000000 RL=0.000000 RR=0.000000
[DEBUG] [Powertrain] gear=1 rpm=0.000000 torque=0.000000 clutch=0.000000 running=0
[DEBUG] [Audio] Callback count=3900 additionalBytes=8192 totalBytes=8192
[DEBUG] [Audio] Submitted bytes=31948800
[DEBUG] [Tire] FL grounded=0 omega=0.000 wheelSpeed=0.000 Vx=0.000 Vy=0.000 slipVel=0.000 kappa=0.000 alpha=0.000 Fz=0.000 Fx=0.000 Fy=0.000
[DEBUG] [Tire] FR grounded=0 omega=0.000 wheelSpeed=0.000 Vx=0.000 Vy=0.000 slipVel=0.000 kappa=0.000 alpha=0.000 Fz=0.000 Fx=0.000 Fy=0.000
[DEBUG] [Tire] RL grounded=0 omega=0.000 wheelSpeed=0.000 Vx=0.000 Vy=0.000 slipVel=0.000 kappa=0.000 alpha=0.000 Fz=0.000 Fx=0.000 Fy=0.000
[DEBUG] [Tire] RR grounded=0 omega=0.000 wheelSpeed=0.000 Vx=0.000 Vy=0.000 slipVel=0.000 kappa=0.000 alpha=0.000 Fz=0.000 Fx=0.000 Fy=0.000
[DEBUG] [Tire] FL grounded=0 omega=0.000 wheelSpeed=0.000 Vx=0.000 Vy=0.000 slipVel=0.000 kappa=0.000 alpha=0.000 Fz=0.000 Fx=0.000 Fy=0.000
[DEBUG] [Tire] FR grounded=0 omega=0.000 wheelSpeed=0.000 Vx=0.000 Vy=0.000 slipVel=0.000 kappa=0.000 alpha=0.000 Fz=0.000 Fx=0.000 Fy=0.000
[DEBUG] [Tire] RL grounded=0 omega=0.000 wheelSpeed=0.000 Vx=0.000 Vy=0.000 slipVel=0.000 kappa=0.000 alpha=0.000 Fz=0.000 Fx=0.000 Fy=0.000
[DEBUG] [Tire] RR grounded=0 omega=0.000 wheelSpeed=0.000 Vx=0.000 Vy=0.000 slipVel=0.000 kappa=0.000 alpha=0.000 Fz=0.000 Fx=0.000 Fy=0.000
[DEBUG] [Energy] x=177.840 y=2.017 z=16.431 vx=-0.000 vy=0.000 vz=0.000 total=23548.102 potential=23548.102 linear=0.000 angular=0.000 wheels=0.000 suspension=0.000 suspensionPower=0.000 suspensionResidual=0.000
[DEBUG] [Suspension] FL=0.000000 FR=0.000000 RL=0.000000 RR=0.000000
[DEBUG] [Wheel] FL=0.000000 FR=0.000000 RL=0.000000 RR=0.000000
[DEBUG] [Powertrain] gear=1 rpm=0.000000 torque=0.000000 clutch=0.000000 running=0
[DEBUG] [Tire] FL grounded=0 omega=0.000 wheelSpeed=0.000 Vx=0.000 Vy=0.000 slipVel=0.000 kappa=0.000 alpha=0.000 Fz=0.000 Fx=0.000 Fy=0.000
[DEBUG] [Tire] FR grounded=0 omega=0.000 wheelSpeed=0.000 Vx=0.000 Vy=0.000 slipVel=0.000 kappa=0.000 alpha=0.000 Fz=0.000 Fx=0.000 Fy=0.000
[DEBUG] [Tire] RL grounded=0 omega=0.000 wheelSpeed=0.000 Vx=0.000 Vy=0.000 slipVel=0.000 kappa=0.000 alpha=0.000 Fz=0.000 Fx=0.000 Fy=0.000
[DEBUG] [Tire] RR grounded=0 omega=0.000 wheelSpeed=0.000 Vx=0.000 Vy=0.000 slipVel=0.000 kappa=0.000 alpha=0.000 Fz=0.000 Fx=0.000 Fy=0.000
[DEBUG] [Tire] FL grounded=0 omega=0.000 wheelSpeed=0.000 Vx=0.000 Vy=0.000 slipVel=0.000 kappa=0.000 alpha=0.000 Fz=0.000 Fx=0.000 Fy=0.000
[DEBUG] [Tire] FR grounded=0 omega=0.000 wheelSpeed=0.000 Vx=0.000 Vy=0.000 slipVel=0.000 kappa=0.000 alpha=0.000 Fz=0.000 Fx=0.000 Fy=0.000
[DEBUG] [Tire] RL grounded=0 omega=0.000 wheelSpeed=0.000 Vx=0.000 Vy=0.000 slipVel=0.000 kappa=0.000 alpha=0.000 Fz=0.000 Fx=0.000 Fy=0.000
[DEBUG] [Tire] RR grounded=0 omega=0.000 wheelSpeed=0.000 Vx=0.000 Vy=0.000 slipVel=0.000 kappa=0.000 alpha=0.000 Fz=0.000 Fx=0.000 Fy=0.000
[DEBUG] [Tire] FL grounded=0 omega=0.000 wheelSpeed=0.000 Vx=0.000 Vy=0.000 slipVel=0.000 kappa=0.000 alpha=0.000 Fz=0.000 Fx=0.000 Fy=0.000
[DEBUG] [Tire] FR grounded=0 omega=0.000 wheelSpeed=0.000 Vx=0.000 Vy=0.000 slipVel=0.000 kappa=0.000 alpha=0.000 Fz=0.000 Fx=0.000 Fy=0.000
[DEBUG] [Tire] RL grounded=0 omega=0.000 wheelSpeed=0.000 Vx=0.000 Vy=0.000 slipVel=0.000 kappa=0.000 alpha=0.000 Fz=0.000 Fx=0.000 Fy=0.000
[DEBUG] [Tire] RR grounded=0 omega=0.000 wheelSpeed=0.000 Vx=0.000 Vy=0.000 slipVel=0.000 kappa=0.000 alpha=0.000 Fz=0.000 Fx=0.000 Fy=0.000
[DEBUG] [Suspension] FL=0.000000 FR=0.000000 RL=0.000000 RR=0.000000
[DEBUG] [Wheel] FL=0.000000 FR=0.000000 RL=0.000000 RR=0.000000
[DEBUG] [Powertrain] gear=1 rpm=0.000000 torque=0.000000 clutch=0.000000 running=0
[DEBUG] [Tire] FL grounded=0 omega=0.000 wheelSpeed=0.000 Vx=0.000 Vy=0.000 slipVel=0.000 kappa=0.000 alpha=0.000 Fz=0.000 Fx=0.000 Fy=0.000
[DEBUG] [Tire] FR grounded=0 omega=0.000 wheelSpeed=0.000 Vx=0.000 Vy=0.000 slipVel=0.000 kappa=0.000 alpha=0.000 Fz=0.000 Fx=0.000 Fy=0.000
[DEBUG] [Tire] RL grounded=0 omega=0.000 wheelSpeed=0.000 Vx=0.000 Vy=0.000 slipVel=0.000 kappa=0.000 alpha=0.000 Fz=0.000 Fx=0.000 Fy=0.000
[DEBUG] [Tire] RR grounded=0 omega=0.000 wheelSpeed=0.000 Vx=0.000 Vy=0.000 slipVel=0.000 kappa=0.000 alpha=0.000 Fz=0.000 Fx=0.000 Fy=0.000
[DEBUG] [Performance] FPS=57 PhysicsHz=121
[DEBUG] [Tire] FL grounded=0 omega=0.000 wheelSpeed=0.000 Vx=0.000 Vy=0.000 slipVel=0.000 kappa=0.000 alpha=0.000 Fz=0.000 Fx=0.000 Fy=0.000
[DEBUG] [Tire] FR grounded=0 omega=0.000 wheelSpeed=0.000 Vx=0.000 Vy=0.000 slipVel=0.000 kappa=0.000 alpha=0.000 Fz=0.000 Fx=0.000 Fy=0.000
[DEBUG] [Tire] RL grounded=0 omega=0.000 wheelSpeed=0.000 Vx=0.000 Vy=0.000 slipVel=0.000 kappa=0.000 alpha=0.000 Fz=0.000 Fx=0.000 Fy=0.000
[DEBUG] [Tire] RR grounded=0 omega=0.000 wheelSpeed=0.000 Vx=0.000 Vy=0.000 slipVel=0.000 kappa=0.000 alpha=0.000 Fz=0.000 Fx=0.000 Fy=0.000
[DEBUG] [Suspension] FL=0.000000 FR=0.000000 RL=0.000000 RR=0.000000
[DEBUG] [Wheel] FL=0.000000 FR=0.000000 RL=0.000000 RR=0.000000
[DEBUG] [Powertrain] gear=1 rpm=0.000000 torque=0.000000 clutch=0.000000 running=0
[DEBUG] [Energy] x=177.840 y=2.017 z=16.431 vx=-0.000 vy=0.000 vz=0.000 total=23548.102 potential=23548.102 linear=0.000 angular=0.000 wheels=0.000 suspension=0.000 suspensionPower=0.000 suspensionResidual=0.000
[DEBUG] [Tire] FL grounded=0 omega=0.000 wheelSpeed=0.000 Vx=0.000 Vy=0.000 slipVel=0.000 kappa=0.000 alpha=0.000 Fz=0.000 Fx=0.000 Fy=0.000
[DEBUG] [Tire] FR grounded=0 omega=0.000 wheelSpeed=0.000 Vx=0.000 Vy=0.000 slipVel=0.000 kappa=0.000 alpha=0.000 Fz=0.000 Fx=0.000 Fy=0.000
[DEBUG] [Tire] RL grounded=0 omega=0.000 wheelSpeed=0.000 Vx=0.000 Vy=0.000 slipVel=0.000 kappa=0.000 alpha=0.000 Fz=0.000 Fx=0.000 Fy=0.000
[DEBUG] [Tire] RR grounded=0 omega=0.000 wheelSpeed=0.000 Vx=0.000 Vy=0.000 slipVel=0.000 kappa=0.000 alpha=0.000 Fz=0.000 Fx=0.000 Fy=0.000
[DEBUG] [Tire] FL grounded=0 omega=0.000 wheelSpeed=0.000 Vx=0.000 Vy=0.000 slipVel=0.000 kappa=0.000 alpha=0.000 Fz=0.000 Fx=0.000 Fy=0.000
[DEBUG] [Tire] FR grounded=0 omega=0.000 wheelSpeed=0.000 Vx=0.000 Vy=0.000 slipVel=0.000 kappa=0.000 alpha=0.000 Fz=0.000 Fx=0.000 Fy=0.000
[DEBUG] [Tire] RL grounded=0 omega=0.000 wheelSpeed=0.000 Vx=0.000 Vy=0.000 slipVel=0.000 kappa=0.000 alpha=0.000 Fz=0.000 Fx=0.000 Fy=0.000
[DEBUG] [Tire] RR grounded=0 omega=0.000 wheelSpeed=0.000 Vx=0.000 Vy=0.000 slipVel=0.000 kappa=0.000 alpha=0.000 Fz=0.000 Fx=0.000 Fy=0.000
[DEBUG] [Tire] FL grounded=0 omega=0.000 wheelSpeed=0.000 Vx=0.000 Vy=0.000 slipVel=0.000 kappa=0.000 alpha=0.000 Fz=0.000 Fx=0.000 Fy=0.000
[DEBUG] [Tire] FR grounded=0 omega=0.000 wheelSpeed=0.000 Vx=0.000 Vy=0.000 slipVel=0.000 kappa=0.000 alpha=0.000 Fz=0.000 Fx=0.000 Fy=0.000
[DEBUG] [Tire] RL grounded=0 omega=0.000 wheelSpeed=0.000 Vx=0.000 Vy=0.000 slipVel=0.000 kappa=0.000 alpha=0.000 Fz=0.000 Fx=0.000 Fy=0.000
[DEBUG] [Tire] RR grounded=0 omega=0.000 wheelSpeed=0.000 Vx=0.000 Vy=0.000 slipVel=0.000 kappa=0.000 alpha=0.000 Fz=0.000 Fx=0.000 Fy=0.000
[DEBUG] [Suspension] FL=0.000000 FR=0.000000 RL=0.000000 RR=0.000000
[DEBUG] [Wheel] FL=0.000000 FR=0.000000 RL=0.000000 RR=0.000000
[DEBUG] [Powertrain] gear=1 rpm=0.000000 torque=0.000000 clutch=0.000000 running=0
[DEBUG] [Tire] FL grounded=0 omega=0.000 wheelSpeed=0.000 Vx=0.000 Vy=0.000 slipVel=0.000 kappa=0.000 alpha=0.000 Fz=0.000 Fx=0.000 Fy=0.000
[DEBUG] [Tire] FR grounded=0 omega=0.000 wheelSpeed=0.000 Vx=0.000 Vy=0.000 slipVel=0.000 kappa=0.000 alpha=0.000 Fz=0.000 Fx=0.000 Fy=0.000
[DEBUG] [Tire] RL grounded=0 omega=0.000 wheelSpeed=0.000 Vx=0.000 Vy=0.000 slipVel=0.000 kappa=0.000 alpha=0.000 Fz=0.000 Fx=0.000 Fy=0.000
[DEBUG] [Tire] RR grounded=0 omega=0.000 wheelSpeed=0.000 Vx=0.000 Vy=0.000 slipVel=0.000 kappa=0.000 alpha=0.000 Fz=0.000 Fx=0.000 Fy=0.000
[DEBUG] [Audio] Submitted bytes=32358400
[DEBUG] [Tire] FL grounded=0 omega=0.000 wheelSpeed=0.000 Vx=0.000 Vy=0.000 slipVel=0.000 kappa=0.000 alpha=0.000 Fz=0.000 Fx=0.000 Fy=0.000
[DEBUG] [Tire] FR grounded=0 omega=0.000 wheelSpeed=0.000 Vx=0.000 Vy=0.000 slipVel=0.000 kappa=0.000 alpha=0.000 Fz=0.000 Fx=0.000 Fy=0.000
[DEBUG] [Tire] RL grounded=0 omega=0.000 wheelSpeed=0.000 Vx=0.000 Vy=0.000 slipVel=0.000 kappa=0.000 alpha=0.000 Fz=0.000 Fx=0.000 Fy=0.000
[DEBUG] [Tire] RR grounded=0 omega=0.000 wheelSpeed=0.000 Vx=0.000 Vy=0.000 slipVel=0.000 kappa=0.000 alpha=0.000 Fz=0.000 Fx=0.000 Fy=0.000
[DEBUG] [Suspension] FL=0.000000 FR=0.000000 RL=0.000000 RR=0.000000
[DEBUG] [Wheel] FL=0.000000 FR=0.000000 RL=0.000000 RR=0.000000
[DEBUG] [Powertrain] gear=1 rpm=0.000000 torque=0.000000 clutch=0.000000 running=0
[DEBUG] [Energy] x=177.840 y=2.017 z=16.431 vx=-0.000 vy=0.000 vz=0.000 total=23548.102 potential=23548.102 linear=0.000 angular=0.000 wheels=0.000 suspension=0.000 suspensionPower=0.000 suspensionResidual=0.000
[DEBUG] [Tire] FL grounded=0 omega=0.000 wheelSpeed=0.000 Vx=0.000 Vy=0.000 slipVel=0.000 kappa=0.000 alpha=0.000 Fz=0.000 Fx=0.000 Fy=0.000
[DEBUG] [Tire] FR grounded=0 omega=0.000 wheelSpeed=0.000 Vx=0.000 Vy=0.000 slipVel=0.000 kappa=0.000 alpha=0.000 Fz=0.000 Fx=0.000 Fy=0.000
[DEBUG] [Tire] RL grounded=0 omega=0.000 wheelSpeed=0.000 Vx=0.000 Vy=0.000 slipVel=0.000 kappa=0.000 alpha=0.000 Fz=0.000 Fx=0.000 Fy=0.000
[DEBUG] [Tire] RR grounded=0 omega=0.000 wheelSpeed=0.000 Vx=0.000 Vy=0.000 slipVel=0.000 kappa=0.000 alpha=0.000 Fz=0.000 Fx=0.000 Fy=0.000
[DEBUG] [Tire] FL grounded=0 omega=0.000 wheelSpeed=0.000 Vx=0.000 Vy=0.000 slipVel=0.000 kappa=0.000 alpha=0.000 Fz=0.000 Fx=0.000 Fy=0.000
[DEBUG] [Tire] FR grounded=0 omega=0.000 wheelSpeed=0.000 Vx=0.000 Vy=0.000 slipVel=0.000 kappa=0.000 alpha=0.000 Fz=0.000 Fx=0.000 Fy=0.000
[DEBUG] [Tire] RL grounded=0 omega=0.000 wheelSpeed=0.000 Vx=0.000 Vy=0.000 slipVel=0.000 kappa=0.000 alpha=0.000 Fz=0.000 Fx=0.000 Fy=0.000
[DEBUG] [Tire] RR grounded=0 omega=0.000 wheelSpeed=0.000 Vx=0.000 Vy=0.000 slipVel=0.000 kappa=0.000 alpha=0.000 Fz=0.000 Fx=0.000 Fy=0.000
[DEBUG] [Tire] FL grounded=0 omega=0.000 wheelSpeed=0.000 Vx=0.000 Vy=0.000 slipVel=0.000 kappa=0.000 alpha=0.000 Fz=0.000 Fx=0.000 Fy=0.000
[DEBUG] [Tire] FR grounded=0 omega=0.000 wheelSpeed=0.000 Vx=0.000 Vy=0.000 slipVel=0.000 kappa=0.000 alpha=0.000 Fz=0.000 Fx=0.000 Fy=0.000
[DEBUG] [Tire] RL grounded=0 omega=0.000 wheelSpeed=0.000 Vx=0.000 Vy=0.000 slipVel=0.000 kappa=0.000 alpha=0.000 Fz=0.000 Fx=0.000 Fy=0.000
[DEBUG] [Tire] RR grounded=0 omega=0.000 wheelSpeed=0.000 Vx=0.000 Vy=0.000 slipVel=0.000 kappa=0.000 alpha=0.000 Fz=0.000 Fx=0.000 Fy=0.000
[DEBUG] [Suspension] FL=0.000000 FR=0.000000 RL=0.000000 RR=0.000000
[DEBUG] [Wheel] FL=0.000000 FR=0.000000 RL=0.000000 RR=0.000000
[DEBUG] [Powertrain] gear=1 rpm=0.000000 torque=0.000000 clutch=0.000000 running=0
[DEBUG] [Tire] FL grounded=0 omega=0.000 wheelSpeed=0.000 Vx=0.000 Vy=0.000 slipVel=0.000 kappa=0.000 alpha=0.000 Fz=0.000 Fx=0.000 Fy=0.000
[DEBUG] [Tire] FR grounded=0 omega=0.000 wheelSpeed=0.000 Vx=0.000 Vy=0.000 slipVel=0.000 kappa=0.000 alpha=0.000 Fz=0.000 Fx=0.000 Fy=0.000
[DEBUG] [Tire] RL grounded=0 omega=0.000 wheelSpeed=0.000 Vx=0.000 Vy=0.000 slipVel=0.000 kappa=0.000 alpha=0.000 Fz=0.000 Fx=0.000 Fy=0.000
[DEBUG] [Tire] RR grounded=0 omega=0.000 wheelSpeed=0.000 Vx=0.000 Vy=0.000 slipVel=0.000 kappa=0.000 alpha=0.000 Fz=0.000 Fx=0.000 Fy=0.000
[DEBUG] [Performance] FPS=58 PhysicsHz=119
[DEBUG] [Tire] FL grounded=0 omega=0.000 wheelSpeed=0.000 Vx=0.000 Vy=0.000 slipVel=0.000 kappa=0.000 alpha=0.000 Fz=0.000 Fx=0.000 Fy=0.000
[DEBUG] [Tire] FR grounded=0 omega=0.000 wheelSpeed=0.000 Vx=0.000 Vy=0.000 slipVel=0.000 kappa=0.000 alpha=0.000 Fz=0.000 Fx=0.000 Fy=0.000
[DEBUG] [Tire] RL grounded=0 omega=0.000 wheelSpeed=0.000 Vx=0.000 Vy=0.000 slipVel=0.000 kappa=0.000 alpha=0.000 Fz=0.000 Fx=0.000 Fy=0.000
[DEBUG] [Tire] RR grounded=0 omega=0.000 wheelSpeed=0.000 Vx=0.000 Vy=0.000 slipVel=0.000 kappa=0.000 alpha=0.000 Fz=0.000 Fx=0.000 Fy=0.000
[DEBUG] [Suspension] FL=0.000000 FR=0.000000 RL=0.000000 RR=0.000000
[DEBUG] [Wheel] FL=0.000000 FR=0.000000 RL=0.000000 RR=0.000000
[DEBUG] [Powertrain] gear=1 rpm=0.000000 torque=0.000000 clutch=0.000000 running=0
[DEBUG] [Energy] x=177.840 y=2.017 z=16.431 vx=-0.000 vy=0.000 vz=0.000 total=23548.102 potential=23548.102 linear=0.000 angular=0.000 wheels=0.000 suspension=0.000 suspensionPower=0.000 suspensionResidual=0.000
[DEBUG] [Tire] FL grounded=0 omega=0.000 wheelSpeed=0.000 Vx=0.000 Vy=0.000 slipVel=0.000 kappa=0.000 alpha=0.000 Fz=0.000 Fx=0.000 Fy=0.000
[DEBUG] [Tire] FR grounded=0 omega=0.000 wheelSpeed=0.000 Vx=0.000 Vy=0.000 slipVel=0.000 kappa=0.000 alpha=0.000 Fz=0.000 Fx=0.000 Fy=0.000
[DEBUG] [Tire] RL grounded=0 omega=0.000 wheelSpeed=0.000 Vx=0.000 Vy=0.000 slipVel=0.000 kappa=0.000 alpha=0.000 Fz=0.000 Fx=0.000 Fy=0.000
[DEBUG] [Tire] RR grounded=0 omega=0.000 wheelSpeed=0.000 Vx=0.000 Vy=0.000 slipVel=0.000 kappa=0.000 alpha=0.000 Fz=0.000 Fx=0.000 Fy=0.000
[DEBUG] [Tire] FL grounded=0 omega=0.000 wheelSpeed=0.000 Vx=0.000 Vy=0.000 slipVel=0.000 kappa=0.000 alpha=0.000 Fz=0.000 Fx=0.000 Fy=0.000
[DEBUG] [Tire] FR grounded=0 omega=0.000 wheelSpeed=0.000 Vx=0.000 Vy=0.000 slipVel=0.000 kappa=0.000 alpha=0.000 Fz=0.000 Fx=0.000 Fy=0.000
[DEBUG] [Tire] RL grounded=0 omega=0.000 wheelSpeed=0.000 Vx=0.000 Vy=0.000 slipVel=0.000 kappa=0.000 alpha=0.000 Fz=0.000 Fx=0.000 Fy=0.000
[DEBUG] [Tire] RR grounded=0 omega=0.000 wheelSpeed=0.000 Vx=0.000 Vy=0.000 slipVel=0.000 kappa=0.000 alpha=0.000 Fz=0.000 Fx=0.000 Fy=0.000
[DEBUG] [Tire] FL grounded=0 omega=0.000 wheelSpeed=0.000 Vx=0.000 Vy=0.000 slipVel=0.000 kappa=0.000 alpha=0.000 Fz=0.000 Fx=0.000 Fy=0.000
[DEBUG] [Tire] FR grounded=0 omega=0.000 wheelSpeed=0.000 Vx=0.000 Vy=0.000 slipVel=0.000 kappa=0.000 alpha=0.000 Fz=0.000 Fx=0.000 Fy=0.000
[DEBUG] [Tire] RL grounded=0 omega=0.000 wheelSpeed=0.000 Vx=0.000 Vy=0.000 slipVel=0.000 kappa=0.000 alpha=0.000 Fz=0.000 Fx=0.000 Fy=0.000
[DEBUG] [Tire] RR grounded=0 omega=0.000 wheelSpeed=0.000 Vx=0.000 Vy=0.000 slipVel=0.000 kappa=0.000 alpha=0.000 Fz=0.000 Fx=0.000 Fy=0.000
[DEBUG] [Suspension] FL=0.000000 FR=0.000000 RL=0.000000 RR=0.000000
[DEBUG] [Wheel] FL=0.000000 FR=0.000000 RL=0.000000 RR=0.000000
[DEBUG] [Powertrain] gear=1 rpm=0.000000 torque=0.000000 clutch=0.000000 running=0
[DEBUG] [Tire] FL grounded=0 omega=0.000 wheelSpeed=0.000 Vx=0.000 Vy=0.000 slipVel=0.000 kappa=0.000 alpha=0.000 Fz=0.000 Fx=0.000 Fy=0.000
[DEBUG] [Tire] FR grounded=0 omega=0.000 wheelSpeed=0.000 Vx=0.000 Vy=0.000 slipVel=0.000 kappa=0.000 alpha=0.000 Fz=0.000 Fx=0.000 Fy=0.000
[DEBUG] [Tire] RL grounded=0 omega=0.000 wheelSpeed=0.000 Vx=0.000 Vy=0.000 slipVel=0.000 kappa=0.000 alpha=0.000 Fz=0.000 Fx=0.000 Fy=0.000
[DEBUG] [Tire] RR grounded=0 omega=0.000 wheelSpeed=0.000 Vx=0.000 Vy=0.000 slipVel=0.000 kappa=0.000 alpha=0.000 Fz=0.000 Fx=0.000 Fy=0.000
[DEBUG] [Tire] FL grounded=0 omega=0.000 wheelSpeed=0.000 Vx=0.000 Vy=0.000 slipVel=0.000 kappa=0.000 alpha=0.000 Fz=0.000 Fx=0.000 Fy=0.000
[DEBUG] [Tire] FR grounded=0 omega=0.000 wheelSpeed=0.000 Vx=0.000 Vy=0.000 slipVel=0.000 kappa=0.000 alpha=0.000 Fz=0.000 Fx=0.000 Fy=0.000
[DEBUG] [Tire] RL grounded=0 omega=0.000 wheelSpeed=0.000 Vx=0.000 Vy=0.000 slipVel=0.000 kappa=0.000 alpha=0.000 Fz=0.000 Fx=0.000 Fy=0.000
[DEBUG] [Tire] RR grounded=0 omega=0.000 wheelSpeed=0.000 Vx=0.000 Vy=0.000 slipVel=0.000 kappa=0.000 alpha=0.000 Fz=0.000 Fx=0.000 Fy=0.000
[DEBUG] [Audio] Callback count=4000 additionalBytes=8192 totalBytes=8192
[DEBUG] [Audio] GenerateAudio rpm=0.000000 torque=0.000000 speed=0.000000 slip=0.000000 running=0
[DEBUG] [Audio] Submitted bytes=32768000
[DEBUG] [Suspension] FL=0.000000 FR=0.000000 RL=0.000000 RR=0.000000
[DEBUG] [Wheel] FL=0.000000 FR=0.000000 RL=0.000000 RR=0.000000
[DEBUG] [Powertrain] gear=1 rpm=0.000000 torque=0.000000 clutch=0.000000 running=0
[DEBUG] [Tire] FL grounded=0 omega=0.000 wheelSpeed=0.000 Vx=0.000 Vy=0.000 slipVel=0.000 kappa=0.000 alpha=0.000 Fz=0.000 Fx=0.000 Fy=0.000
[DEBUG] [Tire] FR grounded=0 omega=0.000 wheelSpeed=0.000 Vx=0.000 Vy=0.000 slipVel=0.000 kappa=0.000 alpha=0.000 Fz=0.000 Fx=0.000 Fy=0.000
[DEBUG] [Tire] RL grounded=0 omega=0.000 wheelSpeed=0.000 Vx=0.000 Vy=0.000 slipVel=0.000 kappa=0.000 alpha=0.000 Fz=0.000 Fx=0.000 Fy=0.000
[DEBUG] [Tire] RR grounded=0 omega=0.000 wheelSpeed=0.000 Vx=0.000 Vy=0.000 slipVel=0.000 kappa=0.000 alpha=0.000 Fz=0.000 Fx=0.000 Fy=0.000
[DEBUG] [Energy] x=177.840 y=2.017 z=16.431 vx=-0.000 vy=0.000 vz=0.000 total=23548.102 potential=23548.102 linear=0.000 angular=0.000 wheels=0.000 suspension=0.000 suspensionPower=0.000 suspensionResidual=0.000
[DEBUG] [Tire] FL grounded=0 omega=0.000 wheelSpeed=0.000 Vx=0.000 Vy=0.000 slipVel=0.000 kappa=0.000 alpha=0.000 Fz=0.000 Fx=0.000 Fy=0.000
[DEBUG] [Tire] FR grounded=0 omega=0.000 wheelSpeed=0.000 Vx=0.000 Vy=0.000 slipVel=0.000 kappa=0.000 alpha=0.000 Fz=0.000 Fx=0.000 Fy=0.000
[DEBUG] [Tire] RL grounded=0 omega=0.000 wheelSpeed=0.000 Vx=0.000 Vy=0.000 slipVel=0.000 kappa=0.000 alpha=0.000 Fz=0.000 Fx=0.000 Fy=0.000
[DEBUG] [Tire] RR grounded=0 omega=0.000 wheelSpeed=0.000 Vx=0.000 Vy=0.000 slipVel=0.000 kappa=0.000 alpha=0.000 Fz=0.000 Fx=0.000 Fy=0.000
[DEBUG] [Tire] FL grounded=0 omega=0.000 wheelSpeed=0.000 Vx=0.000 Vy=0.000 slipVel=0.000 kappa=0.000 alpha=0.000 Fz=0.000 Fx=0.000 Fy=0.000
[DEBUG] [Tire] FR grounded=0 omega=0.000 wheelSpeed=0.000 Vx=0.000 Vy=0.000 slipVel=0.000 kappa=0.000 alpha=0.000 Fz=0.000 Fx=0.000 Fy=0.000
[DEBUG] [Tire] RL grounded=0 omega=0.000 wheelSpeed=0.000 Vx=0.000 Vy=0.000 slipVel=0.000 kappa=0.000 alpha=0.000 Fz=0.000 Fx=0.000 Fy=0.000
[DEBUG] [Tire] RR grounded=0 omega=0.000 wheelSpeed=0.000 Vx=0.000 Vy=0.000 slipVel=0.000 kappa=0.000 alpha=0.000 Fz=0.000 Fx=0.000 Fy=0.000
[DEBUG] [Suspension] FL=0.000000 FR=0.000000 RL=0.000000 RR=0.000000
[DEBUG] [Wheel] FL=0.000000 FR=0.000000 RL=0.000000 RR=0.000000
[DEBUG] [Powertrain] gear=1 rpm=0.000000 torque=0.000000 clutch=0.000000 running=0
[DEBUG] [Tire] FL grounded=0 omega=0.000 wheelSpeed=0.000 Vx=0.000 Vy=0.000 slipVel=0.000 kappa=0.000 alpha=0.000 Fz=0.000 Fx=0.000 Fy=0.000
[DEBUG] [Tire] FR grounded=0 omega=0.000 wheelSpeed=0.000 Vx=0.000 Vy=0.000 slipVel=0.000 kappa=0.000 alpha=0.000 Fz=0.000 Fx=0.000 Fy=0.000
[DEBUG] [Tire] RL grounded=0 omega=0.000 wheelSpeed=0.000 Vx=0.000 Vy=0.000 slipVel=0.000 kappa=0.000 alpha=0.000 Fz=0.000 Fx=0.000 Fy=0.000
[DEBUG] [Tire] RR grounded=0 omega=0.000 wheelSpeed=0.000 Vx=0.000 Vy=0.000 slipVel=0.000 kappa=0.000 alpha=0.000 Fz=0.000 Fx=0.000 Fy=0.000
[DEBUG] [Performance] FPS=60 PhysicsHz=120
[DEBUG] [Tire] FL grounded=0 omega=0.000 wheelSpeed=0.000 Vx=0.000 Vy=0.000 slipVel=0.000 kappa=0.000 alpha=0.000 Fz=0.000 Fx=0.000 Fy=0.000
[DEBUG] [Tire] FR grounded=0 omega=0.000 wheelSpeed=0.000 Vx=0.000 Vy=0.000 slipVel=0.000 kappa=0.000 alpha=0.000 Fz=0.000 Fx=0.000 Fy=0.000
[DEBUG] [Tire] RL grounded=0 omega=0.000 wheelSpeed=0.000 Vx=0.000 Vy=0.000 slipVel=0.000 kappa=0.000 alpha=0.000 Fz=0.000 Fx=0.000 Fy=0.000
[DEBUG] [Tire] RR grounded=0 omega=0.000 wheelSpeed=0.000 Vx=0.000 Vy=0.000 slipVel=0.000 kappa=0.000 alpha=0.000 Fz=0.000 Fx=0.000 Fy=0.000
[DEBUG] [Suspension] FL=0.000000 FR=0.000000 RL=0.000000 RR=0.000000
[DEBUG] [Wheel] FL=0.000000 FR=0.000000 RL=0.000000 RR=0.000000
[DEBUG] [Powertrain] gear=1 rpm=0.000000 torque=0.000000 clutch=0.000000 running=0
[DEBUG] [Tire] FL grounded=0 omega=0.000 wheelSpeed=0.000 Vx=0.000 Vy=0.000 slipVel=0.000 kappa=0.000 alpha=0.000 Fz=0.000 Fx=0.000 Fy=0.000
[DEBUG] [Tire] FR grounded=0 omega=0.000 wheelSpeed=0.000 Vx=0.000 Vy=0.000 slipVel=0.000 kappa=0.000 alpha=0.000 Fz=0.000 Fx=0.000 Fy=0.000
[DEBUG] [Tire] RL grounded=0 omega=0.000 wheelSpeed=0.000 Vx=0.000 Vy=0.000 slipVel=0.000 kappa=0.000 alpha=0.000 Fz=0.000 Fx=0.000 Fy=0.000
[DEBUG] [Tire] RR grounded=0 omega=0.000 wheelSpeed=0.000 Vx=0.000 Vy=0.000 slipVel=0.000 kappa=0.000 alpha=0.000 Fz=0.000 Fx=0.000 Fy=0.000
[DEBUG] [Energy] x=177.840 y=2.017 z=16.431 vx=-0.000 vy=0.000 vz=0.000 total=23548.102 potential=23548.102 linear=0.000 angular=0.000 wheels=0.000 suspension=0.000 suspensionPower=0.000 suspensionResidual=0.000
[DEBUG] [Tire] FL grounded=0 omega=0.000 wheelSpeed=0.000 Vx=0.000 Vy=0.000 slipVel=0.000 kappa=0.000 alpha=0.000 Fz=0.000 Fx=0.000 Fy=0.000
[DEBUG] [Tire] FR grounded=0 omega=0.000 wheelSpeed=0.000 Vx=0.000 Vy=0.000 slipVel=0.000 kappa=0.000 alpha=0.000 Fz=0.000 Fx=0.000 Fy=0.000
[DEBUG] [Tire] RL grounded=0 omega=0.000 wheelSpeed=0.000 Vx=0.000 Vy=0.000 slipVel=0.000 kappa=0.000 alpha=0.000 Fz=0.000 Fx=0.000 Fy=0.000
[DEBUG] [Tire] RR grounded=0 omega=0.000 wheelSpeed=0.000 Vx=0.000 Vy=0.000 slipVel=0.000 kappa=0.000 alpha=0.000 Fz=0.000 Fx=0.000 Fy=0.000
[DEBUG] [Tire] FL grounded=0 omega=0.000 wheelSpeed=0.000 Vx=0.000 Vy=0.000 slipVel=0.000 kappa=0.000 alpha=0.000 Fz=0.000 Fx=0.000 Fy=0.000
[DEBUG] [Tire] FR grounded=0 omega=0.000 wheelSpeed=0.000 Vx=0.000 Vy=0.000 slipVel=0.000 kappa=0.000 alpha=0.000 Fz=0.000 Fx=0.000 Fy=0.000
[DEBUG] [Tire] RL grounded=0 omega=0.000 wheelSpeed=0.000 Vx=0.000 Vy=0.000 slipVel=0.000 kappa=0.000 alpha=0.000 Fz=0.000 Fx=0.000 Fy=0.000
[DEBUG] [Tire] RR grounded=0 omega=0.000 wheelSpeed=0.000 Vx=0.000 Vy=0.000 slipVel=0.000 kappa=0.000 alpha=0.000 Fz=0.000 Fx=0.000 Fy=0.000
[DEBUG] [Suspension] FL=0.000000 FR=0.000000 RL=0.000000 RR=0.000000
[DEBUG] [Wheel] FL=0.000000 FR=0.000000 RL=0.000000 RR=0.000000
[DEBUG] [Powertrain] gear=1 rpm=0.000000 torque=0.000000 clutch=0.000000 running=0
[DEBUG] [Tire] FL grounded=0 omega=0.000 wheelSpeed=0.000 Vx=0.000 Vy=0.000 slipVel=0.000 kappa=0.000 alpha=0.000 Fz=0.000 Fx=0.000 Fy=0.000
[DEBUG] [Tire] FR grounded=0 omega=0.000 wheelSpeed=0.000 Vx=0.000 Vy=0.000 slipVel=0.000 kappa=0.000 alpha=0.000 Fz=0.000 Fx=0.000 Fy=0.000
[DEBUG] [Tire] RL grounded=0 omega=0.000 wheelSpeed=0.000 Vx=0.000 Vy=0.000 slipVel=0.000 kappa=0.000 alpha=0.000 Fz=0.000 Fx=0.000 Fy=0.000
[DEBUG] [Tire] RR grounded=0 omega=0.000 wheelSpeed=0.000 Vx=0.000 Vy=0.000 slipVel=0.000 kappa=0.000 alpha=0.000 Fz=0.000 Fx=0.000 Fy=0.000
[DEBUG] [Tire] FL grounded=0 omega=0.000 wheelSpeed=0.000 Vx=0.000 Vy=0.000 slipVel=0.000 kappa=0.000 alpha=0.000 Fz=0.000 Fx=0.000 Fy=0.000
[DEBUG] [Tire] FR grounded=0 omega=0.000 wheelSpeed=0.000 Vx=0.000 Vy=0.000 slipVel=0.000 kappa=0.000 alpha=0.000 Fz=0.000 Fx=0.000 Fy=0.000
[DEBUG] [Tire] RL grounded=0 omega=0.000 wheelSpeed=0.000 Vx=0.000 Vy=0.000 slipVel=0.000 kappa=0.000 alpha=0.000 Fz=0.000 Fx=0.000 Fy=0.000
[DEBUG] [Tire] RR grounded=0 omega=0.000 wheelSpeed=0.000 Vx=0.000 Vy=0.000 slipVel=0.000 kappa=0.000 alpha=0.000 Fz=0.000 Fx=0.000 Fy=0.000
[DEBUG] [Suspension] FL=0.000000 FR=0.000000 RL=0.000000 RR=0.000000
[DEBUG] [Wheel] FL=0.000000 FR=0.000000 RL=0.000000 RR=0.000000
[DEBUG] [Powertrain] gear=1 rpm=0.000000 torque=0.000000 clutch=0.000000 running=0
[DEBUG] [Audio] Submitted bytes=33177600
[DEBUG] [Tire] FL grounded=0 omega=0.000 wheelSpeed=0.000 Vx=0.000 Vy=0.000 slipVel=0.000 kappa=0.000 alpha=0.000 Fz=0.000 Fx=0.000 Fy=0.000
[DEBUG] [Tire] FR grounded=0 omega=0.000 wheelSpeed=0.000 Vx=0.000 Vy=0.000 slipVel=0.000 kappa=0.000 alpha=0.000 Fz=0.000 Fx=0.000 Fy=0.000
[DEBUG] [Tire] RL grounded=0 omega=0.000 wheelSpeed=0.000 Vx=0.000 Vy=0.000 slipVel=0.000 kappa=0.000 alpha=0.000 Fz=0.000 Fx=0.000 Fy=0.000
[DEBUG] [Tire] RR grounded=0 omega=0.000 wheelSpeed=0.000 Vx=0.000 Vy=0.000 slipVel=0.000 kappa=0.000 alpha=0.000 Fz=0.000 Fx=0.000 Fy=0.000
[DEBUG] [Energy] x=177.840 y=2.017 z=16.431 vx=-0.000 vy=0.000 vz=0.000 total=23548.102 potential=23548.102 linear=0.000 angular=0.000 wheels=0.000 suspension=0.000 suspensionPower=0.000 suspensionResidual=0.000
[DEBUG] [Tire] FL grounded=0 omega=0.000 wheelSpeed=0.000 Vx=0.000 Vy=0.000 slipVel=0.000 kappa=0.000 alpha=0.000 Fz=0.000 Fx=0.000 Fy=0.000
[DEBUG] [Tire] FR grounded=0 omega=0.000 wheelSpeed=0.000 Vx=0.000 Vy=0.000 slipVel=0.000 kappa=0.000 alpha=0.000 Fz=0.000 Fx=0.000 Fy=0.000
[DEBUG] [Tire] RL grounded=0 omega=0.000 wheelSpeed=0.000 Vx=0.000 Vy=0.000 slipVel=0.000 kappa=0.000 alpha=0.000 Fz=0.000 Fx=0.000 Fy=0.000
[DEBUG] [Tire] RR grounded=0 omega=0.000 wheelSpeed=0.000 Vx=0.000 Vy=0.000 slipVel=0.000 kappa=0.000 alpha=0.000 Fz=0.000 Fx=0.000 Fy=0.000
[DEBUG] [Tire] FL grounded=0 omega=0.000 wheelSpeed=0.000 Vx=0.000 Vy=0.000 slipVel=0.000 kappa=0.000 alpha=0.000 Fz=0.000 Fx=0.000 Fy=0.000
[DEBUG] [Tire] FR grounded=0 omega=0.000 wheelSpeed=0.000 Vx=0.000 Vy=0.000 slipVel=0.000 kappa=0.000 alpha=0.000 Fz=0.000 Fx=0.000 Fy=0.000
[DEBUG] [Tire] RL grounded=0 omega=0.000 wheelSpeed=0.000 Vx=0.000 Vy=0.000 slipVel=0.000 kappa=0.000 alpha=0.000 Fz=0.000 Fx=0.000 Fy=0.000
[DEBUG] [Tire] RR grounded=0 omega=0.000 wheelSpeed=0.000 Vx=0.000 Vy=0.000 slipVel=0.000 kappa=0.000 alpha=0.000 Fz=0.000 Fx=0.000 Fy=0.000
[DEBUG] [Suspension] FL=0.000000 FR=0.000000 RL=0.000000 RR=0.000000
[DEBUG] [Wheel] FL=0.000000 FR=0.000000 RL=0.000000 RR=0.000000
[DEBUG] [Powertrain] gear=1 rpm=0.000000 torque=0.000000 clutch=0.000000 running=0
[DEBUG] [Tire] FL grounded=0 omega=0.000 wheelSpeed=0.000 Vx=0.000 Vy=0.000 slipVel=0.000 kappa=0.000 alpha=0.000 Fz=0.000 Fx=0.000 Fy=0.000
[DEBUG] [Tire] FR grounded=0 omega=0.000 wheelSpeed=0.000 Vx=0.000 Vy=0.000 slipVel=0.000 kappa=0.000 alpha=0.000 Fz=0.000 Fx=0.000 Fy=0.000
[DEBUG] [Tire] RL grounded=0 omega=0.000 wheelSpeed=0.000 Vx=0.000 Vy=0.000 slipVel=0.000 kappa=0.000 alpha=0.000 Fz=0.000 Fx=0.000 Fy=0.000
[DEBUG] [Tire] RR grounded=0 omega=0.000 wheelSpeed=0.000 Vx=0.000 Vy=0.000 slipVel=0.000 kappa=0.000 alpha=0.000 Fz=0.000 Fx=0.000 Fy=0.000
[DEBUG] [Tire] FL grounded=0 omega=0.000 wheelSpeed=0.000 Vx=0.000 Vy=0.000 slipVel=0.000 kappa=0.000 alpha=0.000 Fz=0.000 Fx=0.000 Fy=0.000
[DEBUG] [Tire] FR grounded=0 omega=0.000 wheelSpeed=0.000 Vx=0.000 Vy=0.000 slipVel=0.000 kappa=0.000 alpha=0.000 Fz=0.000 Fx=0.000 Fy=0.000
[DEBUG] [Tire] RL grounded=0 omega=0.000 wheelSpeed=0.000 Vx=0.000 Vy=0.000 slipVel=0.000 kappa=0.000 alpha=0.000 Fz=0.000 Fx=0.000 Fy=0.000
[DEBUG] [Tire] RR grounded=0 omega=0.000 wheelSpeed=0.000 Vx=0.000 Vy=0.000 slipVel=0.000 kappa=0.000 alpha=0.000 Fz=0.000 Fx=0.000 Fy=0.000
[DEBUG] [Performance] FPS=59 PhysicsHz=120
[DEBUG] [Suspension] FL=0.000000 FR=0.000000 RL=0.000000 RR=0.000000
[DEBUG] [Wheel] FL=0.000000 FR=0.000000 RL=0.000000 RR=0.000000
[DEBUG] [Powertrain] gear=1 rpm=0.000000 torque=0.000000 clutch=0.000000 running=0
[DEBUG] [Tire] FL grounded=0 omega=0.000 wheelSpeed=0.000 Vx=0.000 Vy=0.000 slipVel=0.000 kappa=0.000 alpha=0.000 Fz=0.000 Fx=0.000 Fy=0.000
[DEBUG] [Tire] FR grounded=0 omega=0.000 wheelSpeed=0.000 Vx=0.000 Vy=0.000 slipVel=0.000 kappa=0.000 alpha=0.000 Fz=0.000 Fx=0.000 Fy=0.000
[DEBUG] [Tire] RL grounded=0 omega=0.000 wheelSpeed=0.000 Vx=0.000 Vy=0.000 slipVel=0.000 kappa=0.000 alpha=0.000 Fz=0.000 Fx=0.000 Fy=0.000
[DEBUG] [Tire] RR grounded=0 omega=0.000 wheelSpeed=0.000 Vx=0.000 Vy=0.000 slipVel=0.000 kappa=0.000 alpha=0.000 Fz=0.000 Fx=0.000 Fy=0.000
[DEBUG] [Energy] x=177.840 y=2.017 z=16.431 vx=-0.000 vy=0.000 vz=0.000 total=23548.102 potential=23548.102 linear=0.000 angular=0.000 wheels=0.000 suspension=0.000 suspensionPower=0.000 suspensionResidual=0.000
[DEBUG] [Tire] FL grounded=0 omega=0.000 wheelSpeed=0.000 Vx=0.000 Vy=0.000 slipVel=0.000 kappa=0.000 alpha=0.000 Fz=0.000 Fx=0.000 Fy=0.000
[DEBUG] [Tire] FR grounded=0 omega=0.000 wheelSpeed=0.000 Vx=0.000 Vy=0.000 slipVel=0.000 kappa=0.000 alpha=0.000 Fz=0.000 Fx=0.000 Fy=0.000
[DEBUG] [Tire] RL grounded=0 omega=0.000 wheelSpeed=0.000 Vx=0.000 Vy=0.000 slipVel=0.000 kappa=0.000 alpha=0.000 Fz=0.000 Fx=0.000 Fy=0.000
[DEBUG] [Tire] RR grounded=0 omega=0.000 wheelSpeed=0.000 Vx=0.000 Vy=0.000 slipVel=0.000 kappa=0.000 alpha=0.000 Fz=0.000 Fx=0.000 Fy=0.000
[DEBUG] [Tire] FL grounded=0 omega=0.000 wheelSpeed=0.000 Vx=0.000 Vy=0.000 slipVel=0.000 kappa=0.000 alpha=0.000 Fz=0.000 Fx=0.000 Fy=0.000
[DEBUG] [Tire] FR grounded=0 omega=0.000 wheelSpeed=0.000 Vx=0.000 Vy=0.000 slipVel=0.000 kappa=0.000 alpha=0.000 Fz=0.000 Fx=0.000 Fy=0.000
[DEBUG] [Tire] RL grounded=0 omega=0.000 wheelSpeed=0.000 Vx=0.000 Vy=0.000 slipVel=0.000 kappa=0.000 alpha=0.000 Fz=0.000 Fx=0.000 Fy=0.000
[DEBUG] [Tire] RR grounded=0 omega=0.000 wheelSpeed=0.000 Vx=0.000 Vy=0.000 slipVel=0.000 kappa=0.000 alpha=0.000 Fz=0.000 Fx=0.000 Fy=0.000
[DEBUG] [Suspension] FL=0.000000 FR=0.000000 RL=0.000000 RR=0.000000
[DEBUG] [Wheel] FL=0.000000 FR=0.000000 RL=0.000000 RR=0.000000
[DEBUG] [Powertrain] gear=1 rpm=0.000000 torque=0.000000 clutch=0.000000 running=0
[DEBUG] [Tire] FL grounded=0 omega=0.000 wheelSpeed=0.000 Vx=0.000 Vy=0.000 slipVel=0.000 kappa=0.000 alpha=0.000 Fz=0.000 Fx=0.000 Fy=0.000
[DEBUG] [Tire] FR grounded=0 omega=0.000 wheelSpeed=0.000 Vx=0.000 Vy=0.000 slipVel=0.000 kappa=0.000 alpha=0.000 Fz=0.000 Fx=0.000 Fy=0.000
[DEBUG] [Tire] RL grounded=0 omega=0.000 wheelSpeed=0.000 Vx=0.000 Vy=0.000 slipVel=0.000 kappa=0.000 alpha=0.000 Fz=0.000 Fx=0.000 Fy=0.000
[DEBUG] [Tire] RR grounded=0 omega=0.000 wheelSpeed=0.000 Vx=0.000 Vy=0.000 slipVel=0.000 kappa=0.000 alpha=0.000 Fz=0.000 Fx=0.000 Fy=0.000
