[INFO] [Legend] W=wheel ray/suspension/tire sample; i=wheel index; w=wheel name; si=suspension index; lp=wheel local mount; o=ray origin; d=unit ray direction; h=ray hit(1/0); md=max ray distance; rd=ray hit distance (on miss rd=md); sl=suspension length; c=compression; cv=compression velocity; sf=spring force; df=damper force; af=suspension axis force; Fz=normal load; Fx=longitudinal tire force; Fy=lateral tire force; k=slip ratio; a=slip angle; p=hit point; n=surface normal; pe=|o+d*rd-p| (hit-point consistency error); sh=collider shape (0=Box,1=Sphere,2=Plane,3=Terrain,4=Road,-1=none); FL/FR/RL/RR=front-left/front-right/rear-left/rear-right; vehicle axes: -X=right, +Y=up, +Z=front; right-handed coordinates, distances in meters, forces in newtons.
[INFO] [EnergyConvergence] dtCoarse=0.016667 errorCoarse=1.604187 dtFine=0.008333 errorFine=0.801270
[INFO] [PASS] Free-fall energy error decreases with timestep refinement
[INFO] [EnergyBaseline] total=5742.882812 tolerance=5.742883 absTolerance=2.000000 relativeTolerance=0.001000
[INFO] [PhysicsDiagnostics] flat terrain suspension stability test
[INFO] [EnergyDelta] step=0 t=0.000000 deltaFromBaseline=0.000000 stepDelta=0.000000 integratedPowerA=0.000000 integratedPowerB=0.000000 integratedSpringPower=0.000000 integratedDamperPower=0.000000 integratedPowerBalanceResidual=0.000000
[INFO] [State] t=0.000000 y=0.420000 z=0.000000 vy=0.000000 vz=0.000000 energy=5742.882812 compression=0.101188,0.101188,0.101188,0.101188
[DEBUG] [W] i=0 w=FL si=0 lp=(0.760,-0.100,1.250) o=(0.760,0.324,1.250) wp=(0.747,0.320,1.250) mw=(-0.013,-0.004,0.000) pe2=(-0.013,0.358,0.000) grounded=1 contactSamples=1 contactDistance=0.320 sl=0.362 c=0.098 cv=-0.060 sf=3803.329 df=-181.146 af=3622.183 Fz=3040.962 Fx=0.000 Fy=-0.000 k=0.000 a=0.000 p=(0.747,-0.000,1.250) n=(-0.000,1.000,-0.000)
[DEBUG] [W] i=1 w=FR si=1 lp=(-0.760,-0.100,1.250) o=(-0.760,0.324,1.250) wp=(-0.747,0.320,1.250) mw=(0.013,-0.004,0.000) pe2=(0.013,0.358,0.000) grounded=1 contactSamples=1 contactDistance=0.320 sl=0.362 c=0.098 cv=-0.060 sf=3803.329 df=-181.146 af=3622.183 Fz=3040.962 Fx=0.000 Fy=-0.000 k=0.000 a=0.000 p=(-0.747,-0.000,1.250) n=(-0.000,1.000,-0.000)
[DEBUG] [W] i=2 w=RL si=2 lp=(0.760,-0.100,-1.250) o=(0.760,0.324,-1.250) wp=(0.747,0.320,-1.250) mw=(-0.013,-0.004,0.000) pe2=(-0.013,0.358,0.000) grounded=1 contactSamples=1 contactDistance=0.320 sl=0.362 c=0.098 cv=-0.060 sf=3803.329 df=-181.146 af=3622.183 Fz=3040.962 Fx=0.000 Fy=-0.000 k=0.000 a=0.000 p=(0.747,-0.000,-1.250) n=(-0.000,1.000,-0.000)
[DEBUG] [W] i=3 w=RR si=3 lp=(-0.760,-0.100,-1.250) o=(-0.760,0.324,-1.250) wp=(-0.747,0.320,-1.250) mw=(0.013,-0.004,0.000) pe2=(0.013,0.358,0.000) grounded=1 contactSamples=1 contactDistance=0.320 sl=0.362 c=0.098 cv=-0.060 sf=3803.329 df=-181.146 af=3622.183 Fz=3040.962 Fx=0.000 Fy=-0.000 k=0.000 a=0.000 p=(-0.747,-0.000,-1.250) n=(-0.000,1.000,-0.000)
[DEBUG] [Cornering] steerInput=0.000 frontSteerAngle=-0.000 yawRateY=0.000 rollRateZ=0.000 leftLoad=6081.924 rightLoad=6081.924 leftMinusRight=0.000
[DEBUG] [W] i=0 w=FL si=0 lp=(0.760,-0.100,1.250) o=(0.760,0.332,1.250) wp=(0.747,0.320,1.250) mw=(-0.013,-0.012,0.000) pe2=(-0.013,0.357,0.000) grounded=1 contactSamples=1 contactDistance=0.320 sl=0.369 c=0.091 cv=-0.059 sf=3551.092 df=-177.219 af=3373.873 Fz=2852.494 Fx=0.000 Fy=-0.000 k=0.000 a=0.000 p=(0.747,-0.000,1.250) n=(-0.000,1.000,-0.000)
[DEBUG] [W] i=1 w=FR si=1 lp=(-0.760,-0.100,1.250) o=(-0.760,0.332,1.250) wp=(-0.747,0.320,1.250) mw=(0.013,-0.012,0.000) pe2=(0.013,0.357,0.000) grounded=1 contactSamples=1 contactDistance=0.320 sl=0.369 c=0.091 cv=-0.059 sf=3551.092 df=-177.219 af=3373.873 Fz=2852.494 Fx=0.000 Fy=-0.000 k=0.000 a=0.000 p=(-0.747,-0.000,1.250) n=(-0.000,1.000,-0.000)
[DEBUG] [W] i=2 w=RL si=2 lp=(0.760,-0.100,-1.250) o=(0.760,0.332,-1.250) wp=(0.747,0.320,-1.250) mw=(-0.013,-0.012,0.000) pe2=(-0.013,0.357,0.000) grounded=1 contactSamples=1 contactDistance=0.320 sl=0.369 c=0.091 cv=-0.059 sf=3551.092 df=-177.219 af=3373.873 Fz=2852.494 Fx=0.000 Fy=-0.000 k=0.000 a=0.000 p=(0.747,-0.000,-1.250) n=(-0.000,1.000,-0.000)
[DEBUG] [W] i=3 w=RR si=3 lp=(-0.760,-0.100,-1.250) o=(-0.760,0.332,-1.250) wp=(-0.747,0.320,-1.250) mw=(0.013,-0.012,0.000) pe2=(0.013,0.357,0.000) grounded=1 contactSamples=1 contactDistance=0.320 sl=0.369 c=0.091 cv=-0.059 sf=3551.092 df=-177.219 af=3373.873 Fz=2852.494 Fx=0.000 Fy=-0.000 k=0.000 a=0.000 p=(-0.747,-0.000,-1.250) n=(-0.000,1.000,-0.000)
[DEBUG] [Cornering] steerInput=0.000 frontSteerAngle=-0.000 yawRateY=0.000 rollRateZ=0.000 leftLoad=5704.987 rightLoad=5704.987 leftMinusRight=0.000
[DEBUG] [W] i=0 w=FL si=0 lp=(0.760,-0.100,1.250) o=(0.760,0.337,1.250) wp=(0.747,0.320,1.250) mw=(-0.013,-0.017,0.000) pe2=(-0.013,0.356,0.000) grounded=1 contactSamples=1 contactDistance=0.320 sl=0.373 c=0.087 cv=-0.015 sf=3388.965 df=-43.731 af=3345.234 Fz=2841.429 Fx=0.000 Fy=-0.000 k=0.000 a=0.000 p=(0.747,-0.000,1.250) n=(-0.000,1.000,-0.000)
[DEBUG] [W] i=1 w=FR si=1 lp=(-0.760,-0.100,1.250) o=(-0.760,0.337,1.250) wp=(-0.747,0.320,1.250) mw=(0.013,-0.017,0.000) pe2=(0.013,0.356,0.000) grounded=1 contactSamples=1 contactDistance=0.320 sl=0.373 c=0.087 cv=-0.015 sf=3388.965 df=-43.731 af=3345.234 Fz=2841.429 Fx=0.000 Fy=-0.000 k=0.000 a=0.000 p=(-0.747,-0.000,1.250) n=(-0.000,1.000,-0.000)
[DEBUG] [W] i=2 w=RL si=2 lp=(0.760,-0.100,-1.250) o=(0.760,0.337,-1.250) wp=(0.747,0.320,-1.250) mw=(-0.013,-0.017,0.000) pe2=(-0.013,0.356,0.000) grounded=1 contactSamples=1 contactDistance=0.320 sl=0.373 c=0.087 cv=-0.015 sf=3388.965 df=-43.731 af=3345.234 Fz=2841.429 Fx=0.000 Fy=-0.000 k=0.000 a=0.000 p=(0.747,-0.000,-1.250) n=(-0.000,1.000,-0.000)
[DEBUG] [W] i=3 w=RR si=3 lp=(-0.760,-0.100,-1.250) o=(-0.760,0.337,-1.250) wp=(-0.747,0.320,-1.250) mw=(0.013,-0.017,0.000) pe2=(0.013,0.356,0.000) grounded=1 contactSamples=1 contactDistance=0.320 sl=0.373 c=0.087 cv=-0.015 sf=3388.965 df=-43.731 af=3345.234 Fz=2841.429 Fx=0.000 Fy=-0.000 k=0.000 a=0.000 p=(-0.747,-0.000,-1.250) n=(-0.000,1.000,-0.000)
[DEBUG] [Cornering] steerInput=0.000 frontSteerAngle=-0.000 yawRateY=0.000 rollRateZ=0.000 leftLoad=5682.857 rightLoad=5682.857 leftMinusRight=0.000
[DEBUG] [W] i=0 w=FL si=0 lp=(0.760,-0.100,1.250) o=(0.760,0.338,1.250) wp=(0.747,0.320,1.250) mw=(-0.013,-0.018,0.000) pe2=(-0.013,0.356,0.000) grounded=1 contactSamples=1 contactDistance=0.320 sl=0.374 c=0.086 cv=0.000 sf=3355.866 df=0.000 af=3355.866 Fz=2853.191 Fx=0.000 Fy=-0.000 k=0.000 a=0.000 p=(0.747,-0.000,1.250) n=(-0.000,1.000,-0.000)
[DEBUG] [W] i=1 w=FR si=1 lp=(-0.760,-0.100,1.250) o=(-0.760,0.338,1.250) wp=(-0.747,0.320,1.250) mw=(0.013,-0.018,0.000) pe2=(0.013,0.356,0.000) grounded=1 contactSamples=1 contactDistance=0.320 sl=0.374 c=0.086 cv=0.000 sf=3355.866 df=0.000 af=3355.866 Fz=2853.191 Fx=0.000 Fy=-0.000 k=0.000 a=0.000 p=(-0.747,-0.000,1.250) n=(-0.000,1.000,-0.000)
[DEBUG] [W] i=2 w=RL si=2 lp=(0.760,-0.100,-1.250) o=(0.760,0.338,-1.250) wp=(0.747,0.320,-1.250) mw=(-0.013,-0.018,0.000) pe2=(-0.013,0.356,0.000) grounded=1 contactSamples=1 contactDistance=0.320 sl=0.374 c=0.086 cv=0.000 sf=3355.866 df=0.000 af=3355.866 Fz=2853.191 Fx=0.000 Fy=-0.000 k=0.000 a=0.000 p=(0.747,-0.000,-1.250) n=(-0.000,1.000,-0.000)
[DEBUG] [W] i=3 w=RR si=3 lp=(-0.760,-0.100,-1.250) o=(-0.760,0.338,-1.250) wp=(-0.747,0.320,-1.250) mw=(0.013,-0.018,0.000) pe2=(0.013,0.356,0.000) grounded=1 contactSamples=1 contactDistance=0.320 sl=0.374 c=0.086 cv=0.000 sf=3355.866 df=0.000 af=3355.866 Fz=2853.191 Fx=0.000 Fy=-0.000 k=0.000 a=0.000 p=(-0.747,-0.000,-1.250) n=(-0.000,1.000,-0.000)
[DEBUG] [Cornering] steerInput=0.000 frontSteerAngle=-0.000 yawRateY=0.000 rollRateZ=0.000 leftLoad=5706.382 rightLoad=5706.382 leftMinusRight=0.000
[DEBUG] [W] i=0 w=FL si=0 lp=(0.760,-0.100,1.250) o=(0.760,0.336,1.250) wp=(0.747,0.320,1.250) mw=(-0.013,-0.016,0.000) pe2=(-0.013,0.356,0.000) grounded=1 contactSamples=1 contactDistance=0.320 sl=0.373 c=0.087 cv=0.015 sf=3407.927 df=36.416 af=3444.342 Fz=2924.010 Fx=0.000 Fy=-0.000 k=0.000 a=0.000 p=(0.747,-0.000,1.250) n=(-0.000,1.000,-0.000)
[DEBUG] [W] i=1 w=FR si=1 lp=(-0.760,-0.100,1.250) o=(-0.760,0.336,1.250) wp=(-0.747,0.320,1.250) mw=(0.013,-0.016,0.000) pe2=(0.013,0.356,0.000) grounded=1 contactSamples=1 contactDistance=0.320 sl=0.373 c=0.087 cv=0.015 sf=3407.927 df=36.416 af=3444.342 Fz=2924.010 Fx=0.000 Fy=-0.000 k=0.000 a=0.000 p=(-0.747,-0.000,1.250) n=(-0.000,1.000,-0.000)
[DEBUG] [W] i=2 w=RL si=2 lp=(0.760,-0.100,-1.250) o=(0.760,0.336,-1.250) wp=(0.747,0.320,-1.250) mw=(-0.013,-0.016,0.000) pe2=(-0.013,0.356,0.000) grounded=1 contactSamples=1 contactDistance=0.320 sl=0.373 c=0.087 cv=0.015 sf=3407.927 df=36.416 af=3444.342 Fz=2924.010 Fx=0.000 Fy=-0.000 k=0.000 a=0.000 p=(0.747,-0.000,-1.250) n=(-0.000,1.000,-0.000)
[DEBUG] [W] i=3 w=RR si=3 lp=(-0.760,-0.100,-1.250) o=(-0.760,0.336,-1.250) wp=(-0.747,0.320,-1.250) mw=(0.013,-0.016,0.000) pe2=(0.013,0.356,0.000) grounded=1 contactSamples=1 contactDistance=0.320 sl=0.373 c=0.087 cv=0.015 sf=3407.927 df=36.416 af=3444.342 Fz=2924.010 Fx=0.000 Fy=-0.000 k=0.000 a=0.000 p=(-0.747,-0.000,-1.250) n=(-0.000,1.000,-0.000)
[DEBUG] [Cornering] steerInput=0.000 frontSteerAngle=-0.000 yawRateY=0.000 rollRateZ=0.000 leftLoad=5848.019 rightLoad=5848.019 leftMinusRight=0.000
[DEBUG] [Energy] x=0.000 y=0.436 z=0.000 vx=0.000 vy=-0.022 vz=0.000 total=5732.029 potential=5132.823 linear=0.299 angular=0.000 wheels=0.000 suspension=598.907 suspensionPower=-264.376 suspensionResidual=143.003
[INFO] [EnergyDelta] step=60 t=0.500000 deltaFromBaseline=-10.853516 stepDelta=1.144531 integratedPowerA=188.367249 integratedPowerB=0.928798 integratedSpringPower=-199.193085 integratedDamperPower=9.948593 integratedPowerBalanceResidual=0.051559
[INFO] [State] t=0.500000 y=0.436020 z=0.000000 vy=-0.022312 vz=0.000000 energy=5732.029297 compression=0.087626,0.087626,0.087626,0.087626
[DEBUG] [W] i=0 w=FL si=0 lp=(0.760,-0.100,1.250) o=(0.760,0.334,1.250) wp=(0.747,0.320,1.250) mw=(-0.013,-0.014,0.000) pe2=(-0.013,0.357,0.000) grounded=1 contactSamples=1 contactDistance=0.320 sl=0.371 c=0.089 cv=0.015 sf=3474.514 df=36.550 af=3511.064 Fz=2974.960 Fx=0.000 Fy=-0.000 k=0.000 a=0.000 p=(0.747,-0.000,1.250) n=(-0.000,1.000,-0.000)
[DEBUG] [W] i=1 w=FR si=1 lp=(-0.760,-0.100,1.250) o=(-0.760,0.334,1.250) wp=(-0.747,0.320,1.250) mw=(0.013,-0.014,0.000) pe2=(0.013,0.357,0.000) grounded=1 contactSamples=1 contactDistance=0.320 sl=0.371 c=0.089 cv=0.015 sf=3474.514 df=36.550 af=3511.064 Fz=2974.960 Fx=0.000 Fy=-0.000 k=0.000 a=0.000 p=(-0.747,-0.000,1.250) n=(-0.000,1.000,-0.000)
[DEBUG] [W] i=2 w=RL si=2 lp=(0.760,-0.100,-1.250) o=(0.760,0.334,-1.250) wp=(0.747,0.320,-1.250) mw=(-0.013,-0.014,0.000) pe2=(-0.013,0.357,0.000) grounded=1 contactSamples=1 contactDistance=0.320 sl=0.371 c=0.089 cv=0.015 sf=3474.514 df=36.550 af=3511.064 Fz=2974.960 Fx=0.000 Fy=-0.000 k=0.000 a=0.000 p=(0.747,-0.000,-1.250) n=(-0.000,1.000,-0.000)
[DEBUG] [W] i=3 w=RR si=3 lp=(-0.760,-0.100,-1.250) o=(-0.760,0.334,-1.250) wp=(-0.747,0.320,-1.250) mw=(0.013,-0.014,0.000) pe2=(0.013,0.357,0.000) grounded=1 contactSamples=1 contactDistance=0.320 sl=0.371 c=0.089 cv=0.015 sf=3474.514 df=36.550 af=3511.064 Fz=2974.960 Fx=0.000 Fy=-0.000 k=0.000 a=0.000 p=(-0.747,-0.000,-1.250) n=(-0.000,1.000,-0.000)
[DEBUG] [Cornering] steerInput=0.000 frontSteerAngle=-0.000 yawRateY=0.000 rollRateZ=0.000 leftLoad=5949.920 rightLoad=5949.920 leftMinusRight=0.000
[DEBUG] [W] i=0 w=FL si=0 lp=(0.760,-0.100,1.250) o=(0.760,0.333,1.250) wp=(0.747,0.320,1.250) mw=(-0.013,-0.013,0.000) pe2=(-0.013,0.357,0.000) grounded=1 contactSamples=1 contactDistance=0.320 sl=0.370 c=0.090 cv=0.000 sf=3512.750 df=0.009 af=3512.759 Fz=2973.152 Fx=0.000 Fy=-0.000 k=0.000 a=0.000 p=(0.747,-0.000,1.250) n=(-0.000,1.000,-0.000)
[DEBUG] [W] i=1 w=FR si=1 lp=(-0.760,-0.100,1.250) o=(-0.760,0.333,1.250) wp=(-0.747,0.320,1.250) mw=(0.013,-0.013,0.000) pe2=(0.013,0.357,0.000) grounded=1 contactSamples=1 contactDistance=0.320 sl=0.370 c=0.090 cv=0.000 sf=3512.750 df=0.009 af=3512.759 Fz=2973.152 Fx=0.000 Fy=-0.000 k=0.000 a=0.000 p=(-0.747,-0.000,1.250) n=(-0.000,1.000,-0.000)
[DEBUG] [W] i=2 w=RL si=2 lp=(0.760,-0.100,-1.250) o=(0.760,0.333,-1.250) wp=(0.747,0.320,-1.250) mw=(-0.013,-0.013,0.000) pe2=(-0.013,0.357,0.000) grounded=1 contactSamples=1 contactDistance=0.320 sl=0.370 c=0.090 cv=0.000 sf=3512.750 df=0.009 af=3512.759 Fz=2973.152 Fx=0.000 Fy=-0.000 k=0.000 a=0.000 p=(0.747,-0.000,-1.250) n=(-0.000,1.000,-0.000)
[DEBUG] [W] i=3 w=RR si=3 lp=(-0.760,-0.100,-1.250) o=(-0.760,0.333,-1.250) wp=(-0.747,0.320,-1.250) mw=(0.013,-0.013,0.000) pe2=(0.013,0.357,0.000) grounded=1 contactSamples=1 contactDistance=0.320 sl=0.370 c=0.090 cv=0.000 sf=3512.750 df=0.009 af=3512.759 Fz=2973.152 Fx=0.000 Fy=-0.000 k=0.000 a=0.000 p=(-0.747,-0.000,-1.250) n=(-0.000,1.000,-0.000)
[DEBUG] [Cornering] steerInput=0.000 frontSteerAngle=-0.000 yawRateY=0.000 rollRateZ=0.000 leftLoad=5946.304 rightLoad=5946.304 leftMinusRight=0.000
[DEBUG] [W] i=0 w=FL si=0 lp=(0.760,-0.100,1.250) o=(0.760,0.333,1.250) wp=(0.747,0.320,1.250) mw=(-0.013,-0.013,0.000) pe2=(-0.013,0.357,0.000) grounded=1 contactSamples=1 contactDistance=0.320 sl=0.370 c=0.090 cv=0.000 sf=3507.967 df=0.000 af=3507.967 Fz=2969.501 Fx=0.000 Fy=-0.000 k=0.000 a=0.000 p=(0.747,-0.000,1.250) n=(-0.000,1.000,-0.000)
[DEBUG] [W] i=1 w=FR si=1 lp=(-0.760,-0.100,1.250) o=(-0.760,0.333,1.250) wp=(-0.747,0.320,1.250) mw=(0.013,-0.013,0.000) pe2=(0.013,0.357,0.000) grounded=1 contactSamples=1 contactDistance=0.320 sl=0.370 c=0.090 cv=0.000 sf=3507.967 df=0.000 af=3507.967 Fz=2969.501 Fx=0.000 Fy=-0.000 k=0.000 a=0.000 p=(-0.747,-0.000,1.250) n=(-0.000,1.000,-0.000)
[DEBUG] [W] i=2 w=RL si=2 lp=(0.760,-0.100,-1.250) o=(0.760,0.333,-1.250) wp=(0.747,0.320,-1.250) mw=(-0.013,-0.013,0.000) pe2=(-0.013,0.357,0.000) grounded=1 contactSamples=1 contactDistance=0.320 sl=0.370 c=0.090 cv=0.000 sf=3507.967 df=0.000 af=3507.967 Fz=2969.501 Fx=0.000 Fy=-0.000 k=0.000 a=0.000 p=(0.747,-0.000,-1.250) n=(-0.000,1.000,-0.000)
[DEBUG] [W] i=3 w=RR si=3 lp=(-0.760,-0.100,-1.250) o=(-0.760,0.333,-1.250) wp=(-0.747,0.320,-1.250) mw=(0.013,-0.013,0.000) pe2=(0.013,0.357,0.000) grounded=1 contactSamples=1 contactDistance=0.320 sl=0.370 c=0.090 cv=0.000 sf=3507.967 df=0.000 af=3507.967 Fz=2969.501 Fx=0.000 Fy=-0.000 k=0.000 a=0.000 p=(-0.747,-0.000,-1.250) n=(-0.000,1.000,-0.000)
[DEBUG] [Cornering] steerInput=0.000 frontSteerAngle=-0.000 yawRateY=0.000 rollRateZ=0.000 leftLoad=5939.002 rightLoad=5939.002 leftMinusRight=0.000
[DEBUG] [W] i=0 w=FL si=0 lp=(0.760,-0.100,1.250) o=(0.760,0.334,1.250) wp=(0.747,0.320,1.250) mw=(-0.013,-0.014,0.000) pe2=(-0.013,0.357,0.000) grounded=1 contactSamples=1 contactDistance=0.320 sl=0.371 c=0.089 cv=-0.000 sf=3488.845 df=-0.011 af=3488.834 Fz=2954.915 Fx=0.000 Fy=-0.000 k=0.000 a=0.000 p=(0.747,-0.000,1.250) n=(-0.000,1.000,-0.000)
[DEBUG] [W] i=1 w=FR si=1 lp=(-0.760,-0.100,1.250) o=(-0.760,0.334,1.250) wp=(-0.747,0.320,1.250) mw=(0.013,-0.014,0.000) pe2=(0.013,0.357,0.000) grounded=1 contactSamples=1 contactDistance=0.320 sl=0.371 c=0.089 cv=-0.000 sf=3488.845 df=-0.011 af=3488.834 Fz=2954.915 Fx=0.000 Fy=-0.000 k=0.000 a=0.000 p=(-0.747,-0.000,1.250) n=(-0.000,1.000,-0.000)
[DEBUG] [W] i=2 w=RL si=2 lp=(0.760,-0.100,-1.250) o=(0.760,0.334,-1.250) wp=(0.747,0.320,-1.250) mw=(-0.013,-0.014,0.000) pe2=(-0.013,0.357,0.000) grounded=1 contactSamples=1 contactDistance=0.320 sl=0.371 c=0.089 cv=-0.000 sf=3488.845 df=-0.011 af=3488.834 Fz=2954.915 Fx=0.000 Fy=-0.000 k=0.000 a=0.000 p=(0.747,-0.000,-1.250) n=(-0.000,1.000,-0.000)
[DEBUG] [W] i=3 w=RR si=3 lp=(-0.760,-0.100,-1.250) o=(-0.760,0.334,-1.250) wp=(-0.747,0.320,-1.250) mw=(0.013,-0.014,0.000) pe2=(0.013,0.357,0.000) grounded=1 contactSamples=1 contactDistance=0.320 sl=0.371 c=0.089 cv=-0.000 sf=3488.845 df=-0.011 af=3488.834 Fz=2954.915 Fx=0.000 Fy=-0.000 k=0.000 a=0.000 p=(-0.747,-0.000,-1.250) n=(-0.000,1.000,-0.000)
[DEBUG] [Cornering] steerInput=0.000 frontSteerAngle=-0.000 yawRateY=0.000 rollRateZ=0.000 leftLoad=5909.830 rightLoad=5909.830 leftMinusRight=0.000
[DEBUG] [W] i=0 w=FL si=0 lp=(0.760,-0.100,1.250) o=(0.760,0.334,1.250) wp=(0.747,0.320,1.250) mw=(-0.013,-0.014,0.000) pe2=(-0.013,0.357,0.000) grounded=1 contactSamples=1 contactDistance=0.320 sl=0.371 c=0.089 cv=-0.000 sf=3469.760 df=-0.021 af=3469.739 Fz=2940.344 Fx=0.000 Fy=-0.000 k=0.000 a=0.000 p=(0.747,-0.000,1.250) n=(-0.000,1.000,-0.000)
[DEBUG] [W] i=1 w=FR si=1 lp=(-0.760,-0.100,1.250) o=(-0.760,0.334,1.250) wp=(-0.747,0.320,1.250) mw=(0.013,-0.014,0.000) pe2=(0.013,0.357,0.000) grounded=1 contactSamples=1 contactDistance=0.320 sl=0.371 c=0.089 cv=-0.000 sf=3469.760 df=-0.021 af=3469.739 Fz=2940.344 Fx=0.000 Fy=-0.000 k=0.000 a=0.000 p=(-0.747,-0.000,1.250) n=(-0.000,1.000,-0.000)
[DEBUG] [W] i=2 w=RL si=2 lp=(0.760,-0.100,-1.250) o=(0.760,0.334,-1.250) wp=(0.747,0.320,-1.250) mw=(-0.013,-0.014,0.000) pe2=(-0.013,0.357,0.000) grounded=1 contactSamples=1 contactDistance=0.320 sl=0.371 c=0.089 cv=-0.000 sf=3469.760 df=-0.021 af=3469.739 Fz=2940.344 Fx=0.000 Fy=-0.000 k=0.000 a=0.000 p=(0.747,-0.000,-1.250) n=(-0.000,1.000,-0.000)
[DEBUG] [W] i=3 w=RR si=3 lp=(-0.760,-0.100,-1.250) o=(-0.760,0.334,-1.250) wp=(-0.747,0.320,-1.250) mw=(0.013,-0.014,0.000) pe2=(0.013,0.357,0.000) grounded=1 contactSamples=1 contactDistance=0.320 sl=0.371 c=0.089 cv=-0.000 sf=3469.760 df=-0.021 af=3469.739 Fz=2940.344 Fx=0.000 Fy=-0.000 k=0.000 a=0.000 p=(-0.747,-0.000,-1.250) n=(-0.000,1.000,-0.000)
[DEBUG] [Cornering] steerInput=0.000 frontSteerAngle=-0.000 yawRateY=0.000 rollRateZ=0.000 leftLoad=5880.688 rightLoad=5880.688 leftMinusRight=0.000
[INFO] [EnergyDelta] step=120 t=1.000000 deltaFromBaseline=-11.684082 stepDelta=0.380371 integratedPowerA=169.039429 integratedPowerB=1.145804 integratedSpringPower=-180.666290 integratedDamperPower=10.537109 integratedPowerBalanceResidual=0.056046
[INFO] [State] t=1.000000 y=0.434403 z=0.000000 vy=0.003878 vz=0.000000 energy=5731.198730 compression=0.088968,0.088968,0.088968,0.088968
[DEBUG] [Energy] x=0.000 y=0.434 z=0.000 vx=0.000 vy=0.004 vz=0.000 total=5729.871 potential=5114.166 linear=0.009 angular=0.000 wheels=0.000 suspension=615.696 suspensionPower=44.135 suspensionResidual=-157.282
[DEBUG] [W] i=0 w=FL si=0 lp=(0.760,-0.100,1.250) o=(0.760,0.335,1.250) wp=(0.747,0.320,1.250) mw=(-0.013,-0.015,0.000) pe2=(-0.013,0.357,0.000) grounded=1 contactSamples=1 contactDistance=0.320 sl=0.371 c=0.089 cv=-0.000 sf=3460.212 df=-0.021 af=3460.191 Fz=2933.055 Fx=0.000 Fy=-0.000 k=0.000 a=0.000 p=(0.747,-0.000,1.250) n=(-0.000,1.000,-0.000)
[DEBUG] [W] i=1 w=FR si=1 lp=(-0.760,-0.100,1.250) o=(-0.760,0.335,1.250) wp=(-0.747,0.320,1.250) mw=(0.013,-0.015,0.000) pe2=(0.013,0.357,0.000) grounded=1 contactSamples=1 contactDistance=0.320 sl=0.371 c=0.089 cv=-0.000 sf=3460.212 df=-0.021 af=3460.191 Fz=2933.055 Fx=0.000 Fy=-0.000 k=0.000 a=0.000 p=(-0.747,-0.000,1.250) n=(-0.000,1.000,-0.000)
[DEBUG] [W] i=2 w=RL si=2 lp=(0.760,-0.100,-1.250) o=(0.760,0.335,-1.250) wp=(0.747,0.320,-1.250) mw=(-0.013,-0.015,0.000) pe2=(-0.013,0.357,0.000) grounded=1 contactSamples=1 contactDistance=0.320 sl=0.371 c=0.089 cv=-0.000 sf=3460.212 df=-0.021 af=3460.191 Fz=2933.055 Fx=0.000 Fy=-0.000 k=0.000 a=0.000 p=(0.747,-0.000,-1.250) n=(-0.000,1.000,-0.000)
[DEBUG] [W] i=3 w=RR si=3 lp=(-0.760,-0.100,-1.250) o=(-0.760,0.335,-1.250) wp=(-0.747,0.320,-1.250) mw=(0.013,-0.015,0.000) pe2=(0.013,0.357,0.000) grounded=1 contactSamples=1 contactDistance=0.320 sl=0.371 c=0.089 cv=-0.000 sf=3460.212 df=-0.021 af=3460.191 Fz=2933.055 Fx=0.000 Fy=-0.000 k=0.000 a=0.000 p=(-0.747,-0.000,-1.250) n=(-0.000,1.000,-0.000)
[DEBUG] [Cornering] steerInput=0.000 frontSteerAngle=-0.000 yawRateY=0.000 rollRateZ=0.000 leftLoad=5866.109 rightLoad=5866.109 leftMinusRight=0.000
[DEBUG] [W] i=0 w=FL si=0 lp=(0.760,-0.100,1.250) o=(0.760,0.335,1.250) wp=(0.747,0.320,1.250) mw=(-0.013,-0.015,0.000) pe2=(-0.013,0.357,0.000) grounded=1 contactSamples=1 contactDistance=0.320 sl=0.371 c=0.089 cv=0.000 sf=3464.979 df=0.000 af=3464.979 Fz=2936.713 Fx=0.000 Fy=-0.000 k=0.000 a=0.000 p=(0.747,-0.000,1.250) n=(-0.000,1.000,-0.000)
[DEBUG] [W] i=1 w=FR si=1 lp=(-0.760,-0.100,1.250) o=(-0.760,0.335,1.250) wp=(-0.747,0.320,1.250) mw=(0.013,-0.015,0.000) pe2=(0.013,0.357,0.000) grounded=1 contactSamples=1 contactDistance=0.320 sl=0.371 c=0.089 cv=0.000 sf=3464.979 df=0.000 af=3464.979 Fz=2936.713 Fx=0.000 Fy=-0.000 k=0.000 a=0.000 p=(-0.747,-0.000,1.250) n=(-0.000,1.000,-0.000)
[DEBUG] [W] i=2 w=RL si=2 lp=(0.760,-0.100,-1.250) o=(0.760,0.335,-1.250) wp=(0.747,0.320,-1.250) mw=(-0.013,-0.015,0.000) pe2=(-0.013,0.357,0.000) grounded=1 contactSamples=1 contactDistance=0.320 sl=0.371 c=0.089 cv=0.000 sf=3464.979 df=0.000 af=3464.979 Fz=2936.713 Fx=0.000 Fy=-0.000 k=0.000 a=0.000 p=(0.747,-0.000,-1.250) n=(-0.000,1.000,-0.000)
[DEBUG] [W] i=3 w=RR si=3 lp=(-0.760,-0.100,-1.250) o=(-0.760,0.335,-1.250) wp=(-0.747,0.320,-1.250) mw=(0.013,-0.015,0.000) pe2=(0.013,0.357,0.000) grounded=1 contactSamples=1 contactDistance=0.320 sl=0.371 c=0.089 cv=0.000 sf=3464.979 df=0.000 af=3464.979 Fz=2936.713 Fx=0.000 Fy=-0.000 k=0.000 a=0.000 p=(-0.747,-0.000,-1.250) n=(-0.000,1.000,-0.000)
[DEBUG] [Cornering] steerInput=0.000 frontSteerAngle=-0.000 yawRateY=0.000 rollRateZ=0.000 leftLoad=5873.425 rightLoad=5873.425 leftMinusRight=0.000
[DEBUG] [W] i=0 w=FL si=0 lp=(0.760,-0.100,1.250) o=(0.760,0.334,1.250) wp=(0.747,0.320,1.250) mw=(-0.013,-0.014,0.000) pe2=(-0.013,0.357,0.000) grounded=1 contactSamples=1 contactDistance=0.320 sl=0.371 c=0.089 cv=0.000 sf=3469.760 df=0.000 af=3469.760 Fz=2940.362 Fx=0.000 Fy=-0.000 k=0.000 a=0.000 p=(0.747,-0.000,1.250) n=(-0.000,1.000,-0.000)
[DEBUG] [W] i=1 w=FR si=1 lp=(-0.760,-0.100,1.250) o=(-0.760,0.334,1.250) wp=(-0.747,0.320,1.250) mw=(0.013,-0.014,0.000) pe2=(0.013,0.357,0.000) grounded=1 contactSamples=1 contactDistance=0.320 sl=0.371 c=0.089 cv=0.000 sf=3469.760 df=0.000 af=3469.760 Fz=2940.362 Fx=0.000 Fy=-0.000 k=0.000 a=0.000 p=(-0.747,-0.000,1.250) n=(-0.000,1.000,-0.000)
[DEBUG] [W] i=2 w=RL si=2 lp=(0.760,-0.100,-1.250) o=(0.760,0.334,-1.250) wp=(0.747,0.320,-1.250) mw=(-0.013,-0.014,0.000) pe2=(-0.013,0.357,0.000) grounded=1 contactSamples=1 contactDistance=0.320 sl=0.371 c=0.089 cv=0.000 sf=3469.760 df=0.000 af=3469.760 Fz=2940.362 Fx=0.000 Fy=-0.000 k=0.000 a=0.000 p=(0.747,-0.000,-1.250) n=(-0.000,1.000,-0.000)
[DEBUG] [W] i=3 w=RR si=3 lp=(-0.760,-0.100,-1.250) o=(-0.760,0.334,-1.250) wp=(-0.747,0.320,-1.250) mw=(0.013,-0.014,0.000) pe2=(0.013,0.357,0.000) grounded=1 contactSamples=1 contactDistance=0.320 sl=0.371 c=0.089 cv=0.000 sf=3469.760 df=0.000 af=3469.760 Fz=2940.362 Fx=0.000 Fy=-0.000 k=0.000 a=0.000 p=(-0.747,-0.000,-1.250) n=(-0.000,1.000,-0.000)
[DEBUG] [Cornering] steerInput=0.000 frontSteerAngle=-0.000 yawRateY=0.000 rollRateZ=0.000 leftLoad=5880.725 rightLoad=5880.725 leftMinusRight=0.000
[DEBUG] [W] i=0 w=FL si=0 lp=(0.760,-0.100,1.250) o=(0.760,0.334,1.250) wp=(0.747,0.320,1.250) mw=(-0.013,-0.014,0.000) pe2=(-0.013,0.357,0.000) grounded=1 contactSamples=1 contactDistance=0.320 sl=0.371 c=0.089 cv=-0.000 sf=3474.513 df=-0.011 af=3474.502 Fz=2943.981 Fx=0.000 Fy=-0.000 k=0.000 a=0.000 p=(0.747,-0.000,1.250) n=(-0.000,1.000,-0.000)
[DEBUG] [W] i=1 w=FR si=1 lp=(-0.760,-0.100,1.250) o=(-0.760,0.334,1.250) wp=(-0.747,0.320,1.250) mw=(0.013,-0.014,0.000) pe2=(0.013,0.357,0.000) grounded=1 contactSamples=1 contactDistance=0.320 sl=0.371 c=0.089 cv=-0.000 sf=3474.513 df=-0.011 af=3474.502 Fz=2943.981 Fx=0.000 Fy=-0.000 k=0.000 a=0.000 p=(-0.747,-0.000,1.250) n=(-0.000,1.000,-0.000)
[DEBUG] [W] i=2 w=RL si=2 lp=(0.760,-0.100,-1.250) o=(0.760,0.334,-1.250) wp=(0.747,0.320,-1.250) mw=(-0.013,-0.014,0.000) pe2=(-0.013,0.357,0.000) grounded=1 contactSamples=1 contactDistance=0.320 sl=0.371 c=0.089 cv=-0.000 sf=3474.513 df=-0.011 af=3474.502 Fz=2943.981 Fx=0.000 Fy=-0.000 k=0.000 a=0.000 p=(0.747,-0.000,-1.250) n=(-0.000,1.000,-0.000)
[DEBUG] [W] i=3 w=RR si=3 lp=(-0.760,-0.100,-1.250) o=(-0.760,0.334,-1.250) wp=(-0.747,0.320,-1.250) mw=(0.013,-0.014,0.000) pe2=(0.013,0.357,0.000) grounded=1 contactSamples=1 contactDistance=0.320 sl=0.371 c=0.089 cv=-0.000 sf=3474.513 df=-0.011 af=3474.502 Fz=2943.981 Fx=0.000 Fy=-0.000 k=0.000 a=0.000 p=(-0.747,-0.000,-1.250) n=(-0.000,1.000,-0.000)
[DEBUG] [Cornering] steerInput=0.000 frontSteerAngle=-0.000 yawRateY=0.000 rollRateZ=0.000 leftLoad=5887.962 rightLoad=5887.962 leftMinusRight=0.000
[DEBUG] [W] i=0 w=FL si=0 lp=(0.760,-0.100,1.250) o=(0.760,0.334,1.250) wp=(0.747,0.320,1.250) mw=(-0.013,-0.014,0.000) pe2=(-0.013,0.357,0.000) grounded=1 contactSamples=1 contactDistance=0.320 sl=0.371 c=0.089 cv=-0.015 sf=3474.514 df=-44.171 af=3430.344 Fz=2906.565 Fx=0.000 Fy=-0.000 k=0.000 a=0.000 p=(0.747,-0.000,1.250) n=(-0.000,1.000,-0.000)
[DEBUG] [W] i=1 w=FR si=1 lp=(-0.760,-0.100,1.250) o=(-0.760,0.334,1.250) wp=(-0.747,0.320,1.250) mw=(0.013,-0.014,0.000) pe2=(0.013,0.357,0.000) grounded=1 contactSamples=1 contactDistance=0.320 sl=0.371 c=0.089 cv=-0.015 sf=3474.514 df=-44.171 af=3430.344 Fz=2906.565 Fx=0.000 Fy=-0.000 k=0.000 a=0.000 p=(-0.747,-0.000,1.250) n=(-0.000,1.000,-0.000)
[DEBUG] [W] i=2 w=RL si=2 lp=(0.760,-0.100,-1.250) o=(0.760,0.334,-1.250) wp=(0.747,0.320,-1.250) mw=(-0.013,-0.014,0.000) pe2=(-0.013,0.357,0.000) grounded=1 contactSamples=1 contactDistance=0.320 sl=0.371 c=0.089 cv=-0.015 sf=3474.514 df=-44.171 af=3430.344 Fz=2906.565 Fx=0.000 Fy=-0.000 k=0.000 a=0.000 p=(0.747,-0.000,-1.250) n=(-0.000,1.000,-0.000)
[DEBUG] [W] i=3 w=RR si=3 lp=(-0.760,-0.100,-1.250) o=(-0.760,0.334,-1.250) wp=(-0.747,0.320,-1.250) mw=(0.013,-0.014,0.000) pe2=(0.013,0.357,0.000) grounded=1 contactSamples=1 contactDistance=0.320 sl=0.371 c=0.089 cv=-0.015 sf=3474.514 df=-44.171 af=3430.344 Fz=2906.565 Fx=0.000 Fy=-0.000 k=0.000 a=0.000 p=(-0.747,-0.000,-1.250) n=(-0.000,1.000,-0.000)
[DEBUG] [Cornering] steerInput=0.000 frontSteerAngle=-0.000 yawRateY=0.000 rollRateZ=0.000 leftLoad=5813.129 rightLoad=5813.129 leftMinusRight=0.000
[INFO] [EnergyDelta] step=180 t=1.500000 deltaFromBaseline=-11.560059 stepDelta=1.651367 integratedPowerA=165.757996 integratedPowerB=0.822978 integratedSpringPower=-177.255707 integratedDamperPower=10.731651 integratedPowerBalanceResidual=0.056923
[INFO] [State] t=1.500000 y=0.434126 z=0.000000 vy=-0.000565 vz=0.000000 energy=5731.322754 compression=0.089213,0.089213,0.089213,0.089213
[DEBUG] [Energy] x=0.000 y=0.434 z=0.000 vx=0.000 vy=-0.001 vz=0.000 total=5731.307 potential=5110.511 linear=0.000 angular=0.000 wheels=0.000 suspension=620.796 suspensionPower=-6.937 suspensionResidual=200.141
[DEBUG] [W] i=0 w=FL si=0 lp=(0.760,-0.100,1.250) o=(0.760,0.334,1.250) wp=(0.747,0.320,1.250) mw=(-0.013,-0.014,0.000) pe2=(-0.013,0.357,0.000) grounded=1 contactSamples=1 contactDistance=0.320 sl=0.371 c=0.089 cv=0.015 sf=3479.301 df=36.818 af=3516.118 Fz=2978.835 Fx=0.000 Fy=-0.000 k=0.000 a=0.000 p=(0.747,-0.000,1.250) n=(-0.000,1.000,-0.000)
[DEBUG] [W] i=1 w=FR si=1 lp=(-0.760,-0.100,1.250) o=(-0.760,0.334,1.250) wp=(-0.747,0.320,1.250) mw=(0.013,-0.014,0.000) pe2=(0.013,0.357,0.000) grounded=1 contactSamples=1 contactDistance=0.320 sl=0.371 c=0.089 cv=0.015 sf=3479.301 df=36.818 af=3516.118 Fz=2978.835 Fx=0.000 Fy=-0.000 k=0.000 a=0.000 p=(-0.747,-0.000,1.250) n=(-0.000,1.000,-0.000)
[DEBUG] [W] i=2 w=RL si=2 lp=(0.760,-0.100,-1.250) o=(0.760,0.334,-1.250) wp=(0.747,0.320,-1.250) mw=(-0.013,-0.014,0.000) pe2=(-0.013,0.357,0.000) grounded=1 contactSamples=1 contactDistance=0.320 sl=0.371 c=0.089 cv=0.015 sf=3479.301 df=36.818 af=3516.118 Fz=2978.835 Fx=0.000 Fy=-0.000 k=0.000 a=0.000 p=(0.747,-0.000,-1.250) n=(-0.000,1.000,-0.000)
[DEBUG] [W] i=3 w=RR si=3 lp=(-0.760,-0.100,-1.250) o=(-0.760,0.334,-1.250) wp=(-0.747,0.320,-1.250) mw=(0.013,-0.014,0.000) pe2=(0.013,0.357,0.000) grounded=1 contactSamples=1 contactDistance=0.320 sl=0.371 c=0.089 cv=0.015 sf=3479.301 df=36.818 af=3516.118 Fz=2978.835 Fx=0.000 Fy=-0.000 k=0.000 a=0.000 p=(-0.747,-0.000,-1.250) n=(-0.000,1.000,-0.000)
[DEBUG] [Cornering] steerInput=0.000 frontSteerAngle=-0.000 yawRateY=0.000 rollRateZ=0.000 leftLoad=5957.669 rightLoad=5957.669 leftMinusRight=0.000
[DEBUG] [W] i=0 w=FL si=0 lp=(0.760,-0.100,1.250) o=(0.760,0.334,1.250) wp=(0.747,0.320,1.250) mw=(-0.013,-0.014,0.000) pe2=(-0.013,0.357,0.000) grounded=1 contactSamples=1 contactDistance=0.320 sl=0.371 c=0.089 cv=-0.015 sf=3474.513 df=-44.192 af=3430.321 Fz=2906.546 Fx=0.000 Fy=-0.000 k=0.000 a=0.000 p=(0.747,-0.000,1.250) n=(-0.000,1.000,-0.000)
[DEBUG] [W] i=1 w=FR si=1 lp=(-0.760,-0.100,1.250) o=(-0.760,0.334,1.250) wp=(-0.747,0.320,1.250) mw=(0.013,-0.014,0.000) pe2=(0.013,0.357,0.000) grounded=1 contactSamples=1 contactDistance=0.320 sl=0.371 c=0.089 cv=-0.015 sf=3474.513 df=-44.192 af=3430.321 Fz=2906.546 Fx=0.000 Fy=-0.000 k=0.000 a=0.000 p=(-0.747,-0.000,1.250) n=(-0.000,1.000,-0.000)
[DEBUG] [W] i=2 w=RL si=2 lp=(0.760,-0.100,-1.250) o=(0.760,0.334,-1.250) wp=(0.747,0.320,-1.250) mw=(-0.013,-0.014,0.000) pe2=(-0.013,0.357,0.000) grounded=1 contactSamples=1 contactDistance=0.320 sl=0.371 c=0.089 cv=-0.015 sf=3474.513 df=-44.192 af=3430.321 Fz=2906.546 Fx=0.000 Fy=-0.000 k=0.000 a=0.000 p=(0.747,-0.000,-1.250) n=(-0.000,1.000,-0.000)
[DEBUG] [W] i=3 w=RR si=3 lp=(-0.760,-0.100,-1.250) o=(-0.760,0.334,-1.250) wp=(-0.747,0.320,-1.250) mw=(0.013,-0.014,0.000) pe2=(0.013,0.357,0.000) grounded=1 contactSamples=1 contactDistance=0.320 sl=0.371 c=0.089 cv=-0.015 sf=3474.513 df=-44.192 af=3430.321 Fz=2906.546 Fx=0.000 Fy=-0.000 k=0.000 a=0.000 p=(-0.747,-0.000,-1.250) n=(-0.000,1.000,-0.000)
[DEBUG] [Cornering] steerInput=0.000 frontSteerAngle=-0.000 yawRateY=0.000 rollRateZ=0.000 leftLoad=5813.091 rightLoad=5813.091 leftMinusRight=0.000
[DEBUG] [W] i=0 w=FL si=0 lp=(0.760,-0.100,1.250) o=(0.760,0.334,1.250) wp=(0.747,0.320,1.250) mw=(-0.013,-0.014,0.000) pe2=(-0.013,0.357,0.000) grounded=1 contactSamples=1 contactDistance=0.320 sl=0.371 c=0.089 cv=-0.000 sf=3479.299 df=-0.011 af=3479.289 Fz=2947.633 Fx=0.000 Fy=-0.000 k=0.000 a=0.000 p=(0.747,-0.000,1.250) n=(-0.000,1.000,-0.000)
[DEBUG] [W] i=1 w=FR si=1 lp=(-0.760,-0.100,1.250) o=(-0.760,0.334,1.250) wp=(-0.747,0.320,1.250) mw=(0.013,-0.014,0.000) pe2=(0.013,0.357,0.000) grounded=1 contactSamples=1 contactDistance=0.320 sl=0.371 c=0.089 cv=-0.000 sf=3479.299 df=-0.011 af=3479.289 Fz=2947.633 Fx=0.000 Fy=-0.000 k=0.000 a=0.000 p=(-0.747,-0.000,1.250) n=(-0.000,1.000,-0.000)
[DEBUG] [W] i=2 w=RL si=2 lp=(0.760,-0.100,-1.250) o=(0.760,0.334,-1.250) wp=(0.747,0.320,-1.250) mw=(-0.013,-0.014,0.000) pe2=(-0.013,0.357,0.000) grounded=1 contactSamples=1 contactDistance=0.320 sl=0.371 c=0.089 cv=-0.000 sf=3479.299 df=-0.011 af=3479.289 Fz=2947.633 Fx=0.000 Fy=-0.000 k=0.000 a=0.000 p=(0.747,-0.000,-1.250) n=(-0.000,1.000,-0.000)
[DEBUG] [W] i=3 w=RR si=3 lp=(-0.760,-0.100,-1.250) o=(-0.760,0.334,-1.250) wp=(-0.747,0.320,-1.250) mw=(0.013,-0.014,0.000) pe2=(0.013,0.357,0.000) grounded=1 contactSamples=1 contactDistance=0.320 sl=0.371 c=0.089 cv=-0.000 sf=3479.299 df=-0.011 af=3479.289 Fz=2947.633 Fx=0.000 Fy=-0.000 k=0.000 a=0.000 p=(-0.747,-0.000,-1.250) n=(-0.000,1.000,-0.000)
[DEBUG] [Cornering] steerInput=0.000 frontSteerAngle=-0.000 yawRateY=0.000 rollRateZ=0.000 leftLoad=5895.265 rightLoad=5895.265 leftMinusRight=0.000
[DEBUG] [W] i=0 w=FL si=0 lp=(0.760,-0.100,1.250) o=(0.760,0.334,1.250) wp=(0.747,0.320,1.250) mw=(-0.013,-0.014,0.000) pe2=(-0.013,0.357,0.000) grounded=1 contactSamples=1 contactDistance=0.320 sl=0.371 c=0.089 cv=-0.015 sf=3474.513 df=-44.181 af=3430.332 Fz=2906.555 Fx=0.000 Fy=-0.000 k=0.000 a=0.000 p=(0.747,-0.000,1.250) n=(-0.000,1.000,-0.000)
[DEBUG] [W] i=1 w=FR si=1 lp=(-0.760,-0.100,1.250) o=(-0.760,0.334,1.250) wp=(-0.747,0.320,1.250) mw=(0.013,-0.014,0.000) pe2=(0.013,0.357,0.000) grounded=1 contactSamples=1 contactDistance=0.320 sl=0.371 c=0.089 cv=-0.015 sf=3474.513 df=-44.181 af=3430.332 Fz=2906.555 Fx=0.000 Fy=-0.000 k=0.000 a=0.000 p=(-0.747,-0.000,1.250) n=(-0.000,1.000,-0.000)
[DEBUG] [W] i=2 w=RL si=2 lp=(0.760,-0.100,-1.250) o=(0.760,0.334,-1.250) wp=(0.747,0.320,-1.250) mw=(-0.013,-0.014,0.000) pe2=(-0.013,0.357,0.000) grounded=1 contactSamples=1 contactDistance=0.320 sl=0.371 c=0.089 cv=-0.015 sf=3474.513 df=-44.181 af=3430.332 Fz=2906.555 Fx=0.000 Fy=-0.000 k=0.000 a=0.000 p=(0.747,-0.000,-1.250) n=(-0.000,1.000,-0.000)
[DEBUG] [W] i=3 w=RR si=3 lp=(-0.760,-0.100,-1.250) o=(-0.760,0.334,-1.250) wp=(-0.747,0.320,-1.250) mw=(0.013,-0.014,0.000) pe2=(0.013,0.357,0.000) grounded=1 contactSamples=1 contactDistance=0.320 sl=0.371 c=0.089 cv=-0.015 sf=3474.513 df=-44.181 af=3430.332 Fz=2906.555 Fx=0.000 Fy=-0.000 k=0.000 a=0.000 p=(-0.747,-0.000,-1.250) n=(-0.000,1.000,-0.000)
[DEBUG] [Cornering] steerInput=0.000 frontSteerAngle=-0.000 yawRateY=0.000 rollRateZ=0.000 leftLoad=5813.110 rightLoad=5813.110 leftMinusRight=0.000
[DEBUG] [W] i=0 w=FL si=0 lp=(0.760,-0.100,1.250) o=(0.760,0.334,1.250) wp=(0.747,0.320,1.250) mw=(-0.013,-0.014,0.000) pe2=(-0.013,0.357,0.000) grounded=1 contactSamples=1 contactDistance=0.320 sl=0.371 c=0.089 cv=0.000 sf=3474.513 df=0.000 af=3474.513 Fz=2943.990 Fx=0.000 Fy=-0.000 k=0.000 a=0.000 p=(0.747,-0.000,1.250) n=(-0.000,1.000,-0.000)
[DEBUG] [W] i=1 w=FR si=1 lp=(-0.760,-0.100,1.250) o=(-0.760,0.334,1.250) wp=(-0.747,0.320,1.250) mw=(0.013,-0.014,0.000) pe2=(0.013,0.357,0.000) grounded=1 contactSamples=1 contactDistance=0.320 sl=0.371 c=0.089 cv=0.000 sf=3474.513 df=0.000 af=3474.513 Fz=2943.990 Fx=0.000 Fy=-0.000 k=0.000 a=0.000 p=(-0.747,-0.000,1.250) n=(-0.000,1.000,-0.000)
[DEBUG] [W] i=2 w=RL si=2 lp=(0.760,-0.100,-1.250) o=(0.760,0.334,-1.250) wp=(0.747,0.320,-1.250) mw=(-0.013,-0.014,0.000) pe2=(-0.013,0.357,0.000) grounded=1 contactSamples=1 contactDistance=0.320 sl=0.371 c=0.089 cv=0.000 sf=3474.513 df=0.000 af=3474.513 Fz=2943.990 Fx=0.000 Fy=-0.000 k=0.000 a=0.000 p=(0.747,-0.000,-1.250) n=(-0.000,1.000,-0.000)
[DEBUG] [W] i=3 w=RR si=3 lp=(-0.760,-0.100,-1.250) o=(-0.760,0.334,-1.250) wp=(-0.747,0.320,-1.250) mw=(0.013,-0.014,0.000) pe2=(0.013,0.357,0.000) grounded=1 contactSamples=1 contactDistance=0.320 sl=0.371 c=0.089 cv=0.000 sf=3474.513 df=0.000 af=3474.513 Fz=2943.990 Fx=0.000 Fy=-0.000 k=0.000 a=0.000 p=(-0.747,-0.000,-1.250) n=(-0.000,1.000,-0.000)
[DEBUG] [Cornering] steerInput=0.000 frontSteerAngle=-0.000 yawRateY=0.000 rollRateZ=0.000 leftLoad=5887.980 rightLoad=5887.980 leftMinusRight=0.000
[INFO] [EnergyDelta] step=240 t=2.000000 deltaFromBaseline=-11.560059 stepDelta=1.662598 integratedPowerA=165.725342 integratedPowerB=-0.274735 integratedSpringPower=-177.191925 integratedDamperPower=11.805229 integratedPowerBalanceResidual=0.063911
[INFO] [State] t=2.000000 y=0.434126 z=0.000000 vy=-0.000453 vz=0.000000 energy=5731.322754 compression=0.089213,0.089213,0.089213,0.089213
[DEBUG] [Energy] x=0.000 y=0.434 z=0.000 vx=0.000 vy=0.001 vz=0.000 total=5729.675 potential=5110.585 linear=0.000 angular=0.000 wheels=0.000 suspension=619.090 suspensionPower=6.113 suspensionResidual=-195.914
[DEBUG] [W] i=0 w=FL si=0 lp=(0.760,-0.100,1.250) o=(0.760,0.334,1.250) wp=(0.747,0.320,1.250) mw=(-0.013,-0.014,0.000) pe2=(-0.013,0.357,0.000) grounded=1 contactSamples=1 contactDistance=0.320 sl=0.371 c=0.089 cv=-0.015 sf=3474.514 df=-44.181 af=3430.333 Fz=2906.556 Fx=0.000 Fy=-0.000 k=0.000 a=0.000 p=(0.747,-0.000,1.250) n=(-0.000,1.000,-0.000)
[DEBUG] [W] i=1 w=FR si=1 lp=(-0.760,-0.100,1.250) o=(-0.760,0.334,1.250) wp=(-0.747,0.320,1.250) mw=(0.013,-0.014,0.000) pe2=(0.013,0.357,0.000) grounded=1 contactSamples=1 contactDistance=0.320 sl=0.371 c=0.089 cv=-0.015 sf=3474.514 df=-44.181 af=3430.333 Fz=2906.556 Fx=0.000 Fy=-0.000 k=0.000 a=0.000 p=(-0.747,-0.000,1.250) n=(-0.000,1.000,-0.000)
[DEBUG] [W] i=2 w=RL si=2 lp=(0.760,-0.100,-1.250) o=(0.760,0.334,-1.250) wp=(0.747,0.320,-1.250) mw=(-0.013,-0.014,0.000) pe2=(-0.013,0.357,0.000) grounded=1 contactSamples=1 contactDistance=0.320 sl=0.371 c=0.089 cv=-0.015 sf=3474.514 df=-44.181 af=3430.333 Fz=2906.556 Fx=0.000 Fy=-0.000 k=0.000 a=0.000 p=(0.747,-0.000,-1.250) n=(-0.000,1.000,-0.000)
[DEBUG] [W] i=3 w=RR si=3 lp=(-0.760,-0.100,-1.250) o=(-0.760,0.334,-1.250) wp=(-0.747,0.320,-1.250) mw=(0.013,-0.014,0.000) pe2=(0.013,0.357,0.000) grounded=1 contactSamples=1 contactDistance=0.320 sl=0.371 c=0.089 cv=-0.015 sf=3474.514 df=-44.181 af=3430.333 Fz=2906.556 Fx=0.000 Fy=-0.000 k=0.000 a=0.000 p=(-0.747,-0.000,-1.250) n=(-0.000,1.000,-0.000)
[DEBUG] [Cornering] steerInput=0.000 frontSteerAngle=-0.000 yawRateY=0.000 rollRateZ=0.000 leftLoad=5813.111 rightLoad=5813.111 leftMinusRight=0.000
[DEBUG] [W] i=0 w=FL si=0 lp=(0.760,-0.100,1.250) o=(0.760,0.334,1.250) wp=(0.747,0.320,1.250) mw=(-0.013,-0.014,0.000) pe2=(-0.013,0.357,0.000) grounded=1 contactSamples=1 contactDistance=0.320 sl=0.371 c=0.089 cv=0.015 sf=3479.301 df=36.818 af=3516.118 Fz=2978.835 Fx=0.000 Fy=-0.000 k=0.000 a=0.000 p=(0.747,-0.000,1.250) n=(-0.000,1.000,-0.000)
[DEBUG] [W] i=1 w=FR si=1 lp=(-0.760,-0.100,1.250) o=(-0.760,0.334,1.250) wp=(-0.747,0.320,1.250) mw=(0.013,-0.014,0.000) pe2=(0.013,0.357,0.000) grounded=1 contactSamples=1 contactDistance=0.320 sl=0.371 c=0.089 cv=0.015 sf=3479.301 df=36.818 af=3516.118 Fz=2978.835 Fx=0.000 Fy=-0.000 k=0.000 a=0.000 p=(-0.747,-0.000,1.250) n=(-0.000,1.000,-0.000)
[DEBUG] [W] i=2 w=RL si=2 lp=(0.760,-0.100,-1.250) o=(0.760,0.334,-1.250) wp=(0.747,0.320,-1.250) mw=(-0.013,-0.014,0.000) pe2=(-0.013,0.357,0.000) grounded=1 contactSamples=1 contactDistance=0.320 sl=0.371 c=0.089 cv=0.015 sf=3479.301 df=36.818 af=3516.118 Fz=2978.835 Fx=0.000 Fy=-0.000 k=0.000 a=0.000 p=(0.747,-0.000,-1.250) n=(-0.000,1.000,-0.000)
[DEBUG] [W] i=3 w=RR si=3 lp=(-0.760,-0.100,-1.250) o=(-0.760,0.334,-1.250) wp=(-0.747,0.320,-1.250) mw=(0.013,-0.014,0.000) pe2=(0.013,0.357,0.000) grounded=1 contactSamples=1 contactDistance=0.320 sl=0.371 c=0.089 cv=0.015 sf=3479.301 df=36.818 af=3516.118 Fz=2978.835 Fx=0.000 Fy=-0.000 k=0.000 a=0.000 p=(-0.747,-0.000,-1.250) n=(-0.000,1.000,-0.000)
[DEBUG] [Cornering] steerInput=0.000 frontSteerAngle=-0.000 yawRateY=0.000 rollRateZ=0.000 leftLoad=5957.669 rightLoad=5957.669 leftMinusRight=0.000
[DEBUG] [W] i=0 w=FL si=0 lp=(0.760,-0.100,1.250) o=(0.760,0.334,1.250) wp=(0.747,0.320,1.250) mw=(-0.013,-0.014,0.000) pe2=(-0.013,0.357,0.000) grounded=1 contactSamples=1 contactDistance=0.320 sl=0.371 c=0.089 cv=0.015 sf=3479.301 df=36.827 af=3516.127 Fz=2978.842 Fx=0.000 Fy=-0.000 k=0.000 a=0.000 p=(0.747,-0.000,1.250) n=(-0.000,1.000,-0.000)
[DEBUG] [W] i=1 w=FR si=1 lp=(-0.760,-0.100,1.250) o=(-0.760,0.334,1.250) wp=(-0.747,0.320,1.250) mw=(0.013,-0.014,0.000) pe2=(0.013,0.357,0.000) grounded=1 contactSamples=1 contactDistance=0.320 sl=0.371 c=0.089 cv=0.015 sf=3479.301 df=36.827 af=3516.127 Fz=2978.842 Fx=0.000 Fy=-0.000 k=0.000 a=0.000 p=(-0.747,-0.000,1.250) n=(-0.000,1.000,-0.000)
[DEBUG] [W] i=2 w=RL si=2 lp=(0.760,-0.100,-1.250) o=(0.760,0.334,-1.250) wp=(0.747,0.320,-1.250) mw=(-0.013,-0.014,0.000) pe2=(-0.013,0.357,0.000) grounded=1 contactSamples=1 contactDistance=0.320 sl=0.371 c=0.089 cv=0.015 sf=3479.301 df=36.827 af=3516.127 Fz=2978.842 Fx=0.000 Fy=-0.000 k=0.000 a=0.000 p=(0.747,-0.000,-1.250) n=(-0.000,1.000,-0.000)
[DEBUG] [W] i=3 w=RR si=3 lp=(-0.760,-0.100,-1.250) o=(-0.760,0.334,-1.250) wp=(-0.747,0.320,-1.250) mw=(0.013,-0.014,0.000) pe2=(0.013,0.357,0.000) grounded=1 contactSamples=1 contactDistance=0.320 sl=0.371 c=0.089 cv=0.015 sf=3479.301 df=36.827 af=3516.127 Fz=2978.842 Fx=0.000 Fy=-0.000 k=0.000 a=0.000 p=(-0.747,-0.000,-1.250) n=(-0.000,1.000,-0.000)
[DEBUG] [Cornering] steerInput=0.000 frontSteerAngle=-0.000 yawRateY=0.000 rollRateZ=0.000 leftLoad=5957.684 rightLoad=5957.684 leftMinusRight=0.000
[DEBUG] [W] i=0 w=FL si=0 lp=(0.760,-0.100,1.250) o=(0.760,0.334,1.250) wp=(0.747,0.320,1.250) mw=(-0.013,-0.014,0.000) pe2=(-0.013,0.357,0.000) grounded=1 contactSamples=1 contactDistance=0.320 sl=0.371 c=0.089 cv=0.015 sf=3479.299 df=36.809 af=3516.108 Fz=2978.826 Fx=0.000 Fy=-0.000 k=0.000 a=0.000 p=(0.747,-0.000,1.250) n=(-0.000,1.000,-0.000)
[DEBUG] [W] i=1 w=FR si=1 lp=(-0.760,-0.100,1.250) o=(-0.760,0.334,1.250) wp=(-0.747,0.320,1.250) mw=(0.013,-0.014,0.000) pe2=(0.013,0.357,0.000) grounded=1 contactSamples=1 contactDistance=0.320 sl=0.371 c=0.089 cv=0.015 sf=3479.299 df=36.809 af=3516.108 Fz=2978.826 Fx=0.000 Fy=-0.000 k=0.000 a=0.000 p=(-0.747,-0.000,1.250) n=(-0.000,1.000,-0.000)
[DEBUG] [W] i=2 w=RL si=2 lp=(0.760,-0.100,-1.250) o=(0.760,0.334,-1.250) wp=(0.747,0.320,-1.250) mw=(-0.013,-0.014,0.000) pe2=(-0.013,0.357,0.000) grounded=1 contactSamples=1 contactDistance=0.320 sl=0.371 c=0.089 cv=0.015 sf=3479.299 df=36.809 af=3516.108 Fz=2978.826 Fx=0.000 Fy=-0.000 k=0.000 a=0.000 p=(0.747,-0.000,-1.250) n=(-0.000,1.000,-0.000)
[DEBUG] [W] i=3 w=RR si=3 lp=(-0.760,-0.100,-1.250) o=(-0.760,0.334,-1.250) wp=(-0.747,0.320,-1.250) mw=(0.013,-0.014,0.000) pe2=(0.013,0.357,0.000) grounded=1 contactSamples=1 contactDistance=0.320 sl=0.371 c=0.089 cv=0.015 sf=3479.299 df=36.809 af=3516.108 Fz=2978.826 Fx=0.000 Fy=-0.000 k=0.000 a=0.000 p=(-0.747,-0.000,-1.250) n=(-0.000,1.000,-0.000)
[DEBUG] [Cornering] steerInput=0.000 frontSteerAngle=-0.000 yawRateY=0.000 rollRateZ=0.000 leftLoad=5957.652 rightLoad=5957.652 leftMinusRight=0.000
[DEBUG] [W] i=0 w=FL si=0 lp=(0.760,-0.100,1.250) o=(0.760,0.334,1.250) wp=(0.747,0.320,1.250) mw=(-0.013,-0.014,0.000) pe2=(-0.013,0.357,0.000) grounded=1 contactSamples=1 contactDistance=0.320 sl=0.371 c=0.089 cv=-0.015 sf=3474.514 df=-44.181 af=3430.333 Fz=2906.556 Fx=0.000 Fy=-0.000 k=0.000 a=0.000 p=(0.747,-0.000,1.250) n=(-0.000,1.000,-0.000)
[DEBUG] [W] i=1 w=FR si=1 lp=(-0.760,-0.100,1.250) o=(-0.760,0.334,1.250) wp=(-0.747,0.320,1.250) mw=(0.013,-0.014,0.000) pe2=(0.013,0.357,0.000) grounded=1 contactSamples=1 contactDistance=0.320 sl=0.371 c=0.089 cv=-0.015 sf=3474.514 df=-44.181 af=3430.333 Fz=2906.556 Fx=0.000 Fy=-0.000 k=0.000 a=0.000 p=(-0.747,-0.000,1.250) n=(-0.000,1.000,-0.000)
[DEBUG] [W] i=2 w=RL si=2 lp=(0.760,-0.100,-1.250) o=(0.760,0.334,-1.250) wp=(0.747,0.320,-1.250) mw=(-0.013,-0.014,0.000) pe2=(-0.013,0.357,0.000) grounded=1 contactSamples=1 contactDistance=0.320 sl=0.371 c=0.089 cv=-0.015 sf=3474.514 df=-44.181 af=3430.333 Fz=2906.556 Fx=0.000 Fy=-0.000 k=0.000 a=0.000 p=(0.747,-0.000,-1.250) n=(-0.000,1.000,-0.000)
[DEBUG] [W] i=3 w=RR si=3 lp=(-0.760,-0.100,-1.250) o=(-0.760,0.334,-1.250) wp=(-0.747,0.320,-1.250) mw=(0.013,-0.014,0.000) pe2=(0.013,0.357,0.000) grounded=1 contactSamples=1 contactDistance=0.320 sl=0.371 c=0.089 cv=-0.015 sf=3474.514 df=-44.181 af=3430.333 Fz=2906.556 Fx=0.000 Fy=-0.000 k=0.000 a=0.000 p=(-0.747,-0.000,-1.250) n=(-0.000,1.000,-0.000)
[DEBUG] [Cornering] steerInput=0.000 frontSteerAngle=-0.000 yawRateY=0.000 rollRateZ=0.000 leftLoad=5813.111 rightLoad=5813.111 leftMinusRight=0.000
[INFO] [EnergyDelta] step=300 t=2.500000 deltaFromBaseline=-13.218262 stepDelta=-0.043457 integratedPowerA=165.742432 integratedPowerB=0.304220 integratedSpringPower=-178.836517 integratedDamperPower=12.860729 integratedPowerBalanceResidual=0.070858
[INFO] [State] t=2.500000 y=0.434130 z=0.000000 vy=-0.000441 vz=0.000000 energy=5729.664551 compression=0.089090,0.089090,0.089090,0.089090
[DEBUG] [Energy] x=0.000 y=0.434 z=0.000 vx=0.000 vy=0.001 vz=0.000 total=5729.695 potential=5110.605 linear=0.000 angular=0.000 wheels=0.000 suspension=619.090 suspensionPower=6.570 suspensionResidual=-195.506
[DEBUG] [W] i=0 w=FL si=0 lp=(0.760,-0.100,1.250) o=(0.760,0.334,1.250) wp=(0.747,0.320,1.250) mw=(-0.013,-0.014,0.000) pe2=(-0.013,0.357,0.000) grounded=1 contactSamples=1 contactDistance=0.320 sl=0.371 c=0.089 cv=-0.015 sf=3474.514 df=-44.171 af=3430.344 Fz=2906.565 Fx=0.000 Fy=-0.000 k=0.000 a=0.000 p=(0.747,-0.000,1.250) n=(-0.000,1.000,-0.000)
[DEBUG] [W] i=1 w=FR si=1 lp=(-0.760,-0.100,1.250) o=(-0.760,0.334,1.250) wp=(-0.747,0.320,1.250) mw=(0.013,-0.014,0.000) pe2=(0.013,0.357,0.000) grounded=1 contactSamples=1 contactDistance=0.320 sl=0.371 c=0.089 cv=-0.015 sf=3474.514 df=-44.171 af=3430.344 Fz=2906.565 Fx=0.000 Fy=-0.000 k=0.000 a=0.000 p=(-0.747,-0.000,1.250) n=(-0.000,1.000,-0.000)
[DEBUG] [W] i=2 w=RL si=2 lp=(0.760,-0.100,-1.250) o=(0.760,0.334,-1.250) wp=(0.747,0.320,-1.250) mw=(-0.013,-0.014,0.000) pe2=(-0.013,0.357,0.000) grounded=1 contactSamples=1 contactDistance=0.320 sl=0.371 c=0.089 cv=-0.015 sf=3474.514 df=-44.171 af=3430.344 Fz=2906.565 Fx=0.000 Fy=-0.000 k=0.000 a=0.000 p=(0.747,-0.000,-1.250) n=(-0.000,1.000,-0.000)
[DEBUG] [W] i=3 w=RR si=3 lp=(-0.760,-0.100,-1.250) o=(-0.760,0.334,-1.250) wp=(-0.747,0.320,-1.250) mw=(0.013,-0.014,0.000) pe2=(0.013,0.357,0.000) grounded=1 contactSamples=1 contactDistance=0.320 sl=0.371 c=0.089 cv=-0.015 sf=3474.514 df=-44.171 af=3430.344 Fz=2906.565 Fx=0.000 Fy=-0.000 k=0.000 a=0.000 p=(-0.747,-0.000,-1.250) n=(-0.000,1.000,-0.000)
[DEBUG] [Cornering] steerInput=0.000 frontSteerAngle=-0.000 yawRateY=0.000 rollRateZ=0.000 leftLoad=5813.129 rightLoad=5813.129 leftMinusRight=0.000
[DEBUG] [W] i=0 w=FL si=0 lp=(0.760,-0.100,1.250) o=(0.760,0.334,1.250) wp=(0.747,0.320,1.250) mw=(-0.013,-0.014,0.000) pe2=(-0.013,0.357,0.000) grounded=1 contactSamples=1 contactDistance=0.320 sl=0.371 c=0.089 cv=-0.015 sf=3474.514 df=-44.171 af=3430.344 Fz=2906.565 Fx=0.000 Fy=-0.000 k=0.000 a=0.000 p=(0.747,-0.000,1.250) n=(-0.000,1.000,-0.000)
[DEBUG] [W] i=1 w=FR si=1 lp=(-0.760,-0.100,1.250) o=(-0.760,0.334,1.250) wp=(-0.747,0.320,1.250) mw=(0.013,-0.014,0.000) pe2=(0.013,0.357,0.000) grounded=1 contactSamples=1 contactDistance=0.320 sl=0.371 c=0.089 cv=-0.015 sf=3474.514 df=-44.171 af=3430.344 Fz=2906.565 Fx=0.000 Fy=-0.000 k=0.000 a=0.000 p=(-0.747,-0.000,1.250) n=(-0.000,1.000,-0.000)
[DEBUG] [W] i=2 w=RL si=2 lp=(0.760,-0.100,-1.250) o=(0.760,0.334,-1.250) wp=(0.747,0.320,-1.250) mw=(-0.013,-0.014,0.000) pe2=(-0.013,0.357,0.000) grounded=1 contactSamples=1 contactDistance=0.320 sl=0.371 c=0.089 cv=-0.015 sf=3474.514 df=-44.171 af=3430.344 Fz=2906.565 Fx=0.000 Fy=-0.000 k=0.000 a=0.000 p=(0.747,-0.000,-1.250) n=(-0.000,1.000,-0.000)
[DEBUG] [W] i=3 w=RR si=3 lp=(-0.760,-0.100,-1.250) o=(-0.760,0.334,-1.250) wp=(-0.747,0.320,-1.250) mw=(0.013,-0.014,0.000) pe2=(0.013,0.357,0.000) grounded=1 contactSamples=1 contactDistance=0.320 sl=0.371 c=0.089 cv=-0.015 sf=3474.514 df=-44.171 af=3430.344 Fz=2906.565 Fx=0.000 Fy=-0.000 k=0.000 a=0.000 p=(-0.747,-0.000,-1.250) n=(-0.000,1.000,-0.000)
[DEBUG] [Cornering] steerInput=0.000 frontSteerAngle=-0.000 yawRateY=0.000 rollRateZ=0.000 leftLoad=5813.129 rightLoad=5813.129 leftMinusRight=0.000
[DEBUG] [W] i=0 w=FL si=0 lp=(0.760,-0.100,1.250) o=(0.760,0.334,1.250) wp=(0.747,0.320,1.250) mw=(-0.013,-0.014,0.000) pe2=(-0.013,0.357,0.000) grounded=1 contactSamples=1 contactDistance=0.320 sl=0.371 c=0.089 cv=-0.015 sf=3474.514 df=-44.171 af=3430.344 Fz=2906.565 Fx=0.000 Fy=-0.000 k=0.000 a=0.000 p=(0.747,-0.000,1.250) n=(-0.000,1.000,-0.000)
[DEBUG] [W] i=1 w=FR si=1 lp=(-0.760,-0.100,1.250) o=(-0.760,0.334,1.250) wp=(-0.747,0.320,1.250) mw=(0.013,-0.014,0.000) pe2=(0.013,0.357,0.000) grounded=1 contactSamples=1 contactDistance=0.320 sl=0.371 c=0.089 cv=-0.015 sf=3474.514 df=-44.171 af=3430.344 Fz=2906.565 Fx=0.000 Fy=-0.000 k=0.000 a=0.000 p=(-0.747,-0.000,1.250) n=(-0.000,1.000,-0.000)
[DEBUG] [W] i=2 w=RL si=2 lp=(0.760,-0.100,-1.250) o=(0.760,0.334,-1.250) wp=(0.747,0.320,-1.250) mw=(-0.013,-0.014,0.000) pe2=(-0.013,0.357,0.000) grounded=1 contactSamples=1 contactDistance=0.320 sl=0.371 c=0.089 cv=-0.015 sf=3474.514 df=-44.171 af=3430.344 Fz=2906.565 Fx=0.000 Fy=-0.000 k=0.000 a=0.000 p=(0.747,-0.000,-1.250) n=(-0.000,1.000,-0.000)
[DEBUG] [W] i=3 w=RR si=3 lp=(-0.760,-0.100,-1.250) o=(-0.760,0.334,-1.250) wp=(-0.747,0.320,-1.250) mw=(0.013,-0.014,0.000) pe2=(0.013,0.357,0.000) grounded=1 contactSamples=1 contactDistance=0.320 sl=0.371 c=0.089 cv=-0.015 sf=3474.514 df=-44.171 af=3430.344 Fz=2906.565 Fx=0.000 Fy=-0.000 k=0.000 a=0.000 p=(-0.747,-0.000,-1.250) n=(-0.000,1.000,-0.000)
[DEBUG] [Cornering] steerInput=0.000 frontSteerAngle=-0.000 yawRateY=0.000 rollRateZ=0.000 leftLoad=5813.129 rightLoad=5813.129 leftMinusRight=0.000
[DEBUG] [W] i=0 w=FL si=0 lp=(0.760,-0.100,1.250) o=(0.760,0.334,1.250) wp=(0.747,0.320,1.250) mw=(-0.013,-0.014,0.000) pe2=(-0.013,0.357,0.000) grounded=1 contactSamples=1 contactDistance=0.320 sl=0.371 c=0.089 cv=-0.015 sf=3474.513 df=-44.192 af=3430.321 Fz=2906.546 Fx=0.000 Fy=-0.000 k=0.000 a=0.000 p=(0.747,-0.000,1.250) n=(-0.000,1.000,-0.000)
[DEBUG] [W] i=1 w=FR si=1 lp=(-0.760,-0.100,1.250) o=(-0.760,0.334,1.250) wp=(-0.747,0.320,1.250) mw=(0.013,-0.014,0.000) pe2=(0.013,0.357,0.000) grounded=1 contactSamples=1 contactDistance=0.320 sl=0.371 c=0.089 cv=-0.015 sf=3474.513 df=-44.192 af=3430.321 Fz=2906.546 Fx=0.000 Fy=-0.000 k=0.000 a=0.000 p=(-0.747,-0.000,1.250) n=(-0.000,1.000,-0.000)
[DEBUG] [W] i=2 w=RL si=2 lp=(0.760,-0.100,-1.250) o=(0.760,0.334,-1.250) wp=(0.747,0.320,-1.250) mw=(-0.013,-0.014,0.000) pe2=(-0.013,0.357,0.000) grounded=1 contactSamples=1 contactDistance=0.320 sl=0.371 c=0.089 cv=-0.015 sf=3474.513 df=-44.192 af=3430.321 Fz=2906.546 Fx=0.000 Fy=-0.000 k=0.000 a=0.000 p=(0.747,-0.000,-1.250) n=(-0.000,1.000,-0.000)
[DEBUG] [W] i=3 w=RR si=3 lp=(-0.760,-0.100,-1.250) o=(-0.760,0.334,-1.250) wp=(-0.747,0.320,-1.250) mw=(0.013,-0.014,0.000) pe2=(0.013,0.357,0.000) grounded=1 contactSamples=1 contactDistance=0.320 sl=0.371 c=0.089 cv=-0.015 sf=3474.513 df=-44.192 af=3430.321 Fz=2906.546 Fx=0.000 Fy=-0.000 k=0.000 a=0.000 p=(-0.747,-0.000,-1.250) n=(-0.000,1.000,-0.000)
[DEBUG] [Cornering] steerInput=0.000 frontSteerAngle=-0.000 yawRateY=0.000 rollRateZ=0.000 leftLoad=5813.091 rightLoad=5813.091 leftMinusRight=0.000
[DEBUG] [W] i=0 w=FL si=0 lp=(0.760,-0.100,1.250) o=(0.760,0.334,1.250) wp=(0.747,0.320,1.250) mw=(-0.013,-0.014,0.000) pe2=(-0.013,0.357,0.000) grounded=1 contactSamples=1 contactDistance=0.320 sl=0.371 c=0.089 cv=0.015 sf=3479.301 df=36.818 af=3516.118 Fz=2978.835 Fx=0.000 Fy=-0.000 k=0.000 a=0.000 p=(0.747,-0.000,1.250) n=(-0.000,1.000,-0.000)
[DEBUG] [W] i=1 w=FR si=1 lp=(-0.760,-0.100,1.250) o=(-0.760,0.334,1.250) wp=(-0.747,0.320,1.250) mw=(0.013,-0.014,0.000) pe2=(0.013,0.357,0.000) grounded=1 contactSamples=1 contactDistance=0.320 sl=0.371 c=0.089 cv=0.015 sf=3479.301 df=36.818 af=3516.118 Fz=2978.835 Fx=0.000 Fy=-0.000 k=0.000 a=0.000 p=(-0.747,-0.000,1.250) n=(-0.000,1.000,-0.000)
[DEBUG] [W] i=2 w=RL si=2 lp=(0.760,-0.100,-1.250) o=(0.760,0.334,-1.250) wp=(0.747,0.320,-1.250) mw=(-0.013,-0.014,0.000) pe2=(-0.013,0.357,0.000) grounded=1 contactSamples=1 contactDistance=0.320 sl=0.371 c=0.089 cv=0.015 sf=3479.301 df=36.818 af=3516.118 Fz=2978.835 Fx=0.000 Fy=-0.000 k=0.000 a=0.000 p=(0.747,-0.000,-1.250) n=(-0.000,1.000,-0.000)
[DEBUG] [W] i=3 w=RR si=3 lp=(-0.760,-0.100,-1.250) o=(-0.760,0.334,-1.250) wp=(-0.747,0.320,-1.250) mw=(0.013,-0.014,0.000) pe2=(0.013,0.357,0.000) grounded=1 contactSamples=1 contactDistance=0.320 sl=0.371 c=0.089 cv=0.015 sf=3479.301 df=36.818 af=3516.118 Fz=2978.835 Fx=0.000 Fy=-0.000 k=0.000 a=0.000 p=(-0.747,-0.000,-1.250) n=(-0.000,1.000,-0.000)
[DEBUG] [Cornering] steerInput=0.000 frontSteerAngle=-0.000 yawRateY=0.000 rollRateZ=0.000 leftLoad=5957.669 rightLoad=5957.669 leftMinusRight=0.000
[INFO] [EnergyDelta] step=360 t=3.000000 deltaFromBaseline=-13.189453 stepDelta=-1.656738 integratedPowerA=165.738098 integratedPowerB=-0.821896 integratedSpringPower=-178.772308 integratedDamperPower=13.934284 integratedPowerBalanceResidual=0.078175
[INFO] [State] t=3.000000 y=0.434132 z=0.000000 vy=0.000509 vz=0.000000 energy=5729.693359 compression=0.089090,0.089090,0.089090,0.089090
[DEBUG] [Energy] x=0.000 y=0.434 z=0.000 vx=0.000 vy=-0.001 vz=0.000 total=5731.342 potential=5110.545 linear=0.000 angular=0.000 wheels=0.000 suspension=620.797 suspensionPower=-6.400 suspensionResidual=200.729
[DEBUG] [W] i=0 w=FL si=0 lp=(0.760,-0.100,1.250) o=(0.760,0.334,1.250) wp=(0.747,0.320,1.250) mw=(-0.013,-0.014,0.000) pe2=(-0.013,0.357,0.000) grounded=1 contactSamples=1 contactDistance=0.320 sl=0.371 c=0.089 cv=-0.015 sf=3474.514 df=-44.171 af=3430.344 Fz=2906.565 Fx=0.000 Fy=-0.000 k=0.000 a=0.000 p=(0.747,-0.000,1.250) n=(-0.000,1.000,-0.000)
[DEBUG] [W] i=1 w=FR si=1 lp=(-0.760,-0.100,1.250) o=(-0.760,0.334,1.250) wp=(-0.747,0.320,1.250) mw=(0.013,-0.014,0.000) pe2=(0.013,0.357,0.000) grounded=1 contactSamples=1 contactDistance=0.320 sl=0.371 c=0.089 cv=-0.015 sf=3474.514 df=-44.171 af=3430.344 Fz=2906.565 Fx=0.000 Fy=-0.000 k=0.000 a=0.000 p=(-0.747,-0.000,1.250) n=(-0.000,1.000,-0.000)
[DEBUG] [W] i=2 w=RL si=2 lp=(0.760,-0.100,-1.250) o=(0.760,0.334,-1.250) wp=(0.747,0.320,-1.250) mw=(-0.013,-0.014,0.000) pe2=(-0.013,0.357,0.000) grounded=1 contactSamples=1 contactDistance=0.320 sl=0.371 c=0.089 cv=-0.015 sf=3474.514 df=-44.171 af=3430.344 Fz=2906.565 Fx=0.000 Fy=-0.000 k=0.000 a=0.000 p=(0.747,-0.000,-1.250) n=(-0.000,1.000,-0.000)
[DEBUG] [W] i=3 w=RR si=3 lp=(-0.760,-0.100,-1.250) o=(-0.760,0.334,-1.250) wp=(-0.747,0.320,-1.250) mw=(0.013,-0.014,0.000) pe2=(0.013,0.357,0.000) grounded=1 contactSamples=1 contactDistance=0.320 sl=0.371 c=0.089 cv=-0.015 sf=3474.514 df=-44.171 af=3430.344 Fz=2906.565 Fx=0.000 Fy=-0.000 k=0.000 a=0.000 p=(-0.747,-0.000,-1.250) n=(-0.000,1.000,-0.000)
[DEBUG] [Cornering] steerInput=0.000 frontSteerAngle=-0.000 yawRateY=0.000 rollRateZ=0.000 leftLoad=5813.129 rightLoad=5813.129 leftMinusRight=0.000
[DEBUG] [W] i=0 w=FL si=0 lp=(0.760,-0.100,1.250) o=(0.760,0.334,1.250) wp=(0.747,0.320,1.250) mw=(-0.013,-0.014,0.000) pe2=(-0.013,0.357,0.000) grounded=1 contactSamples=1 contactDistance=0.320 sl=0.371 c=0.089 cv=0.015 sf=3479.301 df=36.818 af=3516.118 Fz=2978.835 Fx=0.000 Fy=-0.000 k=0.000 a=0.000 p=(0.747,-0.000,1.250) n=(-0.000,1.000,-0.000)
[DEBUG] [W] i=1 w=FR si=1 lp=(-0.760,-0.100,1.250) o=(-0.760,0.334,1.250) wp=(-0.747,0.320,1.250) mw=(0.013,-0.014,0.000) pe2=(0.013,0.357,0.000) grounded=1 contactSamples=1 contactDistance=0.320 sl=0.371 c=0.089 cv=0.015 sf=3479.301 df=36.818 af=3516.118 Fz=2978.835 Fx=0.000 Fy=-0.000 k=0.000 a=0.000 p=(-0.747,-0.000,1.250) n=(-0.000,1.000,-0.000)
[DEBUG] [W] i=2 w=RL si=2 lp=(0.760,-0.100,-1.250) o=(0.760,0.334,-1.250) wp=(0.747,0.320,-1.250) mw=(-0.013,-0.014,0.000) pe2=(-0.013,0.357,0.000) grounded=1 contactSamples=1 contactDistance=0.320 sl=0.371 c=0.089 cv=0.015 sf=3479.301 df=36.818 af=3516.118 Fz=2978.835 Fx=0.000 Fy=-0.000 k=0.000 a=0.000 p=(0.747,-0.000,-1.250) n=(-0.000,1.000,-0.000)
[DEBUG] [W] i=3 w=RR si=3 lp=(-0.760,-0.100,-1.250) o=(-0.760,0.334,-1.250) wp=(-0.747,0.320,-1.250) mw=(0.013,-0.014,0.000) pe2=(0.013,0.357,0.000) grounded=1 contactSamples=1 contactDistance=0.320 sl=0.371 c=0.089 cv=0.015 sf=3479.301 df=36.818 af=3516.118 Fz=2978.835 Fx=0.000 Fy=-0.000 k=0.000 a=0.000 p=(-0.747,-0.000,-1.250) n=(-0.000,1.000,-0.000)
[DEBUG] [Cornering] steerInput=0.000 frontSteerAngle=-0.000 yawRateY=0.000 rollRateZ=0.000 leftLoad=5957.669 rightLoad=5957.669 leftMinusRight=0.000
[DEBUG] [W] i=0 w=FL si=0 lp=(0.760,-0.100,1.250) o=(0.760,0.334,1.250) wp=(0.747,0.320,1.250) mw=(-0.013,-0.014,0.000) pe2=(-0.013,0.357,0.000) grounded=1 contactSamples=1 contactDistance=0.320 sl=0.371 c=0.089 cv=-0.015 sf=3474.514 df=-44.181 af=3430.333 Fz=2906.556 Fx=0.000 Fy=-0.000 k=0.000 a=0.000 p=(0.747,-0.000,1.250) n=(-0.000,1.000,-0.000)
[DEBUG] [W] i=1 w=FR si=1 lp=(-0.760,-0.100,1.250) o=(-0.760,0.334,1.250) wp=(-0.747,0.320,1.250) mw=(0.013,-0.014,0.000) pe2=(0.013,0.357,0.000) grounded=1 contactSamples=1 contactDistance=0.320 sl=0.371 c=0.089 cv=-0.015 sf=3474.514 df=-44.181 af=3430.333 Fz=2906.556 Fx=0.000 Fy=-0.000 k=0.000 a=0.000 p=(-0.747,-0.000,1.250) n=(-0.000,1.000,-0.000)
[DEBUG] [W] i=2 w=RL si=2 lp=(0.760,-0.100,-1.250) o=(0.760,0.334,-1.250) wp=(0.747,0.320,-1.250) mw=(-0.013,-0.014,0.000) pe2=(-0.013,0.357,0.000) grounded=1 contactSamples=1 contactDistance=0.320 sl=0.371 c=0.089 cv=-0.015 sf=3474.514 df=-44.181 af=3430.333 Fz=2906.556 Fx=0.000 Fy=-0.000 k=0.000 a=0.000 p=(0.747,-0.000,-1.250) n=(-0.000,1.000,-0.000)
[DEBUG] [W] i=3 w=RR si=3 lp=(-0.760,-0.100,-1.250) o=(-0.760,0.334,-1.250) wp=(-0.747,0.320,-1.250) mw=(0.013,-0.014,0.000) pe2=(0.013,0.357,0.000) grounded=1 contactSamples=1 contactDistance=0.320 sl=0.371 c=0.089 cv=-0.015 sf=3474.514 df=-44.181 af=3430.333 Fz=2906.556 Fx=0.000 Fy=-0.000 k=0.000 a=0.000 p=(-0.747,-0.000,-1.250) n=(-0.000,1.000,-0.000)
[DEBUG] [Cornering] steerInput=0.000 frontSteerAngle=-0.000 yawRateY=0.000 rollRateZ=0.000 leftLoad=5813.111 rightLoad=5813.111 leftMinusRight=0.000
[DEBUG] [W] i=0 w=FL si=0 lp=(0.760,-0.100,1.250) o=(0.760,0.334,1.250) wp=(0.747,0.320,1.250) mw=(-0.013,-0.014,0.000) pe2=(-0.013,0.357,0.000) grounded=1 contactSamples=1 contactDistance=0.320 sl=0.371 c=0.089 cv=-0.015 sf=3474.514 df=-44.181 af=3430.333 Fz=2906.556 Fx=0.000 Fy=-0.000 k=0.000 a=0.000 p=(0.747,-0.000,1.250) n=(-0.000,1.000,-0.000)
[DEBUG] [W] i=1 w=FR si=1 lp=(-0.760,-0.100,1.250) o=(-0.760,0.334,1.250) wp=(-0.747,0.320,1.250) mw=(0.013,-0.014,0.000) pe2=(0.013,0.357,0.000) grounded=1 contactSamples=1 contactDistance=0.320 sl=0.371 c=0.089 cv=-0.015 sf=3474.514 df=-44.181 af=3430.333 Fz=2906.556 Fx=0.000 Fy=-0.000 k=0.000 a=0.000 p=(-0.747,-0.000,1.250) n=(-0.000,1.000,-0.000)
[DEBUG] [W] i=2 w=RL si=2 lp=(0.760,-0.100,-1.250) o=(0.760,0.334,-1.250) wp=(0.747,0.320,-1.250) mw=(-0.013,-0.014,0.000) pe2=(-0.013,0.357,0.000) grounded=1 contactSamples=1 contactDistance=0.320 sl=0.371 c=0.089 cv=-0.015 sf=3474.514 df=-44.181 af=3430.333 Fz=2906.556 Fx=0.000 Fy=-0.000 k=0.000 a=0.000 p=(0.747,-0.000,-1.250) n=(-0.000,1.000,-0.000)
[DEBUG] [W] i=3 w=RR si=3 lp=(-0.760,-0.100,-1.250) o=(-0.760,0.334,-1.250) wp=(-0.747,0.320,-1.250) mw=(0.013,-0.014,0.000) pe2=(0.013,0.357,0.000) grounded=1 contactSamples=1 contactDistance=0.320 sl=0.371 c=0.089 cv=-0.015 sf=3474.514 df=-44.181 af=3430.333 Fz=2906.556 Fx=0.000 Fy=-0.000 k=0.000 a=0.000 p=(-0.747,-0.000,-1.250) n=(-0.000,1.000,-0.000)
[DEBUG] [Cornering] steerInput=0.000 frontSteerAngle=-0.000 yawRateY=0.000 rollRateZ=0.000 leftLoad=5813.111 rightLoad=5813.111 leftMinusRight=0.000
[DEBUG] [W] i=0 w=FL si=0 lp=(0.760,-0.100,1.250) o=(0.760,0.334,1.250) wp=(0.747,0.320,1.250) mw=(-0.013,-0.014,0.000) pe2=(-0.013,0.357,0.000) grounded=1 contactSamples=1 contactDistance=0.320 sl=0.371 c=0.089 cv=0.015 sf=3479.299 df=36.809 af=3516.108 Fz=2978.826 Fx=0.000 Fy=-0.000 k=0.000 a=0.000 p=(0.747,-0.000,1.250) n=(-0.000,1.000,-0.000)
[DEBUG] [W] i=1 w=FR si=1 lp=(-0.760,-0.100,1.250) o=(-0.760,0.334,1.250) wp=(-0.747,0.320,1.250) mw=(0.013,-0.014,0.000) pe2=(0.013,0.357,0.000) grounded=1 contactSamples=1 contactDistance=0.320 sl=0.371 c=0.089 cv=0.015 sf=3479.299 df=36.809 af=3516.108 Fz=2978.826 Fx=0.000 Fy=-0.000 k=0.000 a=0.000 p=(-0.747,-0.000,1.250) n=(-0.000,1.000,-0.000)
[DEBUG] [W] i=2 w=RL si=2 lp=(0.760,-0.100,-1.250) o=(0.760,0.334,-1.250) wp=(0.747,0.320,-1.250) mw=(-0.013,-0.014,0.000) pe2=(-0.013,0.357,0.000) grounded=1 contactSamples=1 contactDistance=0.320 sl=0.371 c=0.089 cv=0.015 sf=3479.299 df=36.809 af=3516.108 Fz=2978.826 Fx=0.000 Fy=-0.000 k=0.000 a=0.000 p=(0.747,-0.000,-1.250) n=(-0.000,1.000,-0.000)
[DEBUG] [W] i=3 w=RR si=3 lp=(-0.760,-0.100,-1.250) o=(-0.760,0.334,-1.250) wp=(-0.747,0.320,-1.250) mw=(0.013,-0.014,0.000) pe2=(0.013,0.357,0.000) grounded=1 contactSamples=1 contactDistance=0.320 sl=0.371 c=0.089 cv=0.015 sf=3479.299 df=36.809 af=3516.108 Fz=2978.826 Fx=0.000 Fy=-0.000 k=0.000 a=0.000 p=(-0.747,-0.000,-1.250) n=(-0.000,1.000,-0.000)
[DEBUG] [Cornering] steerInput=0.000 frontSteerAngle=-0.000 yawRateY=0.000 rollRateZ=0.000 leftLoad=5957.652 rightLoad=5957.652 leftMinusRight=0.000
[INFO] [EnergyDelta] step=420 t=3.500000 deltaFromBaseline=-13.202148 stepDelta=-1.662109 integratedPowerA=165.691650 integratedPowerB=-1.947578 integratedSpringPower=-178.706268 integratedDamperPower=15.047565 integratedPowerBalanceResidual=0.085377
[INFO] [State] t=3.500000 y=0.434131 z=0.000000 vy=0.000449 vz=0.000000 energy=5729.680664 compression=0.089090,0.089090,0.089090,0.089090
[DEBUG] [Energy] x=0.000 y=0.434 z=0.000 vx=0.000 vy=-0.000 vz=0.000 total=5729.659 potential=5110.569 linear=0.000 angular=0.000 wheels=0.000 suspension=619.090 suspensionPower=-5.521 suspensionResidual=-5.472
[DEBUG] [W] i=0 w=FL si=0 lp=(0.760,-0.100,1.250) o=(0.760,0.334,1.250) wp=(0.747,0.320,1.250) mw=(-0.013,-0.014,0.000) pe2=(-0.013,0.357,0.000) grounded=1 contactSamples=1 contactDistance=0.320 sl=0.371 c=0.089 cv=0.015 sf=3479.299 df=36.809 af=3516.108 Fz=2978.826 Fx=0.000 Fy=-0.000 k=0.000 a=0.000 p=(0.747,-0.000,1.250) n=(-0.000,1.000,-0.000)
[DEBUG] [W] i=1 w=FR si=1 lp=(-0.760,-0.100,1.250) o=(-0.760,0.334,1.250) wp=(-0.747,0.320,1.250) mw=(0.013,-0.014,0.000) pe2=(0.013,0.357,0.000) grounded=1 contactSamples=1 contactDistance=0.320 sl=0.371 c=0.089 cv=0.015 sf=3479.299 df=36.809 af=3516.108 Fz=2978.826 Fx=0.000 Fy=-0.000 k=0.000 a=0.000 p=(-0.747,-0.000,1.250) n=(-0.000,1.000,-0.000)
[DEBUG] [W] i=2 w=RL si=2 lp=(0.760,-0.100,-1.250) o=(0.760,0.334,-1.250) wp=(0.747,0.320,-1.250) mw=(-0.013,-0.014,0.000) pe2=(-0.013,0.357,0.000) grounded=1 contactSamples=1 contactDistance=0.320 sl=0.371 c=0.089 cv=0.015 sf=3479.299 df=36.809 af=3516.108 Fz=2978.826 Fx=0.000 Fy=-0.000 k=0.000 a=0.000 p=(0.747,-0.000,-1.250) n=(-0.000,1.000,-0.000)
[DEBUG] [W] i=3 w=RR si=3 lp=(-0.760,-0.100,-1.250) o=(-0.760,0.334,-1.250) wp=(-0.747,0.320,-1.250) mw=(0.013,-0.014,0.000) pe2=(0.013,0.357,0.000) grounded=1 contactSamples=1 contactDistance=0.320 sl=0.371 c=0.089 cv=0.015 sf=3479.299 df=36.809 af=3516.108 Fz=2978.826 Fx=0.000 Fy=-0.000 k=0.000 a=0.000 p=(-0.747,-0.000,-1.250) n=(-0.000,1.000,-0.000)
[DEBUG] [Cornering] steerInput=0.000 frontSteerAngle=-0.000 yawRateY=0.000 rollRateZ=0.000 leftLoad=5957.652 rightLoad=5957.652 leftMinusRight=0.000
[DEBUG] [W] i=0 w=FL si=0 lp=(0.760,-0.100,1.250) o=(0.760,0.334,1.250) wp=(0.747,0.320,1.250) mw=(-0.013,-0.014,0.000) pe2=(-0.013,0.357,0.000) grounded=1 contactSamples=1 contactDistance=0.320 sl=0.371 c=0.089 cv=-0.015 sf=3474.514 df=-44.181 af=3430.333 Fz=2906.556 Fx=0.000 Fy=-0.000 k=0.000 a=0.000 p=(0.747,-0.000,1.250) n=(-0.000,1.000,-0.000)
[DEBUG] [W] i=1 w=FR si=1 lp=(-0.760,-0.100,1.250) o=(-0.760,0.334,1.250) wp=(-0.747,0.320,1.250) mw=(0.013,-0.014,0.000) pe2=(0.013,0.357,0.000) grounded=1 contactSamples=1 contactDistance=0.320 sl=0.371 c=0.089 cv=-0.015 sf=3474.514 df=-44.181 af=3430.333 Fz=2906.556 Fx=0.000 Fy=-0.000 k=0.000 a=0.000 p=(-0.747,-0.000,1.250) n=(-0.000,1.000,-0.000)
[DEBUG] [W] i=2 w=RL si=2 lp=(0.760,-0.100,-1.250) o=(0.760,0.334,-1.250) wp=(0.747,0.320,-1.250) mw=(-0.013,-0.014,0.000) pe2=(-0.013,0.357,0.000) grounded=1 contactSamples=1 contactDistance=0.320 sl=0.371 c=0.089 cv=-0.015 sf=3474.514 df=-44.181 af=3430.333 Fz=2906.556 Fx=0.000 Fy=-0.000 k=0.000 a=0.000 p=(0.747,-0.000,-1.250) n=(-0.000,1.000,-0.000)
[DEBUG] [W] i=3 w=RR si=3 lp=(-0.760,-0.100,-1.250) o=(-0.760,0.334,-1.250) wp=(-0.747,0.320,-1.250) mw=(0.013,-0.014,0.000) pe2=(0.013,0.357,0.000) grounded=1 contactSamples=1 contactDistance=0.320 sl=0.371 c=0.089 cv=-0.015 sf=3474.514 df=-44.181 af=3430.333 Fz=2906.556 Fx=0.000 Fy=-0.000 k=0.000 a=0.000 p=(-0.747,-0.000,-1.250) n=(-0.000,1.000,-0.000)
[DEBUG] [Cornering] steerInput=0.000 frontSteerAngle=-0.000 yawRateY=0.000 rollRateZ=0.000 leftLoad=5813.111 rightLoad=5813.111 leftMinusRight=0.000
[DEBUG] [W] i=0 w=FL si=0 lp=(0.760,-0.100,1.250) o=(0.760,0.334,1.250) wp=(0.747,0.320,1.250) mw=(-0.013,-0.014,0.000) pe2=(-0.013,0.357,0.000) grounded=1 contactSamples=1 contactDistance=0.320 sl=0.371 c=0.089 cv=-0.015 sf=3474.514 df=-44.171 af=3430.344 Fz=2906.565 Fx=0.000 Fy=-0.000 k=0.000 a=0.000 p=(0.747,-0.000,1.250) n=(-0.000,1.000,-0.000)
[DEBUG] [W] i=1 w=FR si=1 lp=(-0.760,-0.100,1.250) o=(-0.760,0.334,1.250) wp=(-0.747,0.320,1.250) mw=(0.013,-0.014,0.000) pe2=(0.013,0.357,0.000) grounded=1 contactSamples=1 contactDistance=0.320 sl=0.371 c=0.089 cv=-0.015 sf=3474.514 df=-44.171 af=3430.344 Fz=2906.565 Fx=0.000 Fy=-0.000 k=0.000 a=0.000 p=(-0.747,-0.000,1.250) n=(-0.000,1.000,-0.000)
[DEBUG] [W] i=2 w=RL si=2 lp=(0.760,-0.100,-1.250) o=(0.760,0.334,-1.250) wp=(0.747,0.320,-1.250) mw=(-0.013,-0.014,0.000) pe2=(-0.013,0.357,0.000) grounded=1 contactSamples=1 contactDistance=0.320 sl=0.371 c=0.089 cv=-0.015 sf=3474.514 df=-44.171 af=3430.344 Fz=2906.565 Fx=0.000 Fy=-0.000 k=0.000 a=0.000 p=(0.747,-0.000,-1.250) n=(-0.000,1.000,-0.000)
[DEBUG] [W] i=3 w=RR si=3 lp=(-0.760,-0.100,-1.250) o=(-0.760,0.334,-1.250) wp=(-0.747,0.320,-1.250) mw=(0.013,-0.014,0.000) pe2=(0.013,0.357,0.000) grounded=1 contactSamples=1 contactDistance=0.320 sl=0.371 c=0.089 cv=-0.015 sf=3474.514 df=-44.171 af=3430.344 Fz=2906.565 Fx=0.000 Fy=-0.000 k=0.000 a=0.000 p=(-0.747,-0.000,-1.250) n=(-0.000,1.000,-0.000)
[DEBUG] [Cornering] steerInput=0.000 frontSteerAngle=-0.000 yawRateY=0.000 rollRateZ=0.000 leftLoad=5813.129 rightLoad=5813.129 leftMinusRight=0.000
[DEBUG] [W] i=0 w=FL si=0 lp=(0.760,-0.100,1.250) o=(0.760,0.334,1.250) wp=(0.747,0.320,1.250) mw=(-0.013,-0.014,0.000) pe2=(-0.013,0.357,0.000) grounded=1 contactSamples=1 contactDistance=0.320 sl=0.371 c=0.089 cv=-0.000 sf=3474.513 df=-0.011 af=3474.502 Fz=2943.981 Fx=0.000 Fy=-0.000 k=0.000 a=0.000 p=(0.747,-0.000,1.250) n=(-0.000,1.000,-0.000)
[DEBUG] [W] i=1 w=FR si=1 lp=(-0.760,-0.100,1.250) o=(-0.760,0.334,1.250) wp=(-0.747,0.320,1.250) mw=(0.013,-0.014,0.000) pe2=(0.013,0.357,0.000) grounded=1 contactSamples=1 contactDistance=0.320 sl=0.371 c=0.089 cv=-0.000 sf=3474.513 df=-0.011 af=3474.502 Fz=2943.981 Fx=0.000 Fy=-0.000 k=0.000 a=0.000 p=(-0.747,-0.000,1.250) n=(-0.000,1.000,-0.000)
[DEBUG] [W] i=2 w=RL si=2 lp=(0.760,-0.100,-1.250) o=(0.760,0.334,-1.250) wp=(0.747,0.320,-1.250) mw=(-0.013,-0.014,0.000) pe2=(-0.013,0.357,0.000) grounded=1 contactSamples=1 contactDistance=0.320 sl=0.371 c=0.089 cv=-0.000 sf=3474.513 df=-0.011 af=3474.502 Fz=2943.981 Fx=0.000 Fy=-0.000 k=0.000 a=0.000 p=(0.747,-0.000,-1.250) n=(-0.000,1.000,-0.000)
[DEBUG] [W] i=3 w=RR si=3 lp=(-0.760,-0.100,-1.250) o=(-0.760,0.334,-1.250) wp=(-0.747,0.320,-1.250) mw=(0.013,-0.014,0.000) pe2=(0.013,0.357,0.000) grounded=1 contactSamples=1 contactDistance=0.320 sl=0.371 c=0.089 cv=-0.000 sf=3474.513 df=-0.011 af=3474.502 Fz=2943.981 Fx=0.000 Fy=-0.000 k=0.000 a=0.000 p=(-0.747,-0.000,-1.250) n=(-0.000,1.000,-0.000)
[DEBUG] [Cornering] steerInput=0.000 frontSteerAngle=-0.000 yawRateY=0.000 rollRateZ=0.000 leftLoad=5887.962 rightLoad=5887.962 leftMinusRight=0.000
[DEBUG] [W] i=0 w=FL si=0 lp=(0.760,-0.100,1.250) o=(0.760,0.334,1.250) wp=(0.747,0.320,1.250) mw=(-0.013,-0.014,0.000) pe2=(-0.013,0.357,0.000) grounded=1 contactSamples=1 contactDistance=0.320 sl=0.371 c=0.089 cv=0.015 sf=3479.301 df=36.818 af=3516.118 Fz=2978.835 Fx=0.000 Fy=-0.000 k=0.000 a=0.000 p=(0.747,-0.000,1.250) n=(-0.000,1.000,-0.000)
[DEBUG] [W] i=1 w=FR si=1 lp=(-0.760,-0.100,1.250) o=(-0.760,0.334,1.250) wp=(-0.747,0.320,1.250) mw=(0.013,-0.014,0.000) pe2=(0.013,0.357,0.000) grounded=1 contactSamples=1 contactDistance=0.320 sl=0.371 c=0.089 cv=0.015 sf=3479.301 df=36.818 af=3516.118 Fz=2978.835 Fx=0.000 Fy=-0.000 k=0.000 a=0.000 p=(-0.747,-0.000,1.250) n=(-0.000,1.000,-0.000)
[DEBUG] [W] i=2 w=RL si=2 lp=(0.760,-0.100,-1.250) o=(0.760,0.334,-1.250) wp=(0.747,0.320,-1.250) mw=(-0.013,-0.014,0.000) pe2=(-0.013,0.357,0.000) grounded=1 contactSamples=1 contactDistance=0.320 sl=0.371 c=0.089 cv=0.015 sf=3479.301 df=36.818 af=3516.118 Fz=2978.835 Fx=0.000 Fy=-0.000 k=0.000 a=0.000 p=(0.747,-0.000,-1.250) n=(-0.000,1.000,-0.000)
[DEBUG] [W] i=3 w=RR si=3 lp=(-0.760,-0.100,-1.250) o=(-0.760,0.334,-1.250) wp=(-0.747,0.320,-1.250) mw=(0.013,-0.014,0.000) pe2=(0.013,0.357,0.000) grounded=1 contactSamples=1 contactDistance=0.320 sl=0.371 c=0.089 cv=0.015 sf=3479.301 df=36.818 af=3516.118 Fz=2978.835 Fx=0.000 Fy=-0.000 k=0.000 a=0.000 p=(-0.747,-0.000,-1.250) n=(-0.000,1.000,-0.000)
[DEBUG] [Cornering] steerInput=0.000 frontSteerAngle=-0.000 yawRateY=0.000 rollRateZ=0.000 leftLoad=5957.669 rightLoad=5957.669 leftMinusRight=0.000
[INFO] [EnergyDelta] step=480 t=4.000000 deltaFromBaseline=-13.188965 stepDelta=-1.654785 integratedPowerA=165.674133 integratedPowerB=-3.018215 integratedSpringPower=-178.645294 integratedDamperPower=16.081383 integratedPowerBalanceResidual=0.092003
[INFO] [State] t=4.000000 y=0.434132 z=0.000000 vy=0.000532 vz=0.000000 energy=5729.693848 compression=0.089090,0.089090,0.089090,0.089090
[DEBUG] [Energy] x=0.000 y=0.434 z=0.000 vx=0.000 vy=-0.001 vz=0.000 total=5731.349 potential=5110.552 linear=0.000 angular=0.000 wheels=0.000 suspension=620.797 suspensionPower=-6.332 suspensionResidual=200.848
[DEBUG] [W] i=0 w=FL si=0 lp=(0.760,-0.100,1.250) o=(0.760,0.334,1.250) wp=(0.747,0.320,1.250) mw=(-0.013,-0.014,0.000) pe2=(-0.013,0.357,0.000) grounded=1 contactSamples=1 contactDistance=0.320 sl=0.371 c=0.089 cv=0.015 sf=3479.301 df=36.818 af=3516.118 Fz=2978.835 Fx=0.000 Fy=-0.000 k=0.000 a=0.000 p=(0.747,-0.000,1.250) n=(-0.000,1.000,-0.000)
[DEBUG] [W] i=1 w=FR si=1 lp=(-0.760,-0.100,1.250) o=(-0.760,0.334,1.250) wp=(-0.747,0.320,1.250) mw=(0.013,-0.014,0.000) pe2=(0.013,0.357,0.000) grounded=1 contactSamples=1 contactDistance=0.320 sl=0.371 c=0.089 cv=0.015 sf=3479.301 df=36.818 af=3516.118 Fz=2978.835 Fx=0.000 Fy=-0.000 k=0.000 a=0.000 p=(-0.747,-0.000,1.250) n=(-0.000,1.000,-0.000)
[DEBUG] [W] i=2 w=RL si=2 lp=(0.760,-0.100,-1.250) o=(0.760,0.334,-1.250) wp=(0.747,0.320,-1.250) mw=(-0.013,-0.014,0.000) pe2=(-0.013,0.357,0.000) grounded=1 contactSamples=1 contactDistance=0.320 sl=0.371 c=0.089 cv=0.015 sf=3479.301 df=36.818 af=3516.118 Fz=2978.835 Fx=0.000 Fy=-0.000 k=0.000 a=0.000 p=(0.747,-0.000,-1.250) n=(-0.000,1.000,-0.000)
[DEBUG] [W] i=3 w=RR si=3 lp=(-0.760,-0.100,-1.250) o=(-0.760,0.334,-1.250) wp=(-0.747,0.320,-1.250) mw=(0.013,-0.014,0.000) pe2=(0.013,0.357,0.000) grounded=1 contactSamples=1 contactDistance=0.320 sl=0.371 c=0.089 cv=0.015 sf=3479.301 df=36.818 af=3516.118 Fz=2978.835 Fx=0.000 Fy=-0.000 k=0.000 a=0.000 p=(-0.747,-0.000,-1.250) n=(-0.000,1.000,-0.000)
[DEBUG] [Cornering] steerInput=0.000 frontSteerAngle=-0.000 yawRateY=0.000 rollRateZ=0.000 leftLoad=5957.669 rightLoad=5957.669 leftMinusRight=0.000
[DEBUG] [W] i=0 w=FL si=0 lp=(0.760,-0.100,1.250) o=(0.760,0.334,1.250) wp=(0.747,0.320,1.250) mw=(-0.013,-0.014,0.000) pe2=(-0.013,0.357,0.000) grounded=1 contactSamples=1 contactDistance=0.320 sl=0.371 c=0.089 cv=0.015 sf=3479.301 df=36.818 af=3516.118 Fz=2978.835 Fx=0.000 Fy=-0.000 k=0.000 a=0.000 p=(0.747,-0.000,1.250) n=(-0.000,1.000,-0.000)
[DEBUG] [W] i=1 w=FR si=1 lp=(-0.760,-0.100,1.250) o=(-0.760,0.334,1.250) wp=(-0.747,0.320,1.250) mw=(0.013,-0.014,0.000) pe2=(0.013,0.357,0.000) grounded=1 contactSamples=1 contactDistance=0.320 sl=0.371 c=0.089 cv=0.015 sf=3479.301 df=36.818 af=3516.118 Fz=2978.835 Fx=0.000 Fy=-0.000 k=0.000 a=0.000 p=(-0.747,-0.000,1.250) n=(-0.000,1.000,-0.000)
[DEBUG] [W] i=2 w=RL si=2 lp=(0.760,-0.100,-1.250) o=(0.760,0.334,-1.250) wp=(0.747,0.320,-1.250) mw=(-0.013,-0.014,0.000) pe2=(-0.013,0.357,0.000) grounded=1 contactSamples=1 contactDistance=0.320 sl=0.371 c=0.089 cv=0.015 sf=3479.301 df=36.818 af=3516.118 Fz=2978.835 Fx=0.000 Fy=-0.000 k=0.000 a=0.000 p=(0.747,-0.000,-1.250) n=(-0.000,1.000,-0.000)
[DEBUG] [W] i=3 w=RR si=3 lp=(-0.760,-0.100,-1.250) o=(-0.760,0.334,-1.250) wp=(-0.747,0.320,-1.250) mw=(0.013,-0.014,0.000) pe2=(0.013,0.357,0.000) grounded=1 contactSamples=1 contactDistance=0.320 sl=0.371 c=0.089 cv=0.015 sf=3479.301 df=36.818 af=3516.118 Fz=2978.835 Fx=0.000 Fy=-0.000 k=0.000 a=0.000 p=(-0.747,-0.000,-1.250) n=(-0.000,1.000,-0.000)
[DEBUG] [Cornering] steerInput=0.000 frontSteerAngle=-0.000 yawRateY=0.000 rollRateZ=0.000 leftLoad=5957.669 rightLoad=5957.669 leftMinusRight=0.000
[DEBUG] [W] i=0 w=FL si=0 lp=(0.760,-0.100,1.250) o=(0.760,0.334,1.250) wp=(0.747,0.320,1.250) mw=(-0.013,-0.014,0.000) pe2=(-0.013,0.357,0.000) grounded=1 contactSamples=1 contactDistance=0.320 sl=0.371 c=0.089 cv=0.015 sf=3479.299 df=36.818 af=3516.117 Fz=2978.834 Fx=0.000 Fy=-0.000 k=0.000 a=0.000 p=(0.747,-0.000,1.250) n=(-0.000,1.000,-0.000)
[DEBUG] [W] i=1 w=FR si=1 lp=(-0.760,-0.100,1.250) o=(-0.760,0.334,1.250) wp=(-0.747,0.320,1.250) mw=(0.013,-0.014,0.000) pe2=(0.013,0.357,0.000) grounded=1 contactSamples=1 contactDistance=0.320 sl=0.371 c=0.089 cv=0.015 sf=3479.299 df=36.818 af=3516.117 Fz=2978.834 Fx=0.000 Fy=-0.000 k=0.000 a=0.000 p=(-0.747,-0.000,1.250) n=(-0.000,1.000,-0.000)
[DEBUG] [W] i=2 w=RL si=2 lp=(0.760,-0.100,-1.250) o=(0.760,0.334,-1.250) wp=(0.747,0.320,-1.250) mw=(-0.013,-0.014,0.000) pe2=(-0.013,0.357,0.000) grounded=1 contactSamples=1 contactDistance=0.320 sl=0.371 c=0.089 cv=0.015 sf=3479.299 df=36.818 af=3516.117 Fz=2978.834 Fx=0.000 Fy=-0.000 k=0.000 a=0.000 p=(0.747,-0.000,-1.250) n=(-0.000,1.000,-0.000)
[DEBUG] [W] i=3 w=RR si=3 lp=(-0.760,-0.100,-1.250) o=(-0.760,0.334,-1.250) wp=(-0.747,0.320,-1.250) mw=(0.013,-0.014,0.000) pe2=(0.013,0.357,0.000) grounded=1 contactSamples=1 contactDistance=0.320 sl=0.371 c=0.089 cv=0.015 sf=3479.299 df=36.818 af=3516.117 Fz=2978.834 Fx=0.000 Fy=-0.000 k=0.000 a=0.000 p=(-0.747,-0.000,-1.250) n=(-0.000,1.000,-0.000)
[DEBUG] [Cornering] steerInput=0.000 frontSteerAngle=-0.000 yawRateY=0.000 rollRateZ=0.000 leftLoad=5957.667 rightLoad=5957.667 leftMinusRight=0.000
[DEBUG] [W] i=0 w=FL si=0 lp=(0.760,-0.100,1.250) o=(0.760,0.334,1.250) wp=(0.747,0.320,1.250) mw=(-0.013,-0.014,0.000) pe2=(-0.013,0.357,0.000) grounded=1 contactSamples=1 contactDistance=0.320 sl=0.371 c=0.089 cv=0.015 sf=3479.301 df=36.818 af=3516.118 Fz=2978.835 Fx=0.000 Fy=-0.000 k=0.000 a=0.000 p=(0.747,-0.000,1.250) n=(-0.000,1.000,-0.000)
[DEBUG] [W] i=1 w=FR si=1 lp=(-0.760,-0.100,1.250) o=(-0.760,0.334,1.250) wp=(-0.747,0.320,1.250) mw=(0.013,-0.014,0.000) pe2=(0.013,0.357,0.000) grounded=1 contactSamples=1 contactDistance=0.320 sl=0.371 c=0.089 cv=0.015 sf=3479.301 df=36.818 af=3516.118 Fz=2978.835 Fx=0.000 Fy=-0.000 k=0.000 a=0.000 p=(-0.747,-0.000,1.250) n=(-0.000,1.000,-0.000)
[DEBUG] [W] i=2 w=RL si=2 lp=(0.760,-0.100,-1.250) o=(0.760,0.334,-1.250) wp=(0.747,0.320,-1.250) mw=(-0.013,-0.014,0.000) pe2=(-0.013,0.357,0.000) grounded=1 contactSamples=1 contactDistance=0.320 sl=0.371 c=0.089 cv=0.015 sf=3479.301 df=36.818 af=3516.118 Fz=2978.835 Fx=0.000 Fy=-0.000 k=0.000 a=0.000 p=(0.747,-0.000,-1.250) n=(-0.000,1.000,-0.000)
[DEBUG] [W] i=3 w=RR si=3 lp=(-0.760,-0.100,-1.250) o=(-0.760,0.334,-1.250) wp=(-0.747,0.320,-1.250) mw=(0.013,-0.014,0.000) pe2=(0.013,0.357,0.000) grounded=1 contactSamples=1 contactDistance=0.320 sl=0.371 c=0.089 cv=0.015 sf=3479.301 df=36.818 af=3516.118 Fz=2978.835 Fx=0.000 Fy=-0.000 k=0.000 a=0.000 p=(-0.747,-0.000,-1.250) n=(-0.000,1.000,-0.000)
[DEBUG] [Cornering] steerInput=0.000 frontSteerAngle=-0.000 yawRateY=0.000 rollRateZ=0.000 leftLoad=5957.669 rightLoad=5957.669 leftMinusRight=0.000
[DEBUG] [W] i=0 w=FL si=0 lp=(0.760,-0.100,1.250) o=(0.760,0.334,1.250) wp=(0.747,0.320,1.250) mw=(-0.013,-0.014,0.000) pe2=(-0.013,0.357,0.000) grounded=1 contactSamples=1 contactDistance=0.320 sl=0.371 c=0.089 cv=0.015 sf=3479.299 df=36.809 af=3516.108 Fz=2978.826 Fx=0.000 Fy=-0.000 k=0.000 a=0.000 p=(0.747,-0.000,1.250) n=(-0.000,1.000,-0.000)
[DEBUG] [W] i=1 w=FR si=1 lp=(-0.760,-0.100,1.250) o=(-0.760,0.334,1.250) wp=(-0.747,0.320,1.250) mw=(0.013,-0.014,0.000) pe2=(0.013,0.357,0.000) grounded=1 contactSamples=1 contactDistance=0.320 sl=0.371 c=0.089 cv=0.015 sf=3479.299 df=36.809 af=3516.108 Fz=2978.826 Fx=0.000 Fy=-0.000 k=0.000 a=0.000 p=(-0.747,-0.000,1.250) n=(-0.000,1.000,-0.000)
[DEBUG] [W] i=2 w=RL si=2 lp=(0.760,-0.100,-1.250) o=(0.760,0.334,-1.250) wp=(0.747,0.320,-1.250) mw=(-0.013,-0.014,0.000) pe2=(-0.013,0.357,0.000) grounded=1 contactSamples=1 contactDistance=0.320 sl=0.371 c=0.089 cv=0.015 sf=3479.299 df=36.809 af=3516.108 Fz=2978.826 Fx=0.000 Fy=-0.000 k=0.000 a=0.000 p=(0.747,-0.000,-1.250) n=(-0.000,1.000,-0.000)
[DEBUG] [W] i=3 w=RR si=3 lp=(-0.760,-0.100,-1.250) o=(-0.760,0.334,-1.250) wp=(-0.747,0.320,-1.250) mw=(0.013,-0.014,0.000) pe2=(0.013,0.357,0.000) grounded=1 contactSamples=1 contactDistance=0.320 sl=0.371 c=0.089 cv=0.015 sf=3479.299 df=36.809 af=3516.108 Fz=2978.826 Fx=0.000 Fy=-0.000 k=0.000 a=0.000 p=(-0.747,-0.000,-1.250) n=(-0.000,1.000,-0.000)
[DEBUG] [Cornering] steerInput=0.000 frontSteerAngle=-0.000 yawRateY=0.000 rollRateZ=0.000 leftLoad=5957.652 rightLoad=5957.652 leftMinusRight=0.000
[INFO] [EnergyDelta] step=540 t=4.500000 deltaFromBaseline=-11.524414 stepDelta=0.043457 integratedPowerA=165.599976 integratedPowerB=-5.758475 integratedSpringPower=-176.875824 integratedDamperPower=17.133247 integratedPowerBalanceResidual=0.098930
[INFO] [State] t=4.500000 y=0.434129 z=0.000000 vy=0.000442 vz=0.000000 energy=5731.358398 compression=0.089213,0.089213,0.089213,0.089213
[DEBUG] [Energy] x=0.000 y=0.434 z=0.000 vx=0.000 vy=0.001 vz=0.000 total=5729.705 potential=5110.615 linear=0.000 angular=0.000 wheels=0.000 suspension=619.089 suspensionPower=6.368 suspensionResidual=-195.756
[DEBUG] [W] i=0 w=FL si=0 lp=(0.760,-0.100,1.250) o=(0.760,0.334,1.250) wp=(0.747,0.320,1.250) mw=(-0.013,-0.014,0.000) pe2=(-0.013,0.357,0.000) grounded=1 contactSamples=1 contactDistance=0.320 sl=0.371 c=0.089 cv=-0.015 sf=3474.513 df=-44.181 af=3430.332 Fz=2906.555 Fx=0.000 Fy=-0.000 k=0.000 a=0.000 p=(0.747,-0.000,1.250) n=(-0.000,1.000,-0.000)
[DEBUG] [W] i=1 w=FR si=1 lp=(-0.760,-0.100,1.250) o=(-0.760,0.334,1.250) wp=(-0.747,0.320,1.250) mw=(0.013,-0.014,0.000) pe2=(0.013,0.357,0.000) grounded=1 contactSamples=1 contactDistance=0.320 sl=0.371 c=0.089 cv=-0.015 sf=3474.513 df=-44.181 af=3430.332 Fz=2906.555 Fx=0.000 Fy=-0.000 k=0.000 a=0.000 p=(-0.747,-0.000,1.250) n=(-0.000,1.000,-0.000)
[DEBUG] [W] i=2 w=RL si=2 lp=(0.760,-0.100,-1.250) o=(0.760,0.334,-1.250) wp=(0.747,0.320,-1.250) mw=(-0.013,-0.014,0.000) pe2=(-0.013,0.357,0.000) grounded=1 contactSamples=1 contactDistance=0.320 sl=0.371 c=0.089 cv=-0.015 sf=3474.513 df=-44.181 af=3430.332 Fz=2906.555 Fx=0.000 Fy=-0.000 k=0.000 a=0.000 p=(0.747,-0.000,-1.250) n=(-0.000,1.000,-0.000)
[DEBUG] [W] i=3 w=RR si=3 lp=(-0.760,-0.100,-1.250) o=(-0.760,0.334,-1.250) wp=(-0.747,0.320,-1.250) mw=(0.013,-0.014,0.000) pe2=(0.013,0.357,0.000) grounded=1 contactSamples=1 contactDistance=0.320 sl=0.371 c=0.089 cv=-0.015 sf=3474.513 df=-44.181 af=3430.332 Fz=2906.555 Fx=0.000 Fy=-0.000 k=0.000 a=0.000 p=(-0.747,-0.000,-1.250) n=(-0.000,1.000,-0.000)
[DEBUG] [Cornering] steerInput=0.000 frontSteerAngle=-0.000 yawRateY=0.000 rollRateZ=0.000 leftLoad=5813.110 rightLoad=5813.110 leftMinusRight=0.000
[DEBUG] [W] i=0 w=FL si=0 lp=(0.760,-0.100,1.250) o=(0.760,0.334,1.250) wp=(0.747,0.320,1.250) mw=(-0.013,-0.014,0.000) pe2=(-0.013,0.357,0.000) grounded=1 contactSamples=1 contactDistance=0.320 sl=0.371 c=0.089 cv=-0.015 sf=3474.513 df=-44.181 af=3430.332 Fz=2906.555 Fx=0.000 Fy=-0.000 k=0.000 a=0.000 p=(0.747,-0.000,1.250) n=(-0.000,1.000,-0.000)
[DEBUG] [W] i=1 w=FR si=1 lp=(-0.760,-0.100,1.250) o=(-0.760,0.334,1.250) wp=(-0.747,0.320,1.250) mw=(0.013,-0.014,0.000) pe2=(0.013,0.357,0.000) grounded=1 contactSamples=1 contactDistance=0.320 sl=0.371 c=0.089 cv=-0.015 sf=3474.513 df=-44.181 af=3430.332 Fz=2906.555 Fx=0.000 Fy=-0.000 k=0.000 a=0.000 p=(-0.747,-0.000,1.250) n=(-0.000,1.000,-0.000)
[DEBUG] [W] i=2 w=RL si=2 lp=(0.760,-0.100,-1.250) o=(0.760,0.334,-1.250) wp=(0.747,0.320,-1.250) mw=(-0.013,-0.014,0.000) pe2=(-0.013,0.357,0.000) grounded=1 contactSamples=1 contactDistance=0.320 sl=0.371 c=0.089 cv=-0.015 sf=3474.513 df=-44.181 af=3430.332 Fz=2906.555 Fx=0.000 Fy=-0.000 k=0.000 a=0.000 p=(0.747,-0.000,-1.250) n=(-0.000,1.000,-0.000)
[DEBUG] [W] i=3 w=RR si=3 lp=(-0.760,-0.100,-1.250) o=(-0.760,0.334,-1.250) wp=(-0.747,0.320,-1.250) mw=(0.013,-0.014,0.000) pe2=(0.013,0.357,0.000) grounded=1 contactSamples=1 contactDistance=0.320 sl=0.371 c=0.089 cv=-0.015 sf=3474.513 df=-44.181 af=3430.332 Fz=2906.555 Fx=0.000 Fy=-0.000 k=0.000 a=0.000 p=(-0.747,-0.000,-1.250) n=(-0.000,1.000,-0.000)
[DEBUG] [Cornering] steerInput=0.000 frontSteerAngle=-0.000 yawRateY=0.000 rollRateZ=0.000 leftLoad=5813.110 rightLoad=5813.110 leftMinusRight=0.000
[DEBUG] [W] i=0 w=FL si=0 lp=(0.760,-0.100,1.250) o=(0.760,0.334,1.250) wp=(0.747,0.320,1.250) mw=(-0.013,-0.014,0.000) pe2=(-0.013,0.357,0.000) grounded=1 contactSamples=1 contactDistance=0.320 sl=0.371 c=0.089 cv=-0.015 sf=3474.514 df=-44.181 af=3430.333 Fz=2906.556 Fx=0.000 Fy=-0.000 k=0.000 a=0.000 p=(0.747,-0.000,1.250) n=(-0.000,1.000,-0.000)
[DEBUG] [W] i=1 w=FR si=1 lp=(-0.760,-0.100,1.250) o=(-0.760,0.334,1.250) wp=(-0.747,0.320,1.250) mw=(0.013,-0.014,0.000) pe2=(0.013,0.357,0.000) grounded=1 contactSamples=1 contactDistance=0.320 sl=0.371 c=0.089 cv=-0.015 sf=3474.514 df=-44.181 af=3430.333 Fz=2906.556 Fx=0.000 Fy=-0.000 k=0.000 a=0.000 p=(-0.747,-0.000,1.250) n=(-0.000,1.000,-0.000)
[DEBUG] [W] i=2 w=RL si=2 lp=(0.760,-0.100,-1.250) o=(0.760,0.334,-1.250) wp=(0.747,0.320,-1.250) mw=(-0.013,-0.014,0.000) pe2=(-0.013,0.357,0.000) grounded=1 contactSamples=1 contactDistance=0.320 sl=0.371 c=0.089 cv=-0.015 sf=3474.514 df=-44.181 af=3430.333 Fz=2906.556 Fx=0.000 Fy=-0.000 k=0.000 a=0.000 p=(0.747,-0.000,-1.250) n=(-0.000,1.000,-0.000)
[DEBUG] [W] i=3 w=RR si=3 lp=(-0.760,-0.100,-1.250) o=(-0.760,0.334,-1.250) wp=(-0.747,0.320,-1.250) mw=(0.013,-0.014,0.000) pe2=(0.013,0.357,0.000) grounded=1 contactSamples=1 contactDistance=0.320 sl=0.371 c=0.089 cv=-0.015 sf=3474.514 df=-44.181 af=3430.333 Fz=2906.556 Fx=0.000 Fy=-0.000 k=0.000 a=0.000 p=(-0.747,-0.000,-1.250) n=(-0.000,1.000,-0.000)
[DEBUG] [Cornering] steerInput=0.000 frontSteerAngle=-0.000 yawRateY=0.000 rollRateZ=0.000 leftLoad=5813.111 rightLoad=5813.111 leftMinusRight=0.000
[DEBUG] [W] i=0 w=FL si=0 lp=(0.760,-0.100,1.250) o=(0.760,0.334,1.250) wp=(0.747,0.320,1.250) mw=(-0.013,-0.014,0.000) pe2=(-0.013,0.357,0.000) grounded=1 contactSamples=1 contactDistance=0.320 sl=0.371 c=0.089 cv=0.000 sf=3474.514 df=0.009 af=3474.523 Fz=2943.999 Fx=0.000 Fy=-0.000 k=0.000 a=0.000 p=(0.747,-0.000,1.250) n=(-0.000,1.000,-0.000)
[DEBUG] [W] i=1 w=FR si=1 lp=(-0.760,-0.100,1.250) o=(-0.760,0.334,1.250) wp=(-0.747,0.320,1.250) mw=(0.013,-0.014,0.000) pe2=(0.013,0.357,0.000) grounded=1 contactSamples=1 contactDistance=0.320 sl=0.371 c=0.089 cv=0.000 sf=3474.514 df=0.009 af=3474.523 Fz=2943.999 Fx=0.000 Fy=-0.000 k=0.000 a=0.000 p=(-0.747,-0.000,1.250) n=(-0.000,1.000,-0.000)
[DEBUG] [W] i=2 w=RL si=2 lp=(0.760,-0.100,-1.250) o=(0.760,0.334,-1.250) wp=(0.747,0.320,-1.250) mw=(-0.013,-0.014,0.000) pe2=(-0.013,0.357,0.000) grounded=1 contactSamples=1 contactDistance=0.320 sl=0.371 c=0.089 cv=0.000 sf=3474.514 df=0.009 af=3474.523 Fz=2943.999 Fx=0.000 Fy=-0.000 k=0.000 a=0.000 p=(0.747,-0.000,-1.250) n=(-0.000,1.000,-0.000)
[DEBUG] [W] i=3 w=RR si=3 lp=(-0.760,-0.100,-1.250) o=(-0.760,0.334,-1.250) wp=(-0.747,0.320,-1.250) mw=(0.013,-0.014,0.000) pe2=(0.013,0.357,0.000) grounded=1 contactSamples=1 contactDistance=0.320 sl=0.371 c=0.089 cv=0.000 sf=3474.514 df=0.009 af=3474.523 Fz=2943.999 Fx=0.000 Fy=-0.000 k=0.000 a=0.000 p=(-0.747,-0.000,-1.250) n=(-0.000,1.000,-0.000)
[DEBUG] [Cornering] steerInput=0.000 frontSteerAngle=-0.000 yawRateY=0.000 rollRateZ=0.000 leftLoad=5887.998 rightLoad=5887.998 leftMinusRight=0.000
[DEBUG] [W] i=0 w=FL si=0 lp=(0.760,-0.100,1.250) o=(0.760,0.334,1.250) wp=(0.747,0.320,1.250) mw=(-0.013,-0.014,0.000) pe2=(-0.013,0.357,0.000) grounded=1 contactSamples=1 contactDistance=0.320 sl=0.371 c=0.089 cv=0.015 sf=3479.301 df=36.827 af=3516.127 Fz=2978.842 Fx=0.000 Fy=-0.000 k=0.000 a=0.000 p=(0.747,-0.000,1.250) n=(-0.000,1.000,-0.000)
[DEBUG] [W] i=1 w=FR si=1 lp=(-0.760,-0.100,1.250) o=(-0.760,0.334,1.250) wp=(-0.747,0.320,1.250) mw=(0.013,-0.014,0.000) pe2=(0.013,0.357,0.000) grounded=1 contactSamples=1 contactDistance=0.320 sl=0.371 c=0.089 cv=0.015 sf=3479.301 df=36.827 af=3516.127 Fz=2978.842 Fx=0.000 Fy=-0.000 k=0.000 a=0.000 p=(-0.747,-0.000,1.250) n=(-0.000,1.000,-0.000)
[DEBUG] [W] i=2 w=RL si=2 lp=(0.760,-0.100,-1.250) o=(0.760,0.334,-1.250) wp=(0.747,0.320,-1.250) mw=(-0.013,-0.014,0.000) pe2=(-0.013,0.357,0.000) grounded=1 contactSamples=1 contactDistance=0.320 sl=0.371 c=0.089 cv=0.015 sf=3479.301 df=36.827 af=3516.127 Fz=2978.842 Fx=0.000 Fy=-0.000 k=0.000 a=0.000 p=(0.747,-0.000,-1.250) n=(-0.000,1.000,-0.000)
[DEBUG] [W] i=3 w=RR si=3 lp=(-0.760,-0.100,-1.250) o=(-0.760,0.334,-1.250) wp=(-0.747,0.320,-1.250) mw=(0.013,-0.014,0.000) pe2=(0.013,0.357,0.000) grounded=1 contactSamples=1 contactDistance=0.320 sl=0.371 c=0.089 cv=0.015 sf=3479.301 df=36.827 af=3516.127 Fz=2978.842 Fx=0.000 Fy=-0.000 k=0.000 a=0.000 p=(-0.747,-0.000,-1.250) n=(-0.000,1.000,-0.000)
[DEBUG] [Cornering] steerInput=0.000 frontSteerAngle=-0.000 yawRateY=0.000 rollRateZ=0.000 leftLoad=5957.684 rightLoad=5957.684 leftMinusRight=0.000
[INFO] [EnergyDelta] step=600 t=5.000000 deltaFromBaseline=-13.193848 stepDelta=-1.655273 integratedPowerA=165.605042 integratedPowerB=-5.168006 integratedSpringPower=-178.519928 integratedDamperPower=18.188766 integratedPowerBalanceResidual=0.105881
[INFO] [State] t=5.000000 y=0.434132 z=0.000000 vy=0.000526 vz=0.000000 energy=5729.688965 compression=0.089090,0.089090,0.089090,0.089090
[DEBUG] [Energy] x=0.000 y=0.434 z=0.000 vx=0.000 vy=-0.001 vz=0.000 total=5731.330 potential=5110.534 linear=0.000 angular=0.000 wheels=0.000 suspension=620.796 suspensionPower=-6.609 suspensionResidual=200.469
[DEBUG] [W] i=0 w=FL si=0 lp=(0.760,-0.100,1.250) o=(0.760,0.334,1.250) wp=(0.747,0.320,1.250) mw=(-0.013,-0.014,0.000) pe2=(-0.013,0.357,0.000) grounded=1 contactSamples=1 contactDistance=0.320 sl=0.371 c=0.089 cv=0.015 sf=3479.301 df=36.818 af=3516.118 Fz=2978.835 Fx=0.000 Fy=-0.000 k=0.000 a=0.000 p=(0.747,-0.000,1.250) n=(-0.000,1.000,-0.000)
[DEBUG] [W] i=1 w=FR si=1 lp=(-0.760,-0.100,1.250) o=(-0.760,0.334,1.250) wp=(-0.747,0.320,1.250) mw=(0.013,-0.014,0.000) pe2=(0.013,0.357,0.000) grounded=1 contactSamples=1 contactDistance=0.320 sl=0.371 c=0.089 cv=0.015 sf=3479.301 df=36.818 af=3516.118 Fz=2978.835 Fx=0.000 Fy=-0.000 k=0.000 a=0.000 p=(-0.747,-0.000,1.250) n=(-0.000,1.000,-0.000)
[DEBUG] [W] i=2 w=RL si=2 lp=(0.760,-0.100,-1.250) o=(0.760,0.334,-1.250) wp=(0.747,0.320,-1.250) mw=(-0.013,-0.014,0.000) pe2=(-0.013,0.357,0.000) grounded=1 contactSamples=1 contactDistance=0.320 sl=0.371 c=0.089 cv=0.015 sf=3479.301 df=36.818 af=3516.118 Fz=2978.835 Fx=0.000 Fy=-0.000 k=0.000 a=0.000 p=(0.747,-0.000,-1.250) n=(-0.000,1.000,-0.000)
[DEBUG] [W] i=3 w=RR si=3 lp=(-0.760,-0.100,-1.250) o=(-0.760,0.334,-1.250) wp=(-0.747,0.320,-1.250) mw=(0.013,-0.014,0.000) pe2=(0.013,0.357,0.000) grounded=1 contactSamples=1 contactDistance=0.320 sl=0.371 c=0.089 cv=0.015 sf=3479.301 df=36.818 af=3516.118 Fz=2978.835 Fx=0.000 Fy=-0.000 k=0.000 a=0.000 p=(-0.747,-0.000,-1.250) n=(-0.000,1.000,-0.000)
[DEBUG] [Cornering] steerInput=0.000 frontSteerAngle=-0.000 yawRateY=0.000 rollRateZ=0.000 leftLoad=5957.669 rightLoad=5957.669 leftMinusRight=0.000
[DEBUG] [W] i=0 w=FL si=0 lp=(0.760,-0.100,1.250) o=(0.760,0.334,1.250) wp=(0.747,0.320,1.250) mw=(-0.013,-0.014,0.000) pe2=(-0.013,0.357,0.000) grounded=1 contactSamples=1 contactDistance=0.320 sl=0.371 c=0.089 cv=0.015 sf=3479.299 df=36.818 af=3516.117 Fz=2978.834 Fx=0.000 Fy=-0.000 k=0.000 a=0.000 p=(0.747,-0.000,1.250) n=(-0.000,1.000,-0.000)
[DEBUG] [W] i=1 w=FR si=1 lp=(-0.760,-0.100,1.250) o=(-0.760,0.334,1.250) wp=(-0.747,0.320,1.250) mw=(0.013,-0.014,0.000) pe2=(0.013,0.357,0.000) grounded=1 contactSamples=1 contactDistance=0.320 sl=0.371 c=0.089 cv=0.015 sf=3479.299 df=36.818 af=3516.117 Fz=2978.834 Fx=0.000 Fy=-0.000 k=0.000 a=0.000 p=(-0.747,-0.000,1.250) n=(-0.000,1.000,-0.000)
[DEBUG] [W] i=2 w=RL si=2 lp=(0.760,-0.100,-1.250) o=(0.760,0.334,-1.250) wp=(0.747,0.320,-1.250) mw=(-0.013,-0.014,0.000) pe2=(-0.013,0.357,0.000) grounded=1 contactSamples=1 contactDistance=0.320 sl=0.371 c=0.089 cv=0.015 sf=3479.299 df=36.818 af=3516.117 Fz=2978.834 Fx=0.000 Fy=-0.000 k=0.000 a=0.000 p=(0.747,-0.000,-1.250) n=(-0.000,1.000,-0.000)
[DEBUG] [W] i=3 w=RR si=3 lp=(-0.760,-0.100,-1.250) o=(-0.760,0.334,-1.250) wp=(-0.747,0.320,-1.250) mw=(0.013,-0.014,0.000) pe2=(0.013,0.357,0.000) grounded=1 contactSamples=1 contactDistance=0.320 sl=0.371 c=0.089 cv=0.015 sf=3479.299 df=36.818 af=3516.117 Fz=2978.834 Fx=0.000 Fy=-0.000 k=0.000 a=0.000 p=(-0.747,-0.000,-1.250) n=(-0.000,1.000,-0.000)
[DEBUG] [Cornering] steerInput=0.000 frontSteerAngle=-0.000 yawRateY=0.000 rollRateZ=0.000 leftLoad=5957.667 rightLoad=5957.667 leftMinusRight=0.000
[DEBUG] [W] i=0 w=FL si=0 lp=(0.760,-0.100,1.250) o=(0.760,0.334,1.250) wp=(0.747,0.320,1.250) mw=(-0.013,-0.014,0.000) pe2=(-0.013,0.357,0.000) grounded=1 contactSamples=1 contactDistance=0.320 sl=0.371 c=0.089 cv=0.015 sf=3479.299 df=36.818 af=3516.117 Fz=2978.834 Fx=0.000 Fy=-0.000 k=0.000 a=0.000 p=(0.747,-0.000,1.250) n=(-0.000,1.000,-0.000)
[DEBUG] [W] i=1 w=FR si=1 lp=(-0.760,-0.100,1.250) o=(-0.760,0.334,1.250) wp=(-0.747,0.320,1.250) mw=(0.013,-0.014,0.000) pe2=(0.013,0.357,0.000) grounded=1 contactSamples=1 contactDistance=0.320 sl=0.371 c=0.089 cv=0.015 sf=3479.299 df=36.818 af=3516.117 Fz=2978.834 Fx=0.000 Fy=-0.000 k=0.000 a=0.000 p=(-0.747,-0.000,1.250) n=(-0.000,1.000,-0.000)
[DEBUG] [W] i=2 w=RL si=2 lp=(0.760,-0.100,-1.250) o=(0.760,0.334,-1.250) wp=(0.747,0.320,-1.250) mw=(-0.013,-0.014,0.000) pe2=(-0.013,0.357,0.000) grounded=1 contactSamples=1 contactDistance=0.320 sl=0.371 c=0.089 cv=0.015 sf=3479.299 df=36.818 af=3516.117 Fz=2978.834 Fx=0.000 Fy=-0.000 k=0.000 a=0.000 p=(0.747,-0.000,-1.250) n=(-0.000,1.000,-0.000)
[DEBUG] [W] i=3 w=RR si=3 lp=(-0.760,-0.100,-1.250) o=(-0.760,0.334,-1.250) wp=(-0.747,0.320,-1.250) mw=(0.013,-0.014,0.000) pe2=(0.013,0.357,0.000) grounded=1 contactSamples=1 contactDistance=0.320 sl=0.371 c=0.089 cv=0.015 sf=3479.299 df=36.818 af=3516.117 Fz=2978.834 Fx=0.000 Fy=-0.000 k=0.000 a=0.000 p=(-0.747,-0.000,-1.250) n=(-0.000,1.000,-0.000)
[DEBUG] [Cornering] steerInput=0.000 frontSteerAngle=-0.000 yawRateY=0.000 rollRateZ=0.000 leftLoad=5957.667 rightLoad=5957.667 leftMinusRight=0.000
[DEBUG] [W] i=0 w=FL si=0 lp=(0.760,-0.100,1.250) o=(0.760,0.334,1.250) wp=(0.747,0.320,1.250) mw=(-0.013,-0.014,0.000) pe2=(-0.013,0.357,0.000) grounded=1 contactSamples=1 contactDistance=0.320 sl=0.371 c=0.089 cv=0.015 sf=3479.301 df=36.818 af=3516.118 Fz=2978.835 Fx=0.000 Fy=-0.000 k=0.000 a=0.000 p=(0.747,-0.000,1.250) n=(-0.000,1.000,-0.000)
[DEBUG] [W] i=1 w=FR si=1 lp=(-0.760,-0.100,1.250) o=(-0.760,0.334,1.250) wp=(-0.747,0.320,1.250) mw=(0.013,-0.014,0.000) pe2=(0.013,0.357,0.000) grounded=1 contactSamples=1 contactDistance=0.320 sl=0.371 c=0.089 cv=0.015 sf=3479.301 df=36.818 af=3516.118 Fz=2978.835 Fx=0.000 Fy=-0.000 k=0.000 a=0.000 p=(-0.747,-0.000,1.250) n=(-0.000,1.000,-0.000)
[DEBUG] [W] i=2 w=RL si=2 lp=(0.760,-0.100,-1.250) o=(0.760,0.334,-1.250) wp=(0.747,0.320,-1.250) mw=(-0.013,-0.014,0.000) pe2=(-0.013,0.357,0.000) grounded=1 contactSamples=1 contactDistance=0.320 sl=0.371 c=0.089 cv=0.015 sf=3479.301 df=36.818 af=3516.118 Fz=2978.835 Fx=0.000 Fy=-0.000 k=0.000 a=0.000 p=(0.747,-0.000,-1.250) n=(-0.000,1.000,-0.000)
[DEBUG] [W] i=3 w=RR si=3 lp=(-0.760,-0.100,-1.250) o=(-0.760,0.334,-1.250) wp=(-0.747,0.320,-1.250) mw=(0.013,-0.014,0.000) pe2=(0.013,0.357,0.000) grounded=1 contactSamples=1 contactDistance=0.320 sl=0.371 c=0.089 cv=0.015 sf=3479.301 df=36.818 af=3516.118 Fz=2978.835 Fx=0.000 Fy=-0.000 k=0.000 a=0.000 p=(-0.747,-0.000,-1.250) n=(-0.000,1.000,-0.000)
[DEBUG] [Cornering] steerInput=0.000 frontSteerAngle=-0.000 yawRateY=0.000 rollRateZ=0.000 leftLoad=5957.669 rightLoad=5957.669 leftMinusRight=0.000
[DEBUG] [W] i=0 w=FL si=0 lp=(0.760,-0.100,1.250) o=(0.760,0.334,1.250) wp=(0.747,0.320,1.250) mw=(-0.013,-0.014,0.000) pe2=(-0.013,0.357,0.000) grounded=1 contactSamples=1 contactDistance=0.320 sl=0.371 c=0.089 cv=0.015 sf=3479.301 df=36.818 af=3516.118 Fz=2978.835 Fx=0.000 Fy=-0.000 k=0.000 a=0.000 p=(0.747,-0.000,1.250) n=(-0.000,1.000,-0.000)
[DEBUG] [W] i=1 w=FR si=1 lp=(-0.760,-0.100,1.250) o=(-0.760,0.334,1.250) wp=(-0.747,0.320,1.250) mw=(0.013,-0.014,0.000) pe2=(0.013,0.357,0.000) grounded=1 contactSamples=1 contactDistance=0.320 sl=0.371 c=0.089 cv=0.015 sf=3479.301 df=36.818 af=3516.118 Fz=2978.835 Fx=0.000 Fy=-0.000 k=0.000 a=0.000 p=(-0.747,-0.000,1.250) n=(-0.000,1.000,-0.000)
[DEBUG] [W] i=2 w=RL si=2 lp=(0.760,-0.100,-1.250) o=(0.760,0.334,-1.250) wp=(0.747,0.320,-1.250) mw=(-0.013,-0.014,0.000) pe2=(-0.013,0.357,0.000) grounded=1 contactSamples=1 contactDistance=0.320 sl=0.371 c=0.089 cv=0.015 sf=3479.301 df=36.818 af=3516.118 Fz=2978.835 Fx=0.000 Fy=-0.000 k=0.000 a=0.000 p=(0.747,-0.000,-1.250) n=(-0.000,1.000,-0.000)
[DEBUG] [W] i=3 w=RR si=3 lp=(-0.760,-0.100,-1.250) o=(-0.760,0.334,-1.250) wp=(-0.747,0.320,-1.250) mw=(0.013,-0.014,0.000) pe2=(0.013,0.357,0.000) grounded=1 contactSamples=1 contactDistance=0.320 sl=0.371 c=0.089 cv=0.015 sf=3479.301 df=36.818 af=3516.118 Fz=2978.835 Fx=0.000 Fy=-0.000 k=0.000 a=0.000 p=(-0.747,-0.000,-1.250) n=(-0.000,1.000,-0.000)
[DEBUG] [Cornering] steerInput=0.000 frontSteerAngle=-0.000 yawRateY=0.000 rollRateZ=0.000 leftLoad=5957.669 rightLoad=5957.669 leftMinusRight=0.000
[INFO] [EnergyDelta] step=660 t=5.500000 deltaFromBaseline=-13.205078 stepDelta=-1.654297 integratedPowerA=165.560669 integratedPowerB=-6.254064 integratedSpringPower=-178.455719 integratedDamperPower=19.262299 integratedPowerBalanceResidual=0.113190
[INFO] [State] t=5.500000 y=0.434131 z=0.000000 vy=0.000537 vz=0.000000 energy=5729.677734 compression=0.089090,0.089090,0.089090,0.089090
[DEBUG] [Energy] x=0.000 y=0.434 z=0.000 vx=0.000 vy=0.000 vz=0.000 total=5729.666 potential=5110.577 linear=0.000 angular=0.000 wheels=0.000 suspension=619.089 suspensionPower=5.254 suspensionResidual=-196.821
[DEBUG] [W] i=0 w=FL si=0 lp=(0.760,-0.100,1.250) o=(0.760,0.334,1.250) wp=(0.747,0.320,1.250) mw=(-0.013,-0.014,0.000) pe2=(-0.013,0.357,0.000) grounded=1 contactSamples=1 contactDistance=0.320 sl=0.371 c=0.089 cv=0.015 sf=3479.301 df=36.827 af=3516.127 Fz=2978.842 Fx=0.000 Fy=-0.000 k=0.000 a=0.000 p=(0.747,-0.000,1.250) n=(-0.000,1.000,-0.000)
[DEBUG] [W] i=1 w=FR si=1 lp=(-0.760,-0.100,1.250) o=(-0.760,0.334,1.250) wp=(-0.747,0.320,1.250) mw=(0.013,-0.014,0.000) pe2=(0.013,0.357,0.000) grounded=1 contactSamples=1 contactDistance=0.320 sl=0.371 c=0.089 cv=0.015 sf=3479.301 df=36.827 af=3516.127 Fz=2978.842 Fx=0.000 Fy=-0.000 k=0.000 a=0.000 p=(-0.747,-0.000,1.250) n=(-0.000,1.000,-0.000)
[DEBUG] [W] i=2 w=RL si=2 lp=(0.760,-0.100,-1.250) o=(0.760,0.334,-1.250) wp=(0.747,0.320,-1.250) mw=(-0.013,-0.014,0.000) pe2=(-0.013,0.357,0.000) grounded=1 contactSamples=1 contactDistance=0.320 sl=0.371 c=0.089 cv=0.015 sf=3479.301 df=36.827 af=3516.127 Fz=2978.842 Fx=0.000 Fy=-0.000 k=0.000 a=0.000 p=(0.747,-0.000,-1.250) n=(-0.000,1.000,-0.000)
[DEBUG] [W] i=3 w=RR si=3 lp=(-0.760,-0.100,-1.250) o=(-0.760,0.334,-1.250) wp=(-0.747,0.320,-1.250) mw=(0.013,-0.014,0.000) pe2=(0.013,0.357,0.000) grounded=1 contactSamples=1 contactDistance=0.320 sl=0.371 c=0.089 cv=0.015 sf=3479.301 df=36.827 af=3516.127 Fz=2978.842 Fx=0.000 Fy=-0.000 k=0.000 a=0.000 p=(-0.747,-0.000,-1.250) n=(-0.000,1.000,-0.000)
[DEBUG] [Cornering] steerInput=0.000 frontSteerAngle=-0.000 yawRateY=0.000 rollRateZ=0.000 leftLoad=5957.684 rightLoad=5957.684 leftMinusRight=0.000
[DEBUG] [W] i=0 w=FL si=0 lp=(0.760,-0.100,1.250) o=(0.760,0.334,1.250) wp=(0.747,0.320,1.250) mw=(-0.013,-0.014,0.000) pe2=(-0.013,0.357,0.000) grounded=1 contactSamples=1 contactDistance=0.320 sl=0.371 c=0.089 cv=-0.000 sf=3474.513 df=-0.011 af=3474.502 Fz=2943.981 Fx=0.000 Fy=-0.000 k=0.000 a=0.000 p=(0.747,-0.000,1.250) n=(-0.000,1.000,-0.000)
[DEBUG] [W] i=1 w=FR si=1 lp=(-0.760,-0.100,1.250) o=(-0.760,0.334,1.250) wp=(-0.747,0.320,1.250) mw=(0.013,-0.014,0.000) pe2=(0.013,0.357,0.000) grounded=1 contactSamples=1 contactDistance=0.320 sl=0.371 c=0.089 cv=-0.000 sf=3474.513 df=-0.011 af=3474.502 Fz=2943.981 Fx=0.000 Fy=-0.000 k=0.000 a=0.000 p=(-0.747,-0.000,1.250) n=(-0.000,1.000,-0.000)
[DEBUG] [W] i=2 w=RL si=2 lp=(0.760,-0.100,-1.250) o=(0.760,0.334,-1.250) wp=(0.747,0.320,-1.250) mw=(-0.013,-0.014,0.000) pe2=(-0.013,0.357,0.000) grounded=1 contactSamples=1 contactDistance=0.320 sl=0.371 c=0.089 cv=-0.000 sf=3474.513 df=-0.011 af=3474.502 Fz=2943.981 Fx=0.000 Fy=-0.000 k=0.000 a=0.000 p=(0.747,-0.000,-1.250) n=(-0.000,1.000,-0.000)
[DEBUG] [W] i=3 w=RR si=3 lp=(-0.760,-0.100,-1.250) o=(-0.760,0.334,-1.250) wp=(-0.747,0.320,-1.250) mw=(0.013,-0.014,0.000) pe2=(0.013,0.357,0.000) grounded=1 contactSamples=1 contactDistance=0.320 sl=0.371 c=0.089 cv=-0.000 sf=3474.513 df=-0.011 af=3474.502 Fz=2943.981 Fx=0.000 Fy=-0.000 k=0.000 a=0.000 p=(-0.747,-0.000,-1.250) n=(-0.000,1.000,-0.000)
[DEBUG] [Cornering] steerInput=0.000 frontSteerAngle=-0.000 yawRateY=0.000 rollRateZ=0.000 leftLoad=5887.962 rightLoad=5887.962 leftMinusRight=0.000
[DEBUG] [W] i=0 w=FL si=0 lp=(0.760,-0.100,1.250) o=(0.760,0.334,1.250) wp=(0.747,0.320,1.250) mw=(-0.013,-0.014,0.000) pe2=(-0.013,0.357,0.000) grounded=1 contactSamples=1 contactDistance=0.320 sl=0.371 c=0.089 cv=0.000 sf=3479.299 df=0.000 af=3479.299 Fz=2947.642 Fx=0.000 Fy=-0.000 k=0.000 a=0.000 p=(0.747,-0.000,1.250) n=(-0.000,1.000,-0.000)
[DEBUG] [W] i=1 w=FR si=1 lp=(-0.760,-0.100,1.250) o=(-0.760,0.334,1.250) wp=(-0.747,0.320,1.250) mw=(0.013,-0.014,0.000) pe2=(0.013,0.357,0.000) grounded=1 contactSamples=1 contactDistance=0.320 sl=0.371 c=0.089 cv=0.000 sf=3479.299 df=0.000 af=3479.299 Fz=2947.642 Fx=0.000 Fy=-0.000 k=0.000 a=0.000 p=(-0.747,-0.000,1.250) n=(-0.000,1.000,-0.000)
[DEBUG] [W] i=2 w=RL si=2 lp=(0.760,-0.100,-1.250) o=(0.760,0.334,-1.250) wp=(0.747,0.320,-1.250) mw=(-0.013,-0.014,0.000) pe2=(-0.013,0.357,0.000) grounded=1 contactSamples=1 contactDistance=0.320 sl=0.371 c=0.089 cv=0.000 sf=3479.299 df=0.000 af=3479.299 Fz=2947.642 Fx=0.000 Fy=-0.000 k=0.000 a=0.000 p=(0.747,-0.000,-1.250) n=(-0.000,1.000,-0.000)
[DEBUG] [W] i=3 w=RR si=3 lp=(-0.760,-0.100,-1.250) o=(-0.760,0.334,-1.250) wp=(-0.747,0.320,-1.250) mw=(0.013,-0.014,0.000) pe2=(0.013,0.357,0.000) grounded=1 contactSamples=1 contactDistance=0.320 sl=0.371 c=0.089 cv=0.000 sf=3479.299 df=0.000 af=3479.299 Fz=2947.642 Fx=0.000 Fy=-0.000 k=0.000 a=0.000 p=(-0.747,-0.000,-1.250) n=(-0.000,1.000,-0.000)
[DEBUG] [Cornering] steerInput=0.000 frontSteerAngle=-0.000 yawRateY=0.000 rollRateZ=0.000 leftLoad=5895.284 rightLoad=5895.284 leftMinusRight=0.000
[DEBUG] [W] i=0 w=FL si=0 lp=(0.760,-0.100,1.250) o=(0.760,0.334,1.250) wp=(0.747,0.320,1.250) mw=(-0.013,-0.014,0.000) pe2=(-0.013,0.357,0.000) grounded=1 contactSamples=1 contactDistance=0.320 sl=0.371 c=0.089 cv=0.015 sf=3479.301 df=36.827 af=3516.127 Fz=2978.842 Fx=0.000 Fy=-0.000 k=0.000 a=0.000 p=(0.747,-0.000,1.250) n=(-0.000,1.000,-0.000)
[DEBUG] [W] i=1 w=FR si=1 lp=(-0.760,-0.100,1.250) o=(-0.760,0.334,1.250) wp=(-0.747,0.320,1.250) mw=(0.013,-0.014,0.000) pe2=(0.013,0.357,0.000) grounded=1 contactSamples=1 contactDistance=0.320 sl=0.371 c=0.089 cv=0.015 sf=3479.301 df=36.827 af=3516.127 Fz=2978.842 Fx=0.000 Fy=-0.000 k=0.000 a=0.000 p=(-0.747,-0.000,1.250) n=(-0.000,1.000,-0.000)
[DEBUG] [W] i=2 w=RL si=2 lp=(0.760,-0.100,-1.250) o=(0.760,0.334,-1.250) wp=(0.747,0.320,-1.250) mw=(-0.013,-0.014,0.000) pe2=(-0.013,0.357,0.000) grounded=1 contactSamples=1 contactDistance=0.320 sl=0.371 c=0.089 cv=0.015 sf=3479.301 df=36.827 af=3516.127 Fz=2978.842 Fx=0.000 Fy=-0.000 k=0.000 a=0.000 p=(0.747,-0.000,-1.250) n=(-0.000,1.000,-0.000)
[DEBUG] [W] i=3 w=RR si=3 lp=(-0.760,-0.100,-1.250) o=(-0.760,0.334,-1.250) wp=(-0.747,0.320,-1.250) mw=(0.013,-0.014,0.000) pe2=(0.013,0.357,0.000) grounded=1 contactSamples=1 contactDistance=0.320 sl=0.371 c=0.089 cv=0.015 sf=3479.301 df=36.827 af=3516.127 Fz=2978.842 Fx=0.000 Fy=-0.000 k=0.000 a=0.000 p=(-0.747,-0.000,-1.250) n=(-0.000,1.000,-0.000)
[DEBUG] [Cornering] steerInput=0.000 frontSteerAngle=-0.000 yawRateY=0.000 rollRateZ=0.000 leftLoad=5957.684 rightLoad=5957.684 leftMinusRight=0.000
[DEBUG] [W] i=0 w=FL si=0 lp=(0.760,-0.100,1.250) o=(0.760,0.334,1.250) wp=(0.747,0.320,1.250) mw=(-0.013,-0.014,0.000) pe2=(-0.013,0.357,0.000) grounded=1 contactSamples=1 contactDistance=0.320 sl=0.371 c=0.089 cv=0.015 sf=3479.301 df=36.827 af=3516.127 Fz=2978.842 Fx=0.000 Fy=-0.000 k=0.000 a=0.000 p=(0.747,-0.000,1.250) n=(-0.000,1.000,-0.000)
[DEBUG] [W] i=1 w=FR si=1 lp=(-0.760,-0.100,1.250) o=(-0.760,0.334,1.250) wp=(-0.747,0.320,1.250) mw=(0.013,-0.014,0.000) pe2=(0.013,0.357,0.000) grounded=1 contactSamples=1 contactDistance=0.320 sl=0.371 c=0.089 cv=0.015 sf=3479.301 df=36.827 af=3516.127 Fz=2978.842 Fx=0.000 Fy=-0.000 k=0.000 a=0.000 p=(-0.747,-0.000,1.250) n=(-0.000,1.000,-0.000)
[DEBUG] [W] i=2 w=RL si=2 lp=(0.760,-0.100,-1.250) o=(0.760,0.334,-1.250) wp=(0.747,0.320,-1.250) mw=(-0.013,-0.014,0.000) pe2=(-0.013,0.357,0.000) grounded=1 contactSamples=1 contactDistance=0.320 sl=0.371 c=0.089 cv=0.015 sf=3479.301 df=36.827 af=3516.127 Fz=2978.842 Fx=0.000 Fy=-0.000 k=0.000 a=0.000 p=(0.747,-0.000,-1.250) n=(-0.000,1.000,-0.000)
[DEBUG] [W] i=3 w=RR si=3 lp=(-0.760,-0.100,-1.250) o=(-0.760,0.334,-1.250) wp=(-0.747,0.320,-1.250) mw=(0.013,-0.014,0.000) pe2=(0.013,0.357,0.000) grounded=1 contactSamples=1 contactDistance=0.320 sl=0.371 c=0.089 cv=0.015 sf=3479.301 df=36.827 af=3516.127 Fz=2978.842 Fx=0.000 Fy=-0.000 k=0.000 a=0.000 p=(-0.747,-0.000,-1.250) n=(-0.000,1.000,-0.000)
[DEBUG] [Cornering] steerInput=0.000 frontSteerAngle=-0.000 yawRateY=0.000 rollRateZ=0.000 leftLoad=5957.684 rightLoad=5957.684 leftMinusRight=0.000
[INFO] [EnergyDelta] step=720 t=6.000000 deltaFromBaseline=-13.205566 stepDelta=-1.663086 integratedPowerA=165.528015 integratedPowerB=-7.351459 integratedSpringPower=-178.392303 integratedDamperPower=20.335884 integratedPowerBalanceResidual=0.120140
[INFO] [State] t=6.000000 y=0.434131 z=0.000000 vy=0.000447 vz=0.000000 energy=5729.677246 compression=0.089090,0.089090,0.089090,0.089090
[DEBUG] [W] i=0 w=FL si=0 lp=(0.760,-0.100,1.250) o=(0.760,0.334,1.250) wp=(0.747,0.320,1.250) mw=(-0.013,-0.014,0.000) pe2=(-0.013,0.357,0.000) grounded=1 contactSamples=1 contactDistance=0.320 sl=0.371 c=0.089 cv=0.015 sf=3479.299 df=36.809 af=3516.108 Fz=2978.826 Fx=0.000 Fy=-0.000 k=0.000 a=0.000 p=(0.747,-0.000,1.250) n=(-0.000,1.000,-0.000)
[DEBUG] [W] i=1 w=FR si=1 lp=(-0.760,-0.100,1.250) o=(-0.760,0.334,1.250) wp=(-0.747,0.320,1.250) mw=(0.013,-0.014,0.000) pe2=(0.013,0.357,0.000) grounded=1 contactSamples=1 contactDistance=0.320 sl=0.371 c=0.089 cv=0.015 sf=3479.299 df=36.809 af=3516.108 Fz=2978.826 Fx=0.000 Fy=-0.000 k=0.000 a=0.000 p=(-0.747,-0.000,1.250) n=(-0.000,1.000,-0.000)
[DEBUG] [W] i=2 w=RL si=2 lp=(0.760,-0.100,-1.250) o=(0.760,0.334,-1.250) wp=(0.747,0.320,-1.250) mw=(-0.013,-0.014,0.000) pe2=(-0.013,0.357,0.000) grounded=1 contactSamples=1 contactDistance=0.320 sl=0.371 c=0.089 cv=0.015 sf=3479.299 df=36.809 af=3516.108 Fz=2978.826 Fx=0.000 Fy=-0.000 k=0.000 a=0.000 p=(0.747,-0.000,-1.250) n=(-0.000,1.000,-0.000)
[DEBUG] [W] i=3 w=RR si=3 lp=(-0.760,-0.100,-1.250) o=(-0.760,0.334,-1.250) wp=(-0.747,0.320,-1.250) mw=(0.013,-0.014,0.000) pe2=(0.013,0.357,0.000) grounded=1 contactSamples=1 contactDistance=0.320 sl=0.371 c=0.089 cv=0.015 sf=3479.299 df=36.809 af=3516.108 Fz=2978.826 Fx=0.000 Fy=-0.000 k=0.000 a=0.000 p=(-0.747,-0.000,-1.250) n=(-0.000,1.000,-0.000)
[DEBUG] [Cornering] steerInput=0.000 frontSteerAngle=-0.000 yawRateY=0.000 rollRateZ=0.000 leftLoad=5957.652 rightLoad=5957.652 leftMinusRight=0.000
[DEBUG] [Energy] x=0.000 y=0.434 z=0.000 vx=0.000 vy=-0.000 vz=0.000 total=5731.325 potential=5110.529 linear=0.000 angular=0.000 wheels=0.000 suspension=620.796 suspensionPower=-5.682 suspensionResidual=201.396
[DEBUG] [W] i=0 w=FL si=0 lp=(0.760,-0.100,1.250) o=(0.760,0.334,1.250) wp=(0.747,0.320,1.250) mw=(-0.013,-0.014,0.000) pe2=(-0.013,0.357,0.000) grounded=1 contactSamples=1 contactDistance=0.320 sl=0.371 c=0.089 cv=0.015 sf=3479.299 df=36.809 af=3516.108 Fz=2978.826 Fx=0.000 Fy=-0.000 k=0.000 a=0.000 p=(0.747,-0.000,1.250) n=(-0.000,1.000,-0.000)
[DEBUG] [W] i=1 w=FR si=1 lp=(-0.760,-0.100,1.250) o=(-0.760,0.334,1.250) wp=(-0.747,0.320,1.250) mw=(0.013,-0.014,0.000) pe2=(0.013,0.357,0.000) grounded=1 contactSamples=1 contactDistance=0.320 sl=0.371 c=0.089 cv=0.015 sf=3479.299 df=36.809 af=3516.108 Fz=2978.826 Fx=0.000 Fy=-0.000 k=0.000 a=0.000 p=(-0.747,-0.000,1.250) n=(-0.000,1.000,-0.000)
[DEBUG] [W] i=2 w=RL si=2 lp=(0.760,-0.100,-1.250) o=(0.760,0.334,-1.250) wp=(0.747,0.320,-1.250) mw=(-0.013,-0.014,0.000) pe2=(-0.013,0.357,0.000) grounded=1 contactSamples=1 contactDistance=0.320 sl=0.371 c=0.089 cv=0.015 sf=3479.299 df=36.809 af=3516.108 Fz=2978.826 Fx=0.000 Fy=-0.000 k=0.000 a=0.000 p=(0.747,-0.000,-1.250) n=(-0.000,1.000,-0.000)
[DEBUG] [W] i=3 w=RR si=3 lp=(-0.760,-0.100,-1.250) o=(-0.760,0.334,-1.250) wp=(-0.747,0.320,-1.250) mw=(0.013,-0.014,0.000) pe2=(0.013,0.357,0.000) grounded=1 contactSamples=1 contactDistance=0.320 sl=0.371 c=0.089 cv=0.015 sf=3479.299 df=36.809 af=3516.108 Fz=2978.826 Fx=0.000 Fy=-0.000 k=0.000 a=0.000 p=(-0.747,-0.000,-1.250) n=(-0.000,1.000,-0.000)
[DEBUG] [Cornering] steerInput=0.000 frontSteerAngle=-0.000 yawRateY=0.000 rollRateZ=0.000 leftLoad=5957.652 rightLoad=5957.652 leftMinusRight=0.000
[DEBUG] [W] i=0 w=FL si=0 lp=(0.760,-0.100,1.250) o=(0.760,0.334,1.250) wp=(0.747,0.320,1.250) mw=(-0.013,-0.014,0.000) pe2=(-0.013,0.357,0.000) grounded=1 contactSamples=1 contactDistance=0.320 sl=0.371 c=0.089 cv=-0.015 sf=3474.514 df=-44.171 af=3430.344 Fz=2906.565 Fx=0.000 Fy=-0.000 k=0.000 a=0.000 p=(0.747,-0.000,1.250) n=(-0.000,1.000,-0.000)
[DEBUG] [W] i=1 w=FR si=1 lp=(-0.760,-0.100,1.250) o=(-0.760,0.334,1.250) wp=(-0.747,0.320,1.250) mw=(0.013,-0.014,0.000) pe2=(0.013,0.357,0.000) grounded=1 contactSamples=1 contactDistance=0.320 sl=0.371 c=0.089 cv=-0.015 sf=3474.514 df=-44.171 af=3430.344 Fz=2906.565 Fx=0.000 Fy=-0.000 k=0.000 a=0.000 p=(-0.747,-0.000,1.250) n=(-0.000,1.000,-0.000)
[DEBUG] [W] i=2 w=RL si=2 lp=(0.760,-0.100,-1.250) o=(0.760,0.334,-1.250) wp=(0.747,0.320,-1.250) mw=(-0.013,-0.014,0.000) pe2=(-0.013,0.357,0.000) grounded=1 contactSamples=1 contactDistance=0.320 sl=0.371 c=0.089 cv=-0.015 sf=3474.514 df=-44.171 af=3430.344 Fz=2906.565 Fx=0.000 Fy=-0.000 k=0.000 a=0.000 p=(0.747,-0.000,-1.250) n=(-0.000,1.000,-0.000)
[DEBUG] [W] i=3 w=RR si=3 lp=(-0.760,-0.100,-1.250) o=(-0.760,0.334,-1.250) wp=(-0.747,0.320,-1.250) mw=(0.013,-0.014,0.000) pe2=(0.013,0.357,0.000) grounded=1 contactSamples=1 contactDistance=0.320 sl=0.371 c=0.089 cv=-0.015 sf=3474.514 df=-44.171 af=3430.344 Fz=2906.565 Fx=0.000 Fy=-0.000 k=0.000 a=0.000 p=(-0.747,-0.000,-1.250) n=(-0.000,1.000,-0.000)
[DEBUG] [Cornering] steerInput=0.000 frontSteerAngle=-0.000 yawRateY=0.000 rollRateZ=0.000 leftLoad=5813.129 rightLoad=5813.129 leftMinusRight=0.000
[DEBUG] [W] i=0 w=FL si=0 lp=(0.760,-0.100,1.250) o=(0.760,0.334,1.250) wp=(0.747,0.320,1.250) mw=(-0.013,-0.014,0.000) pe2=(-0.013,0.357,0.000) grounded=1 contactSamples=1 contactDistance=0.320 sl=0.371 c=0.089 cv=-0.015 sf=3474.514 df=-44.171 af=3430.344 Fz=2906.565 Fx=0.000 Fy=-0.000 k=0.000 a=0.000 p=(0.747,-0.000,1.250) n=(-0.000,1.000,-0.000)
[DEBUG] [W] i=1 w=FR si=1 lp=(-0.760,-0.100,1.250) o=(-0.760,0.334,1.250) wp=(-0.747,0.320,1.250) mw=(0.013,-0.014,0.000) pe2=(0.013,0.357,0.000) grounded=1 contactSamples=1 contactDistance=0.320 sl=0.371 c=0.089 cv=-0.015 sf=3474.514 df=-44.171 af=3430.344 Fz=2906.565 Fx=0.000 Fy=-0.000 k=0.000 a=0.000 p=(-0.747,-0.000,1.250) n=(-0.000,1.000,-0.000)
[DEBUG] [W] i=2 w=RL si=2 lp=(0.760,-0.100,-1.250) o=(0.760,0.334,-1.250) wp=(0.747,0.320,-1.250) mw=(-0.013,-0.014,0.000) pe2=(-0.013,0.357,0.000) grounded=1 contactSamples=1 contactDistance=0.320 sl=0.371 c=0.089 cv=-0.015 sf=3474.514 df=-44.171 af=3430.344 Fz=2906.565 Fx=0.000 Fy=-0.000 k=0.000 a=0.000 p=(0.747,-0.000,-1.250) n=(-0.000,1.000,-0.000)
[DEBUG] [W] i=3 w=RR si=3 lp=(-0.760,-0.100,-1.250) o=(-0.760,0.334,-1.250) wp=(-0.747,0.320,-1.250) mw=(0.013,-0.014,0.000) pe2=(0.013,0.357,0.000) grounded=1 contactSamples=1 contactDistance=0.320 sl=0.371 c=0.089 cv=-0.015 sf=3474.514 df=-44.171 af=3430.344 Fz=2906.565 Fx=0.000 Fy=-0.000 k=0.000 a=0.000 p=(-0.747,-0.000,-1.250) n=(-0.000,1.000,-0.000)
[DEBUG] [Cornering] steerInput=0.000 frontSteerAngle=-0.000 yawRateY=0.000 rollRateZ=0.000 leftLoad=5813.129 rightLoad=5813.129 leftMinusRight=0.000
[DEBUG] [W] i=0 w=FL si=0 lp=(0.760,-0.100,1.250) o=(0.760,0.334,1.250) wp=(0.747,0.320,1.250) mw=(-0.013,-0.014,0.000) pe2=(-0.013,0.357,0.000) grounded=1 contactSamples=1 contactDistance=0.320 sl=0.371 c=0.089 cv=-0.015 sf=3474.513 df=-44.192 af=3430.321 Fz=2906.546 Fx=0.000 Fy=-0.000 k=0.000 a=0.000 p=(0.747,-0.000,1.250) n=(-0.000,1.000,-0.000)
[DEBUG] [W] i=1 w=FR si=1 lp=(-0.760,-0.100,1.250) o=(-0.760,0.334,1.250) wp=(-0.747,0.320,1.250) mw=(0.013,-0.014,0.000) pe2=(0.013,0.357,0.000) grounded=1 contactSamples=1 contactDistance=0.320 sl=0.371 c=0.089 cv=-0.015 sf=3474.513 df=-44.192 af=3430.321 Fz=2906.546 Fx=0.000 Fy=-0.000 k=0.000 a=0.000 p=(-0.747,-0.000,1.250) n=(-0.000,1.000,-0.000)
[DEBUG] [W] i=2 w=RL si=2 lp=(0.760,-0.100,-1.250) o=(0.760,0.334,-1.250) wp=(0.747,0.320,-1.250) mw=(-0.013,-0.014,0.000) pe2=(-0.013,0.357,0.000) grounded=1 contactSamples=1 contactDistance=0.320 sl=0.371 c=0.089 cv=-0.015 sf=3474.513 df=-44.192 af=3430.321 Fz=2906.546 Fx=0.000 Fy=-0.000 k=0.000 a=0.000 p=(0.747,-0.000,-1.250) n=(-0.000,1.000,-0.000)
[DEBUG] [W] i=3 w=RR si=3 lp=(-0.760,-0.100,-1.250) o=(-0.760,0.334,-1.250) wp=(-0.747,0.320,-1.250) mw=(0.013,-0.014,0.000) pe2=(0.013,0.357,0.000) grounded=1 contactSamples=1 contactDistance=0.320 sl=0.371 c=0.089 cv=-0.015 sf=3474.513 df=-44.192 af=3430.321 Fz=2906.546 Fx=0.000 Fy=-0.000 k=0.000 a=0.000 p=(-0.747,-0.000,-1.250) n=(-0.000,1.000,-0.000)
[DEBUG] [Cornering] steerInput=0.000 frontSteerAngle=-0.000 yawRateY=0.000 rollRateZ=0.000 leftLoad=5813.091 rightLoad=5813.091 leftMinusRight=0.000
[INFO] [EnergyDelta] step=780 t=6.500000 deltaFromBaseline=-11.543457 stepDelta=1.656738 integratedPowerA=165.450867 integratedPowerB=-10.089136 integratedSpringPower=-176.622528 integratedDamperPower=21.387703 integratedPowerBalanceResidual=0.126900
[INFO] [State] t=6.500000 y=0.434127 z=0.000000 vy=-0.000510 vz=0.000000 energy=5731.339355 compression=0.089213,0.089213,0.089213,0.089213
[DEBUG] [W] i=0 w=FL si=0 lp=(0.760,-0.100,1.250) o=(0.760,0.334,1.250) wp=(0.747,0.320,1.250) mw=(-0.013,-0.014,0.000) pe2=(-0.013,0.357,0.000) grounded=1 contactSamples=1 contactDistance=0.320 sl=0.371 c=0.089 cv=-0.015 sf=3474.513 df=-44.192 af=3430.321 Fz=2906.546 Fx=0.000 Fy=-0.000 k=0.000 a=0.000 p=(0.747,-0.000,1.250) n=(-0.000,1.000,-0.000)
[DEBUG] [W] i=1 w=FR si=1 lp=(-0.760,-0.100,1.250) o=(-0.760,0.334,1.250) wp=(-0.747,0.320,1.250) mw=(0.013,-0.014,0.000) pe2=(0.013,0.357,0.000) grounded=1 contactSamples=1 contactDistance=0.320 sl=0.371 c=0.089 cv=-0.015 sf=3474.513 df=-44.192 af=3430.321 Fz=2906.546 Fx=0.000 Fy=-0.000 k=0.000 a=0.000 p=(-0.747,-0.000,1.250) n=(-0.000,1.000,-0.000)
[DEBUG] [W] i=2 w=RL si=2 lp=(0.760,-0.100,-1.250) o=(0.760,0.334,-1.250) wp=(0.747,0.320,-1.250) mw=(-0.013,-0.014,0.000) pe2=(-0.013,0.357,0.000) grounded=1 contactSamples=1 contactDistance=0.320 sl=0.371 c=0.089 cv=-0.015 sf=3474.513 df=-44.192 af=3430.321 Fz=2906.546 Fx=0.000 Fy=-0.000 k=0.000 a=0.000 p=(0.747,-0.000,-1.250) n=(-0.000,1.000,-0.000)
[DEBUG] [W] i=3 w=RR si=3 lp=(-0.760,-0.100,-1.250) o=(-0.760,0.334,-1.250) wp=(-0.747,0.320,-1.250) mw=(0.013,-0.014,0.000) pe2=(0.013,0.357,0.000) grounded=1 contactSamples=1 contactDistance=0.320 sl=0.371 c=0.089 cv=-0.015 sf=3474.513 df=-44.192 af=3430.321 Fz=2906.546 Fx=0.000 Fy=-0.000 k=0.000 a=0.000 p=(-0.747,-0.000,-1.250) n=(-0.000,1.000,-0.000)
[DEBUG] [Cornering] steerInput=0.000 frontSteerAngle=-0.000 yawRateY=0.000 rollRateZ=0.000 leftLoad=5813.091 rightLoad=5813.091 leftMinusRight=0.000
[DEBUG] [Energy] x=0.000 y=0.434 z=0.000 vx=0.000 vy=-0.000 vz=0.000 total=5731.344 potential=5110.548 linear=0.000 angular=0.000 wheels=0.000 suspension=620.796 suspensionPower=-5.219 suspensionResidual=201.910
[DEBUG] [W] i=0 w=FL si=0 lp=(0.760,-0.100,1.250) o=(0.760,0.334,1.250) wp=(0.747,0.320,1.250) mw=(-0.013,-0.014,0.000) pe2=(-0.013,0.357,0.000) grounded=1 contactSamples=1 contactDistance=0.320 sl=0.371 c=0.089 cv=0.015 sf=3479.301 df=36.818 af=3516.118 Fz=2978.835 Fx=0.000 Fy=-0.000 k=0.000 a=0.000 p=(0.747,-0.000,1.250) n=(-0.000,1.000,-0.000)
[DEBUG] [W] i=1 w=FR si=1 lp=(-0.760,-0.100,1.250) o=(-0.760,0.334,1.250) wp=(-0.747,0.320,1.250) mw=(0.013,-0.014,0.000) pe2=(0.013,0.357,0.000) grounded=1 contactSamples=1 contactDistance=0.320 sl=0.371 c=0.089 cv=0.015 sf=3479.301 df=36.818 af=3516.118 Fz=2978.835 Fx=0.000 Fy=-0.000 k=0.000 a=0.000 p=(-0.747,-0.000,1.250) n=(-0.000,1.000,-0.000)
[DEBUG] [W] i=2 w=RL si=2 lp=(0.760,-0.100,-1.250) o=(0.760,0.334,-1.250) wp=(0.747,0.320,-1.250) mw=(-0.013,-0.014,0.000) pe2=(-0.013,0.357,0.000) grounded=1 contactSamples=1 contactDistance=0.320 sl=0.371 c=0.089 cv=0.015 sf=3479.301 df=36.818 af=3516.118 Fz=2978.835 Fx=0.000 Fy=-0.000 k=0.000 a=0.000 p=(0.747,-0.000,-1.250) n=(-0.000,1.000,-0.000)
[DEBUG] [W] i=3 w=RR si=3 lp=(-0.760,-0.100,-1.250) o=(-0.760,0.334,-1.250) wp=(-0.747,0.320,-1.250) mw=(0.013,-0.014,0.000) pe2=(0.013,0.357,0.000) grounded=1 contactSamples=1 contactDistance=0.320 sl=0.371 c=0.089 cv=0.015 sf=3479.301 df=36.818 af=3516.118 Fz=2978.835 Fx=0.000 Fy=-0.000 k=0.000 a=0.000 p=(-0.747,-0.000,-1.250) n=(-0.000,1.000,-0.000)
[DEBUG] [Cornering] steerInput=0.000 frontSteerAngle=-0.000 yawRateY=0.000 rollRateZ=0.000 leftLoad=5957.669 rightLoad=5957.669 leftMinusRight=0.000
[DEBUG] [W] i=0 w=FL si=0 lp=(0.760,-0.100,1.250) o=(0.760,0.334,1.250) wp=(0.747,0.320,1.250) mw=(-0.013,-0.014,0.000) pe2=(-0.013,0.357,0.000) grounded=1 contactSamples=1 contactDistance=0.320 sl=0.371 c=0.089 cv=0.000 sf=3474.514 df=0.000 af=3474.514 Fz=2943.991 Fx=0.000 Fy=-0.000 k=0.000 a=0.000 p=(0.747,-0.000,1.250) n=(-0.000,1.000,-0.000)
[DEBUG] [W] i=1 w=FR si=1 lp=(-0.760,-0.100,1.250) o=(-0.760,0.334,1.250) wp=(-0.747,0.320,1.250) mw=(0.013,-0.014,0.000) pe2=(0.013,0.357,0.000) grounded=1 contactSamples=1 contactDistance=0.320 sl=0.371 c=0.089 cv=0.000 sf=3474.514 df=0.000 af=3474.514 Fz=2943.991 Fx=0.000 Fy=-0.000 k=0.000 a=0.000 p=(-0.747,-0.000,1.250) n=(-0.000,1.000,-0.000)
[DEBUG] [W] i=2 w=RL si=2 lp=(0.760,-0.100,-1.250) o=(0.760,0.334,-1.250) wp=(0.747,0.320,-1.250) mw=(-0.013,-0.014,0.000) pe2=(-0.013,0.357,0.000) grounded=1 contactSamples=1 contactDistance=0.320 sl=0.371 c=0.089 cv=0.000 sf=3474.514 df=0.000 af=3474.514 Fz=2943.991 Fx=0.000 Fy=-0.000 k=0.000 a=0.000 p=(0.747,-0.000,-1.250) n=(-0.000,1.000,-0.000)
[DEBUG] [W] i=3 w=RR si=3 lp=(-0.760,-0.100,-1.250) o=(-0.760,0.334,-1.250) wp=(-0.747,0.320,-1.250) mw=(0.013,-0.014,0.000) pe2=(0.013,0.357,0.000) grounded=1 contactSamples=1 contactDistance=0.320 sl=0.371 c=0.089 cv=0.000 sf=3474.514 df=0.000 af=3474.514 Fz=2943.991 Fx=0.000 Fy=-0.000 k=0.000 a=0.000 p=(-0.747,-0.000,-1.250) n=(-0.000,1.000,-0.000)
[DEBUG] [Cornering] steerInput=0.000 frontSteerAngle=-0.000 yawRateY=0.000 rollRateZ=0.000 leftLoad=5887.982 rightLoad=5887.982 leftMinusRight=0.000
[DEBUG] [W] i=0 w=FL si=0 lp=(0.760,-0.100,1.250) o=(0.760,0.334,1.250) wp=(0.747,0.320,1.250) mw=(-0.013,-0.014,0.000) pe2=(-0.013,0.357,0.000) grounded=1 contactSamples=1 contactDistance=0.320 sl=0.371 c=0.089 cv=-0.000 sf=3474.513 df=-0.011 af=3474.502 Fz=2943.981 Fx=0.000 Fy=-0.000 k=0.000 a=0.000 p=(0.747,-0.000,1.250) n=(-0.000,1.000,-0.000)
[DEBUG] [W] i=1 w=FR si=1 lp=(-0.760,-0.100,1.250) o=(-0.760,0.334,1.250) wp=(-0.747,0.320,1.250) mw=(0.013,-0.014,0.000) pe2=(0.013,0.357,0.000) grounded=1 contactSamples=1 contactDistance=0.320 sl=0.371 c=0.089 cv=-0.000 sf=3474.513 df=-0.011 af=3474.502 Fz=2943.981 Fx=0.000 Fy=-0.000 k=0.000 a=0.000 p=(-0.747,-0.000,1.250) n=(-0.000,1.000,-0.000)
[DEBUG] [W] i=2 w=RL si=2 lp=(0.760,-0.100,-1.250) o=(0.760,0.334,-1.250) wp=(0.747,0.320,-1.250) mw=(-0.013,-0.014,0.000) pe2=(-0.013,0.357,0.000) grounded=1 contactSamples=1 contactDistance=0.320 sl=0.371 c=0.089 cv=-0.000 sf=3474.513 df=-0.011 af=3474.502 Fz=2943.981 Fx=0.000 Fy=-0.000 k=0.000 a=0.000 p=(0.747,-0.000,-1.250) n=(-0.000,1.000,-0.000)
[DEBUG] [W] i=3 w=RR si=3 lp=(-0.760,-0.100,-1.250) o=(-0.760,0.334,-1.250) wp=(-0.747,0.320,-1.250) mw=(0.013,-0.014,0.000) pe2=(0.013,0.357,0.000) grounded=1 contactSamples=1 contactDistance=0.320 sl=0.371 c=0.089 cv=-0.000 sf=3474.513 df=-0.011 af=3474.502 Fz=2943.981 Fx=0.000 Fy=-0.000 k=0.000 a=0.000 p=(-0.747,-0.000,-1.250) n=(-0.000,1.000,-0.000)
[DEBUG] [Cornering] steerInput=0.000 frontSteerAngle=-0.000 yawRateY=0.000 rollRateZ=0.000 leftLoad=5887.962 rightLoad=5887.962 leftMinusRight=0.000
[DEBUG] [W] i=0 w=FL si=0 lp=(0.760,-0.100,1.250) o=(0.760,0.334,1.250) wp=(0.747,0.320,1.250) mw=(-0.013,-0.014,0.000) pe2=(-0.013,0.357,0.000) grounded=1 contactSamples=1 contactDistance=0.320 sl=0.371 c=0.089 cv=-0.015 sf=3474.513 df=-44.181 af=3430.332 Fz=2906.555 Fx=0.000 Fy=-0.000 k=0.000 a=0.000 p=(0.747,-0.000,1.250) n=(-0.000,1.000,-0.000)
[DEBUG] [W] i=1 w=FR si=1 lp=(-0.760,-0.100,1.250) o=(-0.760,0.334,1.250) wp=(-0.747,0.320,1.250) mw=(0.013,-0.014,0.000) pe2=(0.013,0.357,0.000) grounded=1 contactSamples=1 contactDistance=0.320 sl=0.371 c=0.089 cv=-0.015 sf=3474.513 df=-44.181 af=3430.332 Fz=2906.555 Fx=0.000 Fy=-0.000 k=0.000 a=0.000 p=(-0.747,-0.000,1.250) n=(-0.000,1.000,-0.000)
[DEBUG] [W] i=2 w=RL si=2 lp=(0.760,-0.100,-1.250) o=(0.760,0.334,-1.250) wp=(0.747,0.320,-1.250) mw=(-0.013,-0.014,0.000) pe2=(-0.013,0.357,0.000) grounded=1 contactSamples=1 contactDistance=0.320 sl=0.371 c=0.089 cv=-0.015 sf=3474.513 df=-44.181 af=3430.332 Fz=2906.555 Fx=0.000 Fy=-0.000 k=0.000 a=0.000 p=(0.747,-0.000,-1.250) n=(-0.000,1.000,-0.000)
[DEBUG] [W] i=3 w=RR si=3 lp=(-0.760,-0.100,-1.250) o=(-0.760,0.334,-1.250) wp=(-0.747,0.320,-1.250) mw=(0.013,-0.014,0.000) pe2=(0.013,0.357,0.000) grounded=1 contactSamples=1 contactDistance=0.320 sl=0.371 c=0.089 cv=-0.015 sf=3474.513 df=-44.181 af=3430.332 Fz=2906.555 Fx=0.000 Fy=-0.000 k=0.000 a=0.000 p=(-0.747,-0.000,-1.250) n=(-0.000,1.000,-0.000)
[DEBUG] [Cornering] steerInput=0.000 frontSteerAngle=-0.000 yawRateY=0.000 rollRateZ=0.000 leftLoad=5813.110 rightLoad=5813.110 leftMinusRight=0.000
[INFO] [EnergyDelta] step=840 t=7.000000 deltaFromBaseline=-11.530273 stepDelta=1.654297 integratedPowerA=165.433472 integratedPowerB=-11.159796 integratedSpringPower=-176.561493 integratedDamperPower=22.421486 integratedPowerBalanceResidual=0.133675
[INFO] [State] t=7.000000 y=0.434128 z=0.000000 vy=-0.000528 vz=0.000000 energy=5731.352539 compression=0.089213,0.089213,0.089213,0.089213
[DEBUG] [W] i=0 w=FL si=0 lp=(0.760,-0.100,1.250) o=(0.760,0.334,1.250) wp=(0.747,0.320,1.250) mw=(-0.013,-0.014,0.000) pe2=(-0.013,0.357,0.000) grounded=1 contactSamples=1 contactDistance=0.320 sl=0.371 c=0.089 cv=-0.015 sf=3474.513 df=-44.181 af=3430.332 Fz=2906.555 Fx=0.000 Fy=-0.000 k=0.000 a=0.000 p=(0.747,-0.000,1.250) n=(-0.000,1.000,-0.000)
[DEBUG] [W] i=1 w=FR si=1 lp=(-0.760,-0.100,1.250) o=(-0.760,0.334,1.250) wp=(-0.747,0.320,1.250) mw=(0.013,-0.014,0.000) pe2=(0.013,0.357,0.000) grounded=1 contactSamples=1 contactDistance=0.320 sl=0.371 c=0.089 cv=-0.015 sf=3474.513 df=-44.181 af=3430.332 Fz=2906.555 Fx=0.000 Fy=-0.000 k=0.000 a=0.000 p=(-0.747,-0.000,1.250) n=(-0.000,1.000,-0.000)
[DEBUG] [W] i=2 w=RL si=2 lp=(0.760,-0.100,-1.250) o=(0.760,0.334,-1.250) wp=(0.747,0.320,-1.250) mw=(-0.013,-0.014,0.000) pe2=(-0.013,0.357,0.000) grounded=1 contactSamples=1 contactDistance=0.320 sl=0.371 c=0.089 cv=-0.015 sf=3474.513 df=-44.181 af=3430.332 Fz=2906.555 Fx=0.000 Fy=-0.000 k=0.000 a=0.000 p=(0.747,-0.000,-1.250) n=(-0.000,1.000,-0.000)
[DEBUG] [W] i=3 w=RR si=3 lp=(-0.760,-0.100,-1.250) o=(-0.760,0.334,-1.250) wp=(-0.747,0.320,-1.250) mw=(0.013,-0.014,0.000) pe2=(0.013,0.357,0.000) grounded=1 contactSamples=1 contactDistance=0.320 sl=0.371 c=0.089 cv=-0.015 sf=3474.513 df=-44.181 af=3430.332 Fz=2906.555 Fx=0.000 Fy=-0.000 k=0.000 a=0.000 p=(-0.747,-0.000,-1.250) n=(-0.000,1.000,-0.000)
[DEBUG] [Cornering] steerInput=0.000 frontSteerAngle=-0.000 yawRateY=0.000 rollRateZ=0.000 leftLoad=5813.110 rightLoad=5813.110 leftMinusRight=0.000
[DEBUG] [Energy] x=0.000 y=0.434 z=0.000 vx=0.000 vy=0.001 vz=0.000 total=5729.683 potential=5110.593 linear=0.000 angular=0.000 wheels=0.000 suspension=619.089 suspensionPower=6.275 suspensionResidual=-195.849
[DEBUG] [W] i=0 w=FL si=0 lp=(0.760,-0.100,1.250) o=(0.760,0.334,1.250) wp=(0.747,0.320,1.250) mw=(-0.013,-0.014,0.000) pe2=(-0.013,0.357,0.000) grounded=1 contactSamples=1 contactDistance=0.320 sl=0.371 c=0.089 cv=-0.015 sf=3474.514 df=-44.171 af=3430.344 Fz=2906.565 Fx=0.000 Fy=-0.000 k=0.000 a=0.000 p=(0.747,-0.000,1.250) n=(-0.000,1.000,-0.000)
[DEBUG] [W] i=1 w=FR si=1 lp=(-0.760,-0.100,1.250) o=(-0.760,0.334,1.250) wp=(-0.747,0.320,1.250) mw=(0.013,-0.014,0.000) pe2=(0.013,0.357,0.000) grounded=1 contactSamples=1 contactDistance=0.320 sl=0.371 c=0.089 cv=-0.015 sf=3474.514 df=-44.171 af=3430.344 Fz=2906.565 Fx=0.000 Fy=-0.000 k=0.000 a=0.000 p=(-0.747,-0.000,1.250) n=(-0.000,1.000,-0.000)
[DEBUG] [W] i=2 w=RL si=2 lp=(0.760,-0.100,-1.250) o=(0.760,0.334,-1.250) wp=(0.747,0.320,-1.250) mw=(-0.013,-0.014,0.000) pe2=(-0.013,0.357,0.000) grounded=1 contactSamples=1 contactDistance=0.320 sl=0.371 c=0.089 cv=-0.015 sf=3474.514 df=-44.171 af=3430.344 Fz=2906.565 Fx=0.000 Fy=-0.000 k=0.000 a=0.000 p=(0.747,-0.000,-1.250) n=(-0.000,1.000,-0.000)
[DEBUG] [W] i=3 w=RR si=3 lp=(-0.760,-0.100,-1.250) o=(-0.760,0.334,-1.250) wp=(-0.747,0.320,-1.250) mw=(0.013,-0.014,0.000) pe2=(0.013,0.357,0.000) grounded=1 contactSamples=1 contactDistance=0.320 sl=0.371 c=0.089 cv=-0.015 sf=3474.514 df=-44.171 af=3430.344 Fz=2906.565 Fx=0.000 Fy=-0.000 k=0.000 a=0.000 p=(-0.747,-0.000,-1.250) n=(-0.000,1.000,-0.000)
[DEBUG] [Cornering] steerInput=0.000 frontSteerAngle=-0.000 yawRateY=0.000 rollRateZ=0.000 leftLoad=5813.129 rightLoad=5813.129 leftMinusRight=0.000
[DEBUG] [W] i=0 w=FL si=0 lp=(0.760,-0.100,1.250) o=(0.760,0.334,1.250) wp=(0.747,0.320,1.250) mw=(-0.013,-0.014,0.000) pe2=(-0.013,0.357,0.000) grounded=1 contactSamples=1 contactDistance=0.320 sl=0.371 c=0.089 cv=-0.015 sf=3474.513 df=-44.192 af=3430.321 Fz=2906.546 Fx=0.000 Fy=-0.000 k=0.000 a=0.000 p=(0.747,-0.000,1.250) n=(-0.000,1.000,-0.000)
[DEBUG] [W] i=1 w=FR si=1 lp=(-0.760,-0.100,1.250) o=(-0.760,0.334,1.250) wp=(-0.747,0.320,1.250) mw=(0.013,-0.014,0.000) pe2=(0.013,0.357,0.000) grounded=1 contactSamples=1 contactDistance=0.320 sl=0.371 c=0.089 cv=-0.015 sf=3474.513 df=-44.192 af=3430.321 Fz=2906.546 Fx=0.000 Fy=-0.000 k=0.000 a=0.000 p=(-0.747,-0.000,1.250) n=(-0.000,1.000,-0.000)
[DEBUG] [W] i=2 w=RL si=2 lp=(0.760,-0.100,-1.250) o=(0.760,0.334,-1.250) wp=(0.747,0.320,-1.250) mw=(-0.013,-0.014,0.000) pe2=(-0.013,0.357,0.000) grounded=1 contactSamples=1 contactDistance=0.320 sl=0.371 c=0.089 cv=-0.015 sf=3474.513 df=-44.192 af=3430.321 Fz=2906.546 Fx=0.000 Fy=-0.000 k=0.000 a=0.000 p=(0.747,-0.000,-1.250) n=(-0.000,1.000,-0.000)
[DEBUG] [W] i=3 w=RR si=3 lp=(-0.760,-0.100,-1.250) o=(-0.760,0.334,-1.250) wp=(-0.747,0.320,-1.250) mw=(0.013,-0.014,0.000) pe2=(0.013,0.357,0.000) grounded=1 contactSamples=1 contactDistance=0.320 sl=0.371 c=0.089 cv=-0.015 sf=3474.513 df=-44.192 af=3430.321 Fz=2906.546 Fx=0.000 Fy=-0.000 k=0.000 a=0.000 p=(-0.747,-0.000,-1.250) n=(-0.000,1.000,-0.000)
[DEBUG] [Cornering] steerInput=0.000 frontSteerAngle=-0.000 yawRateY=0.000 rollRateZ=0.000 leftLoad=5813.091 rightLoad=5813.091 leftMinusRight=0.000
[DEBUG] [W] i=0 w=FL si=0 lp=(0.760,-0.100,1.250) o=(0.760,0.334,1.250) wp=(0.747,0.320,1.250) mw=(-0.013,-0.014,0.000) pe2=(-0.013,0.357,0.000) grounded=1 contactSamples=1 contactDistance=0.320 sl=0.371 c=0.089 cv=0.000 sf=3474.514 df=0.000 af=3474.514 Fz=2943.991 Fx=0.000 Fy=-0.000 k=0.000 a=0.000 p=(0.747,-0.000,1.250) n=(-0.000,1.000,-0.000)
[DEBUG] [W] i=1 w=FR si=1 lp=(-0.760,-0.100,1.250) o=(-0.760,0.334,1.250) wp=(-0.747,0.320,1.250) mw=(0.013,-0.014,0.000) pe2=(0.013,0.357,0.000) grounded=1 contactSamples=1 contactDistance=0.320 sl=0.371 c=0.089 cv=0.000 sf=3474.514 df=0.000 af=3474.514 Fz=2943.991 Fx=0.000 Fy=-0.000 k=0.000 a=0.000 p=(-0.747,-0.000,1.250) n=(-0.000,1.000,-0.000)
[DEBUG] [W] i=2 w=RL si=2 lp=(0.760,-0.100,-1.250) o=(0.760,0.334,-1.250) wp=(0.747,0.320,-1.250) mw=(-0.013,-0.014,0.000) pe2=(-0.013,0.357,0.000) grounded=1 contactSamples=1 contactDistance=0.320 sl=0.371 c=0.089 cv=0.000 sf=3474.514 df=0.000 af=3474.514 Fz=2943.991 Fx=0.000 Fy=-0.000 k=0.000 a=0.000 p=(0.747,-0.000,-1.250) n=(-0.000,1.000,-0.000)
[DEBUG] [W] i=3 w=RR si=3 lp=(-0.760,-0.100,-1.250) o=(-0.760,0.334,-1.250) wp=(-0.747,0.320,-1.250) mw=(0.013,-0.014,0.000) pe2=(0.013,0.357,0.000) grounded=1 contactSamples=1 contactDistance=0.320 sl=0.371 c=0.089 cv=0.000 sf=3474.514 df=0.000 af=3474.514 Fz=2943.991 Fx=0.000 Fy=-0.000 k=0.000 a=0.000 p=(-0.747,-0.000,-1.250) n=(-0.000,1.000,-0.000)
[DEBUG] [Cornering] steerInput=0.000 frontSteerAngle=-0.000 yawRateY=0.000 rollRateZ=0.000 leftLoad=5887.982 rightLoad=5887.982 leftMinusRight=0.000
[DEBUG] [W] i=0 w=FL si=0 lp=(0.760,-0.100,1.250) o=(0.760,0.334,1.250) wp=(0.747,0.320,1.250) mw=(-0.013,-0.014,0.000) pe2=(-0.013,0.357,0.000) grounded=1 contactSamples=1 contactDistance=0.320 sl=0.371 c=0.089 cv=0.015 sf=3479.301 df=36.818 af=3516.118 Fz=2978.835 Fx=0.000 Fy=-0.000 k=0.000 a=0.000 p=(0.747,-0.000,1.250) n=(-0.000,1.000,-0.000)
[DEBUG] [W] i=1 w=FR si=1 lp=(-0.760,-0.100,1.250) o=(-0.760,0.334,1.250) wp=(-0.747,0.320,1.250) mw=(0.013,-0.014,0.000) pe2=(0.013,0.357,0.000) grounded=1 contactSamples=1 contactDistance=0.320 sl=0.371 c=0.089 cv=0.015 sf=3479.301 df=36.818 af=3516.118 Fz=2978.835 Fx=0.000 Fy=-0.000 k=0.000 a=0.000 p=(-0.747,-0.000,1.250) n=(-0.000,1.000,-0.000)
[DEBUG] [W] i=2 w=RL si=2 lp=(0.760,-0.100,-1.250) o=(0.760,0.334,-1.250) wp=(0.747,0.320,-1.250) mw=(-0.013,-0.014,0.000) pe2=(-0.013,0.357,0.000) grounded=1 contactSamples=1 contactDistance=0.320 sl=0.371 c=0.089 cv=0.015 sf=3479.301 df=36.818 af=3516.118 Fz=2978.835 Fx=0.000 Fy=-0.000 k=0.000 a=0.000 p=(0.747,-0.000,-1.250) n=(-0.000,1.000,-0.000)
[DEBUG] [W] i=3 w=RR si=3 lp=(-0.760,-0.100,-1.250) o=(-0.760,0.334,-1.250) wp=(-0.747,0.320,-1.250) mw=(0.013,-0.014,0.000) pe2=(0.013,0.357,0.000) grounded=1 contactSamples=1 contactDistance=0.320 sl=0.371 c=0.089 cv=0.015 sf=3479.301 df=36.818 af=3516.118 Fz=2978.835 Fx=0.000 Fy=-0.000 k=0.000 a=0.000 p=(-0.747,-0.000,-1.250) n=(-0.000,1.000,-0.000)
[DEBUG] [Cornering] steerInput=0.000 frontSteerAngle=-0.000 yawRateY=0.000 rollRateZ=0.000 leftLoad=5957.669 rightLoad=5957.669 leftMinusRight=0.000
[INFO] [EnergyDelta] step=900 t=7.500000 deltaFromBaseline=-13.197266 stepDelta=-1.655273 integratedPowerA=165.440674 integratedPowerB=-10.571451 integratedSpringPower=-178.205719 integratedDamperPower=23.476959 integratedPowerBalanceResidual=0.140457
[INFO] [State] t=7.500000 y=0.434131 z=0.000000 vy=0.000524 vz=0.000000 energy=5729.685547 compression=0.089090,0.089090,0.089090,0.089090
[DEBUG] [W] i=0 w=FL si=0 lp=(0.760,-0.100,1.250) o=(0.760,0.334,1.250) wp=(0.747,0.320,1.250) mw=(-0.013,-0.014,0.000) pe2=(-0.013,0.357,0.000) grounded=1 contactSamples=1 contactDistance=0.320 sl=0.371 c=0.089 cv=0.015 sf=3479.299 df=36.818 af=3516.117 Fz=2978.834 Fx=0.000 Fy=-0.000 k=0.000 a=0.000 p=(0.747,-0.000,1.250) n=(-0.000,1.000,-0.000)
[DEBUG] [W] i=1 w=FR si=1 lp=(-0.760,-0.100,1.250) o=(-0.760,0.334,1.250) wp=(-0.747,0.320,1.250) mw=(0.013,-0.014,0.000) pe2=(0.013,0.357,0.000) grounded=1 contactSamples=1 contactDistance=0.320 sl=0.371 c=0.089 cv=0.015 sf=3479.299 df=36.818 af=3516.117 Fz=2978.834 Fx=0.000 Fy=-0.000 k=0.000 a=0.000 p=(-0.747,-0.000,1.250) n=(-0.000,1.000,-0.000)
[DEBUG] [W] i=2 w=RL si=2 lp=(0.760,-0.100,-1.250) o=(0.760,0.334,-1.250) wp=(0.747,0.320,-1.250) mw=(-0.013,-0.014,0.000) pe2=(-0.013,0.357,0.000) grounded=1 contactSamples=1 contactDistance=0.320 sl=0.371 c=0.089 cv=0.015 sf=3479.299 df=36.818 af=3516.117 Fz=2978.834 Fx=0.000 Fy=-0.000 k=0.000 a=0.000 p=(0.747,-0.000,-1.250) n=(-0.000,1.000,-0.000)
[DEBUG] [W] i=3 w=RR si=3 lp=(-0.760,-0.100,-1.250) o=(-0.760,0.334,-1.250) wp=(-0.747,0.320,-1.250) mw=(0.013,-0.014,0.000) pe2=(0.013,0.357,0.000) grounded=1 contactSamples=1 contactDistance=0.320 sl=0.371 c=0.089 cv=0.015 sf=3479.299 df=36.818 af=3516.117 Fz=2978.834 Fx=0.000 Fy=-0.000 k=0.000 a=0.000 p=(-0.747,-0.000,-1.250) n=(-0.000,1.000,-0.000)
[DEBUG] [Cornering] steerInput=0.000 frontSteerAngle=-0.000 yawRateY=0.000 rollRateZ=0.000 leftLoad=5957.667 rightLoad=5957.667 leftMinusRight=0.000
[DEBUG] [Energy] x=0.000 y=0.434 z=0.000 vx=0.000 vy=-0.000 vz=0.000 total=5731.362 potential=5110.565 linear=0.000 angular=0.000 wheels=0.000 suspension=620.797 suspensionPower=-5.498 suspensionResidual=201.682
[DEBUG] [W] i=0 w=FL si=0 lp=(0.760,-0.100,1.250) o=(0.760,0.334,1.250) wp=(0.747,0.320,1.250) mw=(-0.013,-0.014,0.000) pe2=(-0.013,0.357,0.000) grounded=1 contactSamples=1 contactDistance=0.320 sl=0.371 c=0.089 cv=0.015 sf=3479.299 df=36.818 af=3516.117 Fz=2978.834 Fx=0.000 Fy=-0.000 k=0.000 a=0.000 p=(0.747,-0.000,1.250) n=(-0.000,1.000,-0.000)
[DEBUG] [W] i=1 w=FR si=1 lp=(-0.760,-0.100,1.250) o=(-0.760,0.334,1.250) wp=(-0.747,0.320,1.250) mw=(0.013,-0.014,0.000) pe2=(0.013,0.357,0.000) grounded=1 contactSamples=1 contactDistance=0.320 sl=0.371 c=0.089 cv=0.015 sf=3479.299 df=36.818 af=3516.117 Fz=2978.834 Fx=0.000 Fy=-0.000 k=0.000 a=0.000 p=(-0.747,-0.000,1.250) n=(-0.000,1.000,-0.000)
[DEBUG] [W] i=2 w=RL si=2 lp=(0.760,-0.100,-1.250) o=(0.760,0.334,-1.250) wp=(0.747,0.320,-1.250) mw=(-0.013,-0.014,0.000) pe2=(-0.013,0.357,0.000) grounded=1 contactSamples=1 contactDistance=0.320 sl=0.371 c=0.089 cv=0.015 sf=3479.299 df=36.818 af=3516.117 Fz=2978.834 Fx=0.000 Fy=-0.000 k=0.000 a=0.000 p=(0.747,-0.000,-1.250) n=(-0.000,1.000,-0.000)
[DEBUG] [W] i=3 w=RR si=3 lp=(-0.760,-0.100,-1.250) o=(-0.760,0.334,-1.250) wp=(-0.747,0.320,-1.250) mw=(0.013,-0.014,0.000) pe2=(0.013,0.357,0.000) grounded=1 contactSamples=1 contactDistance=0.320 sl=0.371 c=0.089 cv=0.015 sf=3479.299 df=36.818 af=3516.117 Fz=2978.834 Fx=0.000 Fy=-0.000 k=0.000 a=0.000 p=(-0.747,-0.000,-1.250) n=(-0.000,1.000,-0.000)
[DEBUG] [Cornering] steerInput=0.000 frontSteerAngle=-0.000 yawRateY=0.000 rollRateZ=0.000 leftLoad=5957.667 rightLoad=5957.667 leftMinusRight=0.000
[DEBUG] [W] i=0 w=FL si=0 lp=(0.760,-0.100,1.250) o=(0.760,0.334,1.250) wp=(0.747,0.320,1.250) mw=(-0.013,-0.014,0.000) pe2=(-0.013,0.357,0.000) grounded=1 contactSamples=1 contactDistance=0.320 sl=0.371 c=0.089 cv=0.015 sf=3479.301 df=36.818 af=3516.118 Fz=2978.835 Fx=0.000 Fy=-0.000 k=0.000 a=0.000 p=(0.747,-0.000,1.250) n=(-0.000,1.000,-0.000)
[DEBUG] [W] i=1 w=FR si=1 lp=(-0.760,-0.100,1.250) o=(-0.760,0.334,1.250) wp=(-0.747,0.320,1.250) mw=(0.013,-0.014,0.000) pe2=(0.013,0.357,0.000) grounded=1 contactSamples=1 contactDistance=0.320 sl=0.371 c=0.089 cv=0.015 sf=3479.301 df=36.818 af=3516.118 Fz=2978.835 Fx=0.000 Fy=-0.000 k=0.000 a=0.000 p=(-0.747,-0.000,1.250) n=(-0.000,1.000,-0.000)
[DEBUG] [W] i=2 w=RL si=2 lp=(0.760,-0.100,-1.250) o=(0.760,0.334,-1.250) wp=(0.747,0.320,-1.250) mw=(-0.013,-0.014,0.000) pe2=(-0.013,0.357,0.000) grounded=1 contactSamples=1 contactDistance=0.320 sl=0.371 c=0.089 cv=0.015 sf=3479.301 df=36.818 af=3516.118 Fz=2978.835 Fx=0.000 Fy=-0.000 k=0.000 a=0.000 p=(0.747,-0.000,-1.250) n=(-0.000,1.000,-0.000)
[DEBUG] [W] i=3 w=RR si=3 lp=(-0.760,-0.100,-1.250) o=(-0.760,0.334,-1.250) wp=(-0.747,0.320,-1.250) mw=(0.013,-0.014,0.000) pe2=(0.013,0.357,0.000) grounded=1 contactSamples=1 contactDistance=0.320 sl=0.371 c=0.089 cv=0.015 sf=3479.301 df=36.818 af=3516.118 Fz=2978.835 Fx=0.000 Fy=-0.000 k=0.000 a=0.000 p=(-0.747,-0.000,-1.250) n=(-0.000,1.000,-0.000)
[DEBUG] [Cornering] steerInput=0.000 frontSteerAngle=-0.000 yawRateY=0.000 rollRateZ=0.000 leftLoad=5957.669 rightLoad=5957.669 leftMinusRight=0.000
[DEBUG] [W] i=0 w=FL si=0 lp=(0.760,-0.100,1.250) o=(0.760,0.334,1.250) wp=(0.747,0.320,1.250) mw=(-0.013,-0.014,0.000) pe2=(-0.013,0.357,0.000) grounded=1 contactSamples=1 contactDistance=0.320 sl=0.371 c=0.089 cv=-0.015 sf=3474.514 df=-44.181 af=3430.333 Fz=2906.556 Fx=0.000 Fy=-0.000 k=0.000 a=0.000 p=(0.747,-0.000,1.250) n=(-0.000,1.000,-0.000)
[DEBUG] [W] i=1 w=FR si=1 lp=(-0.760,-0.100,1.250) o=(-0.760,0.334,1.250) wp=(-0.747,0.320,1.250) mw=(0.013,-0.014,0.000) pe2=(0.013,0.357,0.000) grounded=1 contactSamples=1 contactDistance=0.320 sl=0.371 c=0.089 cv=-0.015 sf=3474.514 df=-44.181 af=3430.333 Fz=2906.556 Fx=0.000 Fy=-0.000 k=0.000 a=0.000 p=(-0.747,-0.000,1.250) n=(-0.000,1.000,-0.000)
[DEBUG] [W] i=2 w=RL si=2 lp=(0.760,-0.100,-1.250) o=(0.760,0.334,-1.250) wp=(0.747,0.320,-1.250) mw=(-0.013,-0.014,0.000) pe2=(-0.013,0.357,0.000) grounded=1 contactSamples=1 contactDistance=0.320 sl=0.371 c=0.089 cv=-0.015 sf=3474.514 df=-44.181 af=3430.333 Fz=2906.556 Fx=0.000 Fy=-0.000 k=0.000 a=0.000 p=(0.747,-0.000,-1.250) n=(-0.000,1.000,-0.000)
[DEBUG] [W] i=3 w=RR si=3 lp=(-0.760,-0.100,-1.250) o=(-0.760,0.334,-1.250) wp=(-0.747,0.320,-1.250) mw=(0.013,-0.014,0.000) pe2=(0.013,0.357,0.000) grounded=1 contactSamples=1 contactDistance=0.320 sl=0.371 c=0.089 cv=-0.015 sf=3474.514 df=-44.181 af=3430.333 Fz=2906.556 Fx=0.000 Fy=-0.000 k=0.000 a=0.000 p=(-0.747,-0.000,-1.250) n=(-0.000,1.000,-0.000)
[DEBUG] [Cornering] steerInput=0.000 frontSteerAngle=-0.000 yawRateY=0.000 rollRateZ=0.000 leftLoad=5813.111 rightLoad=5813.111 leftMinusRight=0.000
[DEBUG] [W] i=0 w=FL si=0 lp=(0.760,-0.100,1.250) o=(0.760,0.334,1.250) wp=(0.747,0.320,1.250) mw=(-0.013,-0.014,0.000) pe2=(-0.013,0.357,0.000) grounded=1 contactSamples=1 contactDistance=0.320 sl=0.371 c=0.089 cv=-0.000 sf=3474.513 df=-0.011 af=3474.502 Fz=2943.981 Fx=0.000 Fy=-0.000 k=0.000 a=0.000 p=(0.747,-0.000,1.250) n=(-0.000,1.000,-0.000)
[DEBUG] [W] i=1 w=FR si=1 lp=(-0.760,-0.100,1.250) o=(-0.760,0.334,1.250) wp=(-0.747,0.320,1.250) mw=(0.013,-0.014,0.000) pe2=(0.013,0.357,0.000) grounded=1 contactSamples=1 contactDistance=0.320 sl=0.371 c=0.089 cv=-0.000 sf=3474.513 df=-0.011 af=3474.502 Fz=2943.981 Fx=0.000 Fy=-0.000 k=0.000 a=0.000 p=(-0.747,-0.000,1.250) n=(-0.000,1.000,-0.000)
[DEBUG] [W] i=2 w=RL si=2 lp=(0.760,-0.100,-1.250) o=(0.760,0.334,-1.250) wp=(0.747,0.320,-1.250) mw=(-0.013,-0.014,0.000) pe2=(-0.013,0.357,0.000) grounded=1 contactSamples=1 contactDistance=0.320 sl=0.371 c=0.089 cv=-0.000 sf=3474.513 df=-0.011 af=3474.502 Fz=2943.981 Fx=0.000 Fy=-0.000 k=0.000 a=0.000 p=(0.747,-0.000,-1.250) n=(-0.000,1.000,-0.000)
[DEBUG] [W] i=3 w=RR si=3 lp=(-0.760,-0.100,-1.250) o=(-0.760,0.334,-1.250) wp=(-0.747,0.320,-1.250) mw=(0.013,-0.014,0.000) pe2=(0.013,0.357,0.000) grounded=1 contactSamples=1 contactDistance=0.320 sl=0.371 c=0.089 cv=-0.000 sf=3474.513 df=-0.011 af=3474.502 Fz=2943.981 Fx=0.000 Fy=-0.000 k=0.000 a=0.000 p=(-0.747,-0.000,-1.250) n=(-0.000,1.000,-0.000)
[DEBUG] [Cornering] steerInput=0.000 frontSteerAngle=-0.000 yawRateY=0.000 rollRateZ=0.000 leftLoad=5887.962 rightLoad=5887.962 leftMinusRight=0.000
[INFO] [EnergyDelta] step=960 t=8.000000 deltaFromBaseline=-11.560059 stepDelta=1.664551 integratedPowerA=165.338562 integratedPowerB=-13.283995 integratedSpringPower=-176.435822 integratedDamperPower=24.528847 integratedPowerBalanceResidual=0.147591
[INFO] [State] t=8.000000 y=0.434126 z=0.000000 vy=-0.000433 vz=0.000000 energy=5731.322754 compression=0.089213,0.089213,0.089213,0.089213
[DEBUG] [W] i=0 w=FL si=0 lp=(0.760,-0.100,1.250) o=(0.760,0.334,1.250) wp=(0.747,0.320,1.250) mw=(-0.013,-0.014,0.000) pe2=(-0.013,0.357,0.000) grounded=1 contactSamples=1 contactDistance=0.320 sl=0.371 c=0.089 cv=-0.015 sf=3474.513 df=-44.181 af=3430.332 Fz=2906.555 Fx=0.000 Fy=-0.000 k=0.000 a=0.000 p=(0.747,-0.000,1.250) n=(-0.000,1.000,-0.000)
[DEBUG] [W] i=1 w=FR si=1 lp=(-0.760,-0.100,1.250) o=(-0.760,0.334,1.250) wp=(-0.747,0.320,1.250) mw=(0.013,-0.014,0.000) pe2=(0.013,0.357,0.000) grounded=1 contactSamples=1 contactDistance=0.320 sl=0.371 c=0.089 cv=-0.015 sf=3474.513 df=-44.181 af=3430.332 Fz=2906.555 Fx=0.000 Fy=-0.000 k=0.000 a=0.000 p=(-0.747,-0.000,1.250) n=(-0.000,1.000,-0.000)
[DEBUG] [W] i=2 w=RL si=2 lp=(0.760,-0.100,-1.250) o=(0.760,0.334,-1.250) wp=(0.747,0.320,-1.250) mw=(-0.013,-0.014,0.000) pe2=(-0.013,0.357,0.000) grounded=1 contactSamples=1 contactDistance=0.320 sl=0.371 c=0.089 cv=-0.015 sf=3474.513 df=-44.181 af=3430.332 Fz=2906.555 Fx=0.000 Fy=-0.000 k=0.000 a=0.000 p=(0.747,-0.000,-1.250) n=(-0.000,1.000,-0.000)
[DEBUG] [W] i=3 w=RR si=3 lp=(-0.760,-0.100,-1.250) o=(-0.760,0.334,-1.250) wp=(-0.747,0.320,-1.250) mw=(0.013,-0.014,0.000) pe2=(0.013,0.357,0.000) grounded=1 contactSamples=1 contactDistance=0.320 sl=0.371 c=0.089 cv=-0.015 sf=3474.513 df=-44.181 af=3430.332 Fz=2906.555 Fx=0.000 Fy=-0.000 k=0.000 a=0.000 p=(-0.747,-0.000,-1.250) n=(-0.000,1.000,-0.000)
[DEBUG] [Cornering] steerInput=0.000 frontSteerAngle=-0.000 yawRateY=0.000 rollRateZ=0.000 leftLoad=5813.110 rightLoad=5813.110 leftMinusRight=0.000
[DEBUG] [Energy] x=0.000 y=0.434 z=0.000 vx=0.000 vy=0.000 vz=0.000 total=5729.667 potential=5110.578 linear=0.000 angular=0.000 wheels=0.000 suspension=619.089 suspensionPower=5.162 suspensionResidual=-196.914
[DEBUG] [W] i=0 w=FL si=0 lp=(0.760,-0.100,1.250) o=(0.760,0.334,1.250) wp=(0.747,0.320,1.250) mw=(-0.013,-0.014,0.000) pe2=(-0.013,0.357,0.000) grounded=1 contactSamples=1 contactDistance=0.320 sl=0.371 c=0.089 cv=-0.015 sf=3474.513 df=-44.181 af=3430.332 Fz=2906.555 Fx=0.000 Fy=-0.000 k=0.000 a=0.000 p=(0.747,-0.000,1.250) n=(-0.000,1.000,-0.000)
[DEBUG] [W] i=1 w=FR si=1 lp=(-0.760,-0.100,1.250) o=(-0.760,0.334,1.250) wp=(-0.747,0.320,1.250) mw=(0.013,-0.014,0.000) pe2=(0.013,0.357,0.000) grounded=1 contactSamples=1 contactDistance=0.320 sl=0.371 c=0.089 cv=-0.015 sf=3474.513 df=-44.181 af=3430.332 Fz=2906.555 Fx=0.000 Fy=-0.000 k=0.000 a=0.000 p=(-0.747,-0.000,1.250) n=(-0.000,1.000,-0.000)
[DEBUG] [W] i=2 w=RL si=2 lp=(0.760,-0.100,-1.250) o=(0.760,0.334,-1.250) wp=(0.747,0.320,-1.250) mw=(-0.013,-0.014,0.000) pe2=(-0.013,0.357,0.000) grounded=1 contactSamples=1 contactDistance=0.320 sl=0.371 c=0.089 cv=-0.015 sf=3474.513 df=-44.181 af=3430.332 Fz=2906.555 Fx=0.000 Fy=-0.000 k=0.000 a=0.000 p=(0.747,-0.000,-1.250) n=(-0.000,1.000,-0.000)
[DEBUG] [W] i=3 w=RR si=3 lp=(-0.760,-0.100,-1.250) o=(-0.760,0.334,-1.250) wp=(-0.747,0.320,-1.250) mw=(0.013,-0.014,0.000) pe2=(0.013,0.357,0.000) grounded=1 contactSamples=1 contactDistance=0.320 sl=0.371 c=0.089 cv=-0.015 sf=3474.513 df=-44.181 af=3430.332 Fz=2906.555 Fx=0.000 Fy=-0.000 k=0.000 a=0.000 p=(-0.747,-0.000,-1.250) n=(-0.000,1.000,-0.000)
[DEBUG] [Cornering] steerInput=0.000 frontSteerAngle=-0.000 yawRateY=0.000 rollRateZ=0.000 leftLoad=5813.110 rightLoad=5813.110 leftMinusRight=0.000
[DEBUG] [W] i=0 w=FL si=0 lp=(0.760,-0.100,1.250) o=(0.760,0.334,1.250) wp=(0.747,0.320,1.250) mw=(-0.013,-0.014,0.000) pe2=(-0.013,0.357,0.000) grounded=1 contactSamples=1 contactDistance=0.320 sl=0.371 c=0.089 cv=-0.015 sf=3474.514 df=-44.171 af=3430.344 Fz=2906.565 Fx=0.000 Fy=-0.000 k=0.000 a=0.000 p=(0.747,-0.000,1.250) n=(-0.000,1.000,-0.000)
[DEBUG] [W] i=1 w=FR si=1 lp=(-0.760,-0.100,1.250) o=(-0.760,0.334,1.250) wp=(-0.747,0.320,1.250) mw=(0.013,-0.014,0.000) pe2=(0.013,0.357,0.000) grounded=1 contactSamples=1 contactDistance=0.320 sl=0.371 c=0.089 cv=-0.015 sf=3474.514 df=-44.171 af=3430.344 Fz=2906.565 Fx=0.000 Fy=-0.000 k=0.000 a=0.000 p=(-0.747,-0.000,1.250) n=(-0.000,1.000,-0.000)
[DEBUG] [W] i=2 w=RL si=2 lp=(0.760,-0.100,-1.250) o=(0.760,0.334,-1.250) wp=(0.747,0.320,-1.250) mw=(-0.013,-0.014,0.000) pe2=(-0.013,0.357,0.000) grounded=1 contactSamples=1 contactDistance=0.320 sl=0.371 c=0.089 cv=-0.015 sf=3474.514 df=-44.171 af=3430.344 Fz=2906.565 Fx=0.000 Fy=-0.000 k=0.000 a=0.000 p=(0.747,-0.000,-1.250) n=(-0.000,1.000,-0.000)
[DEBUG] [W] i=3 w=RR si=3 lp=(-0.760,-0.100,-1.250) o=(-0.760,0.334,-1.250) wp=(-0.747,0.320,-1.250) mw=(0.013,-0.014,0.000) pe2=(0.013,0.357,0.000) grounded=1 contactSamples=1 contactDistance=0.320 sl=0.371 c=0.089 cv=-0.015 sf=3474.514 df=-44.171 af=3430.344 Fz=2906.565 Fx=0.000 Fy=-0.000 k=0.000 a=0.000 p=(-0.747,-0.000,-1.250) n=(-0.000,1.000,-0.000)
[DEBUG] [Cornering] steerInput=0.000 frontSteerAngle=-0.000 yawRateY=0.000 rollRateZ=0.000 leftLoad=5813.129 rightLoad=5813.129 leftMinusRight=0.000
[DEBUG] [W] i=0 w=FL si=0 lp=(0.760,-0.100,1.250) o=(0.760,0.334,1.250) wp=(0.747,0.320,1.250) mw=(-0.013,-0.014,0.000) pe2=(-0.013,0.357,0.000) grounded=1 contactSamples=1 contactDistance=0.320 sl=0.371 c=0.089 cv=-0.015 sf=3474.514 df=-44.171 af=3430.344 Fz=2906.565 Fx=0.000 Fy=-0.000 k=0.000 a=0.000 p=(0.747,-0.000,1.250) n=(-0.000,1.000,-0.000)
[DEBUG] [W] i=1 w=FR si=1 lp=(-0.760,-0.100,1.250) o=(-0.760,0.334,1.250) wp=(-0.747,0.320,1.250) mw=(0.013,-0.014,0.000) pe2=(0.013,0.357,0.000) grounded=1 contactSamples=1 contactDistance=0.320 sl=0.371 c=0.089 cv=-0.015 sf=3474.514 df=-44.171 af=3430.344 Fz=2906.565 Fx=0.000 Fy=-0.000 k=0.000 a=0.000 p=(-0.747,-0.000,1.250) n=(-0.000,1.000,-0.000)
[DEBUG] [W] i=2 w=RL si=2 lp=(0.760,-0.100,-1.250) o=(0.760,0.334,-1.250) wp=(0.747,0.320,-1.250) mw=(-0.013,-0.014,0.000) pe2=(-0.013,0.357,0.000) grounded=1 contactSamples=1 contactDistance=0.320 sl=0.371 c=0.089 cv=-0.015 sf=3474.514 df=-44.171 af=3430.344 Fz=2906.565 Fx=0.000 Fy=-0.000 k=0.000 a=0.000 p=(0.747,-0.000,-1.250) n=(-0.000,1.000,-0.000)
[DEBUG] [W] i=3 w=RR si=3 lp=(-0.760,-0.100,-1.250) o=(-0.760,0.334,-1.250) wp=(-0.747,0.320,-1.250) mw=(0.013,-0.014,0.000) pe2=(0.013,0.357,0.000) grounded=1 contactSamples=1 contactDistance=0.320 sl=0.371 c=0.089 cv=-0.015 sf=3474.514 df=-44.171 af=3430.344 Fz=2906.565 Fx=0.000 Fy=-0.000 k=0.000 a=0.000 p=(-0.747,-0.000,-1.250) n=(-0.000,1.000,-0.000)
[DEBUG] [Cornering] steerInput=0.000 frontSteerAngle=-0.000 yawRateY=0.000 rollRateZ=0.000 leftLoad=5813.129 rightLoad=5813.129 leftMinusRight=0.000
[DEBUG] [W] i=0 w=FL si=0 lp=(0.760,-0.100,1.250) o=(0.760,0.334,1.250) wp=(0.747,0.320,1.250) mw=(-0.013,-0.014,0.000) pe2=(-0.013,0.357,0.000) grounded=1 contactSamples=1 contactDistance=0.320 sl=0.371 c=0.089 cv=-0.015 sf=3474.513 df=-44.192 af=3430.321 Fz=2906.546 Fx=0.000 Fy=-0.000 k=0.000 a=0.000 p=(0.747,-0.000,1.250) n=(-0.000,1.000,-0.000)
[DEBUG] [W] i=1 w=FR si=1 lp=(-0.760,-0.100,1.250) o=(-0.760,0.334,1.250) wp=(-0.747,0.320,1.250) mw=(0.013,-0.014,0.000) pe2=(0.013,0.357,0.000) grounded=1 contactSamples=1 contactDistance=0.320 sl=0.371 c=0.089 cv=-0.015 sf=3474.513 df=-44.192 af=3430.321 Fz=2906.546 Fx=0.000 Fy=-0.000 k=0.000 a=0.000 p=(-0.747,-0.000,1.250) n=(-0.000,1.000,-0.000)
[DEBUG] [W] i=2 w=RL si=2 lp=(0.760,-0.100,-1.250) o=(0.760,0.334,-1.250) wp=(0.747,0.320,-1.250) mw=(-0.013,-0.014,0.000) pe2=(-0.013,0.357,0.000) grounded=1 contactSamples=1 contactDistance=0.320 sl=0.371 c=0.089 cv=-0.015 sf=3474.513 df=-44.192 af=3430.321 Fz=2906.546 Fx=0.000 Fy=-0.000 k=0.000 a=0.000 p=(0.747,-0.000,-1.250) n=(-0.000,1.000,-0.000)
[DEBUG] [W] i=3 w=RR si=3 lp=(-0.760,-0.100,-1.250) o=(-0.760,0.334,-1.250) wp=(-0.747,0.320,-1.250) mw=(0.013,-0.014,0.000) pe2=(0.013,0.357,0.000) grounded=1 contactSamples=1 contactDistance=0.320 sl=0.371 c=0.089 cv=-0.015 sf=3474.513 df=-44.192 af=3430.321 Fz=2906.546 Fx=0.000 Fy=-0.000 k=0.000 a=0.000 p=(-0.747,-0.000,-1.250) n=(-0.000,1.000,-0.000)
[DEBUG] [Cornering] steerInput=0.000 frontSteerAngle=-0.000 yawRateY=0.000 rollRateZ=0.000 leftLoad=5813.091 rightLoad=5813.091 leftMinusRight=0.000
[INFO] [EnergyDelta] step=1020 t=8.500000 deltaFromBaseline=-11.530273 stepDelta=1.665039 integratedPowerA=165.336792 integratedPowerB=-14.412191 integratedSpringPower=-176.372467 integratedDamperPower=25.602417 integratedPowerBalanceResidual=0.154556
[INFO] [State] t=8.500000 y=0.434128 z=0.000000 vy=-0.000421 vz=0.000000 energy=5731.352539 compression=0.089213,0.089213,0.089213,0.089213
[DEBUG] [W] i=0 w=FL si=0 lp=(0.760,-0.100,1.250) o=(0.760,0.334,1.250) wp=(0.747,0.320,1.250) mw=(-0.013,-0.014,0.000) pe2=(-0.013,0.357,0.000) grounded=1 contactSamples=1 contactDistance=0.320 sl=0.371 c=0.089 cv=0.000 sf=3474.514 df=0.000 af=3474.514 Fz=2943.991 Fx=0.000 Fy=-0.000 k=0.000 a=0.000 p=(0.747,-0.000,1.250) n=(-0.000,1.000,-0.000)
[DEBUG] [W] i=1 w=FR si=1 lp=(-0.760,-0.100,1.250) o=(-0.760,0.334,1.250) wp=(-0.747,0.320,1.250) mw=(0.013,-0.014,0.000) pe2=(0.013,0.357,0.000) grounded=1 contactSamples=1 contactDistance=0.320 sl=0.371 c=0.089 cv=0.000 sf=3474.514 df=0.000 af=3474.514 Fz=2943.991 Fx=0.000 Fy=-0.000 k=0.000 a=0.000 p=(-0.747,-0.000,1.250) n=(-0.000,1.000,-0.000)
[DEBUG] [W] i=2 w=RL si=2 lp=(0.760,-0.100,-1.250) o=(0.760,0.334,-1.250) wp=(0.747,0.320,-1.250) mw=(-0.013,-0.014,0.000) pe2=(-0.013,0.357,0.000) grounded=1 contactSamples=1 contactDistance=0.320 sl=0.371 c=0.089 cv=0.000 sf=3474.514 df=0.000 af=3474.514 Fz=2943.991 Fx=0.000 Fy=-0.000 k=0.000 a=0.000 p=(0.747,-0.000,-1.250) n=(-0.000,1.000,-0.000)
[DEBUG] [W] i=3 w=RR si=3 lp=(-0.760,-0.100,-1.250) o=(-0.760,0.334,-1.250) wp=(-0.747,0.320,-1.250) mw=(0.013,-0.014,0.000) pe2=(0.013,0.357,0.000) grounded=1 contactSamples=1 contactDistance=0.320 sl=0.371 c=0.089 cv=0.000 sf=3474.514 df=0.000 af=3474.514 Fz=2943.991 Fx=0.000 Fy=-0.000 k=0.000 a=0.000 p=(-0.747,-0.000,-1.250) n=(-0.000,1.000,-0.000)
[DEBUG] [Cornering] steerInput=0.000 frontSteerAngle=-0.000 yawRateY=0.000 rollRateZ=0.000 leftLoad=5887.982 rightLoad=5887.982 leftMinusRight=0.000
[DEBUG] [Energy] x=0.000 y=0.434 z=0.000 vx=0.000 vy=-0.000 vz=0.000 total=5731.335 potential=5110.539 linear=0.000 angular=0.000 wheels=0.000 suspension=620.796 suspensionPower=-5.777 suspensionResidual=201.352
[DEBUG] [W] i=0 w=FL si=0 lp=(0.760,-0.100,1.250) o=(0.760,0.334,1.250) wp=(0.747,0.320,1.250) mw=(-0.013,-0.014,0.000) pe2=(-0.013,0.357,0.000) grounded=1 contactSamples=1 contactDistance=0.320 sl=0.371 c=0.089 cv=-0.015 sf=3474.513 df=-44.192 af=3430.321 Fz=2906.546 Fx=0.000 Fy=-0.000 k=0.000 a=0.000 p=(0.747,-0.000,1.250) n=(-0.000,1.000,-0.000)
[DEBUG] [W] i=1 w=FR si=1 lp=(-0.760,-0.100,1.250) o=(-0.760,0.334,1.250) wp=(-0.747,0.320,1.250) mw=(0.013,-0.014,0.000) pe2=(0.013,0.357,0.000) grounded=1 contactSamples=1 contactDistance=0.320 sl=0.371 c=0.089 cv=-0.015 sf=3474.513 df=-44.192 af=3430.321 Fz=2906.546 Fx=0.000 Fy=-0.000 k=0.000 a=0.000 p=(-0.747,-0.000,1.250) n=(-0.000,1.000,-0.000)
[DEBUG] [W] i=2 w=RL si=2 lp=(0.760,-0.100,-1.250) o=(0.760,0.334,-1.250) wp=(0.747,0.320,-1.250) mw=(-0.013,-0.014,0.000) pe2=(-0.013,0.357,0.000) grounded=1 contactSamples=1 contactDistance=0.320 sl=0.371 c=0.089 cv=-0.015 sf=3474.513 df=-44.192 af=3430.321 Fz=2906.546 Fx=0.000 Fy=-0.000 k=0.000 a=0.000 p=(0.747,-0.000,-1.250) n=(-0.000,1.000,-0.000)
[DEBUG] [W] i=3 w=RR si=3 lp=(-0.760,-0.100,-1.250) o=(-0.760,0.334,-1.250) wp=(-0.747,0.320,-1.250) mw=(0.013,-0.014,0.000) pe2=(0.013,0.357,0.000) grounded=1 contactSamples=1 contactDistance=0.320 sl=0.371 c=0.089 cv=-0.015 sf=3474.513 df=-44.192 af=3430.321 Fz=2906.546 Fx=0.000 Fy=-0.000 k=0.000 a=0.000 p=(-0.747,-0.000,-1.250) n=(-0.000,1.000,-0.000)
[DEBUG] [Cornering] steerInput=0.000 frontSteerAngle=-0.000 yawRateY=0.000 rollRateZ=0.000 leftLoad=5813.091 rightLoad=5813.091 leftMinusRight=0.000
[DEBUG] [W] i=0 w=FL si=0 lp=(0.760,-0.100,1.250) o=(0.760,0.334,1.250) wp=(0.747,0.320,1.250) mw=(-0.013,-0.014,0.000) pe2=(-0.013,0.357,0.000) grounded=1 contactSamples=1 contactDistance=0.320 sl=0.371 c=0.089 cv=0.015 sf=3479.301 df=36.818 af=3516.118 Fz=2978.835 Fx=0.000 Fy=-0.000 k=0.000 a=0.000 p=(0.747,-0.000,1.250) n=(-0.000,1.000,-0.000)
[DEBUG] [W] i=1 w=FR si=1 lp=(-0.760,-0.100,1.250) o=(-0.760,0.334,1.250) wp=(-0.747,0.320,1.250) mw=(0.013,-0.014,0.000) pe2=(0.013,0.357,0.000) grounded=1 contactSamples=1 contactDistance=0.320 sl=0.371 c=0.089 cv=0.015 sf=3479.301 df=36.818 af=3516.118 Fz=2978.835 Fx=0.000 Fy=-0.000 k=0.000 a=0.000 p=(-0.747,-0.000,1.250) n=(-0.000,1.000,-0.000)
[DEBUG] [W] i=2 w=RL si=2 lp=(0.760,-0.100,-1.250) o=(0.760,0.334,-1.250) wp=(0.747,0.320,-1.250) mw=(-0.013,-0.014,0.000) pe2=(-0.013,0.357,0.000) grounded=1 contactSamples=1 contactDistance=0.320 sl=0.371 c=0.089 cv=0.015 sf=3479.301 df=36.818 af=3516.118 Fz=2978.835 Fx=0.000 Fy=-0.000 k=0.000 a=0.000 p=(0.747,-0.000,-1.250) n=(-0.000,1.000,-0.000)
[DEBUG] [W] i=3 w=RR si=3 lp=(-0.760,-0.100,-1.250) o=(-0.760,0.334,-1.250) wp=(-0.747,0.320,-1.250) mw=(0.013,-0.014,0.000) pe2=(0.013,0.357,0.000) grounded=1 contactSamples=1 contactDistance=0.320 sl=0.371 c=0.089 cv=0.015 sf=3479.301 df=36.818 af=3516.118 Fz=2978.835 Fx=0.000 Fy=-0.000 k=0.000 a=0.000 p=(-0.747,-0.000,-1.250) n=(-0.000,1.000,-0.000)
[DEBUG] [Cornering] steerInput=0.000 frontSteerAngle=-0.000 yawRateY=0.000 rollRateZ=0.000 leftLoad=5957.669 rightLoad=5957.669 leftMinusRight=0.000
[DEBUG] [W] i=0 w=FL si=0 lp=(0.760,-0.100,1.250) o=(0.760,0.334,1.250) wp=(0.747,0.320,1.250) mw=(-0.013,-0.014,0.000) pe2=(-0.013,0.357,0.000) grounded=1 contactSamples=1 contactDistance=0.320 sl=0.371 c=0.089 cv=0.015 sf=3479.299 df=36.818 af=3516.117 Fz=2978.834 Fx=0.000 Fy=-0.000 k=0.000 a=0.000 p=(0.747,-0.000,1.250) n=(-0.000,1.000,-0.000)
[DEBUG] [W] i=1 w=FR si=1 lp=(-0.760,-0.100,1.250) o=(-0.760,0.334,1.250) wp=(-0.747,0.320,1.250) mw=(0.013,-0.014,0.000) pe2=(0.013,0.357,0.000) grounded=1 contactSamples=1 contactDistance=0.320 sl=0.371 c=0.089 cv=0.015 sf=3479.299 df=36.818 af=3516.117 Fz=2978.834 Fx=0.000 Fy=-0.000 k=0.000 a=0.000 p=(-0.747,-0.000,1.250) n=(-0.000,1.000,-0.000)
[DEBUG] [W] i=2 w=RL si=2 lp=(0.760,-0.100,-1.250) o=(0.760,0.334,-1.250) wp=(0.747,0.320,-1.250) mw=(-0.013,-0.014,0.000) pe2=(-0.013,0.357,0.000) grounded=1 contactSamples=1 contactDistance=0.320 sl=0.371 c=0.089 cv=0.015 sf=3479.299 df=36.818 af=3516.117 Fz=2978.834 Fx=0.000 Fy=-0.000 k=0.000 a=0.000 p=(0.747,-0.000,-1.250) n=(-0.000,1.000,-0.000)
[DEBUG] [W] i=3 w=RR si=3 lp=(-0.760,-0.100,-1.250) o=(-0.760,0.334,-1.250) wp=(-0.747,0.320,-1.250) mw=(0.013,-0.014,0.000) pe2=(0.013,0.357,0.000) grounded=1 contactSamples=1 contactDistance=0.320 sl=0.371 c=0.089 cv=0.015 sf=3479.299 df=36.818 af=3516.117 Fz=2978.834 Fx=0.000 Fy=-0.000 k=0.000 a=0.000 p=(-0.747,-0.000,-1.250) n=(-0.000,1.000,-0.000)
[DEBUG] [Cornering] steerInput=0.000 frontSteerAngle=-0.000 yawRateY=0.000 rollRateZ=0.000 leftLoad=5957.667 rightLoad=5957.667 leftMinusRight=0.000
[DEBUG] [W] i=0 w=FL si=0 lp=(0.760,-0.100,1.250) o=(0.760,0.334,1.250) wp=(0.747,0.320,1.250) mw=(-0.013,-0.014,0.000) pe2=(-0.013,0.357,0.000) grounded=1 contactSamples=1 contactDistance=0.320 sl=0.371 c=0.089 cv=0.015 sf=3479.299 df=36.818 af=3516.117 Fz=2978.834 Fx=0.000 Fy=-0.000 k=0.000 a=0.000 p=(0.747,-0.000,1.250) n=(-0.000,1.000,-0.000)
[DEBUG] [W] i=1 w=FR si=1 lp=(-0.760,-0.100,1.250) o=(-0.760,0.334,1.250) wp=(-0.747,0.320,1.250) mw=(0.013,-0.014,0.000) pe2=(0.013,0.357,0.000) grounded=1 contactSamples=1 contactDistance=0.320 sl=0.371 c=0.089 cv=0.015 sf=3479.299 df=36.818 af=3516.117 Fz=2978.834 Fx=0.000 Fy=-0.000 k=0.000 a=0.000 p=(-0.747,-0.000,1.250) n=(-0.000,1.000,-0.000)
[DEBUG] [W] i=2 w=RL si=2 lp=(0.760,-0.100,-1.250) o=(0.760,0.334,-1.250) wp=(0.747,0.320,-1.250) mw=(-0.013,-0.014,0.000) pe2=(-0.013,0.357,0.000) grounded=1 contactSamples=1 contactDistance=0.320 sl=0.371 c=0.089 cv=0.015 sf=3479.299 df=36.818 af=3516.117 Fz=2978.834 Fx=0.000 Fy=-0.000 k=0.000 a=0.000 p=(0.747,-0.000,-1.250) n=(-0.000,1.000,-0.000)
[DEBUG] [W] i=3 w=RR si=3 lp=(-0.760,-0.100,-1.250) o=(-0.760,0.334,-1.250) wp=(-0.747,0.320,-1.250) mw=(0.013,-0.014,0.000) pe2=(0.013,0.357,0.000) grounded=1 contactSamples=1 contactDistance=0.320 sl=0.371 c=0.089 cv=0.015 sf=3479.299 df=36.818 af=3516.117 Fz=2978.834 Fx=0.000 Fy=-0.000 k=0.000 a=0.000 p=(-0.747,-0.000,-1.250) n=(-0.000,1.000,-0.000)
[DEBUG] [Cornering] steerInput=0.000 frontSteerAngle=-0.000 yawRateY=0.000 rollRateZ=0.000 leftLoad=5957.667 rightLoad=5957.667 leftMinusRight=0.000
[INFO] [EnergyDelta] step=1080 t=9.000000 deltaFromBaseline=-13.194336 stepDelta=-1.654297 integratedPowerA=165.346924 integratedPowerB=-13.826544 integratedSpringPower=-178.016815 integratedDamperPower=26.657814 integratedPowerBalanceResidual=0.161385
[INFO] [State] t=9.000000 y=0.434132 z=0.000000 vy=0.000529 vz=0.000000 energy=5729.688477 compression=0.089090,0.089090,0.089090,0.089090
[DEBUG] [W] i=0 w=FL si=0 lp=(0.760,-0.100,1.250) o=(0.760,0.334,1.250) wp=(0.747,0.320,1.250) mw=(-0.013,-0.014,0.000) pe2=(-0.013,0.357,0.000) grounded=1 contactSamples=1 contactDistance=0.320 sl=0.371 c=0.089 cv=0.015 sf=3479.299 df=36.809 af=3516.108 Fz=2978.826 Fx=0.000 Fy=-0.000 k=0.000 a=0.000 p=(0.747,-0.000,1.250) n=(-0.000,1.000,-0.000)
[DEBUG] [W] i=1 w=FR si=1 lp=(-0.760,-0.100,1.250) o=(-0.760,0.334,1.250) wp=(-0.747,0.320,1.250) mw=(0.013,-0.014,0.000) pe2=(0.013,0.357,0.000) grounded=1 contactSamples=1 contactDistance=0.320 sl=0.371 c=0.089 cv=0.015 sf=3479.299 df=36.809 af=3516.108 Fz=2978.826 Fx=0.000 Fy=-0.000 k=0.000 a=0.000 p=(-0.747,-0.000,1.250) n=(-0.000,1.000,-0.000)
[DEBUG] [W] i=2 w=RL si=2 lp=(0.760,-0.100,-1.250) o=(0.760,0.334,-1.250) wp=(0.747,0.320,-1.250) mw=(-0.013,-0.014,0.000) pe2=(-0.013,0.357,0.000) grounded=1 contactSamples=1 contactDistance=0.320 sl=0.371 c=0.089 cv=0.015 sf=3479.299 df=36.809 af=3516.108 Fz=2978.826 Fx=0.000 Fy=-0.000 k=0.000 a=0.000 p=(0.747,-0.000,-1.250) n=(-0.000,1.000,-0.000)
[DEBUG] [W] i=3 w=RR si=3 lp=(-0.760,-0.100,-1.250) o=(-0.760,0.334,-1.250) wp=(-0.747,0.320,-1.250) mw=(0.013,-0.014,0.000) pe2=(0.013,0.357,0.000) grounded=1 contactSamples=1 contactDistance=0.320 sl=0.371 c=0.089 cv=0.015 sf=3479.299 df=36.809 af=3516.108 Fz=2978.826 Fx=0.000 Fy=-0.000 k=0.000 a=0.000 p=(-0.747,-0.000,-1.250) n=(-0.000,1.000,-0.000)
[DEBUG] [Cornering] steerInput=0.000 frontSteerAngle=-0.000 yawRateY=0.000 rollRateZ=0.000 leftLoad=5957.652 rightLoad=5957.652 leftMinusRight=0.000
[DEBUG] [Energy] x=0.000 y=0.434 z=0.000 vx=0.000 vy=-0.000 vz=0.000 total=5731.341 potential=5110.545 linear=0.000 angular=0.000 wheels=0.000 suspension=620.796 suspensionPower=-5.308 suspensionResidual=201.770
[DEBUG] [W] i=0 w=FL si=0 lp=(0.760,-0.100,1.250) o=(0.760,0.334,1.250) wp=(0.747,0.320,1.250) mw=(-0.013,-0.014,0.000) pe2=(-0.013,0.357,0.000) grounded=1 contactSamples=1 contactDistance=0.320 sl=0.371 c=0.089 cv=0.015 sf=3479.301 df=36.827 af=3516.127 Fz=2978.842 Fx=0.000 Fy=-0.000 k=0.000 a=0.000 p=(0.747,-0.000,1.250) n=(-0.000,1.000,-0.000)
[DEBUG] [W] i=1 w=FR si=1 lp=(-0.760,-0.100,1.250) o=(-0.760,0.334,1.250) wp=(-0.747,0.320,1.250) mw=(0.013,-0.014,0.000) pe2=(0.013,0.357,0.000) grounded=1 contactSamples=1 contactDistance=0.320 sl=0.371 c=0.089 cv=0.015 sf=3479.301 df=36.827 af=3516.127 Fz=2978.842 Fx=0.000 Fy=-0.000 k=0.000 a=0.000 p=(-0.747,-0.000,1.250) n=(-0.000,1.000,-0.000)
[DEBUG] [W] i=2 w=RL si=2 lp=(0.760,-0.100,-1.250) o=(0.760,0.334,-1.250) wp=(0.747,0.320,-1.250) mw=(-0.013,-0.014,0.000) pe2=(-0.013,0.357,0.000) grounded=1 contactSamples=1 contactDistance=0.320 sl=0.371 c=0.089 cv=0.015 sf=3479.301 df=36.827 af=3516.127 Fz=2978.842 Fx=0.000 Fy=-0.000 k=0.000 a=0.000 p=(0.747,-0.000,-1.250) n=(-0.000,1.000,-0.000)
[DEBUG] [W] i=3 w=RR si=3 lp=(-0.760,-0.100,-1.250) o=(-0.760,0.334,-1.250) wp=(-0.747,0.320,-1.250) mw=(0.013,-0.014,0.000) pe2=(0.013,0.357,0.000) grounded=1 contactSamples=1 contactDistance=0.320 sl=0.371 c=0.089 cv=0.015 sf=3479.301 df=36.827 af=3516.127 Fz=2978.842 Fx=0.000 Fy=-0.000 k=0.000 a=0.000 p=(-0.747,-0.000,-1.250) n=(-0.000,1.000,-0.000)
[DEBUG] [Cornering] steerInput=0.000 frontSteerAngle=-0.000 yawRateY=0.000 rollRateZ=0.000 leftLoad=5957.684 rightLoad=5957.684 leftMinusRight=0.000
[DEBUG] [W] i=0 w=FL si=0 lp=(0.760,-0.100,1.250) o=(0.760,0.334,1.250) wp=(0.747,0.320,1.250) mw=(-0.013,-0.014,0.000) pe2=(-0.013,0.357,0.000) grounded=1 contactSamples=1 contactDistance=0.320 sl=0.371 c=0.089 cv=-0.015 sf=3474.514 df=-44.181 af=3430.333 Fz=2906.556 Fx=0.000 Fy=-0.000 k=0.000 a=0.000 p=(0.747,-0.000,1.250) n=(-0.000,1.000,-0.000)
[DEBUG] [W] i=1 w=FR si=1 lp=(-0.760,-0.100,1.250) o=(-0.760,0.334,1.250) wp=(-0.747,0.320,1.250) mw=(0.013,-0.014,0.000) pe2=(0.013,0.357,0.000) grounded=1 contactSamples=1 contactDistance=0.320 sl=0.371 c=0.089 cv=-0.015 sf=3474.514 df=-44.181 af=3430.333 Fz=2906.556 Fx=0.000 Fy=-0.000 k=0.000 a=0.000 p=(-0.747,-0.000,1.250) n=(-0.000,1.000,-0.000)
[DEBUG] [W] i=2 w=RL si=2 lp=(0.760,-0.100,-1.250) o=(0.760,0.334,-1.250) wp=(0.747,0.320,-1.250) mw=(-0.013,-0.014,0.000) pe2=(-0.013,0.357,0.000) grounded=1 contactSamples=1 contactDistance=0.320 sl=0.371 c=0.089 cv=-0.015 sf=3474.514 df=-44.181 af=3430.333 Fz=2906.556 Fx=0.000 Fy=-0.000 k=0.000 a=0.000 p=(0.747,-0.000,-1.250) n=(-0.000,1.000,-0.000)
[DEBUG] [W] i=3 w=RR si=3 lp=(-0.760,-0.100,-1.250) o=(-0.760,0.334,-1.250) wp=(-0.747,0.320,-1.250) mw=(0.013,-0.014,0.000) pe2=(0.013,0.357,0.000) grounded=1 contactSamples=1 contactDistance=0.320 sl=0.371 c=0.089 cv=-0.015 sf=3474.514 df=-44.181 af=3430.333 Fz=2906.556 Fx=0.000 Fy=-0.000 k=0.000 a=0.000 p=(-0.747,-0.000,-1.250) n=(-0.000,1.000,-0.000)
[DEBUG] [Cornering] steerInput=0.000 frontSteerAngle=-0.000 yawRateY=0.000 rollRateZ=0.000 leftLoad=5813.111 rightLoad=5813.111 leftMinusRight=0.000
[DEBUG] [W] i=0 w=FL si=0 lp=(0.760,-0.100,1.250) o=(0.760,0.334,1.250) wp=(0.747,0.320,1.250) mw=(-0.013,-0.014,0.000) pe2=(-0.013,0.357,0.000) grounded=1 contactSamples=1 contactDistance=0.320 sl=0.371 c=0.089 cv=0.015 sf=3479.299 df=36.809 af=3516.108 Fz=2978.826 Fx=0.000 Fy=-0.000 k=0.000 a=0.000 p=(0.747,-0.000,1.250) n=(-0.000,1.000,-0.000)
[DEBUG] [W] i=1 w=FR si=1 lp=(-0.760,-0.100,1.250) o=(-0.760,0.334,1.250) wp=(-0.747,0.320,1.250) mw=(0.013,-0.014,0.000) pe2=(0.013,0.357,0.000) grounded=1 contactSamples=1 contactDistance=0.320 sl=0.371 c=0.089 cv=0.015 sf=3479.299 df=36.809 af=3516.108 Fz=2978.826 Fx=0.000 Fy=-0.000 k=0.000 a=0.000 p=(-0.747,-0.000,1.250) n=(-0.000,1.000,-0.000)
[DEBUG] [W] i=2 w=RL si=2 lp=(0.760,-0.100,-1.250) o=(0.760,0.334,-1.250) wp=(0.747,0.320,-1.250) mw=(-0.013,-0.014,0.000) pe2=(-0.013,0.357,0.000) grounded=1 contactSamples=1 contactDistance=0.320 sl=0.371 c=0.089 cv=0.015 sf=3479.299 df=36.809 af=3516.108 Fz=2978.826 Fx=0.000 Fy=-0.000 k=0.000 a=0.000 p=(0.747,-0.000,-1.250) n=(-0.000,1.000,-0.000)
[DEBUG] [W] i=3 w=RR si=3 lp=(-0.760,-0.100,-1.250) o=(-0.760,0.334,-1.250) wp=(-0.747,0.320,-1.250) mw=(0.013,-0.014,0.000) pe2=(0.013,0.357,0.000) grounded=1 contactSamples=1 contactDistance=0.320 sl=0.371 c=0.089 cv=0.015 sf=3479.299 df=36.809 af=3516.108 Fz=2978.826 Fx=0.000 Fy=-0.000 k=0.000 a=0.000 p=(-0.747,-0.000,-1.250) n=(-0.000,1.000,-0.000)
[DEBUG] [Cornering] steerInput=0.000 frontSteerAngle=-0.000 yawRateY=0.000 rollRateZ=0.000 leftLoad=5957.652 rightLoad=5957.652 leftMinusRight=0.000
[DEBUG] [W] i=0 w=FL si=0 lp=(0.760,-0.100,1.250) o=(0.760,0.334,1.250) wp=(0.747,0.320,1.250) mw=(-0.013,-0.014,0.000) pe2=(-0.013,0.357,0.000) grounded=1 contactSamples=1 contactDistance=0.320 sl=0.371 c=0.089 cv=0.015 sf=3479.299 df=36.809 af=3516.108 Fz=2978.826 Fx=0.000 Fy=-0.000 k=0.000 a=0.000 p=(0.747,-0.000,1.250) n=(-0.000,1.000,-0.000)
[DEBUG] [W] i=1 w=FR si=1 lp=(-0.760,-0.100,1.250) o=(-0.760,0.334,1.250) wp=(-0.747,0.320,1.250) mw=(0.013,-0.014,0.000) pe2=(0.013,0.357,0.000) grounded=1 contactSamples=1 contactDistance=0.320 sl=0.371 c=0.089 cv=0.015 sf=3479.299 df=36.809 af=3516.108 Fz=2978.826 Fx=0.000 Fy=-0.000 k=0.000 a=0.000 p=(-0.747,-0.000,1.250) n=(-0.000,1.000,-0.000)
[DEBUG] [W] i=2 w=RL si=2 lp=(0.760,-0.100,-1.250) o=(0.760,0.334,-1.250) wp=(0.747,0.320,-1.250) mw=(-0.013,-0.014,0.000) pe2=(-0.013,0.357,0.000) grounded=1 contactSamples=1 contactDistance=0.320 sl=0.371 c=0.089 cv=0.015 sf=3479.299 df=36.809 af=3516.108 Fz=2978.826 Fx=0.000 Fy=-0.000 k=0.000 a=0.000 p=(0.747,-0.000,-1.250) n=(-0.000,1.000,-0.000)
[DEBUG] [W] i=3 w=RR si=3 lp=(-0.760,-0.100,-1.250) o=(-0.760,0.334,-1.250) wp=(-0.747,0.320,-1.250) mw=(0.013,-0.014,0.000) pe2=(0.013,0.357,0.000) grounded=1 contactSamples=1 contactDistance=0.320 sl=0.371 c=0.089 cv=0.015 sf=3479.299 df=36.809 af=3516.108 Fz=2978.826 Fx=0.000 Fy=-0.000 k=0.000 a=0.000 p=(-0.747,-0.000,-1.250) n=(-0.000,1.000,-0.000)
[DEBUG] [Cornering] steerInput=0.000 frontSteerAngle=-0.000 yawRateY=0.000 rollRateZ=0.000 leftLoad=5957.652 rightLoad=5957.652 leftMinusRight=0.000
[INFO] [EnergyDelta] step=1140 t=9.500001 deltaFromBaseline=-13.184082 stepDelta=-1.653320 integratedPowerA=165.324158 integratedPowerB=-14.934402 integratedSpringPower=-177.952423 integratedDamperPower=27.731430 integratedPowerBalanceResidual=0.168762
[INFO] [State] t=9.500001 y=0.434133 z=0.000000 vy=0.000540 vz=0.000000 energy=5729.698730 compression=0.089090,0.089090,0.089090,0.089090
[DEBUG] [W] i=0 w=FL si=0 lp=(0.760,-0.100,1.250) o=(0.760,0.334,1.250) wp=(0.747,0.320,1.250) mw=(-0.013,-0.014,0.000) pe2=(-0.013,0.357,0.000) grounded=1 contactSamples=1 contactDistance=0.320 sl=0.371 c=0.089 cv=0.015 sf=3479.299 df=36.818 af=3516.117 Fz=2978.834 Fx=0.000 Fy=-0.000 k=0.000 a=0.000 p=(0.747,-0.000,1.250) n=(-0.000,1.000,-0.000)
[DEBUG] [W] i=1 w=FR si=1 lp=(-0.760,-0.100,1.250) o=(-0.760,0.334,1.250) wp=(-0.747,0.320,1.250) mw=(0.013,-0.014,0.000) pe2=(0.013,0.357,0.000) grounded=1 contactSamples=1 contactDistance=0.320 sl=0.371 c=0.089 cv=0.015 sf=3479.299 df=36.818 af=3516.117 Fz=2978.834 Fx=0.000 Fy=-0.000 k=0.000 a=0.000 p=(-0.747,-0.000,1.250) n=(-0.000,1.000,-0.000)
[DEBUG] [W] i=2 w=RL si=2 lp=(0.760,-0.100,-1.250) o=(0.760,0.334,-1.250) wp=(0.747,0.320,-1.250) mw=(-0.013,-0.014,0.000) pe2=(-0.013,0.357,0.000) grounded=1 contactSamples=1 contactDistance=0.320 sl=0.371 c=0.089 cv=0.015 sf=3479.299 df=36.818 af=3516.117 Fz=2978.834 Fx=0.000 Fy=-0.000 k=0.000 a=0.000 p=(0.747,-0.000,-1.250) n=(-0.000,1.000,-0.000)
[DEBUG] [W] i=3 w=RR si=3 lp=(-0.760,-0.100,-1.250) o=(-0.760,0.334,-1.250) wp=(-0.747,0.320,-1.250) mw=(0.013,-0.014,0.000) pe2=(0.013,0.357,0.000) grounded=1 contactSamples=1 contactDistance=0.320 sl=0.371 c=0.089 cv=0.015 sf=3479.299 df=36.818 af=3516.117 Fz=2978.834 Fx=0.000 Fy=-0.000 k=0.000 a=0.000 p=(-0.747,-0.000,-1.250) n=(-0.000,1.000,-0.000)
[DEBUG] [Cornering] steerInput=0.000 frontSteerAngle=-0.000 yawRateY=0.000 rollRateZ=0.000 leftLoad=5957.667 rightLoad=5957.667 leftMinusRight=0.000
[DEBUG] [Energy] x=0.000 y=0.434 z=0.000 vx=0.000 vy=-0.000 vz=0.000 total=5731.357 potential=5110.562 linear=0.000 angular=0.000 wheels=0.000 suspension=620.796 suspensionPower=-5.707 suspensionResidual=201.422
[DEBUG] [W] i=0 w=FL si=0 lp=(0.760,-0.100,1.250) o=(0.760,0.334,1.250) wp=(0.747,0.320,1.250) mw=(-0.013,-0.014,0.000) pe2=(-0.013,0.357,0.000) grounded=1 contactSamples=1 contactDistance=0.320 sl=0.371 c=0.089 cv=-0.015 sf=3474.514 df=-44.171 af=3430.344 Fz=2906.565 Fx=0.000 Fy=-0.000 k=0.000 a=0.000 p=(0.747,-0.000,1.250) n=(-0.000,1.000,-0.000)
[DEBUG] [W] i=1 w=FR si=1 lp=(-0.760,-0.100,1.250) o=(-0.760,0.334,1.250) wp=(-0.747,0.320,1.250) mw=(0.013,-0.014,0.000) pe2=(0.013,0.357,0.000) grounded=1 contactSamples=1 contactDistance=0.320 sl=0.371 c=0.089 cv=-0.015 sf=3474.514 df=-44.171 af=3430.344 Fz=2906.565 Fx=0.000 Fy=-0.000 k=0.000 a=0.000 p=(-0.747,-0.000,1.250) n=(-0.000,1.000,-0.000)
[DEBUG] [W] i=2 w=RL si=2 lp=(0.760,-0.100,-1.250) o=(0.760,0.334,-1.250) wp=(0.747,0.320,-1.250) mw=(-0.013,-0.014,0.000) pe2=(-0.013,0.357,0.000) grounded=1 contactSamples=1 contactDistance=0.320 sl=0.371 c=0.089 cv=-0.015 sf=3474.514 df=-44.171 af=3430.344 Fz=2906.565 Fx=0.000 Fy=-0.000 k=0.000 a=0.000 p=(0.747,-0.000,-1.250) n=(-0.000,1.000,-0.000)
[DEBUG] [W] i=3 w=RR si=3 lp=(-0.760,-0.100,-1.250) o=(-0.760,0.334,-1.250) wp=(-0.747,0.320,-1.250) mw=(0.013,-0.014,0.000) pe2=(0.013,0.357,0.000) grounded=1 contactSamples=1 contactDistance=0.320 sl=0.371 c=0.089 cv=-0.015 sf=3474.514 df=-44.171 af=3430.344 Fz=2906.565 Fx=0.000 Fy=-0.000 k=0.000 a=0.000 p=(-0.747,-0.000,-1.250) n=(-0.000,1.000,-0.000)
[DEBUG] [Cornering] steerInput=0.000 frontSteerAngle=-0.000 yawRateY=0.000 rollRateZ=0.000 leftLoad=5813.129 rightLoad=5813.129 leftMinusRight=0.000
[DEBUG] [W] i=0 w=FL si=0 lp=(0.760,-0.100,1.250) o=(0.760,0.334,1.250) wp=(0.747,0.320,1.250) mw=(-0.013,-0.014,0.000) pe2=(-0.013,0.357,0.000) grounded=1 contactSamples=1 contactDistance=0.320 sl=0.371 c=0.089 cv=-0.015 sf=3474.514 df=-44.171 af=3430.344 Fz=2906.565 Fx=0.000 Fy=-0.000 k=0.000 a=0.000 p=(0.747,-0.000,1.250) n=(-0.000,1.000,-0.000)
[DEBUG] [W] i=1 w=FR si=1 lp=(-0.760,-0.100,1.250) o=(-0.760,0.334,1.250) wp=(-0.747,0.320,1.250) mw=(0.013,-0.014,0.000) pe2=(0.013,0.357,0.000) grounded=1 contactSamples=1 contactDistance=0.320 sl=0.371 c=0.089 cv=-0.015 sf=3474.514 df=-44.171 af=3430.344 Fz=2906.565 Fx=0.000 Fy=-0.000 k=0.000 a=0.000 p=(-0.747,-0.000,1.250) n=(-0.000,1.000,-0.000)
[DEBUG] [W] i=2 w=RL si=2 lp=(0.760,-0.100,-1.250) o=(0.760,0.334,-1.250) wp=(0.747,0.320,-1.250) mw=(-0.013,-0.014,0.000) pe2=(-0.013,0.357,0.000) grounded=1 contactSamples=1 contactDistance=0.320 sl=0.371 c=0.089 cv=-0.015 sf=3474.514 df=-44.171 af=3430.344 Fz=2906.565 Fx=0.000 Fy=-0.000 k=0.000 a=0.000 p=(0.747,-0.000,-1.250) n=(-0.000,1.000,-0.000)
[DEBUG] [W] i=3 w=RR si=3 lp=(-0.760,-0.100,-1.250) o=(-0.760,0.334,-1.250) wp=(-0.747,0.320,-1.250) mw=(0.013,-0.014,0.000) pe2=(0.013,0.357,0.000) grounded=1 contactSamples=1 contactDistance=0.320 sl=0.371 c=0.089 cv=-0.015 sf=3474.514 df=-44.171 af=3430.344 Fz=2906.565 Fx=0.000 Fy=-0.000 k=0.000 a=0.000 p=(-0.747,-0.000,-1.250) n=(-0.000,1.000,-0.000)
[DEBUG] [Cornering] steerInput=0.000 frontSteerAngle=-0.000 yawRateY=0.000 rollRateZ=0.000 leftLoad=5813.129 rightLoad=5813.129 leftMinusRight=0.000
[DEBUG] [W] i=0 w=FL si=0 lp=(0.760,-0.100,1.250) o=(0.760,0.334,1.250) wp=(0.747,0.320,1.250) mw=(-0.013,-0.014,0.000) pe2=(-0.013,0.357,0.000) grounded=1 contactSamples=1 contactDistance=0.320 sl=0.371 c=0.089 cv=-0.015 sf=3474.514 df=-44.171 af=3430.344 Fz=2906.565 Fx=0.000 Fy=-0.000 k=0.000 a=0.000 p=(0.747,-0.000,1.250) n=(-0.000,1.000,-0.000)
[DEBUG] [W] i=1 w=FR si=1 lp=(-0.760,-0.100,1.250) o=(-0.760,0.334,1.250) wp=(-0.747,0.320,1.250) mw=(0.013,-0.014,0.000) pe2=(0.013,0.357,0.000) grounded=1 contactSamples=1 contactDistance=0.320 sl=0.371 c=0.089 cv=-0.015 sf=3474.514 df=-44.171 af=3430.344 Fz=2906.565 Fx=0.000 Fy=-0.000 k=0.000 a=0.000 p=(-0.747,-0.000,1.250) n=(-0.000,1.000,-0.000)
[DEBUG] [W] i=2 w=RL si=2 lp=(0.760,-0.100,-1.250) o=(0.760,0.334,-1.250) wp=(0.747,0.320,-1.250) mw=(-0.013,-0.014,0.000) pe2=(-0.013,0.357,0.000) grounded=1 contactSamples=1 contactDistance=0.320 sl=0.371 c=0.089 cv=-0.015 sf=3474.514 df=-44.171 af=3430.344 Fz=2906.565 Fx=0.000 Fy=-0.000 k=0.000 a=0.000 p=(0.747,-0.000,-1.250) n=(-0.000,1.000,-0.000)
[DEBUG] [W] i=3 w=RR si=3 lp=(-0.760,-0.100,-1.250) o=(-0.760,0.334,-1.250) wp=(-0.747,0.320,-1.250) mw=(0.013,-0.014,0.000) pe2=(0.013,0.357,0.000) grounded=1 contactSamples=1 contactDistance=0.320 sl=0.371 c=0.089 cv=-0.015 sf=3474.514 df=-44.171 af=3430.344 Fz=2906.565 Fx=0.000 Fy=-0.000 k=0.000 a=0.000 p=(-0.747,-0.000,-1.250) n=(-0.000,1.000,-0.000)
[DEBUG] [Cornering] steerInput=0.000 frontSteerAngle=-0.000 yawRateY=0.000 rollRateZ=0.000 leftLoad=5813.129 rightLoad=5813.129 leftMinusRight=0.000
[DEBUG] [W] i=0 w=FL si=0 lp=(0.760,-0.100,1.250) o=(0.760,0.334,1.250) wp=(0.747,0.320,1.250) mw=(-0.013,-0.014,0.000) pe2=(-0.013,0.357,0.000) grounded=1 contactSamples=1 contactDistance=0.320 sl=0.371 c=0.089 cv=0.015 sf=3479.301 df=36.818 af=3516.118 Fz=2978.835 Fx=0.000 Fy=-0.000 k=0.000 a=0.000 p=(0.747,-0.000,1.250) n=(-0.000,1.000,-0.000)
[DEBUG] [W] i=1 w=FR si=1 lp=(-0.760,-0.100,1.250) o=(-0.760,0.334,1.250) wp=(-0.747,0.320,1.250) mw=(0.013,-0.014,0.000) pe2=(0.013,0.357,0.000) grounded=1 contactSamples=1 contactDistance=0.320 sl=0.371 c=0.089 cv=0.015 sf=3479.301 df=36.818 af=3516.118 Fz=2978.835 Fx=0.000 Fy=-0.000 k=0.000 a=0.000 p=(-0.747,-0.000,1.250) n=(-0.000,1.000,-0.000)
[DEBUG] [W] i=2 w=RL si=2 lp=(0.760,-0.100,-1.250) o=(0.760,0.334,-1.250) wp=(0.747,0.320,-1.250) mw=(-0.013,-0.014,0.000) pe2=(-0.013,0.357,0.000) grounded=1 contactSamples=1 contactDistance=0.320 sl=0.371 c=0.089 cv=0.015 sf=3479.301 df=36.818 af=3516.118 Fz=2978.835 Fx=0.000 Fy=-0.000 k=0.000 a=0.000 p=(0.747,-0.000,-1.250) n=(-0.000,1.000,-0.000)
[DEBUG] [W] i=3 w=RR si=3 lp=(-0.760,-0.100,-1.250) o=(-0.760,0.334,-1.250) wp=(-0.747,0.320,-1.250) mw=(0.013,-0.014,0.000) pe2=(0.013,0.357,0.000) grounded=1 contactSamples=1 contactDistance=0.320 sl=0.371 c=0.089 cv=0.015 sf=3479.301 df=36.818 af=3516.118 Fz=2978.835 Fx=0.000 Fy=-0.000 k=0.000 a=0.000 p=(-0.747,-0.000,-1.250) n=(-0.000,1.000,-0.000)
[DEBUG] [Cornering] steerInput=0.000 frontSteerAngle=-0.000 yawRateY=0.000 rollRateZ=0.000 leftLoad=5957.669 rightLoad=5957.669 leftMinusRight=0.000
[INFO] [EnergyDelta] step=1200 t=10.000001 deltaFromBaseline=-13.213867 stepDelta=-1.652344 integratedPowerA=165.261353 integratedPowerB=-16.001879 integratedSpringPower=-177.888641 integratedDamperPower=28.804970 integratedPowerBalanceResidual=0.175804
[INFO] [State] t=10.000001 y=0.434130 z=0.000000 vy=0.000552 vz=0.000000 energy=5729.668945 compression=0.089090,0.089090,0.089090,0.089090
[DEBUG] [W] i=0 w=FL si=0 lp=(0.760,-0.100,1.250) o=(0.760,0.334,1.250) wp=(0.747,0.320,1.250) mw=(-0.013,-0.014,0.000) pe2=(-0.013,0.357,0.000) grounded=1 contactSamples=1 contactDistance=0.320 sl=0.371 c=0.089 cv=0.015 sf=3479.299 df=36.818 af=3516.117 Fz=2978.834 Fx=0.000 Fy=-0.000 k=0.000 a=0.000 p=(0.747,-0.000,1.250) n=(-0.000,1.000,-0.000)
[DEBUG] [W] i=1 w=FR si=1 lp=(-0.760,-0.100,1.250) o=(-0.760,0.334,1.250) wp=(-0.747,0.320,1.250) mw=(0.013,-0.014,0.000) pe2=(0.013,0.357,0.000) grounded=1 contactSamples=1 contactDistance=0.320 sl=0.371 c=0.089 cv=0.015 sf=3479.299 df=36.818 af=3516.117 Fz=2978.834 Fx=0.000 Fy=-0.000 k=0.000 a=0.000 p=(-0.747,-0.000,1.250) n=(-0.000,1.000,-0.000)
[DEBUG] [W] i=2 w=RL si=2 lp=(0.760,-0.100,-1.250) o=(0.760,0.334,-1.250) wp=(0.747,0.320,-1.250) mw=(-0.013,-0.014,0.000) pe2=(-0.013,0.357,0.000) grounded=1 contactSamples=1 contactDistance=0.320 sl=0.371 c=0.089 cv=0.015 sf=3479.299 df=36.818 af=3516.117 Fz=2978.834 Fx=0.000 Fy=-0.000 k=0.000 a=0.000 p=(0.747,-0.000,-1.250) n=(-0.000,1.000,-0.000)
[DEBUG] [W] i=3 w=RR si=3 lp=(-0.760,-0.100,-1.250) o=(-0.760,0.334,-1.250) wp=(-0.747,0.320,-1.250) mw=(0.013,-0.014,0.000) pe2=(0.013,0.357,0.000) grounded=1 contactSamples=1 contactDistance=0.320 sl=0.371 c=0.089 cv=0.015 sf=3479.299 df=36.818 af=3516.117 Fz=2978.834 Fx=0.000 Fy=-0.000 k=0.000 a=0.000 p=(-0.747,-0.000,-1.250) n=(-0.000,1.000,-0.000)
[DEBUG] [Cornering] steerInput=0.000 frontSteerAngle=-0.000 yawRateY=0.000 rollRateZ=0.000 leftLoad=5957.667 rightLoad=5957.667 leftMinusRight=0.000
[DEBUG] [Energy] x=0.000 y=0.434 z=0.000 vx=0.000 vy=-0.000 vz=0.000 total=5731.339 potential=5110.543 linear=0.000 angular=0.000 wheels=0.000 suspension=620.796 suspensionPower=-5.238 suspensionResidual=201.841
[DEBUG] [W] i=0 w=FL si=0 lp=(0.760,-0.100,1.250) o=(0.760,0.334,1.250) wp=(0.747,0.320,1.250) mw=(-0.013,-0.014,0.000) pe2=(-0.013,0.357,0.000) grounded=1 contactSamples=1 contactDistance=0.320 sl=0.371 c=0.089 cv=0.015 sf=3479.299 df=36.818 af=3516.117 Fz=2978.834 Fx=0.000 Fy=-0.000 k=0.000 a=0.000 p=(0.747,-0.000,1.250) n=(-0.000,1.000,-0.000)
[DEBUG] [W] i=1 w=FR si=1 lp=(-0.760,-0.100,1.250) o=(-0.760,0.334,1.250) wp=(-0.747,0.320,1.250) mw=(0.013,-0.014,0.000) pe2=(0.013,0.357,0.000) grounded=1 contactSamples=1 contactDistance=0.320 sl=0.371 c=0.089 cv=0.015 sf=3479.299 df=36.818 af=3516.117 Fz=2978.834 Fx=0.000 Fy=-0.000 k=0.000 a=0.000 p=(-0.747,-0.000,1.250) n=(-0.000,1.000,-0.000)
[DEBUG] [W] i=2 w=RL si=2 lp=(0.760,-0.100,-1.250) o=(0.760,0.334,-1.250) wp=(0.747,0.320,-1.250) mw=(-0.013,-0.014,0.000) pe2=(-0.013,0.357,0.000) grounded=1 contactSamples=1 contactDistance=0.320 sl=0.371 c=0.089 cv=0.015 sf=3479.299 df=36.818 af=3516.117 Fz=2978.834 Fx=0.000 Fy=-0.000 k=0.000 a=0.000 p=(0.747,-0.000,-1.250) n=(-0.000,1.000,-0.000)
[DEBUG] [W] i=3 w=RR si=3 lp=(-0.760,-0.100,-1.250) o=(-0.760,0.334,-1.250) wp=(-0.747,0.320,-1.250) mw=(0.013,-0.014,0.000) pe2=(0.013,0.357,0.000) grounded=1 contactSamples=1 contactDistance=0.320 sl=0.371 c=0.089 cv=0.015 sf=3479.299 df=36.818 af=3516.117 Fz=2978.834 Fx=0.000 Fy=-0.000 k=0.000 a=0.000 p=(-0.747,-0.000,-1.250) n=(-0.000,1.000,-0.000)
[DEBUG] [Cornering] steerInput=0.000 frontSteerAngle=-0.000 yawRateY=0.000 rollRateZ=0.000 leftLoad=5957.667 rightLoad=5957.667 leftMinusRight=0.000
[DEBUG] [W] i=0 w=FL si=0 lp=(0.760,-0.100,1.250) o=(0.760,0.334,1.250) wp=(0.747,0.320,1.250) mw=(-0.013,-0.014,0.000) pe2=(-0.013,0.357,0.000) grounded=1 contactSamples=1 contactDistance=0.320 sl=0.371 c=0.089 cv=0.015 sf=3479.299 df=36.809 af=3516.108 Fz=2978.826 Fx=0.000 Fy=-0.000 k=0.000 a=0.000 p=(0.747,-0.000,1.250) n=(-0.000,1.000,-0.000)
[DEBUG] [W] i=1 w=FR si=1 lp=(-0.760,-0.100,1.250) o=(-0.760,0.334,1.250) wp=(-0.747,0.320,1.250) mw=(0.013,-0.014,0.000) pe2=(0.013,0.357,0.000) grounded=1 contactSamples=1 contactDistance=0.320 sl=0.371 c=0.089 cv=0.015 sf=3479.299 df=36.809 af=3516.108 Fz=2978.826 Fx=0.000 Fy=-0.000 k=0.000 a=0.000 p=(-0.747,-0.000,1.250) n=(-0.000,1.000,-0.000)
[DEBUG] [W] i=2 w=RL si=2 lp=(0.760,-0.100,-1.250) o=(0.760,0.334,-1.250) wp=(0.747,0.320,-1.250) mw=(-0.013,-0.014,0.000) pe2=(-0.013,0.357,0.000) grounded=1 contactSamples=1 contactDistance=0.320 sl=0.371 c=0.089 cv=0.015 sf=3479.299 df=36.809 af=3516.108 Fz=2978.826 Fx=0.000 Fy=-0.000 k=0.000 a=0.000 p=(0.747,-0.000,-1.250) n=(-0.000,1.000,-0.000)
[DEBUG] [W] i=3 w=RR si=3 lp=(-0.760,-0.100,-1.250) o=(-0.760,0.334,-1.250) wp=(-0.747,0.320,-1.250) mw=(0.013,-0.014,0.000) pe2=(0.013,0.357,0.000) grounded=1 contactSamples=1 contactDistance=0.320 sl=0.371 c=0.089 cv=0.015 sf=3479.299 df=36.809 af=3516.108 Fz=2978.826 Fx=0.000 Fy=-0.000 k=0.000 a=0.000 p=(-0.747,-0.000,-1.250) n=(-0.000,1.000,-0.000)
[DEBUG] [Cornering] steerInput=0.000 frontSteerAngle=-0.000 yawRateY=0.000 rollRateZ=0.000 leftLoad=5957.652 rightLoad=5957.652 leftMinusRight=0.000
[DEBUG] [W] i=0 w=FL si=0 lp=(0.760,-0.100,1.250) o=(0.760,0.334,1.250) wp=(0.747,0.320,1.250) mw=(-0.013,-0.014,0.000) pe2=(-0.013,0.357,0.000) grounded=1 contactSamples=1 contactDistance=0.320 sl=0.371 c=0.089 cv=-0.015 sf=3474.514 df=-44.181 af=3430.333 Fz=2906.556 Fx=0.000 Fy=-0.000 k=0.000 a=0.000 p=(0.747,-0.000,1.250) n=(-0.000,1.000,-0.000)
[DEBUG] [W] i=1 w=FR si=1 lp=(-0.760,-0.100,1.250) o=(-0.760,0.334,1.250) wp=(-0.747,0.320,1.250) mw=(0.013,-0.014,0.000) pe2=(0.013,0.357,0.000) grounded=1 contactSamples=1 contactDistance=0.320 sl=0.371 c=0.089 cv=-0.015 sf=3474.514 df=-44.181 af=3430.333 Fz=2906.556 Fx=0.000 Fy=-0.000 k=0.000 a=0.000 p=(-0.747,-0.000,1.250) n=(-0.000,1.000,-0.000)
[DEBUG] [W] i=2 w=RL si=2 lp=(0.760,-0.100,-1.250) o=(0.760,0.334,-1.250) wp=(0.747,0.320,-1.250) mw=(-0.013,-0.014,0.000) pe2=(-0.013,0.357,0.000) grounded=1 contactSamples=1 contactDistance=0.320 sl=0.371 c=0.089 cv=-0.015 sf=3474.514 df=-44.181 af=3430.333 Fz=2906.556 Fx=0.000 Fy=-0.000 k=0.000 a=0.000 p=(0.747,-0.000,-1.250) n=(-0.000,1.000,-0.000)
[DEBUG] [W] i=3 w=RR si=3 lp=(-0.760,-0.100,-1.250) o=(-0.760,0.334,-1.250) wp=(-0.747,0.320,-1.250) mw=(0.013,-0.014,0.000) pe2=(0.013,0.357,0.000) grounded=1 contactSamples=1 contactDistance=0.320 sl=0.371 c=0.089 cv=-0.015 sf=3474.514 df=-44.181 af=3430.333 Fz=2906.556 Fx=0.000 Fy=-0.000 k=0.000 a=0.000 p=(-0.747,-0.000,-1.250) n=(-0.000,1.000,-0.000)
[DEBUG] [Cornering] steerInput=0.000 frontSteerAngle=-0.000 yawRateY=0.000 rollRateZ=0.000 leftLoad=5813.111 rightLoad=5813.111 leftMinusRight=0.000
[DEBUG] [W] i=0 w=FL si=0 lp=(0.760,-0.100,1.250) o=(0.760,0.334,1.250) wp=(0.747,0.320,1.250) mw=(-0.013,-0.014,0.000) pe2=(-0.013,0.357,0.000) grounded=1 contactSamples=1 contactDistance=0.320 sl=0.371 c=0.089 cv=0.015 sf=3479.301 df=36.827 af=3516.127 Fz=2978.842 Fx=0.000 Fy=-0.000 k=0.000 a=0.000 p=(0.747,-0.000,1.250) n=(-0.000,1.000,-0.000)
[DEBUG] [W] i=1 w=FR si=1 lp=(-0.760,-0.100,1.250) o=(-0.760,0.334,1.250) wp=(-0.747,0.320,1.250) mw=(0.013,-0.014,0.000) pe2=(0.013,0.357,0.000) grounded=1 contactSamples=1 contactDistance=0.320 sl=0.371 c=0.089 cv=0.015 sf=3479.301 df=36.827 af=3516.127 Fz=2978.842 Fx=0.000 Fy=-0.000 k=0.000 a=0.000 p=(-0.747,-0.000,1.250) n=(-0.000,1.000,-0.000)
[DEBUG] [W] i=2 w=RL si=2 lp=(0.760,-0.100,-1.250) o=(0.760,0.334,-1.250) wp=(0.747,0.320,-1.250) mw=(-0.013,-0.014,0.000) pe2=(-0.013,0.357,0.000) grounded=1 contactSamples=1 contactDistance=0.320 sl=0.371 c=0.089 cv=0.015 sf=3479.301 df=36.827 af=3516.127 Fz=2978.842 Fx=0.000 Fy=-0.000 k=0.000 a=0.000 p=(0.747,-0.000,-1.250) n=(-0.000,1.000,-0.000)
[DEBUG] [W] i=3 w=RR si=3 lp=(-0.760,-0.100,-1.250) o=(-0.760,0.334,-1.250) wp=(-0.747,0.320,-1.250) mw=(0.013,-0.014,0.000) pe2=(0.013,0.357,0.000) grounded=1 contactSamples=1 contactDistance=0.320 sl=0.371 c=0.089 cv=0.015 sf=3479.301 df=36.827 af=3516.127 Fz=2978.842 Fx=0.000 Fy=-0.000 k=0.000 a=0.000 p=(-0.747,-0.000,-1.250) n=(-0.000,1.000,-0.000)
[DEBUG] [Cornering] steerInput=0.000 frontSteerAngle=-0.000 yawRateY=0.000 rollRateZ=0.000 leftLoad=5957.684 rightLoad=5957.684 leftMinusRight=0.000
[INFO] [EnergyDelta] step=1260 t=10.500001 deltaFromBaseline=-13.177734 stepDelta=-1.659180 integratedPowerA=165.264465 integratedPowerB=-17.177067 integratedSpringPower=-177.822968 integratedDamperPower=29.918266 integratedPowerBalanceResidual=0.182701
[INFO] [State] t=10.500001 y=0.434133 z=0.000000 vy=0.000491 vz=0.000000 energy=5729.705078 compression=0.089090,0.089090,0.089090,0.089090
[DEBUG] [W] i=0 w=FL si=0 lp=(0.760,-0.100,1.250) o=(0.760,0.334,1.250) wp=(0.747,0.320,1.250) mw=(-0.013,-0.014,0.000) pe2=(-0.013,0.357,0.000) grounded=1 contactSamples=1 contactDistance=0.320 sl=0.371 c=0.089 cv=-0.015 sf=3474.513 df=-44.181 af=3430.332 Fz=2906.555 Fx=0.000 Fy=-0.000 k=0.000 a=0.000 p=(0.747,-0.000,1.250) n=(-0.000,1.000,-0.000)
[DEBUG] [W] i=1 w=FR si=1 lp=(-0.760,-0.100,1.250) o=(-0.760,0.334,1.250) wp=(-0.747,0.320,1.250) mw=(0.013,-0.014,0.000) pe2=(0.013,0.357,0.000) grounded=1 contactSamples=1 contactDistance=0.320 sl=0.371 c=0.089 cv=-0.015 sf=3474.513 df=-44.181 af=3430.332 Fz=2906.555 Fx=0.000 Fy=-0.000 k=0.000 a=0.000 p=(-0.747,-0.000,1.250) n=(-0.000,1.000,-0.000)
[DEBUG] [W] i=2 w=RL si=2 lp=(0.760,-0.100,-1.250) o=(0.760,0.334,-1.250) wp=(0.747,0.320,-1.250) mw=(-0.013,-0.014,0.000) pe2=(-0.013,0.357,0.000) grounded=1 contactSamples=1 contactDistance=0.320 sl=0.371 c=0.089 cv=-0.015 sf=3474.513 df=-44.181 af=3430.332 Fz=2906.555 Fx=0.000 Fy=-0.000 k=0.000 a=0.000 p=(0.747,-0.000,-1.250) n=(-0.000,1.000,-0.000)
[DEBUG] [W] i=3 w=RR si=3 lp=(-0.760,-0.100,-1.250) o=(-0.760,0.334,-1.250) wp=(-0.747,0.320,-1.250) mw=(0.013,-0.014,0.000) pe2=(0.013,0.357,0.000) grounded=1 contactSamples=1 contactDistance=0.320 sl=0.371 c=0.089 cv=-0.015 sf=3474.513 df=-44.181 af=3430.332 Fz=2906.555 Fx=0.000 Fy=-0.000 k=0.000 a=0.000 p=(-0.747,-0.000,-1.250) n=(-0.000,1.000,-0.000)
[DEBUG] [Cornering] steerInput=0.000 frontSteerAngle=-0.000 yawRateY=0.000 rollRateZ=0.000 leftLoad=5813.110 rightLoad=5813.110 leftMinusRight=0.000
[DEBUG] [Energy] x=0.000 y=0.434 z=0.000 vx=0.000 vy=0.000 vz=0.000 total=5729.666 potential=5110.577 linear=0.000 angular=0.000 wheels=0.000 suspension=619.089 suspensionPower=5.755 suspensionResidual=-196.321
[DEBUG] [W] i=0 w=FL si=0 lp=(0.760,-0.100,1.250) o=(0.760,0.334,1.250) wp=(0.747,0.320,1.250) mw=(-0.013,-0.014,0.000) pe2=(-0.013,0.357,0.000) grounded=1 contactSamples=1 contactDistance=0.320 sl=0.371 c=0.089 cv=0.015 sf=3479.299 df=36.809 af=3516.108 Fz=2978.826 Fx=0.000 Fy=-0.000 k=0.000 a=0.000 p=(0.747,-0.000,1.250) n=(-0.000,1.000,-0.000)
[DEBUG] [W] i=1 w=FR si=1 lp=(-0.760,-0.100,1.250) o=(-0.760,0.334,1.250) wp=(-0.747,0.320,1.250) mw=(0.013,-0.014,0.000) pe2=(0.013,0.357,0.000) grounded=1 contactSamples=1 contactDistance=0.320 sl=0.371 c=0.089 cv=0.015 sf=3479.299 df=36.809 af=3516.108 Fz=2978.826 Fx=0.000 Fy=-0.000 k=0.000 a=0.000 p=(-0.747,-0.000,1.250) n=(-0.000,1.000,-0.000)
[DEBUG] [W] i=2 w=RL si=2 lp=(0.760,-0.100,-1.250) o=(0.760,0.334,-1.250) wp=(0.747,0.320,-1.250) mw=(-0.013,-0.014,0.000) pe2=(-0.013,0.357,0.000) grounded=1 contactSamples=1 contactDistance=0.320 sl=0.371 c=0.089 cv=0.015 sf=3479.299 df=36.809 af=3516.108 Fz=2978.826 Fx=0.000 Fy=-0.000 k=0.000 a=0.000 p=(0.747,-0.000,-1.250) n=(-0.000,1.000,-0.000)
[DEBUG] [W] i=3 w=RR si=3 lp=(-0.760,-0.100,-1.250) o=(-0.760,0.334,-1.250) wp=(-0.747,0.320,-1.250) mw=(0.013,-0.014,0.000) pe2=(0.013,0.357,0.000) grounded=1 contactSamples=1 contactDistance=0.320 sl=0.371 c=0.089 cv=0.015 sf=3479.299 df=36.809 af=3516.108 Fz=2978.826 Fx=0.000 Fy=-0.000 k=0.000 a=0.000 p=(-0.747,-0.000,-1.250) n=(-0.000,1.000,-0.000)
[DEBUG] [Cornering] steerInput=0.000 frontSteerAngle=-0.000 yawRateY=0.000 rollRateZ=0.000 leftLoad=5957.652 rightLoad=5957.652 leftMinusRight=0.000
[DEBUG] [W] i=0 w=FL si=0 lp=(0.760,-0.100,1.250) o=(0.760,0.334,1.250) wp=(0.747,0.320,1.250) mw=(-0.013,-0.014,0.000) pe2=(-0.013,0.357,0.000) grounded=1 contactSamples=1 contactDistance=0.320 sl=0.371 c=0.089 cv=-0.015 sf=3474.513 df=-44.192 af=3430.321 Fz=2906.546 Fx=0.000 Fy=-0.000 k=0.000 a=0.000 p=(0.747,-0.000,1.250) n=(-0.000,1.000,-0.000)
[DEBUG] [W] i=1 w=FR si=1 lp=(-0.760,-0.100,1.250) o=(-0.760,0.334,1.250) wp=(-0.747,0.320,1.250) mw=(0.013,-0.014,0.000) pe2=(0.013,0.357,0.000) grounded=1 contactSamples=1 contactDistance=0.320 sl=0.371 c=0.089 cv=-0.015 sf=3474.513 df=-44.192 af=3430.321 Fz=2906.546 Fx=0.000 Fy=-0.000 k=0.000 a=0.000 p=(-0.747,-0.000,1.250) n=(-0.000,1.000,-0.000)
[DEBUG] [W] i=2 w=RL si=2 lp=(0.760,-0.100,-1.250) o=(0.760,0.334,-1.250) wp=(0.747,0.320,-1.250) mw=(-0.013,-0.014,0.000) pe2=(-0.013,0.357,0.000) grounded=1 contactSamples=1 contactDistance=0.320 sl=0.371 c=0.089 cv=-0.015 sf=3474.513 df=-44.192 af=3430.321 Fz=2906.546 Fx=0.000 Fy=-0.000 k=0.000 a=0.000 p=(0.747,-0.000,-1.250) n=(-0.000,1.000,-0.000)
[DEBUG] [W] i=3 w=RR si=3 lp=(-0.760,-0.100,-1.250) o=(-0.760,0.334,-1.250) wp=(-0.747,0.320,-1.250) mw=(0.013,-0.014,0.000) pe2=(0.013,0.357,0.000) grounded=1 contactSamples=1 contactDistance=0.320 sl=0.371 c=0.089 cv=-0.015 sf=3474.513 df=-44.192 af=3430.321 Fz=2906.546 Fx=0.000 Fy=-0.000 k=0.000 a=0.000 p=(-0.747,-0.000,-1.250) n=(-0.000,1.000,-0.000)
[DEBUG] [Cornering] steerInput=0.000 frontSteerAngle=-0.000 yawRateY=0.000 rollRateZ=0.000 leftLoad=5813.091 rightLoad=5813.091 leftMinusRight=0.000
[DEBUG] [W] i=0 w=FL si=0 lp=(0.760,-0.100,1.250) o=(0.760,0.334,1.250) wp=(0.747,0.320,1.250) mw=(-0.013,-0.014,0.000) pe2=(-0.013,0.357,0.000) grounded=1 contactSamples=1 contactDistance=0.320 sl=0.371 c=0.089 cv=-0.015 sf=3474.513 df=-44.192 af=3430.321 Fz=2906.546 Fx=0.000 Fy=-0.000 k=0.000 a=0.000 p=(0.747,-0.000,1.250) n=(-0.000,1.000,-0.000)
[DEBUG] [W] i=1 w=FR si=1 lp=(-0.760,-0.100,1.250) o=(-0.760,0.334,1.250) wp=(-0.747,0.320,1.250) mw=(0.013,-0.014,0.000) pe2=(0.013,0.357,0.000) grounded=1 contactSamples=1 contactDistance=0.320 sl=0.371 c=0.089 cv=-0.015 sf=3474.513 df=-44.192 af=3430.321 Fz=2906.546 Fx=0.000 Fy=-0.000 k=0.000 a=0.000 p=(-0.747,-0.000,1.250) n=(-0.000,1.000,-0.000)
[DEBUG] [W] i=2 w=RL si=2 lp=(0.760,-0.100,-1.250) o=(0.760,0.334,-1.250) wp=(0.747,0.320,-1.250) mw=(-0.013,-0.014,0.000) pe2=(-0.013,0.357,0.000) grounded=1 contactSamples=1 contactDistance=0.320 sl=0.371 c=0.089 cv=-0.015 sf=3474.513 df=-44.192 af=3430.321 Fz=2906.546 Fx=0.000 Fy=-0.000 k=0.000 a=0.000 p=(0.747,-0.000,-1.250) n=(-0.000,1.000,-0.000)
[DEBUG] [W] i=3 w=RR si=3 lp=(-0.760,-0.100,-1.250) o=(-0.760,0.334,-1.250) wp=(-0.747,0.320,-1.250) mw=(0.013,-0.014,0.000) pe2=(0.013,0.357,0.000) grounded=1 contactSamples=1 contactDistance=0.320 sl=0.371 c=0.089 cv=-0.015 sf=3474.513 df=-44.192 af=3430.321 Fz=2906.546 Fx=0.000 Fy=-0.000 k=0.000 a=0.000 p=(-0.747,-0.000,-1.250) n=(-0.000,1.000,-0.000)
[DEBUG] [Cornering] steerInput=0.000 frontSteerAngle=-0.000 yawRateY=0.000 rollRateZ=0.000 leftLoad=5813.091 rightLoad=5813.091 leftMinusRight=0.000
[DEBUG] [W] i=0 w=FL si=0 lp=(0.760,-0.100,1.250) o=(0.760,0.334,1.250) wp=(0.747,0.320,1.250) mw=(-0.013,-0.014,0.000) pe2=(-0.013,0.357,0.000) grounded=1 contactSamples=1 contactDistance=0.320 sl=0.371 c=0.089 cv=-0.015 sf=3474.514 df=-44.171 af=3430.344 Fz=2906.565 Fx=0.000 Fy=-0.000 k=0.000 a=0.000 p=(0.747,-0.000,1.250) n=(-0.000,1.000,-0.000)
[DEBUG] [W] i=1 w=FR si=1 lp=(-0.760,-0.100,1.250) o=(-0.760,0.334,1.250) wp=(-0.747,0.320,1.250) mw=(0.013,-0.014,0.000) pe2=(0.013,0.357,0.000) grounded=1 contactSamples=1 contactDistance=0.320 sl=0.371 c=0.089 cv=-0.015 sf=3474.514 df=-44.171 af=3430.344 Fz=2906.565 Fx=0.000 Fy=-0.000 k=0.000 a=0.000 p=(-0.747,-0.000,1.250) n=(-0.000,1.000,-0.000)
[DEBUG] [W] i=2 w=RL si=2 lp=(0.760,-0.100,-1.250) o=(0.760,0.334,-1.250) wp=(0.747,0.320,-1.250) mw=(-0.013,-0.014,0.000) pe2=(-0.013,0.357,0.000) grounded=1 contactSamples=1 contactDistance=0.320 sl=0.371 c=0.089 cv=-0.015 sf=3474.514 df=-44.171 af=3430.344 Fz=2906.565 Fx=0.000 Fy=-0.000 k=0.000 a=0.000 p=(0.747,-0.000,-1.250) n=(-0.000,1.000,-0.000)
[DEBUG] [W] i=3 w=RR si=3 lp=(-0.760,-0.100,-1.250) o=(-0.760,0.334,-1.250) wp=(-0.747,0.320,-1.250) mw=(0.013,-0.014,0.000) pe2=(0.013,0.357,0.000) grounded=1 contactSamples=1 contactDistance=0.320 sl=0.371 c=0.089 cv=-0.015 sf=3474.514 df=-44.171 af=3430.344 Fz=2906.565 Fx=0.000 Fy=-0.000 k=0.000 a=0.000 p=(-0.747,-0.000,-1.250) n=(-0.000,1.000,-0.000)
[DEBUG] [Cornering] steerInput=0.000 frontSteerAngle=-0.000 yawRateY=0.000 rollRateZ=0.000 leftLoad=5813.129 rightLoad=5813.129 leftMinusRight=0.000
[INFO] [EnergyDelta] step=1320 t=11.000001 deltaFromBaseline=-11.570801 stepDelta=1.650879 integratedPowerA=165.132019 integratedPowerB=-19.859409 integratedSpringPower=-176.052887 integratedDamperPower=30.970253 integratedPowerBalanceResidual=0.189980
[INFO] [State] t=11.000001 y=0.434125 z=0.000000 vy=-0.000567 vz=0.000000 energy=5731.312012 compression=0.089213,0.089213,0.089213,0.089213
[DEBUG] [W] i=0 w=FL si=0 lp=(0.760,-0.100,1.250) o=(0.760,0.334,1.250) wp=(0.747,0.320,1.250) mw=(-0.013,-0.014,0.000) pe2=(-0.013,0.357,0.000) grounded=1 contactSamples=1 contactDistance=0.320 sl=0.371 c=0.089 cv=-0.015 sf=3474.513 df=-44.192 af=3430.321 Fz=2906.546 Fx=0.000 Fy=-0.000 k=0.000 a=0.000 p=(0.747,-0.000,1.250) n=(-0.000,1.000,-0.000)
[DEBUG] [W] i=1 w=FR si=1 lp=(-0.760,-0.100,1.250) o=(-0.760,0.334,1.250) wp=(-0.747,0.320,1.250) mw=(0.013,-0.014,0.000) pe2=(0.013,0.357,0.000) grounded=1 contactSamples=1 contactDistance=0.320 sl=0.371 c=0.089 cv=-0.015 sf=3474.513 df=-44.192 af=3430.321 Fz=2906.546 Fx=0.000 Fy=-0.000 k=0.000 a=0.000 p=(-0.747,-0.000,1.250) n=(-0.000,1.000,-0.000)
[DEBUG] [W] i=2 w=RL si=2 lp=(0.760,-0.100,-1.250) o=(0.760,0.334,-1.250) wp=(0.747,0.320,-1.250) mw=(-0.013,-0.014,0.000) pe2=(-0.013,0.357,0.000) grounded=1 contactSamples=1 contactDistance=0.320 sl=0.371 c=0.089 cv=-0.015 sf=3474.513 df=-44.192 af=3430.321 Fz=2906.546 Fx=0.000 Fy=-0.000 k=0.000 a=0.000 p=(0.747,-0.000,-1.250) n=(-0.000,1.000,-0.000)
[DEBUG] [W] i=3 w=RR si=3 lp=(-0.760,-0.100,-1.250) o=(-0.760,0.334,-1.250) wp=(-0.747,0.320,-1.250) mw=(0.013,-0.014,0.000) pe2=(0.013,0.357,0.000) grounded=1 contactSamples=1 contactDistance=0.320 sl=0.371 c=0.089 cv=-0.015 sf=3474.513 df=-44.192 af=3430.321 Fz=2906.546 Fx=0.000 Fy=-0.000 k=0.000 a=0.000 p=(-0.747,-0.000,-1.250) n=(-0.000,1.000,-0.000)
[DEBUG] [Cornering] steerInput=0.000 frontSteerAngle=-0.000 yawRateY=0.000 rollRateZ=0.000 leftLoad=5813.091 rightLoad=5813.091 leftMinusRight=0.000
[DEBUG] [Energy] x=0.000 y=0.434 z=0.000 vx=0.000 vy=0.000 vz=0.000 total=5729.662 potential=5110.572 linear=0.000 angular=0.000 wheels=0.000 suspension=619.089 suspensionPower=5.028 suspensionResidual=-197.096
[DEBUG] [W] i=0 w=FL si=0 lp=(0.760,-0.100,1.250) o=(0.760,0.334,1.250) wp=(0.747,0.320,1.250) mw=(-0.013,-0.014,0.000) pe2=(-0.013,0.357,0.000) grounded=1 contactSamples=1 contactDistance=0.320 sl=0.371 c=0.089 cv=0.000 sf=3479.299 df=0.000 af=3479.299 Fz=2947.642 Fx=0.000 Fy=-0.000 k=0.000 a=0.000 p=(0.747,-0.000,1.250) n=(-0.000,1.000,-0.000)
[DEBUG] [W] i=1 w=FR si=1 lp=(-0.760,-0.100,1.250) o=(-0.760,0.334,1.250) wp=(-0.747,0.320,1.250) mw=(0.013,-0.014,0.000) pe2=(0.013,0.357,0.000) grounded=1 contactSamples=1 contactDistance=0.320 sl=0.371 c=0.089 cv=0.000 sf=3479.299 df=0.000 af=3479.299 Fz=2947.642 Fx=0.000 Fy=-0.000 k=0.000 a=0.000 p=(-0.747,-0.000,1.250) n=(-0.000,1.000,-0.000)
[DEBUG] [W] i=2 w=RL si=2 lp=(0.760,-0.100,-1.250) o=(0.760,0.334,-1.250) wp=(0.747,0.320,-1.250) mw=(-0.013,-0.014,0.000) pe2=(-0.013,0.357,0.000) grounded=1 contactSamples=1 contactDistance=0.320 sl=0.371 c=0.089 cv=0.000 sf=3479.299 df=0.000 af=3479.299 Fz=2947.642 Fx=0.000 Fy=-0.000 k=0.000 a=0.000 p=(0.747,-0.000,-1.250) n=(-0.000,1.000,-0.000)
[DEBUG] [W] i=3 w=RR si=3 lp=(-0.760,-0.100,-1.250) o=(-0.760,0.334,-1.250) wp=(-0.747,0.320,-1.250) mw=(0.013,-0.014,0.000) pe2=(0.013,0.357,0.000) grounded=1 contactSamples=1 contactDistance=0.320 sl=0.371 c=0.089 cv=0.000 sf=3479.299 df=0.000 af=3479.299 Fz=2947.642 Fx=0.000 Fy=-0.000 k=0.000 a=0.000 p=(-0.747,-0.000,-1.250) n=(-0.000,1.000,-0.000)
[DEBUG] [Cornering] steerInput=0.000 frontSteerAngle=-0.000 yawRateY=0.000 rollRateZ=0.000 leftLoad=5895.284 rightLoad=5895.284 leftMinusRight=0.000
[DEBUG] [W] i=0 w=FL si=0 lp=(0.760,-0.100,1.250) o=(0.760,0.334,1.250) wp=(0.747,0.320,1.250) mw=(-0.013,-0.014,0.000) pe2=(-0.013,0.357,0.000) grounded=1 contactSamples=1 contactDistance=0.320 sl=0.371 c=0.089 cv=-0.015 sf=3474.513 df=-44.181 af=3430.332 Fz=2906.555 Fx=0.000 Fy=-0.000 k=0.000 a=0.000 p=(0.747,-0.000,1.250) n=(-0.000,1.000,-0.000)
[DEBUG] [W] i=1 w=FR si=1 lp=(-0.760,-0.100,1.250) o=(-0.760,0.334,1.250) wp=(-0.747,0.320,1.250) mw=(0.013,-0.014,0.000) pe2=(0.013,0.357,0.000) grounded=1 contactSamples=1 contactDistance=0.320 sl=0.371 c=0.089 cv=-0.015 sf=3474.513 df=-44.181 af=3430.332 Fz=2906.555 Fx=0.000 Fy=-0.000 k=0.000 a=0.000 p=(-0.747,-0.000,1.250) n=(-0.000,1.000,-0.000)
[DEBUG] [W] i=2 w=RL si=2 lp=(0.760,-0.100,-1.250) o=(0.760,0.334,-1.250) wp=(0.747,0.320,-1.250) mw=(-0.013,-0.014,0.000) pe2=(-0.013,0.357,0.000) grounded=1 contactSamples=1 contactDistance=0.320 sl=0.371 c=0.089 cv=-0.015 sf=3474.513 df=-44.181 af=3430.332 Fz=2906.555 Fx=0.000 Fy=-0.000 k=0.000 a=0.000 p=(0.747,-0.000,-1.250) n=(-0.000,1.000,-0.000)
[DEBUG] [W] i=3 w=RR si=3 lp=(-0.760,-0.100,-1.250) o=(-0.760,0.334,-1.250) wp=(-0.747,0.320,-1.250) mw=(0.013,-0.014,0.000) pe2=(0.013,0.357,0.000) grounded=1 contactSamples=1 contactDistance=0.320 sl=0.371 c=0.089 cv=-0.015 sf=3474.513 df=-44.181 af=3430.332 Fz=2906.555 Fx=0.000 Fy=-0.000 k=0.000 a=0.000 p=(-0.747,-0.000,-1.250) n=(-0.000,1.000,-0.000)
[DEBUG] [Cornering] steerInput=0.000 frontSteerAngle=-0.000 yawRateY=0.000 rollRateZ=0.000 leftLoad=5813.110 rightLoad=5813.110 leftMinusRight=0.000
[DEBUG] [W] i=0 w=FL si=0 lp=(0.760,-0.100,1.250) o=(0.760,0.334,1.250) wp=(0.747,0.320,1.250) mw=(-0.013,-0.014,0.000) pe2=(-0.013,0.357,0.000) grounded=1 contactSamples=1 contactDistance=0.320 sl=0.371 c=0.089 cv=0.015 sf=3479.299 df=36.818 af=3516.117 Fz=2978.834 Fx=0.000 Fy=-0.000 k=0.000 a=0.000 p=(0.747,-0.000,1.250) n=(-0.000,1.000,-0.000)
[DEBUG] [W] i=1 w=FR si=1 lp=(-0.760,-0.100,1.250) o=(-0.760,0.334,1.250) wp=(-0.747,0.320,1.250) mw=(0.013,-0.014,0.000) pe2=(0.013,0.357,0.000) grounded=1 contactSamples=1 contactDistance=0.320 sl=0.371 c=0.089 cv=0.015 sf=3479.299 df=36.818 af=3516.117 Fz=2978.834 Fx=0.000 Fy=-0.000 k=0.000 a=0.000 p=(-0.747,-0.000,1.250) n=(-0.000,1.000,-0.000)
[DEBUG] [W] i=2 w=RL si=2 lp=(0.760,-0.100,-1.250) o=(0.760,0.334,-1.250) wp=(0.747,0.320,-1.250) mw=(-0.013,-0.014,0.000) pe2=(-0.013,0.357,0.000) grounded=1 contactSamples=1 contactDistance=0.320 sl=0.371 c=0.089 cv=0.015 sf=3479.299 df=36.818 af=3516.117 Fz=2978.834 Fx=0.000 Fy=-0.000 k=0.000 a=0.000 p=(0.747,-0.000,-1.250) n=(-0.000,1.000,-0.000)
[DEBUG] [W] i=3 w=RR si=3 lp=(-0.760,-0.100,-1.250) o=(-0.760,0.334,-1.250) wp=(-0.747,0.320,-1.250) mw=(0.013,-0.014,0.000) pe2=(0.013,0.357,0.000) grounded=1 contactSamples=1 contactDistance=0.320 sl=0.371 c=0.089 cv=0.015 sf=3479.299 df=36.818 af=3516.117 Fz=2978.834 Fx=0.000 Fy=-0.000 k=0.000 a=0.000 p=(-0.747,-0.000,-1.250) n=(-0.000,1.000,-0.000)
[DEBUG] [Cornering] steerInput=0.000 frontSteerAngle=-0.000 yawRateY=0.000 rollRateZ=0.000 leftLoad=5957.667 rightLoad=5957.667 leftMinusRight=0.000
[DEBUG] [W] i=0 w=FL si=0 lp=(0.760,-0.100,1.250) o=(0.760,0.334,1.250) wp=(0.747,0.320,1.250) mw=(-0.013,-0.014,0.000) pe2=(-0.013,0.357,0.000) grounded=1 contactSamples=1 contactDistance=0.320 sl=0.371 c=0.089 cv=0.015 sf=3479.301 df=36.827 af=3516.127 Fz=2978.842 Fx=0.000 Fy=-0.000 k=0.000 a=0.000 p=(0.747,-0.000,1.250) n=(-0.000,1.000,-0.000)
[DEBUG] [W] i=1 w=FR si=1 lp=(-0.760,-0.100,1.250) o=(-0.760,0.334,1.250) wp=(-0.747,0.320,1.250) mw=(0.013,-0.014,0.000) pe2=(0.013,0.357,0.000) grounded=1 contactSamples=1 contactDistance=0.320 sl=0.371 c=0.089 cv=0.015 sf=3479.301 df=36.827 af=3516.127 Fz=2978.842 Fx=0.000 Fy=-0.000 k=0.000 a=0.000 p=(-0.747,-0.000,1.250) n=(-0.000,1.000,-0.000)
[DEBUG] [W] i=2 w=RL si=2 lp=(0.760,-0.100,-1.250) o=(0.760,0.334,-1.250) wp=(0.747,0.320,-1.250) mw=(-0.013,-0.014,0.000) pe2=(-0.013,0.357,0.000) grounded=1 contactSamples=1 contactDistance=0.320 sl=0.371 c=0.089 cv=0.015 sf=3479.301 df=36.827 af=3516.127 Fz=2978.842 Fx=0.000 Fy=-0.000 k=0.000 a=0.000 p=(0.747,-0.000,-1.250) n=(-0.000,1.000,-0.000)
[DEBUG] [W] i=3 w=RR si=3 lp=(-0.760,-0.100,-1.250) o=(-0.760,0.334,-1.250) wp=(-0.747,0.320,-1.250) mw=(0.013,-0.014,0.000) pe2=(0.013,0.357,0.000) grounded=1 contactSamples=1 contactDistance=0.320 sl=0.371 c=0.089 cv=0.015 sf=3479.301 df=36.827 af=3516.127 Fz=2978.842 Fx=0.000 Fy=-0.000 k=0.000 a=0.000 p=(-0.747,-0.000,-1.250) n=(-0.000,1.000,-0.000)
[DEBUG] [Cornering] steerInput=0.000 frontSteerAngle=-0.000 yawRateY=0.000 rollRateZ=0.000 leftLoad=5957.684 rightLoad=5957.684 leftMinusRight=0.000
[INFO] [EnergyDelta] step=1380 t=11.500001 deltaFromBaseline=-13.174805 stepDelta=-1.651855 integratedPowerA=165.203674 integratedPowerB=-19.293575 integratedSpringPower=-177.699371 integratedDamperPower=31.986015 integratedPowerBalanceResidual=0.196739
[INFO] [State] t=11.500001 y=0.434133 z=0.000000 vy=0.000556 vz=0.000000 energy=5729.708008 compression=0.089090,0.089090,0.089090,0.089090
[DEBUG] [W] i=0 w=FL si=0 lp=(0.760,-0.100,1.250) o=(0.760,0.334,1.250) wp=(0.747,0.320,1.250) mw=(-0.013,-0.014,0.000) pe2=(-0.013,0.357,0.000) grounded=1 contactSamples=1 contactDistance=0.320 sl=0.371 c=0.089 cv=-0.015 sf=3474.514 df=-44.171 af=3430.344 Fz=2906.565 Fx=0.000 Fy=-0.000 k=0.000 a=0.000 p=(0.747,-0.000,1.250) n=(-0.000,1.000,-0.000)
[DEBUG] [W] i=1 w=FR si=1 lp=(-0.760,-0.100,1.250) o=(-0.760,0.334,1.250) wp=(-0.747,0.320,1.250) mw=(0.013,-0.014,0.000) pe2=(0.013,0.357,0.000) grounded=1 contactSamples=1 contactDistance=0.320 sl=0.371 c=0.089 cv=-0.015 sf=3474.514 df=-44.171 af=3430.344 Fz=2906.565 Fx=0.000 Fy=-0.000 k=0.000 a=0.000 p=(-0.747,-0.000,1.250) n=(-0.000,1.000,-0.000)
[DEBUG] [W] i=2 w=RL si=2 lp=(0.760,-0.100,-1.250) o=(0.760,0.334,-1.250) wp=(0.747,0.320,-1.250) mw=(-0.013,-0.014,0.000) pe2=(-0.013,0.357,0.000) grounded=1 contactSamples=1 contactDistance=0.320 sl=0.371 c=0.089 cv=-0.015 sf=3474.514 df=-44.171 af=3430.344 Fz=2906.565 Fx=0.000 Fy=-0.000 k=0.000 a=0.000 p=(0.747,-0.000,-1.250) n=(-0.000,1.000,-0.000)
[DEBUG] [W] i=3 w=RR si=3 lp=(-0.760,-0.100,-1.250) o=(-0.760,0.334,-1.250) wp=(-0.747,0.320,-1.250) mw=(0.013,-0.014,0.000) pe2=(0.013,0.357,0.000) grounded=1 contactSamples=1 contactDistance=0.320 sl=0.371 c=0.089 cv=-0.015 sf=3474.514 df=-44.171 af=3430.344 Fz=2906.565 Fx=0.000 Fy=-0.000 k=0.000 a=0.000 p=(-0.747,-0.000,-1.250) n=(-0.000,1.000,-0.000)
[DEBUG] [Cornering] steerInput=0.000 frontSteerAngle=-0.000 yawRateY=0.000 rollRateZ=0.000 leftLoad=5813.129 rightLoad=5813.129 leftMinusRight=0.000
[DEBUG] [Energy] x=0.000 y=0.434 z=0.000 vx=0.000 vy=0.001 vz=0.000 total=5729.703 potential=5110.613 linear=0.000 angular=0.000 wheels=0.000 suspension=619.090 suspensionPower=6.316 suspensionResidual=-195.760
[DEBUG] [W] i=0 w=FL si=0 lp=(0.760,-0.100,1.250) o=(0.760,0.334,1.250) wp=(0.747,0.320,1.250) mw=(-0.013,-0.014,0.000) pe2=(-0.013,0.357,0.000) grounded=1 contactSamples=1 contactDistance=0.320 sl=0.371 c=0.089 cv=0.015 sf=3479.299 df=36.809 af=3516.108 Fz=2978.826 Fx=0.000 Fy=-0.000 k=0.000 a=0.000 p=(0.747,-0.000,1.250) n=(-0.000,1.000,-0.000)
[DEBUG] [W] i=1 w=FR si=1 lp=(-0.760,-0.100,1.250) o=(-0.760,0.334,1.250) wp=(-0.747,0.320,1.250) mw=(0.013,-0.014,0.000) pe2=(0.013,0.357,0.000) grounded=1 contactSamples=1 contactDistance=0.320 sl=0.371 c=0.089 cv=0.015 sf=3479.299 df=36.809 af=3516.108 Fz=2978.826 Fx=0.000 Fy=-0.000 k=0.000 a=0.000 p=(-0.747,-0.000,1.250) n=(-0.000,1.000,-0.000)
[DEBUG] [W] i=2 w=RL si=2 lp=(0.760,-0.100,-1.250) o=(0.760,0.334,-1.250) wp=(0.747,0.320,-1.250) mw=(-0.013,-0.014,0.000) pe2=(-0.013,0.357,0.000) grounded=1 contactSamples=1 contactDistance=0.320 sl=0.371 c=0.089 cv=0.015 sf=3479.299 df=36.809 af=3516.108 Fz=2978.826 Fx=0.000 Fy=-0.000 k=0.000 a=0.000 p=(0.747,-0.000,-1.250) n=(-0.000,1.000,-0.000)
[DEBUG] [W] i=3 w=RR si=3 lp=(-0.760,-0.100,-1.250) o=(-0.760,0.334,-1.250) wp=(-0.747,0.320,-1.250) mw=(0.013,-0.014,0.000) pe2=(0.013,0.357,0.000) grounded=1 contactSamples=1 contactDistance=0.320 sl=0.371 c=0.089 cv=0.015 sf=3479.299 df=36.809 af=3516.108 Fz=2978.826 Fx=0.000 Fy=-0.000 k=0.000 a=0.000 p=(-0.747,-0.000,-1.250) n=(-0.000,1.000,-0.000)
[DEBUG] [Cornering] steerInput=0.000 frontSteerAngle=-0.000 yawRateY=0.000 rollRateZ=0.000 leftLoad=5957.652 rightLoad=5957.652 leftMinusRight=0.000
[DEBUG] [W] i=0 w=FL si=0 lp=(0.760,-0.100,1.250) o=(0.760,0.334,1.250) wp=(0.747,0.320,1.250) mw=(-0.013,-0.014,0.000) pe2=(-0.013,0.357,0.000) grounded=1 contactSamples=1 contactDistance=0.320 sl=0.371 c=0.089 cv=-0.015 sf=3474.513 df=-44.192 af=3430.321 Fz=2906.546 Fx=0.000 Fy=-0.000 k=0.000 a=0.000 p=(0.747,-0.000,1.250) n=(-0.000,1.000,-0.000)
[DEBUG] [W] i=1 w=FR si=1 lp=(-0.760,-0.100,1.250) o=(-0.760,0.334,1.250) wp=(-0.747,0.320,1.250) mw=(0.013,-0.014,0.000) pe2=(0.013,0.357,0.000) grounded=1 contactSamples=1 contactDistance=0.320 sl=0.371 c=0.089 cv=-0.015 sf=3474.513 df=-44.192 af=3430.321 Fz=2906.546 Fx=0.000 Fy=-0.000 k=0.000 a=0.000 p=(-0.747,-0.000,1.250) n=(-0.000,1.000,-0.000)
[DEBUG] [W] i=2 w=RL si=2 lp=(0.760,-0.100,-1.250) o=(0.760,0.334,-1.250) wp=(0.747,0.320,-1.250) mw=(-0.013,-0.014,0.000) pe2=(-0.013,0.357,0.000) grounded=1 contactSamples=1 contactDistance=0.320 sl=0.371 c=0.089 cv=-0.015 sf=3474.513 df=-44.192 af=3430.321 Fz=2906.546 Fx=0.000 Fy=-0.000 k=0.000 a=0.000 p=(0.747,-0.000,-1.250) n=(-0.000,1.000,-0.000)
[DEBUG] [W] i=3 w=RR si=3 lp=(-0.760,-0.100,-1.250) o=(-0.760,0.334,-1.250) wp=(-0.747,0.320,-1.250) mw=(0.013,-0.014,0.000) pe2=(0.013,0.357,0.000) grounded=1 contactSamples=1 contactDistance=0.320 sl=0.371 c=0.089 cv=-0.015 sf=3474.513 df=-44.192 af=3430.321 Fz=2906.546 Fx=0.000 Fy=-0.000 k=0.000 a=0.000 p=(-0.747,-0.000,-1.250) n=(-0.000,1.000,-0.000)
[DEBUG] [Cornering] steerInput=0.000 frontSteerAngle=-0.000 yawRateY=0.000 rollRateZ=0.000 leftLoad=5813.091 rightLoad=5813.091 leftMinusRight=0.000
[DEBUG] [W] i=0 w=FL si=0 lp=(0.760,-0.100,1.250) o=(0.760,0.334,1.250) wp=(0.747,0.320,1.250) mw=(-0.013,-0.014,0.000) pe2=(-0.013,0.357,0.000) grounded=1 contactSamples=1 contactDistance=0.320 sl=0.371 c=0.089 cv=0.015 sf=3479.299 df=36.809 af=3516.108 Fz=2978.826 Fx=0.000 Fy=-0.000 k=0.000 a=0.000 p=(0.747,-0.000,1.250) n=(-0.000,1.000,-0.000)
[DEBUG] [W] i=1 w=FR si=1 lp=(-0.760,-0.100,1.250) o=(-0.760,0.334,1.250) wp=(-0.747,0.320,1.250) mw=(0.013,-0.014,0.000) pe2=(0.013,0.357,0.000) grounded=1 contactSamples=1 contactDistance=0.320 sl=0.371 c=0.089 cv=0.015 sf=3479.299 df=36.809 af=3516.108 Fz=2978.826 Fx=0.000 Fy=-0.000 k=0.000 a=0.000 p=(-0.747,-0.000,1.250) n=(-0.000,1.000,-0.000)
[DEBUG] [W] i=2 w=RL si=2 lp=(0.760,-0.100,-1.250) o=(0.760,0.334,-1.250) wp=(0.747,0.320,-1.250) mw=(-0.013,-0.014,0.000) pe2=(-0.013,0.357,0.000) grounded=1 contactSamples=1 contactDistance=0.320 sl=0.371 c=0.089 cv=0.015 sf=3479.299 df=36.809 af=3516.108 Fz=2978.826 Fx=0.000 Fy=-0.000 k=0.000 a=0.000 p=(0.747,-0.000,-1.250) n=(-0.000,1.000,-0.000)
[DEBUG] [W] i=3 w=RR si=3 lp=(-0.760,-0.100,-1.250) o=(-0.760,0.334,-1.250) wp=(-0.747,0.320,-1.250) mw=(0.013,-0.014,0.000) pe2=(0.013,0.357,0.000) grounded=1 contactSamples=1 contactDistance=0.320 sl=0.371 c=0.089 cv=0.015 sf=3479.299 df=36.809 af=3516.108 Fz=2978.826 Fx=0.000 Fy=-0.000 k=0.000 a=0.000 p=(-0.747,-0.000,-1.250) n=(-0.000,1.000,-0.000)
[DEBUG] [Cornering] steerInput=0.000 frontSteerAngle=-0.000 yawRateY=0.000 rollRateZ=0.000 leftLoad=5957.652 rightLoad=5957.652 leftMinusRight=0.000
[DEBUG] [W] i=0 w=FL si=0 lp=(0.760,-0.100,1.250) o=(0.760,0.334,1.250) wp=(0.747,0.320,1.250) mw=(-0.013,-0.014,0.000) pe2=(-0.013,0.357,0.000) grounded=1 contactSamples=1 contactDistance=0.320 sl=0.371 c=0.089 cv=-0.015 sf=3474.514 df=-44.171 af=3430.344 Fz=2906.565 Fx=0.000 Fy=-0.000 k=0.000 a=0.000 p=(0.747,-0.000,1.250) n=(-0.000,1.000,-0.000)
[DEBUG] [W] i=1 w=FR si=1 lp=(-0.760,-0.100,1.250) o=(-0.760,0.334,1.250) wp=(-0.747,0.320,1.250) mw=(0.013,-0.014,0.000) pe2=(0.013,0.357,0.000) grounded=1 contactSamples=1 contactDistance=0.320 sl=0.371 c=0.089 cv=-0.015 sf=3474.514 df=-44.171 af=3430.344 Fz=2906.565 Fx=0.000 Fy=-0.000 k=0.000 a=0.000 p=(-0.747,-0.000,1.250) n=(-0.000,1.000,-0.000)
[DEBUG] [W] i=2 w=RL si=2 lp=(0.760,-0.100,-1.250) o=(0.760,0.334,-1.250) wp=(0.747,0.320,-1.250) mw=(-0.013,-0.014,0.000) pe2=(-0.013,0.357,0.000) grounded=1 contactSamples=1 contactDistance=0.320 sl=0.371 c=0.089 cv=-0.015 sf=3474.514 df=-44.171 af=3430.344 Fz=2906.565 Fx=0.000 Fy=-0.000 k=0.000 a=0.000 p=(0.747,-0.000,-1.250) n=(-0.000,1.000,-0.000)
[DEBUG] [W] i=3 w=RR si=3 lp=(-0.760,-0.100,-1.250) o=(-0.760,0.334,-1.250) wp=(-0.747,0.320,-1.250) mw=(0.013,-0.014,0.000) pe2=(0.013,0.357,0.000) grounded=1 contactSamples=1 contactDistance=0.320 sl=0.371 c=0.089 cv=-0.015 sf=3474.514 df=-44.171 af=3430.344 Fz=2906.565 Fx=0.000 Fy=-0.000 k=0.000 a=0.000 p=(-0.747,-0.000,-1.250) n=(-0.000,1.000,-0.000)
[DEBUG] [Cornering] steerInput=0.000 frontSteerAngle=-0.000 yawRateY=0.000 rollRateZ=0.000 leftLoad=5813.129 rightLoad=5813.129 leftMinusRight=0.000
[INFO] [EnergyDelta] step=1440 t=12.000001 deltaFromBaseline=-11.537109 stepDelta=1.657227 integratedPowerA=165.102661 integratedPowerB=-22.007160 integratedSpringPower=-175.929962 integratedDamperPower=33.037766 integratedPowerBalanceResidual=0.203308
[INFO] [State] t=12.000001 y=0.434128 z=0.000000 vy=-0.000502 vz=0.000000 energy=5731.345703 compression=0.089213,0.089213,0.089213,0.089213
[DEBUG] [W] i=0 w=FL si=0 lp=(0.760,-0.100,1.250) o=(0.760,0.334,1.250) wp=(0.747,0.320,1.250) mw=(-0.013,-0.014,0.000) pe2=(-0.013,0.357,0.000) grounded=1 contactSamples=1 contactDistance=0.320 sl=0.371 c=0.089 cv=0.000 sf=3474.513 df=0.000 af=3474.513 Fz=2943.990 Fx=0.000 Fy=-0.000 k=0.000 a=0.000 p=(0.747,-0.000,1.250) n=(-0.000,1.000,-0.000)
[DEBUG] [W] i=1 w=FR si=1 lp=(-0.760,-0.100,1.250) o=(-0.760,0.334,1.250) wp=(-0.747,0.320,1.250) mw=(0.013,-0.014,0.000) pe2=(0.013,0.357,0.000) grounded=1 contactSamples=1 contactDistance=0.320 sl=0.371 c=0.089 cv=0.000 sf=3474.513 df=0.000 af=3474.513 Fz=2943.990 Fx=0.000 Fy=-0.000 k=0.000 a=0.000 p=(-0.747,-0.000,1.250) n=(-0.000,1.000,-0.000)
[DEBUG] [W] i=2 w=RL si=2 lp=(0.760,-0.100,-1.250) o=(0.760,0.334,-1.250) wp=(0.747,0.320,-1.250) mw=(-0.013,-0.014,0.000) pe2=(-0.013,0.357,0.000) grounded=1 contactSamples=1 contactDistance=0.320 sl=0.371 c=0.089 cv=0.000 sf=3474.513 df=0.000 af=3474.513 Fz=2943.990 Fx=0.000 Fy=-0.000 k=0.000 a=0.000 p=(0.747,-0.000,-1.250) n=(-0.000,1.000,-0.000)
[DEBUG] [W] i=3 w=RR si=3 lp=(-0.760,-0.100,-1.250) o=(-0.760,0.334,-1.250) wp=(-0.747,0.320,-1.250) mw=(0.013,-0.014,0.000) pe2=(0.013,0.357,0.000) grounded=1 contactSamples=1 contactDistance=0.320 sl=0.371 c=0.089 cv=0.000 sf=3474.513 df=0.000 af=3474.513 Fz=2943.990 Fx=0.000 Fy=-0.000 k=0.000 a=0.000 p=(-0.747,-0.000,-1.250) n=(-0.000,1.000,-0.000)
[DEBUG] [Cornering] steerInput=0.000 frontSteerAngle=-0.000 yawRateY=0.000 rollRateZ=0.000 leftLoad=5887.980 rightLoad=5887.980 leftMinusRight=0.000
[DEBUG] [W] i=0 w=FL si=0 lp=(0.760,-0.100,1.250) o=(0.760,0.334,1.250) wp=(0.747,0.320,1.250) mw=(-0.013,-0.014,0.000) pe2=(-0.013,0.357,0.000) grounded=1 contactSamples=1 contactDistance=0.320 sl=0.371 c=0.089 cv=-0.015 sf=3474.514 df=-44.181 af=3430.333 Fz=2906.556 Fx=0.000 Fy=-0.000 k=0.000 a=0.000 p=(0.747,-0.000,1.250) n=(-0.000,1.000,-0.000)
[DEBUG] [W] i=1 w=FR si=1 lp=(-0.760,-0.100,1.250) o=(-0.760,0.334,1.250) wp=(-0.747,0.320,1.250) mw=(0.013,-0.014,0.000) pe2=(0.013,0.357,0.000) grounded=1 contactSamples=1 contactDistance=0.320 sl=0.371 c=0.089 cv=-0.015 sf=3474.514 df=-44.181 af=3430.333 Fz=2906.556 Fx=0.000 Fy=-0.000 k=0.000 a=0.000 p=(-0.747,-0.000,1.250) n=(-0.000,1.000,-0.000)
[DEBUG] [W] i=2 w=RL si=2 lp=(0.760,-0.100,-1.250) o=(0.760,0.334,-1.250) wp=(0.747,0.320,-1.250) mw=(-0.013,-0.014,0.000) pe2=(-0.013,0.357,0.000) grounded=1 contactSamples=1 contactDistance=0.320 sl=0.371 c=0.089 cv=-0.015 sf=3474.514 df=-44.181 af=3430.333 Fz=2906.556 Fx=0.000 Fy=-0.000 k=0.000 a=0.000 p=(0.747,-0.000,-1.250) n=(-0.000,1.000,-0.000)
[DEBUG] [W] i=3 w=RR si=3 lp=(-0.760,-0.100,-1.250) o=(-0.760,0.334,-1.250) wp=(-0.747,0.320,-1.250) mw=(0.013,-0.014,0.000) pe2=(0.013,0.357,0.000) grounded=1 contactSamples=1 contactDistance=0.320 sl=0.371 c=0.089 cv=-0.015 sf=3474.514 df=-44.181 af=3430.333 Fz=2906.556 Fx=0.000 Fy=-0.000 k=0.000 a=0.000 p=(-0.747,-0.000,-1.250) n=(-0.000,1.000,-0.000)
[DEBUG] [Cornering] steerInput=0.000 frontSteerAngle=-0.000 yawRateY=0.000 rollRateZ=0.000 leftLoad=5813.111 rightLoad=5813.111 leftMinusRight=0.000
[DEBUG] [Energy] x=0.000 y=0.434 z=0.000 vx=0.000 vy=0.000 vz=0.000 total=5729.690 potential=5110.601 linear=0.000 angular=0.000 wheels=0.000 suspension=619.090 suspensionPower=5.589 suspensionResidual=-196.486
[DEBUG] [W] i=0 w=FL si=0 lp=(0.760,-0.100,1.250) o=(0.760,0.334,1.250) wp=(0.747,0.320,1.250) mw=(-0.013,-0.014,0.000) pe2=(-0.013,0.357,0.000) grounded=1 contactSamples=1 contactDistance=0.320 sl=0.371 c=0.089 cv=0.015 sf=3479.299 df=36.818 af=3516.117 Fz=2978.834 Fx=0.000 Fy=-0.000 k=0.000 a=0.000 p=(0.747,-0.000,1.250) n=(-0.000,1.000,-0.000)
[DEBUG] [W] i=1 w=FR si=1 lp=(-0.760,-0.100,1.250) o=(-0.760,0.334,1.250) wp=(-0.747,0.320,1.250) mw=(0.013,-0.014,0.000) pe2=(0.013,0.357,0.000) grounded=1 contactSamples=1 contactDistance=0.320 sl=0.371 c=0.089 cv=0.015 sf=3479.299 df=36.818 af=3516.117 Fz=2978.834 Fx=0.000 Fy=-0.000 k=0.000 a=0.000 p=(-0.747,-0.000,1.250) n=(-0.000,1.000,-0.000)
[DEBUG] [W] i=2 w=RL si=2 lp=(0.760,-0.100,-1.250) o=(0.760,0.334,-1.250) wp=(0.747,0.320,-1.250) mw=(-0.013,-0.014,0.000) pe2=(-0.013,0.357,0.000) grounded=1 contactSamples=1 contactDistance=0.320 sl=0.371 c=0.089 cv=0.015 sf=3479.299 df=36.818 af=3516.117 Fz=2978.834 Fx=0.000 Fy=-0.000 k=0.000 a=0.000 p=(0.747,-0.000,-1.250) n=(-0.000,1.000,-0.000)
[DEBUG] [W] i=3 w=RR si=3 lp=(-0.760,-0.100,-1.250) o=(-0.760,0.334,-1.250) wp=(-0.747,0.320,-1.250) mw=(0.013,-0.014,0.000) pe2=(0.013,0.357,0.000) grounded=1 contactSamples=1 contactDistance=0.320 sl=0.371 c=0.089 cv=0.015 sf=3479.299 df=36.818 af=3516.117 Fz=2978.834 Fx=0.000 Fy=-0.000 k=0.000 a=0.000 p=(-0.747,-0.000,-1.250) n=(-0.000,1.000,-0.000)
[DEBUG] [Cornering] steerInput=0.000 frontSteerAngle=-0.000 yawRateY=0.000 rollRateZ=0.000 leftLoad=5957.667 rightLoad=5957.667 leftMinusRight=0.000
[DEBUG] [W] i=0 w=FL si=0 lp=(0.760,-0.100,1.250) o=(0.760,0.334,1.250) wp=(0.747,0.320,1.250) mw=(-0.013,-0.014,0.000) pe2=(-0.013,0.357,0.000) grounded=1 contactSamples=1 contactDistance=0.320 sl=0.371 c=0.089 cv=0.015 sf=3479.299 df=36.809 af=3516.108 Fz=2978.826 Fx=0.000 Fy=-0.000 k=0.000 a=0.000 p=(0.747,-0.000,1.250) n=(-0.000,1.000,-0.000)
[DEBUG] [W] i=1 w=FR si=1 lp=(-0.760,-0.100,1.250) o=(-0.760,0.334,1.250) wp=(-0.747,0.320,1.250) mw=(0.013,-0.014,0.000) pe2=(0.013,0.357,0.000) grounded=1 contactSamples=1 contactDistance=0.320 sl=0.371 c=0.089 cv=0.015 sf=3479.299 df=36.809 af=3516.108 Fz=2978.826 Fx=0.000 Fy=-0.000 k=0.000 a=0.000 p=(-0.747,-0.000,1.250) n=(-0.000,1.000,-0.000)
[DEBUG] [W] i=2 w=RL si=2 lp=(0.760,-0.100,-1.250) o=(0.760,0.334,-1.250) wp=(0.747,0.320,-1.250) mw=(-0.013,-0.014,0.000) pe2=(-0.013,0.357,0.000) grounded=1 contactSamples=1 contactDistance=0.320 sl=0.371 c=0.089 cv=0.015 sf=3479.299 df=36.809 af=3516.108 Fz=2978.826 Fx=0.000 Fy=-0.000 k=0.000 a=0.000 p=(0.747,-0.000,-1.250) n=(-0.000,1.000,-0.000)
[DEBUG] [W] i=3 w=RR si=3 lp=(-0.760,-0.100,-1.250) o=(-0.760,0.334,-1.250) wp=(-0.747,0.320,-1.250) mw=(0.013,-0.014,0.000) pe2=(0.013,0.357,0.000) grounded=1 contactSamples=1 contactDistance=0.320 sl=0.371 c=0.089 cv=0.015 sf=3479.299 df=36.809 af=3516.108 Fz=2978.826 Fx=0.000 Fy=-0.000 k=0.000 a=0.000 p=(-0.747,-0.000,-1.250) n=(-0.000,1.000,-0.000)
[DEBUG] [Cornering] steerInput=0.000 frontSteerAngle=-0.000 yawRateY=0.000 rollRateZ=0.000 leftLoad=5957.652 rightLoad=5957.652 leftMinusRight=0.000
[DEBUG] [W] i=0 w=FL si=0 lp=(0.760,-0.100,1.250) o=(0.760,0.334,1.250) wp=(0.747,0.320,1.250) mw=(-0.013,-0.014,0.000) pe2=(-0.013,0.357,0.000) grounded=1 contactSamples=1 contactDistance=0.320 sl=0.371 c=0.089 cv=-0.015 sf=3474.513 df=-44.181 af=3430.332 Fz=2906.555 Fx=0.000 Fy=-0.000 k=0.000 a=0.000 p=(0.747,-0.000,1.250) n=(-0.000,1.000,-0.000)
[DEBUG] [W] i=1 w=FR si=1 lp=(-0.760,-0.100,1.250) o=(-0.760,0.334,1.250) wp=(-0.747,0.320,1.250) mw=(0.013,-0.014,0.000) pe2=(0.013,0.357,0.000) grounded=1 contactSamples=1 contactDistance=0.320 sl=0.371 c=0.089 cv=-0.015 sf=3474.513 df=-44.181 af=3430.332 Fz=2906.555 Fx=0.000 Fy=-0.000 k=0.000 a=0.000 p=(-0.747,-0.000,1.250) n=(-0.000,1.000,-0.000)
[DEBUG] [W] i=2 w=RL si=2 lp=(0.760,-0.100,-1.250) o=(0.760,0.334,-1.250) wp=(0.747,0.320,-1.250) mw=(-0.013,-0.014,0.000) pe2=(-0.013,0.357,0.000) grounded=1 contactSamples=1 contactDistance=0.320 sl=0.371 c=0.089 cv=-0.015 sf=3474.513 df=-44.181 af=3430.332 Fz=2906.555 Fx=0.000 Fy=-0.000 k=0.000 a=0.000 p=(0.747,-0.000,-1.250) n=(-0.000,1.000,-0.000)
[DEBUG] [W] i=3 w=RR si=3 lp=(-0.760,-0.100,-1.250) o=(-0.760,0.334,-1.250) wp=(-0.747,0.320,-1.250) mw=(0.013,-0.014,0.000) pe2=(0.013,0.357,0.000) grounded=1 contactSamples=1 contactDistance=0.320 sl=0.371 c=0.089 cv=-0.015 sf=3474.513 df=-44.181 af=3430.332 Fz=2906.555 Fx=0.000 Fy=-0.000 k=0.000 a=0.000 p=(-0.747,-0.000,-1.250) n=(-0.000,1.000,-0.000)
[DEBUG] [Cornering] steerInput=0.000 frontSteerAngle=-0.000 yawRateY=0.000 rollRateZ=0.000 leftLoad=5813.110 rightLoad=5813.110 leftMinusRight=0.000
[INFO] [EnergyDelta] step=1500 t=12.500001 deltaFromBaseline=-11.545898 stepDelta=1.652344 integratedPowerA=165.059631 integratedPowerB=-23.136333 integratedSpringPower=-175.863739 integratedDamperPower=34.150955 integratedPowerBalanceResidual=0.210510
[INFO] [State] t=12.500001 y=0.434127 z=0.000000 vy=-0.000562 vz=0.000000 energy=5731.336914 compression=0.089213,0.089213,0.089213,0.089213
[DEBUG] [W] i=0 w=FL si=0 lp=(0.760,-0.100,1.250) o=(0.760,0.334,1.250) wp=(0.747,0.320,1.250) mw=(-0.013,-0.014,0.000) pe2=(-0.013,0.357,0.000) grounded=1 contactSamples=1 contactDistance=0.320 sl=0.371 c=0.089 cv=-0.015 sf=3474.513 df=-44.181 af=3430.332 Fz=2906.555 Fx=0.000 Fy=-0.000 k=0.000 a=0.000 p=(0.747,-0.000,1.250) n=(-0.000,1.000,-0.000)
[DEBUG] [W] i=1 w=FR si=1 lp=(-0.760,-0.100,1.250) o=(-0.760,0.334,1.250) wp=(-0.747,0.320,1.250) mw=(0.013,-0.014,0.000) pe2=(0.013,0.357,0.000) grounded=1 contactSamples=1 contactDistance=0.320 sl=0.371 c=0.089 cv=-0.015 sf=3474.513 df=-44.181 af=3430.332 Fz=2906.555 Fx=0.000 Fy=-0.000 k=0.000 a=0.000 p=(-0.747,-0.000,1.250) n=(-0.000,1.000,-0.000)
[DEBUG] [W] i=2 w=RL si=2 lp=(0.760,-0.100,-1.250) o=(0.760,0.334,-1.250) wp=(0.747,0.320,-1.250) mw=(-0.013,-0.014,0.000) pe2=(-0.013,0.357,0.000) grounded=1 contactSamples=1 contactDistance=0.320 sl=0.371 c=0.089 cv=-0.015 sf=3474.513 df=-44.181 af=3430.332 Fz=2906.555 Fx=0.000 Fy=-0.000 k=0.000 a=0.000 p=(0.747,-0.000,-1.250) n=(-0.000,1.000,-0.000)
[DEBUG] [W] i=3 w=RR si=3 lp=(-0.760,-0.100,-1.250) o=(-0.760,0.334,-1.250) wp=(-0.747,0.320,-1.250) mw=(0.013,-0.014,0.000) pe2=(0.013,0.357,0.000) grounded=1 contactSamples=1 contactDistance=0.320 sl=0.371 c=0.089 cv=-0.015 sf=3474.513 df=-44.181 af=3430.332 Fz=2906.555 Fx=0.000 Fy=-0.000 k=0.000 a=0.000 p=(-0.747,-0.000,-1.250) n=(-0.000,1.000,-0.000)
[DEBUG] [Cornering] steerInput=0.000 frontSteerAngle=-0.000 yawRateY=0.000 rollRateZ=0.000 leftLoad=5813.110 rightLoad=5813.110 leftMinusRight=0.000
[DEBUG] [W] i=0 w=FL si=0 lp=(0.760,-0.100,1.250) o=(0.760,0.334,1.250) wp=(0.747,0.320,1.250) mw=(-0.013,-0.014,0.000) pe2=(-0.013,0.357,0.000) grounded=1 contactSamples=1 contactDistance=0.320 sl=0.371 c=0.089 cv=0.000 sf=3479.301 df=0.009 af=3479.310 Fz=2947.650 Fx=0.000 Fy=-0.000 k=0.000 a=0.000 p=(0.747,-0.000,1.250) n=(-0.000,1.000,-0.000)
[DEBUG] [W] i=1 w=FR si=1 lp=(-0.760,-0.100,1.250) o=(-0.760,0.334,1.250) wp=(-0.747,0.320,1.250) mw=(0.013,-0.014,0.000) pe2=(0.013,0.357,0.000) grounded=1 contactSamples=1 contactDistance=0.320 sl=0.371 c=0.089 cv=0.000 sf=3479.301 df=0.009 af=3479.310 Fz=2947.650 Fx=0.000 Fy=-0.000 k=0.000 a=0.000 p=(-0.747,-0.000,1.250) n=(-0.000,1.000,-0.000)
[DEBUG] [W] i=2 w=RL si=2 lp=(0.760,-0.100,-1.250) o=(0.760,0.334,-1.250) wp=(0.747,0.320,-1.250) mw=(-0.013,-0.014,0.000) pe2=(-0.013,0.357,0.000) grounded=1 contactSamples=1 contactDistance=0.320 sl=0.371 c=0.089 cv=0.000 sf=3479.301 df=0.009 af=3479.310 Fz=2947.650 Fx=0.000 Fy=-0.000 k=0.000 a=0.000 p=(0.747,-0.000,-1.250) n=(-0.000,1.000,-0.000)
[DEBUG] [W] i=3 w=RR si=3 lp=(-0.760,-0.100,-1.250) o=(-0.760,0.334,-1.250) wp=(-0.747,0.320,-1.250) mw=(0.013,-0.014,0.000) pe2=(0.013,0.357,0.000) grounded=1 contactSamples=1 contactDistance=0.320 sl=0.371 c=0.089 cv=0.000 sf=3479.301 df=0.009 af=3479.310 Fz=2947.650 Fx=0.000 Fy=-0.000 k=0.000 a=0.000 p=(-0.747,-0.000,-1.250) n=(-0.000,1.000,-0.000)
[DEBUG] [Cornering] steerInput=0.000 frontSteerAngle=-0.000 yawRateY=0.000 rollRateZ=0.000 leftLoad=5895.301 rightLoad=5895.301 leftMinusRight=0.000
[DEBUG] [Energy] x=0.000 y=0.434 z=0.000 vx=0.000 vy=0.001 vz=0.000 total=5729.700 potential=5110.610 linear=0.000 angular=0.000 wheels=0.000 suspension=619.090 suspensionPower=6.383 suspensionResidual=-195.693
[DEBUG] [W] i=0 w=FL si=0 lp=(0.760,-0.100,1.250) o=(0.760,0.334,1.250) wp=(0.747,0.320,1.250) mw=(-0.013,-0.014,0.000) pe2=(-0.013,0.357,0.000) grounded=1 contactSamples=1 contactDistance=0.320 sl=0.371 c=0.089 cv=-0.015 sf=3474.514 df=-44.171 af=3430.344 Fz=2906.565 Fx=0.000 Fy=-0.000 k=0.000 a=0.000 p=(0.747,-0.000,1.250) n=(-0.000,1.000,-0.000)
[DEBUG] [W] i=1 w=FR si=1 lp=(-0.760,-0.100,1.250) o=(-0.760,0.334,1.250) wp=(-0.747,0.320,1.250) mw=(0.013,-0.014,0.000) pe2=(0.013,0.357,0.000) grounded=1 contactSamples=1 contactDistance=0.320 sl=0.371 c=0.089 cv=-0.015 sf=3474.514 df=-44.171 af=3430.344 Fz=2906.565 Fx=0.000 Fy=-0.000 k=0.000 a=0.000 p=(-0.747,-0.000,1.250) n=(-0.000,1.000,-0.000)
[DEBUG] [W] i=2 w=RL si=2 lp=(0.760,-0.100,-1.250) o=(0.760,0.334,-1.250) wp=(0.747,0.320,-1.250) mw=(-0.013,-0.014,0.000) pe2=(-0.013,0.357,0.000) grounded=1 contactSamples=1 contactDistance=0.320 sl=0.371 c=0.089 cv=-0.015 sf=3474.514 df=-44.171 af=3430.344 Fz=2906.565 Fx=0.000 Fy=-0.000 k=0.000 a=0.000 p=(0.747,-0.000,-1.250) n=(-0.000,1.000,-0.000)
[DEBUG] [W] i=3 w=RR si=3 lp=(-0.760,-0.100,-1.250) o=(-0.760,0.334,-1.250) wp=(-0.747,0.320,-1.250) mw=(0.013,-0.014,0.000) pe2=(0.013,0.357,0.000) grounded=1 contactSamples=1 contactDistance=0.320 sl=0.371 c=0.089 cv=-0.015 sf=3474.514 df=-44.171 af=3430.344 Fz=2906.565 Fx=0.000 Fy=-0.000 k=0.000 a=0.000 p=(-0.747,-0.000,-1.250) n=(-0.000,1.000,-0.000)
[DEBUG] [Cornering] steerInput=0.000 frontSteerAngle=-0.000 yawRateY=0.000 rollRateZ=0.000 leftLoad=5813.129 rightLoad=5813.129 leftMinusRight=0.000
[DEBUG] [W] i=0 w=FL si=0 lp=(0.760,-0.100,1.250) o=(0.760,0.334,1.250) wp=(0.747,0.320,1.250) mw=(-0.013,-0.014,0.000) pe2=(-0.013,0.357,0.000) grounded=1 contactSamples=1 contactDistance=0.320 sl=0.371 c=0.089 cv=-0.015 sf=3474.514 df=-44.171 af=3430.344 Fz=2906.565 Fx=0.000 Fy=-0.000 k=0.000 a=0.000 p=(0.747,-0.000,1.250) n=(-0.000,1.000,-0.000)
[DEBUG] [W] i=1 w=FR si=1 lp=(-0.760,-0.100,1.250) o=(-0.760,0.334,1.250) wp=(-0.747,0.320,1.250) mw=(0.013,-0.014,0.000) pe2=(0.013,0.357,0.000) grounded=1 contactSamples=1 contactDistance=0.320 sl=0.371 c=0.089 cv=-0.015 sf=3474.514 df=-44.171 af=3430.344 Fz=2906.565 Fx=0.000 Fy=-0.000 k=0.000 a=0.000 p=(-0.747,-0.000,1.250) n=(-0.000,1.000,-0.000)
[DEBUG] [W] i=2 w=RL si=2 lp=(0.760,-0.100,-1.250) o=(0.760,0.334,-1.250) wp=(0.747,0.320,-1.250) mw=(-0.013,-0.014,0.000) pe2=(-0.013,0.357,0.000) grounded=1 contactSamples=1 contactDistance=0.320 sl=0.371 c=0.089 cv=-0.015 sf=3474.514 df=-44.171 af=3430.344 Fz=2906.565 Fx=0.000 Fy=-0.000 k=0.000 a=0.000 p=(0.747,-0.000,-1.250) n=(-0.000,1.000,-0.000)
[DEBUG] [W] i=3 w=RR si=3 lp=(-0.760,-0.100,-1.250) o=(-0.760,0.334,-1.250) wp=(-0.747,0.320,-1.250) mw=(0.013,-0.014,0.000) pe2=(0.013,0.357,0.000) grounded=1 contactSamples=1 contactDistance=0.320 sl=0.371 c=0.089 cv=-0.015 sf=3474.514 df=-44.171 af=3430.344 Fz=2906.565 Fx=0.000 Fy=-0.000 k=0.000 a=0.000 p=(-0.747,-0.000,-1.250) n=(-0.000,1.000,-0.000)
[DEBUG] [Cornering] steerInput=0.000 frontSteerAngle=-0.000 yawRateY=0.000 rollRateZ=0.000 leftLoad=5813.129 rightLoad=5813.129 leftMinusRight=0.000
[DEBUG] [W] i=0 w=FL si=0 lp=(0.760,-0.100,1.250) o=(0.760,0.334,1.250) wp=(0.747,0.320,1.250) mw=(-0.013,-0.014,0.000) pe2=(-0.013,0.357,0.000) grounded=1 contactSamples=1 contactDistance=0.320 sl=0.371 c=0.089 cv=0.015 sf=3479.301 df=36.818 af=3516.118 Fz=2978.835 Fx=0.000 Fy=-0.000 k=0.000 a=0.000 p=(0.747,-0.000,1.250) n=(-0.000,1.000,-0.000)
[DEBUG] [W] i=1 w=FR si=1 lp=(-0.760,-0.100,1.250) o=(-0.760,0.334,1.250) wp=(-0.747,0.320,1.250) mw=(0.013,-0.014,0.000) pe2=(0.013,0.357,0.000) grounded=1 contactSamples=1 contactDistance=0.320 sl=0.371 c=0.089 cv=0.015 sf=3479.301 df=36.818 af=3516.118 Fz=2978.835 Fx=0.000 Fy=-0.000 k=0.000 a=0.000 p=(-0.747,-0.000,1.250) n=(-0.000,1.000,-0.000)
[DEBUG] [W] i=2 w=RL si=2 lp=(0.760,-0.100,-1.250) o=(0.760,0.334,-1.250) wp=(0.747,0.320,-1.250) mw=(-0.013,-0.014,0.000) pe2=(-0.013,0.357,0.000) grounded=1 contactSamples=1 contactDistance=0.320 sl=0.371 c=0.089 cv=0.015 sf=3479.301 df=36.818 af=3516.118 Fz=2978.835 Fx=0.000 Fy=-0.000 k=0.000 a=0.000 p=(0.747,-0.000,-1.250) n=(-0.000,1.000,-0.000)
[DEBUG] [W] i=3 w=RR si=3 lp=(-0.760,-0.100,-1.250) o=(-0.760,0.334,-1.250) wp=(-0.747,0.320,-1.250) mw=(0.013,-0.014,0.000) pe2=(0.013,0.357,0.000) grounded=1 contactSamples=1 contactDistance=0.320 sl=0.371 c=0.089 cv=0.015 sf=3479.301 df=36.818 af=3516.118 Fz=2978.835 Fx=0.000 Fy=-0.000 k=0.000 a=0.000 p=(-0.747,-0.000,-1.250) n=(-0.000,1.000,-0.000)
[DEBUG] [Cornering] steerInput=0.000 frontSteerAngle=-0.000 yawRateY=0.000 rollRateZ=0.000 leftLoad=5957.669 rightLoad=5957.669 leftMinusRight=0.000
[INFO] [EnergyDelta] step=1560 t=13.000001 deltaFromBaseline=-13.209473 stepDelta=-1.659180 integratedPowerA=165.071960 integratedPowerB=-22.552593 integratedSpringPower=-177.508392 integratedDamperPower=35.206284 integratedPowerBalanceResidual=0.217255
[INFO] [State] t=13.000001 y=0.434130 z=0.000000 vy=0.000489 vz=0.000000 energy=5729.673340 compression=0.089090,0.089090,0.089090,0.089090
[DEBUG] [W] i=0 w=FL si=0 lp=(0.760,-0.100,1.250) o=(0.760,0.334,1.250) wp=(0.747,0.320,1.250) mw=(-0.013,-0.014,0.000) pe2=(-0.013,0.357,0.000) grounded=1 contactSamples=1 contactDistance=0.320 sl=0.371 c=0.089 cv=0.015 sf=3479.301 df=36.818 af=3516.118 Fz=2978.835 Fx=0.000 Fy=-0.000 k=0.000 a=0.000 p=(0.747,-0.000,1.250) n=(-0.000,1.000,-0.000)
[DEBUG] [W] i=1 w=FR si=1 lp=(-0.760,-0.100,1.250) o=(-0.760,0.334,1.250) wp=(-0.747,0.320,1.250) mw=(0.013,-0.014,0.000) pe2=(0.013,0.357,0.000) grounded=1 contactSamples=1 contactDistance=0.320 sl=0.371 c=0.089 cv=0.015 sf=3479.301 df=36.818 af=3516.118 Fz=2978.835 Fx=0.000 Fy=-0.000 k=0.000 a=0.000 p=(-0.747,-0.000,1.250) n=(-0.000,1.000,-0.000)
[DEBUG] [W] i=2 w=RL si=2 lp=(0.760,-0.100,-1.250) o=(0.760,0.334,-1.250) wp=(0.747,0.320,-1.250) mw=(-0.013,-0.014,0.000) pe2=(-0.013,0.357,0.000) grounded=1 contactSamples=1 contactDistance=0.320 sl=0.371 c=0.089 cv=0.015 sf=3479.301 df=36.818 af=3516.118 Fz=2978.835 Fx=0.000 Fy=-0.000 k=0.000 a=0.000 p=(0.747,-0.000,-1.250) n=(-0.000,1.000,-0.000)
[DEBUG] [W] i=3 w=RR si=3 lp=(-0.760,-0.100,-1.250) o=(-0.760,0.334,-1.250) wp=(-0.747,0.320,-1.250) mw=(0.013,-0.014,0.000) pe2=(0.013,0.357,0.000) grounded=1 contactSamples=1 contactDistance=0.320 sl=0.371 c=0.089 cv=0.015 sf=3479.301 df=36.818 af=3516.118 Fz=2978.835 Fx=0.000 Fy=-0.000 k=0.000 a=0.000 p=(-0.747,-0.000,-1.250) n=(-0.000,1.000,-0.000)
[DEBUG] [Cornering] steerInput=0.000 frontSteerAngle=-0.000 yawRateY=0.000 rollRateZ=0.000 leftLoad=5957.669 rightLoad=5957.669 leftMinusRight=0.000
[DEBUG] [W] i=0 w=FL si=0 lp=(0.760,-0.100,1.250) o=(0.760,0.334,1.250) wp=(0.747,0.320,1.250) mw=(-0.013,-0.014,0.000) pe2=(-0.013,0.357,0.000) grounded=1 contactSamples=1 contactDistance=0.320 sl=0.371 c=0.089 cv=0.015 sf=3479.299 df=36.818 af=3516.117 Fz=2978.834 Fx=0.000 Fy=-0.000 k=0.000 a=0.000 p=(0.747,-0.000,1.250) n=(-0.000,1.000,-0.000)
[DEBUG] [W] i=1 w=FR si=1 lp=(-0.760,-0.100,1.250) o=(-0.760,0.334,1.250) wp=(-0.747,0.320,1.250) mw=(0.013,-0.014,0.000) pe2=(0.013,0.357,0.000) grounded=1 contactSamples=1 contactDistance=0.320 sl=0.371 c=0.089 cv=0.015 sf=3479.299 df=36.818 af=3516.117 Fz=2978.834 Fx=0.000 Fy=-0.000 k=0.000 a=0.000 p=(-0.747,-0.000,1.250) n=(-0.000,1.000,-0.000)
[DEBUG] [W] i=2 w=RL si=2 lp=(0.760,-0.100,-1.250) o=(0.760,0.334,-1.250) wp=(0.747,0.320,-1.250) mw=(-0.013,-0.014,0.000) pe2=(-0.013,0.357,0.000) grounded=1 contactSamples=1 contactDistance=0.320 sl=0.371 c=0.089 cv=0.015 sf=3479.299 df=36.818 af=3516.117 Fz=2978.834 Fx=0.000 Fy=-0.000 k=0.000 a=0.000 p=(0.747,-0.000,-1.250) n=(-0.000,1.000,-0.000)
[DEBUG] [W] i=3 w=RR si=3 lp=(-0.760,-0.100,-1.250) o=(-0.760,0.334,-1.250) wp=(-0.747,0.320,-1.250) mw=(0.013,-0.014,0.000) pe2=(0.013,0.357,0.000) grounded=1 contactSamples=1 contactDistance=0.320 sl=0.371 c=0.089 cv=0.015 sf=3479.299 df=36.818 af=3516.117 Fz=2978.834 Fx=0.000 Fy=-0.000 k=0.000 a=0.000 p=(-0.747,-0.000,-1.250) n=(-0.000,1.000,-0.000)
[DEBUG] [Cornering] steerInput=0.000 frontSteerAngle=-0.000 yawRateY=0.000 rollRateZ=0.000 leftLoad=5957.667 rightLoad=5957.667 leftMinusRight=0.000
[DEBUG] [Energy] x=0.000 y=0.434 z=0.000 vx=0.000 vy=-0.001 vz=0.000 total=5731.345 potential=5110.549 linear=0.000 angular=0.000 wheels=0.000 suspension=620.797 suspensionPower=-6.597 suspensionResidual=200.583
[DEBUG] [W] i=0 w=FL si=0 lp=(0.760,-0.100,1.250) o=(0.760,0.334,1.250) wp=(0.747,0.320,1.250) mw=(-0.013,-0.014,0.000) pe2=(-0.013,0.357,0.000) grounded=1 contactSamples=1 contactDistance=0.320 sl=0.371 c=0.089 cv=0.015 sf=3479.301 df=36.818 af=3516.118 Fz=2978.835 Fx=0.000 Fy=-0.000 k=0.000 a=0.000 p=(0.747,-0.000,1.250) n=(-0.000,1.000,-0.000)
[DEBUG] [W] i=1 w=FR si=1 lp=(-0.760,-0.100,1.250) o=(-0.760,0.334,1.250) wp=(-0.747,0.320,1.250) mw=(0.013,-0.014,0.000) pe2=(0.013,0.357,0.000) grounded=1 contactSamples=1 contactDistance=0.320 sl=0.371 c=0.089 cv=0.015 sf=3479.301 df=36.818 af=3516.118 Fz=2978.835 Fx=0.000 Fy=-0.000 k=0.000 a=0.000 p=(-0.747,-0.000,1.250) n=(-0.000,1.000,-0.000)
[DEBUG] [W] i=2 w=RL si=2 lp=(0.760,-0.100,-1.250) o=(0.760,0.334,-1.250) wp=(0.747,0.320,-1.250) mw=(-0.013,-0.014,0.000) pe2=(-0.013,0.357,0.000) grounded=1 contactSamples=1 contactDistance=0.320 sl=0.371 c=0.089 cv=0.015 sf=3479.301 df=36.818 af=3516.118 Fz=2978.835 Fx=0.000 Fy=-0.000 k=0.000 a=0.000 p=(0.747,-0.000,-1.250) n=(-0.000,1.000,-0.000)
[DEBUG] [W] i=3 w=RR si=3 lp=(-0.760,-0.100,-1.250) o=(-0.760,0.334,-1.250) wp=(-0.747,0.320,-1.250) mw=(0.013,-0.014,0.000) pe2=(0.013,0.357,0.000) grounded=1 contactSamples=1 contactDistance=0.320 sl=0.371 c=0.089 cv=0.015 sf=3479.301 df=36.818 af=3516.118 Fz=2978.835 Fx=0.000 Fy=-0.000 k=0.000 a=0.000 p=(-0.747,-0.000,-1.250) n=(-0.000,1.000,-0.000)
[DEBUG] [Cornering] steerInput=0.000 frontSteerAngle=-0.000 yawRateY=0.000 rollRateZ=0.000 leftLoad=5957.669 rightLoad=5957.669 leftMinusRight=0.000
[DEBUG] [W] i=0 w=FL si=0 lp=(0.760,-0.100,1.250) o=(0.760,0.334,1.250) wp=(0.747,0.320,1.250) mw=(-0.013,-0.014,0.000) pe2=(-0.013,0.357,0.000) grounded=1 contactSamples=1 contactDistance=0.320 sl=0.371 c=0.089 cv=-0.015 sf=3474.513 df=-44.192 af=3430.321 Fz=2906.546 Fx=0.000 Fy=-0.000 k=0.000 a=0.000 p=(0.747,-0.000,1.250) n=(-0.000,1.000,-0.000)
[DEBUG] [W] i=1 w=FR si=1 lp=(-0.760,-0.100,1.250) o=(-0.760,0.334,1.250) wp=(-0.747,0.320,1.250) mw=(0.013,-0.014,0.000) pe2=(0.013,0.357,0.000) grounded=1 contactSamples=1 contactDistance=0.320 sl=0.371 c=0.089 cv=-0.015 sf=3474.513 df=-44.192 af=3430.321 Fz=2906.546 Fx=0.000 Fy=-0.000 k=0.000 a=0.000 p=(-0.747,-0.000,1.250) n=(-0.000,1.000,-0.000)
[DEBUG] [W] i=2 w=RL si=2 lp=(0.760,-0.100,-1.250) o=(0.760,0.334,-1.250) wp=(0.747,0.320,-1.250) mw=(-0.013,-0.014,0.000) pe2=(-0.013,0.357,0.000) grounded=1 contactSamples=1 contactDistance=0.320 sl=0.371 c=0.089 cv=-0.015 sf=3474.513 df=-44.192 af=3430.321 Fz=2906.546 Fx=0.000 Fy=-0.000 k=0.000 a=0.000 p=(0.747,-0.000,-1.250) n=(-0.000,1.000,-0.000)
[DEBUG] [W] i=3 w=RR si=3 lp=(-0.760,-0.100,-1.250) o=(-0.760,0.334,-1.250) wp=(-0.747,0.320,-1.250) mw=(0.013,-0.014,0.000) pe2=(0.013,0.357,0.000) grounded=1 contactSamples=1 contactDistance=0.320 sl=0.371 c=0.089 cv=-0.015 sf=3474.513 df=-44.192 af=3430.321 Fz=2906.546 Fx=0.000 Fy=-0.000 k=0.000 a=0.000 p=(-0.747,-0.000,-1.250) n=(-0.000,1.000,-0.000)
[DEBUG] [Cornering] steerInput=0.000 frontSteerAngle=-0.000 yawRateY=0.000 rollRateZ=0.000 leftLoad=5813.091 rightLoad=5813.091 leftMinusRight=0.000
[DEBUG] [W] i=0 w=FL si=0 lp=(0.760,-0.100,1.250) o=(0.760,0.334,1.250) wp=(0.747,0.320,1.250) mw=(-0.013,-0.014,0.000) pe2=(-0.013,0.357,0.000) grounded=1 contactSamples=1 contactDistance=0.320 sl=0.371 c=0.089 cv=-0.015 sf=3474.513 df=-44.181 af=3430.332 Fz=2906.555 Fx=0.000 Fy=-0.000 k=0.000 a=0.000 p=(0.747,-0.000,1.250) n=(-0.000,1.000,-0.000)
[DEBUG] [W] i=1 w=FR si=1 lp=(-0.760,-0.100,1.250) o=(-0.760,0.334,1.250) wp=(-0.747,0.320,1.250) mw=(0.013,-0.014,0.000) pe2=(0.013,0.357,0.000) grounded=1 contactSamples=1 contactDistance=0.320 sl=0.371 c=0.089 cv=-0.015 sf=3474.513 df=-44.181 af=3430.332 Fz=2906.555 Fx=0.000 Fy=-0.000 k=0.000 a=0.000 p=(-0.747,-0.000,1.250) n=(-0.000,1.000,-0.000)
[DEBUG] [W] i=2 w=RL si=2 lp=(0.760,-0.100,-1.250) o=(0.760,0.334,-1.250) wp=(0.747,0.320,-1.250) mw=(-0.013,-0.014,0.000) pe2=(-0.013,0.357,0.000) grounded=1 contactSamples=1 contactDistance=0.320 sl=0.371 c=0.089 cv=-0.015 sf=3474.513 df=-44.181 af=3430.332 Fz=2906.555 Fx=0.000 Fy=-0.000 k=0.000 a=0.000 p=(0.747,-0.000,-1.250) n=(-0.000,1.000,-0.000)
[DEBUG] [W] i=3 w=RR si=3 lp=(-0.760,-0.100,-1.250) o=(-0.760,0.334,-1.250) wp=(-0.747,0.320,-1.250) mw=(0.013,-0.014,0.000) pe2=(0.013,0.357,0.000) grounded=1 contactSamples=1 contactDistance=0.320 sl=0.371 c=0.089 cv=-0.015 sf=3474.513 df=-44.181 af=3430.332 Fz=2906.555 Fx=0.000 Fy=-0.000 k=0.000 a=0.000 p=(-0.747,-0.000,-1.250) n=(-0.000,1.000,-0.000)
[DEBUG] [Cornering] steerInput=0.000 frontSteerAngle=-0.000 yawRateY=0.000 rollRateZ=0.000 leftLoad=5813.110 rightLoad=5813.110 leftMinusRight=0.000
[INFO] [EnergyDelta] step=1620 t=13.500001 deltaFromBaseline=-11.542480 stepDelta=1.661133 integratedPowerA=164.999146 integratedPowerB=-25.294598 integratedSpringPower=-175.738434 integratedDamperPower=36.258087 integratedPowerBalanceResidual=0.224197
[INFO] [State] t=13.500001 y=0.434127 z=0.000000 vy=-0.000468 vz=0.000000 energy=5731.340332 compression=0.089213,0.089213,0.089213,0.089213
[DEBUG] [W] i=0 w=FL si=0 lp=(0.760,-0.100,1.250) o=(0.760,0.334,1.250) wp=(0.747,0.320,1.250) mw=(-0.013,-0.014,0.000) pe2=(-0.013,0.357,0.000) grounded=1 contactSamples=1 contactDistance=0.320 sl=0.371 c=0.089 cv=-0.015 sf=3474.513 df=-44.181 af=3430.332 Fz=2906.555 Fx=0.000 Fy=-0.000 k=0.000 a=0.000 p=(0.747,-0.000,1.250) n=(-0.000,1.000,-0.000)
[DEBUG] [W] i=1 w=FR si=1 lp=(-0.760,-0.100,1.250) o=(-0.760,0.334,1.250) wp=(-0.747,0.320,1.250) mw=(0.013,-0.014,0.000) pe2=(0.013,0.357,0.000) grounded=1 contactSamples=1 contactDistance=0.320 sl=0.371 c=0.089 cv=-0.015 sf=3474.513 df=-44.181 af=3430.332 Fz=2906.555 Fx=0.000 Fy=-0.000 k=0.000 a=0.000 p=(-0.747,-0.000,1.250) n=(-0.000,1.000,-0.000)
[DEBUG] [W] i=2 w=RL si=2 lp=(0.760,-0.100,-1.250) o=(0.760,0.334,-1.250) wp=(0.747,0.320,-1.250) mw=(-0.013,-0.014,0.000) pe2=(-0.013,0.357,0.000) grounded=1 contactSamples=1 contactDistance=0.320 sl=0.371 c=0.089 cv=-0.015 sf=3474.513 df=-44.181 af=3430.332 Fz=2906.555 Fx=0.000 Fy=-0.000 k=0.000 a=0.000 p=(0.747,-0.000,-1.250) n=(-0.000,1.000,-0.000)
[DEBUG] [W] i=3 w=RR si=3 lp=(-0.760,-0.100,-1.250) o=(-0.760,0.334,-1.250) wp=(-0.747,0.320,-1.250) mw=(0.013,-0.014,0.000) pe2=(0.013,0.357,0.000) grounded=1 contactSamples=1 contactDistance=0.320 sl=0.371 c=0.089 cv=-0.015 sf=3474.513 df=-44.181 af=3430.332 Fz=2906.555 Fx=0.000 Fy=-0.000 k=0.000 a=0.000 p=(-0.747,-0.000,-1.250) n=(-0.000,1.000,-0.000)
[DEBUG] [Cornering] steerInput=0.000 frontSteerAngle=-0.000 yawRateY=0.000 rollRateZ=0.000 leftLoad=5813.110 rightLoad=5813.110 leftMinusRight=0.000
[DEBUG] [W] i=0 w=FL si=0 lp=(0.760,-0.100,1.250) o=(0.760,0.334,1.250) wp=(0.747,0.320,1.250) mw=(-0.013,-0.014,0.000) pe2=(-0.013,0.357,0.000) grounded=1 contactSamples=1 contactDistance=0.320 sl=0.371 c=0.089 cv=-0.015 sf=3474.513 df=-44.181 af=3430.332 Fz=2906.555 Fx=0.000 Fy=-0.000 k=0.000 a=0.000 p=(0.747,-0.000,1.250) n=(-0.000,1.000,-0.000)
[DEBUG] [W] i=1 w=FR si=1 lp=(-0.760,-0.100,1.250) o=(-0.760,0.334,1.250) wp=(-0.747,0.320,1.250) mw=(0.013,-0.014,0.000) pe2=(0.013,0.357,0.000) grounded=1 contactSamples=1 contactDistance=0.320 sl=0.371 c=0.089 cv=-0.015 sf=3474.513 df=-44.181 af=3430.332 Fz=2906.555 Fx=0.000 Fy=-0.000 k=0.000 a=0.000 p=(-0.747,-0.000,1.250) n=(-0.000,1.000,-0.000)
[DEBUG] [W] i=2 w=RL si=2 lp=(0.760,-0.100,-1.250) o=(0.760,0.334,-1.250) wp=(0.747,0.320,-1.250) mw=(-0.013,-0.014,0.000) pe2=(-0.013,0.357,0.000) grounded=1 contactSamples=1 contactDistance=0.320 sl=0.371 c=0.089 cv=-0.015 sf=3474.513 df=-44.181 af=3430.332 Fz=2906.555 Fx=0.000 Fy=-0.000 k=0.000 a=0.000 p=(0.747,-0.000,-1.250) n=(-0.000,1.000,-0.000)
[DEBUG] [W] i=3 w=RR si=3 lp=(-0.760,-0.100,-1.250) o=(-0.760,0.334,-1.250) wp=(-0.747,0.320,-1.250) mw=(0.013,-0.014,0.000) pe2=(0.013,0.357,0.000) grounded=1 contactSamples=1 contactDistance=0.320 sl=0.371 c=0.089 cv=-0.015 sf=3474.513 df=-44.181 af=3430.332 Fz=2906.555 Fx=0.000 Fy=-0.000 k=0.000 a=0.000 p=(-0.747,-0.000,-1.250) n=(-0.000,1.000,-0.000)
[DEBUG] [Cornering] steerInput=0.000 frontSteerAngle=-0.000 yawRateY=0.000 rollRateZ=0.000 leftLoad=5813.110 rightLoad=5813.110 leftMinusRight=0.000
[DEBUG] [Energy] x=0.000 y=0.434 z=0.000 vx=0.000 vy=-0.001 vz=0.000 total=5731.350 potential=5110.554 linear=0.000 angular=0.000 wheels=0.000 suspension=620.796 suspensionPower=-6.134 suspensionResidual=200.995
[DEBUG] [W] i=0 w=FL si=0 lp=(0.760,-0.100,1.250) o=(0.760,0.334,1.250) wp=(0.747,0.320,1.250) mw=(-0.013,-0.014,0.000) pe2=(-0.013,0.357,0.000) grounded=1 contactSamples=1 contactDistance=0.320 sl=0.371 c=0.089 cv=0.000 sf=3479.301 df=0.009 af=3479.310 Fz=2947.650 Fx=0.000 Fy=-0.000 k=0.000 a=0.000 p=(0.747,-0.000,1.250) n=(-0.000,1.000,-0.000)
[DEBUG] [W] i=1 w=FR si=1 lp=(-0.760,-0.100,1.250) o=(-0.760,0.334,1.250) wp=(-0.747,0.320,1.250) mw=(0.013,-0.014,0.000) pe2=(0.013,0.357,0.000) grounded=1 contactSamples=1 contactDistance=0.320 sl=0.371 c=0.089 cv=0.000 sf=3479.301 df=0.009 af=3479.310 Fz=2947.650 Fx=0.000 Fy=-0.000 k=0.000 a=0.000 p=(-0.747,-0.000,1.250) n=(-0.000,1.000,-0.000)
[DEBUG] [W] i=2 w=RL si=2 lp=(0.760,-0.100,-1.250) o=(0.760,0.334,-1.250) wp=(0.747,0.320,-1.250) mw=(-0.013,-0.014,0.000) pe2=(-0.013,0.357,0.000) grounded=1 contactSamples=1 contactDistance=0.320 sl=0.371 c=0.089 cv=0.000 sf=3479.301 df=0.009 af=3479.310 Fz=2947.650 Fx=0.000 Fy=-0.000 k=0.000 a=0.000 p=(0.747,-0.000,-1.250) n=(-0.000,1.000,-0.000)
[DEBUG] [W] i=3 w=RR si=3 lp=(-0.760,-0.100,-1.250) o=(-0.760,0.334,-1.250) wp=(-0.747,0.320,-1.250) mw=(0.013,-0.014,0.000) pe2=(0.013,0.357,0.000) grounded=1 contactSamples=1 contactDistance=0.320 sl=0.371 c=0.089 cv=0.000 sf=3479.301 df=0.009 af=3479.310 Fz=2947.650 Fx=0.000 Fy=-0.000 k=0.000 a=0.000 p=(-0.747,-0.000,-1.250) n=(-0.000,1.000,-0.000)
[DEBUG] [Cornering] steerInput=0.000 frontSteerAngle=-0.000 yawRateY=0.000 rollRateZ=0.000 leftLoad=5895.301 rightLoad=5895.301 leftMinusRight=0.000
[DEBUG] [W] i=0 w=FL si=0 lp=(0.760,-0.100,1.250) o=(0.760,0.334,1.250) wp=(0.747,0.320,1.250) mw=(-0.013,-0.014,0.000) pe2=(-0.013,0.357,0.000) grounded=1 contactSamples=1 contactDistance=0.320 sl=0.371 c=0.089 cv=0.015 sf=3479.299 df=36.809 af=3516.108 Fz=2978.826 Fx=0.000 Fy=-0.000 k=0.000 a=0.000 p=(0.747,-0.000,1.250) n=(-0.000,1.000,-0.000)
[DEBUG] [W] i=1 w=FR si=1 lp=(-0.760,-0.100,1.250) o=(-0.760,0.334,1.250) wp=(-0.747,0.320,1.250) mw=(0.013,-0.014,0.000) pe2=(0.013,0.357,0.000) grounded=1 contactSamples=1 contactDistance=0.320 sl=0.371 c=0.089 cv=0.015 sf=3479.299 df=36.809 af=3516.108 Fz=2978.826 Fx=0.000 Fy=-0.000 k=0.000 a=0.000 p=(-0.747,-0.000,1.250) n=(-0.000,1.000,-0.000)
[DEBUG] [W] i=2 w=RL si=2 lp=(0.760,-0.100,-1.250) o=(0.760,0.334,-1.250) wp=(0.747,0.320,-1.250) mw=(-0.013,-0.014,0.000) pe2=(-0.013,0.357,0.000) grounded=1 contactSamples=1 contactDistance=0.320 sl=0.371 c=0.089 cv=0.015 sf=3479.299 df=36.809 af=3516.108 Fz=2978.826 Fx=0.000 Fy=-0.000 k=0.000 a=0.000 p=(0.747,-0.000,-1.250) n=(-0.000,1.000,-0.000)
[DEBUG] [W] i=3 w=RR si=3 lp=(-0.760,-0.100,-1.250) o=(-0.760,0.334,-1.250) wp=(-0.747,0.320,-1.250) mw=(0.013,-0.014,0.000) pe2=(0.013,0.357,0.000) grounded=1 contactSamples=1 contactDistance=0.320 sl=0.371 c=0.089 cv=0.015 sf=3479.299 df=36.809 af=3516.108 Fz=2978.826 Fx=0.000 Fy=-0.000 k=0.000 a=0.000 p=(-0.747,-0.000,-1.250) n=(-0.000,1.000,-0.000)
[DEBUG] [Cornering] steerInput=0.000 frontSteerAngle=-0.000 yawRateY=0.000 rollRateZ=0.000 leftLoad=5957.652 rightLoad=5957.652 leftMinusRight=0.000
[DEBUG] [W] i=0 w=FL si=0 lp=(0.760,-0.100,1.250) o=(0.760,0.334,1.250) wp=(0.747,0.320,1.250) mw=(-0.013,-0.014,0.000) pe2=(-0.013,0.357,0.000) grounded=1 contactSamples=1 contactDistance=0.320 sl=0.371 c=0.089 cv=-0.015 sf=3474.513 df=-44.192 af=3430.321 Fz=2906.546 Fx=0.000 Fy=-0.000 k=0.000 a=0.000 p=(0.747,-0.000,1.250) n=(-0.000,1.000,-0.000)
[DEBUG] [W] i=1 w=FR si=1 lp=(-0.760,-0.100,1.250) o=(-0.760,0.334,1.250) wp=(-0.747,0.320,1.250) mw=(0.013,-0.014,0.000) pe2=(0.013,0.357,0.000) grounded=1 contactSamples=1 contactDistance=0.320 sl=0.371 c=0.089 cv=-0.015 sf=3474.513 df=-44.192 af=3430.321 Fz=2906.546 Fx=0.000 Fy=-0.000 k=0.000 a=0.000 p=(-0.747,-0.000,1.250) n=(-0.000,1.000,-0.000)
[DEBUG] [W] i=2 w=RL si=2 lp=(0.760,-0.100,-1.250) o=(0.760,0.334,-1.250) wp=(0.747,0.320,-1.250) mw=(-0.013,-0.014,0.000) pe2=(-0.013,0.357,0.000) grounded=1 contactSamples=1 contactDistance=0.320 sl=0.371 c=0.089 cv=-0.015 sf=3474.513 df=-44.192 af=3430.321 Fz=2906.546 Fx=0.000 Fy=-0.000 k=0.000 a=0.000 p=(0.747,-0.000,-1.250) n=(-0.000,1.000,-0.000)
[DEBUG] [W] i=3 w=RR si=3 lp=(-0.760,-0.100,-1.250) o=(-0.760,0.334,-1.250) wp=(-0.747,0.320,-1.250) mw=(0.013,-0.014,0.000) pe2=(0.013,0.357,0.000) grounded=1 contactSamples=1 contactDistance=0.320 sl=0.371 c=0.089 cv=-0.015 sf=3474.513 df=-44.192 af=3430.321 Fz=2906.546 Fx=0.000 Fy=-0.000 k=0.000 a=0.000 p=(-0.747,-0.000,-1.250) n=(-0.000,1.000,-0.000)
[DEBUG] [Cornering] steerInput=0.000 frontSteerAngle=-0.000 yawRateY=0.000 rollRateZ=0.000 leftLoad=5813.091 rightLoad=5813.091 leftMinusRight=0.000
[INFO] [EnergyDelta] step=1680 t=14.000001 deltaFromBaseline=-11.527344 stepDelta=1.654785 integratedPowerA=164.981262 integratedPowerB=-26.448696 integratedSpringPower=-175.672577 integratedDamperPower=37.371277 integratedPowerBalanceResidual=0.231262
[INFO] [State] t=14.000001 y=0.434128 z=0.000000 vy=-0.000528 vz=0.000000 energy=5731.355469 compression=0.089213,0.089213,0.089213,0.089213
[DEBUG] [W] i=0 w=FL si=0 lp=(0.760,-0.100,1.250) o=(0.760,0.334,1.250) wp=(0.747,0.320,1.250) mw=(-0.013,-0.014,0.000) pe2=(-0.013,0.357,0.000) grounded=1 contactSamples=1 contactDistance=0.320 sl=0.371 c=0.089 cv=-0.015 sf=3474.514 df=-44.171 af=3430.344 Fz=2906.565 Fx=0.000 Fy=-0.000 k=0.000 a=0.000 p=(0.747,-0.000,1.250) n=(-0.000,1.000,-0.000)
[DEBUG] [W] i=1 w=FR si=1 lp=(-0.760,-0.100,1.250) o=(-0.760,0.334,1.250) wp=(-0.747,0.320,1.250) mw=(0.013,-0.014,0.000) pe2=(0.013,0.357,0.000) grounded=1 contactSamples=1 contactDistance=0.320 sl=0.371 c=0.089 cv=-0.015 sf=3474.514 df=-44.171 af=3430.344 Fz=2906.565 Fx=0.000 Fy=-0.000 k=0.000 a=0.000 p=(-0.747,-0.000,1.250) n=(-0.000,1.000,-0.000)
[DEBUG] [W] i=2 w=RL si=2 lp=(0.760,-0.100,-1.250) o=(0.760,0.334,-1.250) wp=(0.747,0.320,-1.250) mw=(-0.013,-0.014,0.000) pe2=(-0.013,0.357,0.000) grounded=1 contactSamples=1 contactDistance=0.320 sl=0.371 c=0.089 cv=-0.015 sf=3474.514 df=-44.171 af=3430.344 Fz=2906.565 Fx=0.000 Fy=-0.000 k=0.000 a=0.000 p=(0.747,-0.000,-1.250) n=(-0.000,1.000,-0.000)
[DEBUG] [W] i=3 w=RR si=3 lp=(-0.760,-0.100,-1.250) o=(-0.760,0.334,-1.250) wp=(-0.747,0.320,-1.250) mw=(0.013,-0.014,0.000) pe2=(0.013,0.357,0.000) grounded=1 contactSamples=1 contactDistance=0.320 sl=0.371 c=0.089 cv=-0.015 sf=3474.514 df=-44.171 af=3430.344 Fz=2906.565 Fx=0.000 Fy=-0.000 k=0.000 a=0.000 p=(-0.747,-0.000,-1.250) n=(-0.000,1.000,-0.000)
[DEBUG] [Cornering] steerInput=0.000 frontSteerAngle=-0.000 yawRateY=0.000 rollRateZ=0.000 leftLoad=5813.129 rightLoad=5813.129 leftMinusRight=0.000
[DEBUG] [W] i=0 w=FL si=0 lp=(0.760,-0.100,1.250) o=(0.760,0.334,1.250) wp=(0.747,0.320,1.250) mw=(-0.013,-0.014,0.000) pe2=(-0.013,0.357,0.000) grounded=1 contactSamples=1 contactDistance=0.320 sl=0.371 c=0.089 cv=-0.015 sf=3474.514 df=-44.171 af=3430.344 Fz=2906.565 Fx=0.000 Fy=-0.000 k=0.000 a=0.000 p=(0.747,-0.000,1.250) n=(-0.000,1.000,-0.000)
[DEBUG] [W] i=1 w=FR si=1 lp=(-0.760,-0.100,1.250) o=(-0.760,0.334,1.250) wp=(-0.747,0.320,1.250) mw=(0.013,-0.014,0.000) pe2=(0.013,0.357,0.000) grounded=1 contactSamples=1 contactDistance=0.320 sl=0.371 c=0.089 cv=-0.015 sf=3474.514 df=-44.171 af=3430.344 Fz=2906.565 Fx=0.000 Fy=-0.000 k=0.000 a=0.000 p=(-0.747,-0.000,1.250) n=(-0.000,1.000,-0.000)
[DEBUG] [W] i=2 w=RL si=2 lp=(0.760,-0.100,-1.250) o=(0.760,0.334,-1.250) wp=(0.747,0.320,-1.250) mw=(-0.013,-0.014,0.000) pe2=(-0.013,0.357,0.000) grounded=1 contactSamples=1 contactDistance=0.320 sl=0.371 c=0.089 cv=-0.015 sf=3474.514 df=-44.171 af=3430.344 Fz=2906.565 Fx=0.000 Fy=-0.000 k=0.000 a=0.000 p=(0.747,-0.000,-1.250) n=(-0.000,1.000,-0.000)
[DEBUG] [W] i=3 w=RR si=3 lp=(-0.760,-0.100,-1.250) o=(-0.760,0.334,-1.250) wp=(-0.747,0.320,-1.250) mw=(0.013,-0.014,0.000) pe2=(0.013,0.357,0.000) grounded=1 contactSamples=1 contactDistance=0.320 sl=0.371 c=0.089 cv=-0.015 sf=3474.514 df=-44.171 af=3430.344 Fz=2906.565 Fx=0.000 Fy=-0.000 k=0.000 a=0.000 p=(-0.747,-0.000,-1.250) n=(-0.000,1.000,-0.000)
[DEBUG] [Cornering] steerInput=0.000 frontSteerAngle=-0.000 yawRateY=0.000 rollRateZ=0.000 leftLoad=5813.129 rightLoad=5813.129 leftMinusRight=0.000
[DEBUG] [Energy] x=0.000 y=0.434 z=0.000 vx=0.000 vy=0.000 vz=0.000 total=5731.354 potential=5110.558 linear=0.000 angular=0.000 wheels=0.000 suspension=620.797 suspensionPower=4.952 suspensionResidual=5.002
[DEBUG] [W] i=0 w=FL si=0 lp=(0.760,-0.100,1.250) o=(0.760,0.334,1.250) wp=(0.747,0.320,1.250) mw=(-0.013,-0.014,0.000) pe2=(-0.013,0.357,0.000) grounded=1 contactSamples=1 contactDistance=0.320 sl=0.371 c=0.089 cv=-0.015 sf=3474.514 df=-44.171 af=3430.344 Fz=2906.565 Fx=0.000 Fy=-0.000 k=0.000 a=0.000 p=(0.747,-0.000,1.250) n=(-0.000,1.000,-0.000)
[DEBUG] [W] i=1 w=FR si=1 lp=(-0.760,-0.100,1.250) o=(-0.760,0.334,1.250) wp=(-0.747,0.320,1.250) mw=(0.013,-0.014,0.000) pe2=(0.013,0.357,0.000) grounded=1 contactSamples=1 contactDistance=0.320 sl=0.371 c=0.089 cv=-0.015 sf=3474.514 df=-44.171 af=3430.344 Fz=2906.565 Fx=0.000 Fy=-0.000 k=0.000 a=0.000 p=(-0.747,-0.000,1.250) n=(-0.000,1.000,-0.000)
[DEBUG] [W] i=2 w=RL si=2 lp=(0.760,-0.100,-1.250) o=(0.760,0.334,-1.250) wp=(0.747,0.320,-1.250) mw=(-0.013,-0.014,0.000) pe2=(-0.013,0.357,0.000) grounded=1 contactSamples=1 contactDistance=0.320 sl=0.371 c=0.089 cv=-0.015 sf=3474.514 df=-44.171 af=3430.344 Fz=2906.565 Fx=0.000 Fy=-0.000 k=0.000 a=0.000 p=(0.747,-0.000,-1.250) n=(-0.000,1.000,-0.000)
[DEBUG] [W] i=3 w=RR si=3 lp=(-0.760,-0.100,-1.250) o=(-0.760,0.334,-1.250) wp=(-0.747,0.320,-1.250) mw=(0.013,-0.014,0.000) pe2=(0.013,0.357,0.000) grounded=1 contactSamples=1 contactDistance=0.320 sl=0.371 c=0.089 cv=-0.015 sf=3474.514 df=-44.171 af=3430.344 Fz=2906.565 Fx=0.000 Fy=-0.000 k=0.000 a=0.000 p=(-0.747,-0.000,-1.250) n=(-0.000,1.000,-0.000)
[DEBUG] [Cornering] steerInput=0.000 frontSteerAngle=-0.000 yawRateY=0.000 rollRateZ=0.000 leftLoad=5813.129 rightLoad=5813.129 leftMinusRight=0.000
[DEBUG] [W] i=0 w=FL si=0 lp=(0.760,-0.100,1.250) o=(0.760,0.334,1.250) wp=(0.747,0.320,1.250) mw=(-0.013,-0.014,0.000) pe2=(-0.013,0.357,0.000) grounded=1 contactSamples=1 contactDistance=0.320 sl=0.371 c=0.089 cv=0.000 sf=3474.514 df=0.000 af=3474.514 Fz=2943.991 Fx=0.000 Fy=-0.000 k=0.000 a=0.000 p=(0.747,-0.000,1.250) n=(-0.000,1.000,-0.000)
[DEBUG] [W] i=1 w=FR si=1 lp=(-0.760,-0.100,1.250) o=(-0.760,0.334,1.250) wp=(-0.747,0.320,1.250) mw=(0.013,-0.014,0.000) pe2=(0.013,0.357,0.000) grounded=1 contactSamples=1 contactDistance=0.320 sl=0.371 c=0.089 cv=0.000 sf=3474.514 df=0.000 af=3474.514 Fz=2943.991 Fx=0.000 Fy=-0.000 k=0.000 a=0.000 p=(-0.747,-0.000,1.250) n=(-0.000,1.000,-0.000)
[DEBUG] [W] i=2 w=RL si=2 lp=(0.760,-0.100,-1.250) o=(0.760,0.334,-1.250) wp=(0.747,0.320,-1.250) mw=(-0.013,-0.014,0.000) pe2=(-0.013,0.357,0.000) grounded=1 contactSamples=1 contactDistance=0.320 sl=0.371 c=0.089 cv=0.000 sf=3474.514 df=0.000 af=3474.514 Fz=2943.991 Fx=0.000 Fy=-0.000 k=0.000 a=0.000 p=(0.747,-0.000,-1.250) n=(-0.000,1.000,-0.000)
[DEBUG] [W] i=3 w=RR si=3 lp=(-0.760,-0.100,-1.250) o=(-0.760,0.334,-1.250) wp=(-0.747,0.320,-1.250) mw=(0.013,-0.014,0.000) pe2=(0.013,0.357,0.000) grounded=1 contactSamples=1 contactDistance=0.320 sl=0.371 c=0.089 cv=0.000 sf=3474.514 df=0.000 af=3474.514 Fz=2943.991 Fx=0.000 Fy=-0.000 k=0.000 a=0.000 p=(-0.747,-0.000,-1.250) n=(-0.000,1.000,-0.000)
[DEBUG] [Cornering] steerInput=0.000 frontSteerAngle=-0.000 yawRateY=0.000 rollRateZ=0.000 leftLoad=5887.982 rightLoad=5887.982 leftMinusRight=0.000
[DEBUG] [W] i=0 w=FL si=0 lp=(0.760,-0.100,1.250) o=(0.760,0.334,1.250) wp=(0.747,0.320,1.250) mw=(-0.013,-0.014,0.000) pe2=(-0.013,0.357,0.000) grounded=1 contactSamples=1 contactDistance=0.320 sl=0.371 c=0.089 cv=0.015 sf=3479.299 df=36.818 af=3516.117 Fz=2978.834 Fx=0.000 Fy=-0.000 k=0.000 a=0.000 p=(0.747,-0.000,1.250) n=(-0.000,1.000,-0.000)
[DEBUG] [W] i=1 w=FR si=1 lp=(-0.760,-0.100,1.250) o=(-0.760,0.334,1.250) wp=(-0.747,0.320,1.250) mw=(0.013,-0.014,0.000) pe2=(0.013,0.357,0.000) grounded=1 contactSamples=1 contactDistance=0.320 sl=0.371 c=0.089 cv=0.015 sf=3479.299 df=36.818 af=3516.117 Fz=2978.834 Fx=0.000 Fy=-0.000 k=0.000 a=0.000 p=(-0.747,-0.000,1.250) n=(-0.000,1.000,-0.000)
[DEBUG] [W] i=2 w=RL si=2 lp=(0.760,-0.100,-1.250) o=(0.760,0.334,-1.250) wp=(0.747,0.320,-1.250) mw=(-0.013,-0.014,0.000) pe2=(-0.013,0.357,0.000) grounded=1 contactSamples=1 contactDistance=0.320 sl=0.371 c=0.089 cv=0.015 sf=3479.299 df=36.818 af=3516.117 Fz=2978.834 Fx=0.000 Fy=-0.000 k=0.000 a=0.000 p=(0.747,-0.000,-1.250) n=(-0.000,1.000,-0.000)
[DEBUG] [W] i=3 w=RR si=3 lp=(-0.760,-0.100,-1.250) o=(-0.760,0.334,-1.250) wp=(-0.747,0.320,-1.250) mw=(0.013,-0.014,0.000) pe2=(0.013,0.357,0.000) grounded=1 contactSamples=1 contactDistance=0.320 sl=0.371 c=0.089 cv=0.015 sf=3479.299 df=36.818 af=3516.117 Fz=2978.834 Fx=0.000 Fy=-0.000 k=0.000 a=0.000 p=(-0.747,-0.000,-1.250) n=(-0.000,1.000,-0.000)
[DEBUG] [Cornering] steerInput=0.000 frontSteerAngle=-0.000 yawRateY=0.000 rollRateZ=0.000 leftLoad=5957.667 rightLoad=5957.667 leftMinusRight=0.000
[INFO] [EnergyDelta] step=1740 t=14.500001 deltaFromBaseline=-13.200195 stepDelta=-1.655273 integratedPowerA=164.982910 integratedPowerB=-25.854733 integratedSpringPower=-177.316803 integratedDamperPower=38.426605 integratedPowerBalanceResidual=0.237976
[INFO] [State] t=14.500001 y=0.434131 z=0.000000 vy=0.000523 vz=0.000000 energy=5729.682617 compression=0.089090,0.089090,0.089090,0.089090
[DEBUG] [W] i=0 w=FL si=0 lp=(0.760,-0.100,1.250) o=(0.760,0.334,1.250) wp=(0.747,0.320,1.250) mw=(-0.013,-0.014,0.000) pe2=(-0.013,0.357,0.000) grounded=1 contactSamples=1 contactDistance=0.320 sl=0.371 c=0.089 cv=0.015 sf=3479.301 df=36.827 af=3516.127 Fz=2978.842 Fx=0.000 Fy=-0.000 k=0.000 a=0.000 p=(0.747,-0.000,1.250) n=(-0.000,1.000,-0.000)
[DEBUG] [W] i=1 w=FR si=1 lp=(-0.760,-0.100,1.250) o=(-0.760,0.334,1.250) wp=(-0.747,0.320,1.250) mw=(0.013,-0.014,0.000) pe2=(0.013,0.357,0.000) grounded=1 contactSamples=1 contactDistance=0.320 sl=0.371 c=0.089 cv=0.015 sf=3479.301 df=36.827 af=3516.127 Fz=2978.842 Fx=0.000 Fy=-0.000 k=0.000 a=0.000 p=(-0.747,-0.000,1.250) n=(-0.000,1.000,-0.000)
[DEBUG] [W] i=2 w=RL si=2 lp=(0.760,-0.100,-1.250) o=(0.760,0.334,-1.250) wp=(0.747,0.320,-1.250) mw=(-0.013,-0.014,0.000) pe2=(-0.013,0.357,0.000) grounded=1 contactSamples=1 contactDistance=0.320 sl=0.371 c=0.089 cv=0.015 sf=3479.301 df=36.827 af=3516.127 Fz=2978.842 Fx=0.000 Fy=-0.000 k=0.000 a=0.000 p=(0.747,-0.000,-1.250) n=(-0.000,1.000,-0.000)
[DEBUG] [W] i=3 w=RR si=3 lp=(-0.760,-0.100,-1.250) o=(-0.760,0.334,-1.250) wp=(-0.747,0.320,-1.250) mw=(0.013,-0.014,0.000) pe2=(0.013,0.357,0.000) grounded=1 contactSamples=1 contactDistance=0.320 sl=0.371 c=0.089 cv=0.015 sf=3479.301 df=36.827 af=3516.127 Fz=2978.842 Fx=0.000 Fy=-0.000 k=0.000 a=0.000 p=(-0.747,-0.000,-1.250) n=(-0.000,1.000,-0.000)
[DEBUG] [Cornering] steerInput=0.000 frontSteerAngle=-0.000 yawRateY=0.000 rollRateZ=0.000 leftLoad=5957.684 rightLoad=5957.684 leftMinusRight=0.000
[DEBUG] [W] i=0 w=FL si=0 lp=(0.760,-0.100,1.250) o=(0.760,0.334,1.250) wp=(0.747,0.320,1.250) mw=(-0.013,-0.014,0.000) pe2=(-0.013,0.357,0.000) grounded=1 contactSamples=1 contactDistance=0.320 sl=0.371 c=0.089 cv=0.015 sf=3479.301 df=36.818 af=3516.118 Fz=2978.835 Fx=0.000 Fy=-0.000 k=0.000 a=0.000 p=(0.747,-0.000,1.250) n=(-0.000,1.000,-0.000)
[DEBUG] [W] i=1 w=FR si=1 lp=(-0.760,-0.100,1.250) o=(-0.760,0.334,1.250) wp=(-0.747,0.320,1.250) mw=(0.013,-0.014,0.000) pe2=(0.013,0.357,0.000) grounded=1 contactSamples=1 contactDistance=0.320 sl=0.371 c=0.089 cv=0.015 sf=3479.301 df=36.818 af=3516.118 Fz=2978.835 Fx=0.000 Fy=-0.000 k=0.000 a=0.000 p=(-0.747,-0.000,1.250) n=(-0.000,1.000,-0.000)
[DEBUG] [W] i=2 w=RL si=2 lp=(0.760,-0.100,-1.250) o=(0.760,0.334,-1.250) wp=(0.747,0.320,-1.250) mw=(-0.013,-0.014,0.000) pe2=(-0.013,0.357,0.000) grounded=1 contactSamples=1 contactDistance=0.320 sl=0.371 c=0.089 cv=0.015 sf=3479.301 df=36.818 af=3516.118 Fz=2978.835 Fx=0.000 Fy=-0.000 k=0.000 a=0.000 p=(0.747,-0.000,-1.250) n=(-0.000,1.000,-0.000)
[DEBUG] [W] i=3 w=RR si=3 lp=(-0.760,-0.100,-1.250) o=(-0.760,0.334,-1.250) wp=(-0.747,0.320,-1.250) mw=(0.013,-0.014,0.000) pe2=(0.013,0.357,0.000) grounded=1 contactSamples=1 contactDistance=0.320 sl=0.371 c=0.089 cv=0.015 sf=3479.301 df=36.818 af=3516.118 Fz=2978.835 Fx=0.000 Fy=-0.000 k=0.000 a=0.000 p=(-0.747,-0.000,-1.250) n=(-0.000,1.000,-0.000)
[DEBUG] [Cornering] steerInput=0.000 frontSteerAngle=-0.000 yawRateY=0.000 rollRateZ=0.000 leftLoad=5957.669 rightLoad=5957.669 leftMinusRight=0.000
[DEBUG] [Energy] x=0.000 y=0.434 z=0.000 vx=0.000 vy=0.000 vz=0.000 total=5731.360 potential=5110.564 linear=0.000 angular=0.000 wheels=0.000 suspension=620.797 suspensionPower=5.414 suspensionResidual=5.414
[DEBUG] [W] i=0 w=FL si=0 lp=(0.760,-0.100,1.250) o=(0.760,0.334,1.250) wp=(0.747,0.320,1.250) mw=(-0.013,-0.014,0.000) pe2=(-0.013,0.357,0.000) grounded=1 contactSamples=1 contactDistance=0.320 sl=0.371 c=0.089 cv=0.000 sf=3474.514 df=0.000 af=3474.514 Fz=2943.991 Fx=0.000 Fy=-0.000 k=0.000 a=0.000 p=(0.747,-0.000,1.250) n=(-0.000,1.000,-0.000)
[DEBUG] [W] i=1 w=FR si=1 lp=(-0.760,-0.100,1.250) o=(-0.760,0.334,1.250) wp=(-0.747,0.320,1.250) mw=(0.013,-0.014,0.000) pe2=(0.013,0.357,0.000) grounded=1 contactSamples=1 contactDistance=0.320 sl=0.371 c=0.089 cv=0.000 sf=3474.514 df=0.000 af=3474.514 Fz=2943.991 Fx=0.000 Fy=-0.000 k=0.000 a=0.000 p=(-0.747,-0.000,1.250) n=(-0.000,1.000,-0.000)
[DEBUG] [W] i=2 w=RL si=2 lp=(0.760,-0.100,-1.250) o=(0.760,0.334,-1.250) wp=(0.747,0.320,-1.250) mw=(-0.013,-0.014,0.000) pe2=(-0.013,0.357,0.000) grounded=1 contactSamples=1 contactDistance=0.320 sl=0.371 c=0.089 cv=0.000 sf=3474.514 df=0.000 af=3474.514 Fz=2943.991 Fx=0.000 Fy=-0.000 k=0.000 a=0.000 p=(0.747,-0.000,-1.250) n=(-0.000,1.000,-0.000)
[DEBUG] [W] i=3 w=RR si=3 lp=(-0.760,-0.100,-1.250) o=(-0.760,0.334,-1.250) wp=(-0.747,0.320,-1.250) mw=(0.013,-0.014,0.000) pe2=(0.013,0.357,0.000) grounded=1 contactSamples=1 contactDistance=0.320 sl=0.371 c=0.089 cv=0.000 sf=3474.514 df=0.000 af=3474.514 Fz=2943.991 Fx=0.000 Fy=-0.000 k=0.000 a=0.000 p=(-0.747,-0.000,-1.250) n=(-0.000,1.000,-0.000)
[DEBUG] [Cornering] steerInput=0.000 frontSteerAngle=-0.000 yawRateY=0.000 rollRateZ=0.000 leftLoad=5887.982 rightLoad=5887.982 leftMinusRight=0.000
[DEBUG] [W] i=0 w=FL si=0 lp=(0.760,-0.100,1.250) o=(0.760,0.334,1.250) wp=(0.747,0.320,1.250) mw=(-0.013,-0.014,0.000) pe2=(-0.013,0.357,0.000) grounded=1 contactSamples=1 contactDistance=0.320 sl=0.371 c=0.089 cv=0.015 sf=3479.301 df=36.827 af=3516.127 Fz=2978.842 Fx=0.000 Fy=-0.000 k=0.000 a=0.000 p=(0.747,-0.000,1.250) n=(-0.000,1.000,-0.000)
[DEBUG] [W] i=1 w=FR si=1 lp=(-0.760,-0.100,1.250) o=(-0.760,0.334,1.250) wp=(-0.747,0.320,1.250) mw=(0.013,-0.014,0.000) pe2=(0.013,0.357,0.000) grounded=1 contactSamples=1 contactDistance=0.320 sl=0.371 c=0.089 cv=0.015 sf=3479.301 df=36.827 af=3516.127 Fz=2978.842 Fx=0.000 Fy=-0.000 k=0.000 a=0.000 p=(-0.747,-0.000,1.250) n=(-0.000,1.000,-0.000)
[DEBUG] [W] i=2 w=RL si=2 lp=(0.760,-0.100,-1.250) o=(0.760,0.334,-1.250) wp=(0.747,0.320,-1.250) mw=(-0.013,-0.014,0.000) pe2=(-0.013,0.357,0.000) grounded=1 contactSamples=1 contactDistance=0.320 sl=0.371 c=0.089 cv=0.015 sf=3479.301 df=36.827 af=3516.127 Fz=2978.842 Fx=0.000 Fy=-0.000 k=0.000 a=0.000 p=(0.747,-0.000,-1.250) n=(-0.000,1.000,-0.000)
[DEBUG] [W] i=3 w=RR si=3 lp=(-0.760,-0.100,-1.250) o=(-0.760,0.334,-1.250) wp=(-0.747,0.320,-1.250) mw=(0.013,-0.014,0.000) pe2=(0.013,0.357,0.000) grounded=1 contactSamples=1 contactDistance=0.320 sl=0.371 c=0.089 cv=0.015 sf=3479.301 df=36.827 af=3516.127 Fz=2978.842 Fx=0.000 Fy=-0.000 k=0.000 a=0.000 p=(-0.747,-0.000,-1.250) n=(-0.000,1.000,-0.000)
[DEBUG] [Cornering] steerInput=0.000 frontSteerAngle=-0.000 yawRateY=0.000 rollRateZ=0.000 leftLoad=5957.684 rightLoad=5957.684 leftMinusRight=0.000
[DEBUG] [W] i=0 w=FL si=0 lp=(0.760,-0.100,1.250) o=(0.760,0.334,1.250) wp=(0.747,0.320,1.250) mw=(-0.013,-0.014,0.000) pe2=(-0.013,0.357,0.000) grounded=1 contactSamples=1 contactDistance=0.320 sl=0.371 c=0.089 cv=0.015 sf=3479.299 df=36.809 af=3516.108 Fz=2978.826 Fx=0.000 Fy=-0.000 k=0.000 a=0.000 p=(0.747,-0.000,1.250) n=(-0.000,1.000,-0.000)
[DEBUG] [W] i=1 w=FR si=1 lp=(-0.760,-0.100,1.250) o=(-0.760,0.334,1.250) wp=(-0.747,0.320,1.250) mw=(0.013,-0.014,0.000) pe2=(0.013,0.357,0.000) grounded=1 contactSamples=1 contactDistance=0.320 sl=0.371 c=0.089 cv=0.015 sf=3479.299 df=36.809 af=3516.108 Fz=2978.826 Fx=0.000 Fy=-0.000 k=0.000 a=0.000 p=(-0.747,-0.000,1.250) n=(-0.000,1.000,-0.000)
[DEBUG] [W] i=2 w=RL si=2 lp=(0.760,-0.100,-1.250) o=(0.760,0.334,-1.250) wp=(0.747,0.320,-1.250) mw=(-0.013,-0.014,0.000) pe2=(-0.013,0.357,0.000) grounded=1 contactSamples=1 contactDistance=0.320 sl=0.371 c=0.089 cv=0.015 sf=3479.299 df=36.809 af=3516.108 Fz=2978.826 Fx=0.000 Fy=-0.000 k=0.000 a=0.000 p=(0.747,-0.000,-1.250) n=(-0.000,1.000,-0.000)
[DEBUG] [W] i=3 w=RR si=3 lp=(-0.760,-0.100,-1.250) o=(-0.760,0.334,-1.250) wp=(-0.747,0.320,-1.250) mw=(0.013,-0.014,0.000) pe2=(0.013,0.357,0.000) grounded=1 contactSamples=1 contactDistance=0.320 sl=0.371 c=0.089 cv=0.015 sf=3479.299 df=36.809 af=3516.108 Fz=2978.826 Fx=0.000 Fy=-0.000 k=0.000 a=0.000 p=(-0.747,-0.000,-1.250) n=(-0.000,1.000,-0.000)
[DEBUG] [Cornering] steerInput=0.000 frontSteerAngle=-0.000 yawRateY=0.000 rollRateZ=0.000 leftLoad=5957.652 rightLoad=5957.652 leftMinusRight=0.000
[INFO] [EnergyDelta] step=1800 t=15.000001 deltaFromBaseline=-13.212402 stepDelta=-1.663574 integratedPowerA=164.936707 integratedPowerB=-26.939503 integratedSpringPower=-177.252472 integratedDamperPower=39.500076 integratedPowerBalanceResidual=0.244812
[INFO] [State] t=15.000001 y=0.434130 z=0.000000 vy=0.000433 vz=0.000000 energy=5729.670410 compression=0.089090,0.089090,0.089090,0.089090
[DEBUG] [W] i=0 w=FL si=0 lp=(0.760,-0.100,1.250) o=(0.760,0.334,1.250) wp=(0.747,0.320,1.250) mw=(-0.013,-0.014,0.000) pe2=(-0.013,0.357,0.000) grounded=1 contactSamples=1 contactDistance=0.320 sl=0.371 c=0.089 cv=0.015 sf=3479.299 df=36.809 af=3516.108 Fz=2978.826 Fx=0.000 Fy=-0.000 k=0.000 a=0.000 p=(0.747,-0.000,1.250) n=(-0.000,1.000,-0.000)
[DEBUG] [W] i=1 w=FR si=1 lp=(-0.760,-0.100,1.250) o=(-0.760,0.334,1.250) wp=(-0.747,0.320,1.250) mw=(0.013,-0.014,0.000) pe2=(0.013,0.357,0.000) grounded=1 contactSamples=1 contactDistance=0.320 sl=0.371 c=0.089 cv=0.015 sf=3479.299 df=36.809 af=3516.108 Fz=2978.826 Fx=0.000 Fy=-0.000 k=0.000 a=0.000 p=(-0.747,-0.000,1.250) n=(-0.000,1.000,-0.000)
[DEBUG] [W] i=2 w=RL si=2 lp=(0.760,-0.100,-1.250) o=(0.760,0.334,-1.250) wp=(0.747,0.320,-1.250) mw=(-0.013,-0.014,0.000) pe2=(-0.013,0.357,0.000) grounded=1 contactSamples=1 contactDistance=0.320 sl=0.371 c=0.089 cv=0.015 sf=3479.299 df=36.809 af=3516.108 Fz=2978.826 Fx=0.000 Fy=-0.000 k=0.000 a=0.000 p=(0.747,-0.000,-1.250) n=(-0.000,1.000,-0.000)
[DEBUG] [W] i=3 w=RR si=3 lp=(-0.760,-0.100,-1.250) o=(-0.760,0.334,-1.250) wp=(-0.747,0.320,-1.250) mw=(0.013,-0.014,0.000) pe2=(0.013,0.357,0.000) grounded=1 contactSamples=1 contactDistance=0.320 sl=0.371 c=0.089 cv=0.015 sf=3479.299 df=36.809 af=3516.108 Fz=2978.826 Fx=0.000 Fy=-0.000 k=0.000 a=0.000 p=(-0.747,-0.000,-1.250) n=(-0.000,1.000,-0.000)
[DEBUG] [Cornering] steerInput=0.000 frontSteerAngle=-0.000 yawRateY=0.000 rollRateZ=0.000 leftLoad=5957.652 rightLoad=5957.652 leftMinusRight=0.000
[DEBUG] [W] i=0 w=FL si=0 lp=(0.760,-0.100,1.250) o=(0.760,0.334,1.250) wp=(0.747,0.320,1.250) mw=(-0.013,-0.014,0.000) pe2=(-0.013,0.357,0.000) grounded=1 contactSamples=1 contactDistance=0.320 sl=0.371 c=0.089 cv=-0.015 sf=3474.514 df=-44.171 af=3430.344 Fz=2906.565 Fx=0.000 Fy=-0.000 k=0.000 a=0.000 p=(0.747,-0.000,1.250) n=(-0.000,1.000,-0.000)
[DEBUG] [W] i=1 w=FR si=1 lp=(-0.760,-0.100,1.250) o=(-0.760,0.334,1.250) wp=(-0.747,0.320,1.250) mw=(0.013,-0.014,0.000) pe2=(0.013,0.357,0.000) grounded=1 contactSamples=1 contactDistance=0.320 sl=0.371 c=0.089 cv=-0.015 sf=3474.514 df=-44.171 af=3430.344 Fz=2906.565 Fx=0.000 Fy=-0.000 k=0.000 a=0.000 p=(-0.747,-0.000,1.250) n=(-0.000,1.000,-0.000)
[DEBUG] [W] i=2 w=RL si=2 lp=(0.760,-0.100,-1.250) o=(0.760,0.334,-1.250) wp=(0.747,0.320,-1.250) mw=(-0.013,-0.014,0.000) pe2=(-0.013,0.357,0.000) grounded=1 contactSamples=1 contactDistance=0.320 sl=0.371 c=0.089 cv=-0.015 sf=3474.514 df=-44.171 af=3430.344 Fz=2906.565 Fx=0.000 Fy=-0.000 k=0.000 a=0.000 p=(0.747,-0.000,-1.250) n=(-0.000,1.000,-0.000)
[DEBUG] [W] i=3 w=RR si=3 lp=(-0.760,-0.100,-1.250) o=(-0.760,0.334,-1.250) wp=(-0.747,0.320,-1.250) mw=(0.013,-0.014,0.000) pe2=(0.013,0.357,0.000) grounded=1 contactSamples=1 contactDistance=0.320 sl=0.371 c=0.089 cv=-0.015 sf=3474.514 df=-44.171 af=3430.344 Fz=2906.565 Fx=0.000 Fy=-0.000 k=0.000 a=0.000 p=(-0.747,-0.000,-1.250) n=(-0.000,1.000,-0.000)
[DEBUG] [Cornering] steerInput=0.000 frontSteerAngle=-0.000 yawRateY=0.000 rollRateZ=0.000 leftLoad=5813.129 rightLoad=5813.129 leftMinusRight=0.000
[DEBUG] [Energy] x=0.000 y=0.434 z=0.000 vx=0.000 vy=-0.000 vz=0.000 total=5731.319 potential=5110.523 linear=0.000 angular=0.000 wheels=0.000 suspension=620.796 suspensionPower=-5.600 suspensionResidual=201.478
[DEBUG] [W] i=0 w=FL si=0 lp=(0.760,-0.100,1.250) o=(0.760,0.334,1.250) wp=(0.747,0.320,1.250) mw=(-0.013,-0.014,0.000) pe2=(-0.013,0.357,0.000) grounded=1 contactSamples=1 contactDistance=0.320 sl=0.371 c=0.089 cv=0.015 sf=3479.301 df=36.818 af=3516.118 Fz=2978.835 Fx=0.000 Fy=-0.000 k=0.000 a=0.000 p=(0.747,-0.000,1.250) n=(-0.000,1.000,-0.000)
[DEBUG] [W] i=1 w=FR si=1 lp=(-0.760,-0.100,1.250) o=(-0.760,0.334,1.250) wp=(-0.747,0.320,1.250) mw=(0.013,-0.014,0.000) pe2=(0.013,0.357,0.000) grounded=1 contactSamples=1 contactDistance=0.320 sl=0.371 c=0.089 cv=0.015 sf=3479.301 df=36.818 af=3516.118 Fz=2978.835 Fx=0.000 Fy=-0.000 k=0.000 a=0.000 p=(-0.747,-0.000,1.250) n=(-0.000,1.000,-0.000)
[DEBUG] [W] i=2 w=RL si=2 lp=(0.760,-0.100,-1.250) o=(0.760,0.334,-1.250) wp=(0.747,0.320,-1.250) mw=(-0.013,-0.014,0.000) pe2=(-0.013,0.357,0.000) grounded=1 contactSamples=1 contactDistance=0.320 sl=0.371 c=0.089 cv=0.015 sf=3479.301 df=36.818 af=3516.118 Fz=2978.835 Fx=0.000 Fy=-0.000 k=0.000 a=0.000 p=(0.747,-0.000,-1.250) n=(-0.000,1.000,-0.000)
[DEBUG] [W] i=3 w=RR si=3 lp=(-0.760,-0.100,-1.250) o=(-0.760,0.334,-1.250) wp=(-0.747,0.320,-1.250) mw=(0.013,-0.014,0.000) pe2=(0.013,0.357,0.000) grounded=1 contactSamples=1 contactDistance=0.320 sl=0.371 c=0.089 cv=0.015 sf=3479.301 df=36.818 af=3516.118 Fz=2978.835 Fx=0.000 Fy=-0.000 k=0.000 a=0.000 p=(-0.747,-0.000,-1.250) n=(-0.000,1.000,-0.000)
[DEBUG] [Cornering] steerInput=0.000 frontSteerAngle=-0.000 yawRateY=0.000 rollRateZ=0.000 leftLoad=5957.669 rightLoad=5957.669 leftMinusRight=0.000
[DEBUG] [W] i=0 w=FL si=0 lp=(0.760,-0.100,1.250) o=(0.760,0.334,1.250) wp=(0.747,0.320,1.250) mw=(-0.013,-0.014,0.000) pe2=(-0.013,0.357,0.000) grounded=1 contactSamples=1 contactDistance=0.320 sl=0.371 c=0.089 cv=-0.015 sf=3474.513 df=-44.192 af=3430.321 Fz=2906.546 Fx=0.000 Fy=-0.000 k=0.000 a=0.000 p=(0.747,-0.000,1.250) n=(-0.000,1.000,-0.000)
[DEBUG] [W] i=1 w=FR si=1 lp=(-0.760,-0.100,1.250) o=(-0.760,0.334,1.250) wp=(-0.747,0.320,1.250) mw=(0.013,-0.014,0.000) pe2=(0.013,0.357,0.000) grounded=1 contactSamples=1 contactDistance=0.320 sl=0.371 c=0.089 cv=-0.015 sf=3474.513 df=-44.192 af=3430.321 Fz=2906.546 Fx=0.000 Fy=-0.000 k=0.000 a=0.000 p=(-0.747,-0.000,1.250) n=(-0.000,1.000,-0.000)
[DEBUG] [W] i=2 w=RL si=2 lp=(0.760,-0.100,-1.250) o=(0.760,0.334,-1.250) wp=(0.747,0.320,-1.250) mw=(-0.013,-0.014,0.000) pe2=(-0.013,0.357,0.000) grounded=1 contactSamples=1 contactDistance=0.320 sl=0.371 c=0.089 cv=-0.015 sf=3474.513 df=-44.192 af=3430.321 Fz=2906.546 Fx=0.000 Fy=-0.000 k=0.000 a=0.000 p=(0.747,-0.000,-1.250) n=(-0.000,1.000,-0.000)
[DEBUG] [W] i=3 w=RR si=3 lp=(-0.760,-0.100,-1.250) o=(-0.760,0.334,-1.250) wp=(-0.747,0.320,-1.250) mw=(0.013,-0.014,0.000) pe2=(0.013,0.357,0.000) grounded=1 contactSamples=1 contactDistance=0.320 sl=0.371 c=0.089 cv=-0.015 sf=3474.513 df=-44.192 af=3430.321 Fz=2906.546 Fx=0.000 Fy=-0.000 k=0.000 a=0.000 p=(-0.747,-0.000,-1.250) n=(-0.000,1.000,-0.000)
[DEBUG] [Cornering] steerInput=0.000 frontSteerAngle=-0.000 yawRateY=0.000 rollRateZ=0.000 leftLoad=5813.091 rightLoad=5813.091 leftMinusRight=0.000
[DEBUG] [W] i=0 w=FL si=0 lp=(0.760,-0.100,1.250) o=(0.760,0.334,1.250) wp=(0.747,0.320,1.250) mw=(-0.013,-0.014,0.000) pe2=(-0.013,0.357,0.000) grounded=1 contactSamples=1 contactDistance=0.320 sl=0.371 c=0.089 cv=0.015 sf=3479.301 df=36.818 af=3516.118 Fz=2978.835 Fx=0.000 Fy=-0.000 k=0.000 a=0.000 p=(0.747,-0.000,1.250) n=(-0.000,1.000,-0.000)
[DEBUG] [W] i=1 w=FR si=1 lp=(-0.760,-0.100,1.250) o=(-0.760,0.334,1.250) wp=(-0.747,0.320,1.250) mw=(0.013,-0.014,0.000) pe2=(0.013,0.357,0.000) grounded=1 contactSamples=1 contactDistance=0.320 sl=0.371 c=0.089 cv=0.015 sf=3479.301 df=36.818 af=3516.118 Fz=2978.835 Fx=0.000 Fy=-0.000 k=0.000 a=0.000 p=(-0.747,-0.000,1.250) n=(-0.000,1.000,-0.000)
[DEBUG] [W] i=2 w=RL si=2 lp=(0.760,-0.100,-1.250) o=(0.760,0.334,-1.250) wp=(0.747,0.320,-1.250) mw=(-0.013,-0.014,0.000) pe2=(-0.013,0.357,0.000) grounded=1 contactSamples=1 contactDistance=0.320 sl=0.371 c=0.089 cv=0.015 sf=3479.301 df=36.818 af=3516.118 Fz=2978.835 Fx=0.000 Fy=-0.000 k=0.000 a=0.000 p=(0.747,-0.000,-1.250) n=(-0.000,1.000,-0.000)
[DEBUG] [W] i=3 w=RR si=3 lp=(-0.760,-0.100,-1.250) o=(-0.760,0.334,-1.250) wp=(-0.747,0.320,-1.250) mw=(0.013,-0.014,0.000) pe2=(0.013,0.357,0.000) grounded=1 contactSamples=1 contactDistance=0.320 sl=0.371 c=0.089 cv=0.015 sf=3479.301 df=36.818 af=3516.118 Fz=2978.835 Fx=0.000 Fy=-0.000 k=0.000 a=0.000 p=(-0.747,-0.000,-1.250) n=(-0.000,1.000,-0.000)
[DEBUG] [Cornering] steerInput=0.000 frontSteerAngle=-0.000 yawRateY=0.000 rollRateZ=0.000 leftLoad=5957.669 rightLoad=5957.669 leftMinusRight=0.000
[INFO] [EnergyDelta] step=1860 t=15.500001 deltaFromBaseline=-13.186035 stepDelta=-1.656250 integratedPowerA=164.932007 integratedPowerB=-28.023121 integratedSpringPower=-177.191071 integratedDamperPower=40.533707 integratedPowerBalanceResidual=0.251526
[INFO] [State] t=15.500001 y=0.434132 z=0.000000 vy=0.000516 vz=0.000000 energy=5729.696777 compression=0.089090,0.089090,0.089090,0.089090
[DEBUG] [W] i=0 w=FL si=0 lp=(0.760,-0.100,1.250) o=(0.760,0.334,1.250) wp=(0.747,0.320,1.250) mw=(-0.013,-0.014,0.000) pe2=(-0.013,0.357,0.000) grounded=1 contactSamples=1 contactDistance=0.320 sl=0.371 c=0.089 cv=0.015 sf=3479.301 df=36.818 af=3516.118 Fz=2978.835 Fx=0.000 Fy=-0.000 k=0.000 a=0.000 p=(0.747,-0.000,1.250) n=(-0.000,1.000,-0.000)
[DEBUG] [W] i=1 w=FR si=1 lp=(-0.760,-0.100,1.250) o=(-0.760,0.334,1.250) wp=(-0.747,0.320,1.250) mw=(0.013,-0.014,0.000) pe2=(0.013,0.357,0.000) grounded=1 contactSamples=1 contactDistance=0.320 sl=0.371 c=0.089 cv=0.015 sf=3479.301 df=36.818 af=3516.118 Fz=2978.835 Fx=0.000 Fy=-0.000 k=0.000 a=0.000 p=(-0.747,-0.000,1.250) n=(-0.000,1.000,-0.000)
[DEBUG] [W] i=2 w=RL si=2 lp=(0.760,-0.100,-1.250) o=(0.760,0.334,-1.250) wp=(0.747,0.320,-1.250) mw=(-0.013,-0.014,0.000) pe2=(-0.013,0.357,0.000) grounded=1 contactSamples=1 contactDistance=0.320 sl=0.371 c=0.089 cv=0.015 sf=3479.301 df=36.818 af=3516.118 Fz=2978.835 Fx=0.000 Fy=-0.000 k=0.000 a=0.000 p=(0.747,-0.000,-1.250) n=(-0.000,1.000,-0.000)
[DEBUG] [W] i=3 w=RR si=3 lp=(-0.760,-0.100,-1.250) o=(-0.760,0.334,-1.250) wp=(-0.747,0.320,-1.250) mw=(0.013,-0.014,0.000) pe2=(0.013,0.357,0.000) grounded=1 contactSamples=1 contactDistance=0.320 sl=0.371 c=0.089 cv=0.015 sf=3479.301 df=36.818 af=3516.118 Fz=2978.835 Fx=0.000 Fy=-0.000 k=0.000 a=0.000 p=(-0.747,-0.000,-1.250) n=(-0.000,1.000,-0.000)
[DEBUG] [Cornering] steerInput=0.000 frontSteerAngle=-0.000 yawRateY=0.000 rollRateZ=0.000 leftLoad=5957.669 rightLoad=5957.669 leftMinusRight=0.000
[DEBUG] [W] i=0 w=FL si=0 lp=(0.760,-0.100,1.250) o=(0.760,0.334,1.250) wp=(0.747,0.320,1.250) mw=(-0.013,-0.014,0.000) pe2=(-0.013,0.357,0.000) grounded=1 contactSamples=1 contactDistance=0.320 sl=0.371 c=0.089 cv=0.015 sf=3479.299 df=36.818 af=3516.117 Fz=2978.834 Fx=0.000 Fy=-0.000 k=0.000 a=0.000 p=(0.747,-0.000,1.250) n=(-0.000,1.000,-0.000)
[DEBUG] [W] i=1 w=FR si=1 lp=(-0.760,-0.100,1.250) o=(-0.760,0.334,1.250) wp=(-0.747,0.320,1.250) mw=(0.013,-0.014,0.000) pe2=(0.013,0.357,0.000) grounded=1 contactSamples=1 contactDistance=0.320 sl=0.371 c=0.089 cv=0.015 sf=3479.299 df=36.818 af=3516.117 Fz=2978.834 Fx=0.000 Fy=-0.000 k=0.000 a=0.000 p=(-0.747,-0.000,1.250) n=(-0.000,1.000,-0.000)
[DEBUG] [W] i=2 w=RL si=2 lp=(0.760,-0.100,-1.250) o=(0.760,0.334,-1.250) wp=(0.747,0.320,-1.250) mw=(-0.013,-0.014,0.000) pe2=(-0.013,0.357,0.000) grounded=1 contactSamples=1 contactDistance=0.320 sl=0.371 c=0.089 cv=0.015 sf=3479.299 df=36.818 af=3516.117 Fz=2978.834 Fx=0.000 Fy=-0.000 k=0.000 a=0.000 p=(0.747,-0.000,-1.250) n=(-0.000,1.000,-0.000)
[DEBUG] [W] i=3 w=RR si=3 lp=(-0.760,-0.100,-1.250) o=(-0.760,0.334,-1.250) wp=(-0.747,0.320,-1.250) mw=(0.013,-0.014,0.000) pe2=(0.013,0.357,0.000) grounded=1 contactSamples=1 contactDistance=0.320 sl=0.371 c=0.089 cv=0.015 sf=3479.299 df=36.818 af=3516.117 Fz=2978.834 Fx=0.000 Fy=-0.000 k=0.000 a=0.000 p=(-0.747,-0.000,-1.250) n=(-0.000,1.000,-0.000)
[DEBUG] [Cornering] steerInput=0.000 frontSteerAngle=-0.000 yawRateY=0.000 rollRateZ=0.000 leftLoad=5957.667 rightLoad=5957.667 leftMinusRight=0.000
[DEBUG] [Energy] x=0.000 y=0.434 z=0.000 vx=0.000 vy=-0.000 vz=0.000 total=5729.671 potential=5110.581 linear=0.000 angular=0.000 wheels=0.000 suspension=619.090 suspensionPower=-5.079 suspensionResidual=-5.029
[DEBUG] [W] i=0 w=FL si=0 lp=(0.760,-0.100,1.250) o=(0.760,0.334,1.250) wp=(0.747,0.320,1.250) mw=(-0.013,-0.014,0.000) pe2=(-0.013,0.357,0.000) grounded=1 contactSamples=1 contactDistance=0.320 sl=0.371 c=0.089 cv=0.000 sf=3474.513 df=0.000 af=3474.513 Fz=2943.990 Fx=0.000 Fy=-0.000 k=0.000 a=0.000 p=(0.747,-0.000,1.250) n=(-0.000,1.000,-0.000)
[DEBUG] [W] i=1 w=FR si=1 lp=(-0.760,-0.100,1.250) o=(-0.760,0.334,1.250) wp=(-0.747,0.320,1.250) mw=(0.013,-0.014,0.000) pe2=(0.013,0.357,0.000) grounded=1 contactSamples=1 contactDistance=0.320 sl=0.371 c=0.089 cv=0.000 sf=3474.513 df=0.000 af=3474.513 Fz=2943.990 Fx=0.000 Fy=-0.000 k=0.000 a=0.000 p=(-0.747,-0.000,1.250) n=(-0.000,1.000,-0.000)
[DEBUG] [W] i=2 w=RL si=2 lp=(0.760,-0.100,-1.250) o=(0.760,0.334,-1.250) wp=(0.747,0.320,-1.250) mw=(-0.013,-0.014,0.000) pe2=(-0.013,0.357,0.000) grounded=1 contactSamples=1 contactDistance=0.320 sl=0.371 c=0.089 cv=0.000 sf=3474.513 df=0.000 af=3474.513 Fz=2943.990 Fx=0.000 Fy=-0.000 k=0.000 a=0.000 p=(0.747,-0.000,-1.250) n=(-0.000,1.000,-0.000)
[DEBUG] [W] i=3 w=RR si=3 lp=(-0.760,-0.100,-1.250) o=(-0.760,0.334,-1.250) wp=(-0.747,0.320,-1.250) mw=(0.013,-0.014,0.000) pe2=(0.013,0.357,0.000) grounded=1 contactSamples=1 contactDistance=0.320 sl=0.371 c=0.089 cv=0.000 sf=3474.513 df=0.000 af=3474.513 Fz=2943.990 Fx=0.000 Fy=-0.000 k=0.000 a=0.000 p=(-0.747,-0.000,-1.250) n=(-0.000,1.000,-0.000)
[DEBUG] [Cornering] steerInput=0.000 frontSteerAngle=-0.000 yawRateY=0.000 rollRateZ=0.000 leftLoad=5887.980 rightLoad=5887.980 leftMinusRight=0.000
[DEBUG] [W] i=0 w=FL si=0 lp=(0.760,-0.100,1.250) o=(0.760,0.334,1.250) wp=(0.747,0.320,1.250) mw=(-0.013,-0.014,0.000) pe2=(-0.013,0.357,0.000) grounded=1 contactSamples=1 contactDistance=0.320 sl=0.371 c=0.089 cv=0.015 sf=3479.301 df=36.827 af=3516.127 Fz=2978.842 Fx=0.000 Fy=-0.000 k=0.000 a=0.000 p=(0.747,-0.000,1.250) n=(-0.000,1.000,-0.000)
[DEBUG] [W] i=1 w=FR si=1 lp=(-0.760,-0.100,1.250) o=(-0.760,0.334,1.250) wp=(-0.747,0.320,1.250) mw=(0.013,-0.014,0.000) pe2=(0.013,0.357,0.000) grounded=1 contactSamples=1 contactDistance=0.320 sl=0.371 c=0.089 cv=0.015 sf=3479.301 df=36.827 af=3516.127 Fz=2978.842 Fx=0.000 Fy=-0.000 k=0.000 a=0.000 p=(-0.747,-0.000,1.250) n=(-0.000,1.000,-0.000)
[DEBUG] [W] i=2 w=RL si=2 lp=(0.760,-0.100,-1.250) o=(0.760,0.334,-1.250) wp=(0.747,0.320,-1.250) mw=(-0.013,-0.014,0.000) pe2=(-0.013,0.357,0.000) grounded=1 contactSamples=1 contactDistance=0.320 sl=0.371 c=0.089 cv=0.015 sf=3479.301 df=36.827 af=3516.127 Fz=2978.842 Fx=0.000 Fy=-0.000 k=0.000 a=0.000 p=(0.747,-0.000,-1.250) n=(-0.000,1.000,-0.000)
[DEBUG] [W] i=3 w=RR si=3 lp=(-0.760,-0.100,-1.250) o=(-0.760,0.334,-1.250) wp=(-0.747,0.320,-1.250) mw=(0.013,-0.014,0.000) pe2=(0.013,0.357,0.000) grounded=1 contactSamples=1 contactDistance=0.320 sl=0.371 c=0.089 cv=0.015 sf=3479.301 df=36.827 af=3516.127 Fz=2978.842 Fx=0.000 Fy=-0.000 k=0.000 a=0.000 p=(-0.747,-0.000,-1.250) n=(-0.000,1.000,-0.000)
[DEBUG] [Cornering] steerInput=0.000 frontSteerAngle=-0.000 yawRateY=0.000 rollRateZ=0.000 leftLoad=5957.684 rightLoad=5957.684 leftMinusRight=0.000
[DEBUG] [W] i=0 w=FL si=0 lp=(0.760,-0.100,1.250) o=(0.760,0.334,1.250) wp=(0.747,0.320,1.250) mw=(-0.013,-0.014,0.000) pe2=(-0.013,0.357,0.000) grounded=1 contactSamples=1 contactDistance=0.320 sl=0.371 c=0.089 cv=0.015 sf=3479.301 df=36.827 af=3516.127 Fz=2978.842 Fx=0.000 Fy=-0.000 k=0.000 a=0.000 p=(0.747,-0.000,1.250) n=(-0.000,1.000,-0.000)
[DEBUG] [W] i=1 w=FR si=1 lp=(-0.760,-0.100,1.250) o=(-0.760,0.334,1.250) wp=(-0.747,0.320,1.250) mw=(0.013,-0.014,0.000) pe2=(0.013,0.357,0.000) grounded=1 contactSamples=1 contactDistance=0.320 sl=0.371 c=0.089 cv=0.015 sf=3479.301 df=36.827 af=3516.127 Fz=2978.842 Fx=0.000 Fy=-0.000 k=0.000 a=0.000 p=(-0.747,-0.000,1.250) n=(-0.000,1.000,-0.000)
[DEBUG] [W] i=2 w=RL si=2 lp=(0.760,-0.100,-1.250) o=(0.760,0.334,-1.250) wp=(0.747,0.320,-1.250) mw=(-0.013,-0.014,0.000) pe2=(-0.013,0.357,0.000) grounded=1 contactSamples=1 contactDistance=0.320 sl=0.371 c=0.089 cv=0.015 sf=3479.301 df=36.827 af=3516.127 Fz=2978.842 Fx=0.000 Fy=-0.000 k=0.000 a=0.000 p=(0.747,-0.000,-1.250) n=(-0.000,1.000,-0.000)
[DEBUG] [W] i=3 w=RR si=3 lp=(-0.760,-0.100,-1.250) o=(-0.760,0.334,-1.250) wp=(-0.747,0.320,-1.250) mw=(0.013,-0.014,0.000) pe2=(0.013,0.357,0.000) grounded=1 contactSamples=1 contactDistance=0.320 sl=0.371 c=0.089 cv=0.015 sf=3479.301 df=36.827 af=3516.127 Fz=2978.842 Fx=0.000 Fy=-0.000 k=0.000 a=0.000 p=(-0.747,-0.000,-1.250) n=(-0.000,1.000,-0.000)
[DEBUG] [Cornering] steerInput=0.000 frontSteerAngle=-0.000 yawRateY=0.000 rollRateZ=0.000 leftLoad=5957.684 rightLoad=5957.684 leftMinusRight=0.000
[INFO] [EnergyDelta] step=1920 t=16.000000 deltaFromBaseline=-11.525391 stepDelta=0.041016 integratedPowerA=164.854919 integratedPowerB=-30.760235 integratedSpringPower=-175.422028 integratedDamperPower=41.585464 integratedPowerBalanceResidual=0.258118
[INFO] [State] t=16.000000 y=0.434129 z=0.000000 vy=0.000426 vz=0.000000 energy=5731.357422 compression=0.089213,0.089213,0.089213,0.089213
[DEBUG] [W] i=0 w=FL si=0 lp=(0.760,-0.100,1.250) o=(0.760,0.334,1.250) wp=(0.747,0.320,1.250) mw=(-0.013,-0.014,0.000) pe2=(-0.013,0.357,0.000) grounded=1 contactSamples=1 contactDistance=0.320 sl=0.371 c=0.089 cv=0.015 sf=3479.301 df=36.827 af=3516.127 Fz=2978.842 Fx=0.000 Fy=-0.000 k=0.000 a=0.000 p=(0.747,-0.000,1.250) n=(-0.000,1.000,-0.000)
[DEBUG] [W] i=1 w=FR si=1 lp=(-0.760,-0.100,1.250) o=(-0.760,0.334,1.250) wp=(-0.747,0.320,1.250) mw=(0.013,-0.014,0.000) pe2=(0.013,0.357,0.000) grounded=1 contactSamples=1 contactDistance=0.320 sl=0.371 c=0.089 cv=0.015 sf=3479.301 df=36.827 af=3516.127 Fz=2978.842 Fx=0.000 Fy=-0.000 k=0.000 a=0.000 p=(-0.747,-0.000,1.250) n=(-0.000,1.000,-0.000)
[DEBUG] [W] i=2 w=RL si=2 lp=(0.760,-0.100,-1.250) o=(0.760,0.334,-1.250) wp=(0.747,0.320,-1.250) mw=(-0.013,-0.014,0.000) pe2=(-0.013,0.357,0.000) grounded=1 contactSamples=1 contactDistance=0.320 sl=0.371 c=0.089 cv=0.015 sf=3479.301 df=36.827 af=3516.127 Fz=2978.842 Fx=0.000 Fy=-0.000 k=0.000 a=0.000 p=(0.747,-0.000,-1.250) n=(-0.000,1.000,-0.000)
[DEBUG] [W] i=3 w=RR si=3 lp=(-0.760,-0.100,-1.250) o=(-0.760,0.334,-1.250) wp=(-0.747,0.320,-1.250) mw=(0.013,-0.014,0.000) pe2=(0.013,0.357,0.000) grounded=1 contactSamples=1 contactDistance=0.320 sl=0.371 c=0.089 cv=0.015 sf=3479.301 df=36.827 af=3516.127 Fz=2978.842 Fx=0.000 Fy=-0.000 k=0.000 a=0.000 p=(-0.747,-0.000,-1.250) n=(-0.000,1.000,-0.000)
[DEBUG] [Cornering] steerInput=0.000 frontSteerAngle=-0.000 yawRateY=0.000 rollRateZ=0.000 leftLoad=5957.684 rightLoad=5957.684 leftMinusRight=0.000
[DEBUG] [W] i=0 w=FL si=0 lp=(0.760,-0.100,1.250) o=(0.760,0.334,1.250) wp=(0.747,0.320,1.250) mw=(-0.013,-0.014,0.000) pe2=(-0.013,0.357,0.000) grounded=1 contactSamples=1 contactDistance=0.320 sl=0.371 c=0.089 cv=-0.015 sf=3474.514 df=-44.181 af=3430.333 Fz=2906.556 Fx=0.000 Fy=-0.000 k=0.000 a=0.000 p=(0.747,-0.000,1.250) n=(-0.000,1.000,-0.000)
[DEBUG] [W] i=1 w=FR si=1 lp=(-0.760,-0.100,1.250) o=(-0.760,0.334,1.250) wp=(-0.747,0.320,1.250) mw=(0.013,-0.014,0.000) pe2=(0.013,0.357,0.000) grounded=1 contactSamples=1 contactDistance=0.320 sl=0.371 c=0.089 cv=-0.015 sf=3474.514 df=-44.181 af=3430.333 Fz=2906.556 Fx=0.000 Fy=-0.000 k=0.000 a=0.000 p=(-0.747,-0.000,1.250) n=(-0.000,1.000,-0.000)
[DEBUG] [W] i=2 w=RL si=2 lp=(0.760,-0.100,-1.250) o=(0.760,0.334,-1.250) wp=(0.747,0.320,-1.250) mw=(-0.013,-0.014,0.000) pe2=(-0.013,0.357,0.000) grounded=1 contactSamples=1 contactDistance=0.320 sl=0.371 c=0.089 cv=-0.015 sf=3474.514 df=-44.181 af=3430.333 Fz=2906.556 Fx=0.000 Fy=-0.000 k=0.000 a=0.000 p=(0.747,-0.000,-1.250) n=(-0.000,1.000,-0.000)
[DEBUG] [W] i=3 w=RR si=3 lp=(-0.760,-0.100,-1.250) o=(-0.760,0.334,-1.250) wp=(-0.747,0.320,-1.250) mw=(0.013,-0.014,0.000) pe2=(0.013,0.357,0.000) grounded=1 contactSamples=1 contactDistance=0.320 sl=0.371 c=0.089 cv=-0.015 sf=3474.514 df=-44.181 af=3430.333 Fz=2906.556 Fx=0.000 Fy=-0.000 k=0.000 a=0.000 p=(-0.747,-0.000,-1.250) n=(-0.000,1.000,-0.000)
[DEBUG] [Cornering] steerInput=0.000 frontSteerAngle=-0.000 yawRateY=0.000 rollRateZ=0.000 leftLoad=5813.111 rightLoad=5813.111 leftMinusRight=0.000
[DEBUG] [Energy] x=0.000 y=0.434 z=0.000 vx=0.000 vy=0.000 vz=0.000 total=5729.699 potential=5110.609 linear=0.000 angular=0.000 wheels=0.000 suspension=619.089 suspensionPower=5.516 suspensionResidual=-196.608
[DEBUG] [W] i=0 w=FL si=0 lp=(0.760,-0.100,1.250) o=(0.760,0.334,1.250) wp=(0.747,0.320,1.250) mw=(-0.013,-0.014,0.000) pe2=(-0.013,0.357,0.000) grounded=1 contactSamples=1 contactDistance=0.320 sl=0.371 c=0.089 cv=-0.015 sf=3474.513 df=-44.192 af=3430.321 Fz=2906.546 Fx=0.000 Fy=-0.000 k=0.000 a=0.000 p=(0.747,-0.000,1.250) n=(-0.000,1.000,-0.000)
[DEBUG] [W] i=1 w=FR si=1 lp=(-0.760,-0.100,1.250) o=(-0.760,0.334,1.250) wp=(-0.747,0.320,1.250) mw=(0.013,-0.014,0.000) pe2=(0.013,0.357,0.000) grounded=1 contactSamples=1 contactDistance=0.320 sl=0.371 c=0.089 cv=-0.015 sf=3474.513 df=-44.192 af=3430.321 Fz=2906.546 Fx=0.000 Fy=-0.000 k=0.000 a=0.000 p=(-0.747,-0.000,1.250) n=(-0.000,1.000,-0.000)
[DEBUG] [W] i=2 w=RL si=2 lp=(0.760,-0.100,-1.250) o=(0.760,0.334,-1.250) wp=(0.747,0.320,-1.250) mw=(-0.013,-0.014,0.000) pe2=(-0.013,0.357,0.000) grounded=1 contactSamples=1 contactDistance=0.320 sl=0.371 c=0.089 cv=-0.015 sf=3474.513 df=-44.192 af=3430.321 Fz=2906.546 Fx=0.000 Fy=-0.000 k=0.000 a=0.000 p=(0.747,-0.000,-1.250) n=(-0.000,1.000,-0.000)
[DEBUG] [W] i=3 w=RR si=3 lp=(-0.760,-0.100,-1.250) o=(-0.760,0.334,-1.250) wp=(-0.747,0.320,-1.250) mw=(0.013,-0.014,0.000) pe2=(0.013,0.357,0.000) grounded=1 contactSamples=1 contactDistance=0.320 sl=0.371 c=0.089 cv=-0.015 sf=3474.513 df=-44.192 af=3430.321 Fz=2906.546 Fx=0.000 Fy=-0.000 k=0.000 a=0.000 p=(-0.747,-0.000,-1.250) n=(-0.000,1.000,-0.000)
[DEBUG] [Cornering] steerInput=0.000 frontSteerAngle=-0.000 yawRateY=0.000 rollRateZ=0.000 leftLoad=5813.091 rightLoad=5813.091 leftMinusRight=0.000
[DEBUG] [W] i=0 w=FL si=0 lp=(0.760,-0.100,1.250) o=(0.760,0.334,1.250) wp=(0.747,0.320,1.250) mw=(-0.013,-0.014,0.000) pe2=(-0.013,0.357,0.000) grounded=1 contactSamples=1 contactDistance=0.320 sl=0.371 c=0.089 cv=0.015 sf=3479.301 df=36.818 af=3516.118 Fz=2978.835 Fx=0.000 Fy=-0.000 k=0.000 a=0.000 p=(0.747,-0.000,1.250) n=(-0.000,1.000,-0.000)
[DEBUG] [W] i=1 w=FR si=1 lp=(-0.760,-0.100,1.250) o=(-0.760,0.334,1.250) wp=(-0.747,0.320,1.250) mw=(0.013,-0.014,0.000) pe2=(0.013,0.357,0.000) grounded=1 contactSamples=1 contactDistance=0.320 sl=0.371 c=0.089 cv=0.015 sf=3479.301 df=36.818 af=3516.118 Fz=2978.835 Fx=0.000 Fy=-0.000 k=0.000 a=0.000 p=(-0.747,-0.000,1.250) n=(-0.000,1.000,-0.000)
[DEBUG] [W] i=2 w=RL si=2 lp=(0.760,-0.100,-1.250) o=(0.760,0.334,-1.250) wp=(0.747,0.320,-1.250) mw=(-0.013,-0.014,0.000) pe2=(-0.013,0.357,0.000) grounded=1 contactSamples=1 contactDistance=0.320 sl=0.371 c=0.089 cv=0.015 sf=3479.301 df=36.818 af=3516.118 Fz=2978.835 Fx=0.000 Fy=-0.000 k=0.000 a=0.000 p=(0.747,-0.000,-1.250) n=(-0.000,1.000,-0.000)
[DEBUG] [W] i=3 w=RR si=3 lp=(-0.760,-0.100,-1.250) o=(-0.760,0.334,-1.250) wp=(-0.747,0.320,-1.250) mw=(0.013,-0.014,0.000) pe2=(0.013,0.357,0.000) grounded=1 contactSamples=1 contactDistance=0.320 sl=0.371 c=0.089 cv=0.015 sf=3479.301 df=36.818 af=3516.118 Fz=2978.835 Fx=0.000 Fy=-0.000 k=0.000 a=0.000 p=(-0.747,-0.000,-1.250) n=(-0.000,1.000,-0.000)
[DEBUG] [Cornering] steerInput=0.000 frontSteerAngle=-0.000 yawRateY=0.000 rollRateZ=0.000 leftLoad=5957.669 rightLoad=5957.669 leftMinusRight=0.000
[DEBUG] [W] i=0 w=FL si=0 lp=(0.760,-0.100,1.250) o=(0.760,0.334,1.250) wp=(0.747,0.320,1.250) mw=(-0.013,-0.014,0.000) pe2=(-0.013,0.357,0.000) grounded=1 contactSamples=1 contactDistance=0.320 sl=0.371 c=0.089 cv=-0.015 sf=3474.514 df=-44.171 af=3430.344 Fz=2906.565 Fx=0.000 Fy=-0.000 k=0.000 a=0.000 p=(0.747,-0.000,1.250) n=(-0.000,1.000,-0.000)
[DEBUG] [W] i=1 w=FR si=1 lp=(-0.760,-0.100,1.250) o=(-0.760,0.334,1.250) wp=(-0.747,0.320,1.250) mw=(0.013,-0.014,0.000) pe2=(0.013,0.357,0.000) grounded=1 contactSamples=1 contactDistance=0.320 sl=0.371 c=0.089 cv=-0.015 sf=3474.514 df=-44.171 af=3430.344 Fz=2906.565 Fx=0.000 Fy=-0.000 k=0.000 a=0.000 p=(-0.747,-0.000,1.250) n=(-0.000,1.000,-0.000)
[DEBUG] [W] i=2 w=RL si=2 lp=(0.760,-0.100,-1.250) o=(0.760,0.334,-1.250) wp=(0.747,0.320,-1.250) mw=(-0.013,-0.014,0.000) pe2=(-0.013,0.357,0.000) grounded=1 contactSamples=1 contactDistance=0.320 sl=0.371 c=0.089 cv=-0.015 sf=3474.514 df=-44.171 af=3430.344 Fz=2906.565 Fx=0.000 Fy=-0.000 k=0.000 a=0.000 p=(0.747,-0.000,-1.250) n=(-0.000,1.000,-0.000)
[DEBUG] [W] i=3 w=RR si=3 lp=(-0.760,-0.100,-1.250) o=(-0.760,0.334,-1.250) wp=(-0.747,0.320,-1.250) mw=(0.013,-0.014,0.000) pe2=(0.013,0.357,0.000) grounded=1 contactSamples=1 contactDistance=0.320 sl=0.371 c=0.089 cv=-0.015 sf=3474.514 df=-44.171 af=3430.344 Fz=2906.565 Fx=0.000 Fy=-0.000 k=0.000 a=0.000 p=(-0.747,-0.000,-1.250) n=(-0.000,1.000,-0.000)
[DEBUG] [Cornering] steerInput=0.000 frontSteerAngle=-0.000 yawRateY=0.000 rollRateZ=0.000 leftLoad=5813.129 rightLoad=5813.129 leftMinusRight=0.000
[INFO] [EnergyDelta] step=1980 t=16.500000 deltaFromBaseline=-11.531250 stepDelta=1.657715 integratedPowerA=164.814026 integratedPowerB=-31.891842 integratedSpringPower=-175.355438 integratedDamperPower=42.698624 integratedPowerBalanceResidual=0.265366
[INFO] [State] t=16.500000 y=0.434128 z=0.000000 vy=-0.000501 vz=0.000000 energy=5731.351562 compression=0.089213,0.089213,0.089213,0.089213
[DEBUG] [W] i=0 w=FL si=0 lp=(0.760,-0.100,1.250) o=(0.760,0.334,1.250) wp=(0.747,0.320,1.250) mw=(-0.013,-0.014,0.000) pe2=(-0.013,0.357,0.000) grounded=1 contactSamples=1 contactDistance=0.320 sl=0.371 c=0.089 cv=0.000 sf=3474.513 df=0.000 af=3474.513 Fz=2943.990 Fx=0.000 Fy=-0.000 k=0.000 a=0.000 p=(0.747,-0.000,1.250) n=(-0.000,1.000,-0.000)
[DEBUG] [W] i=1 w=FR si=1 lp=(-0.760,-0.100,1.250) o=(-0.760,0.334,1.250) wp=(-0.747,0.320,1.250) mw=(0.013,-0.014,0.000) pe2=(0.013,0.357,0.000) grounded=1 contactSamples=1 contactDistance=0.320 sl=0.371 c=0.089 cv=0.000 sf=3474.513 df=0.000 af=3474.513 Fz=2943.990 Fx=0.000 Fy=-0.000 k=0.000 a=0.000 p=(-0.747,-0.000,1.250) n=(-0.000,1.000,-0.000)
[DEBUG] [W] i=2 w=RL si=2 lp=(0.760,-0.100,-1.250) o=(0.760,0.334,-1.250) wp=(0.747,0.320,-1.250) mw=(-0.013,-0.014,0.000) pe2=(-0.013,0.357,0.000) grounded=1 contactSamples=1 contactDistance=0.320 sl=0.371 c=0.089 cv=0.000 sf=3474.513 df=0.000 af=3474.513 Fz=2943.990 Fx=0.000 Fy=-0.000 k=0.000 a=0.000 p=(0.747,-0.000,-1.250) n=(-0.000,1.000,-0.000)
[DEBUG] [W] i=3 w=RR si=3 lp=(-0.760,-0.100,-1.250) o=(-0.760,0.334,-1.250) wp=(-0.747,0.320,-1.250) mw=(0.013,-0.014,0.000) pe2=(0.013,0.357,0.000) grounded=1 contactSamples=1 contactDistance=0.320 sl=0.371 c=0.089 cv=0.000 sf=3474.513 df=0.000 af=3474.513 Fz=2943.990 Fx=0.000 Fy=-0.000 k=0.000 a=0.000 p=(-0.747,-0.000,-1.250) n=(-0.000,1.000,-0.000)
[DEBUG] [Cornering] steerInput=0.000 frontSteerAngle=-0.000 yawRateY=0.000 rollRateZ=0.000 leftLoad=5887.980 rightLoad=5887.980 leftMinusRight=0.000
[DEBUG] [W] i=0 w=FL si=0 lp=(0.760,-0.100,1.250) o=(0.760,0.334,1.250) wp=(0.747,0.320,1.250) mw=(-0.013,-0.014,0.000) pe2=(-0.013,0.357,0.000) grounded=1 contactSamples=1 contactDistance=0.320 sl=0.371 c=0.089 cv=-0.015 sf=3474.513 df=-44.192 af=3430.321 Fz=2906.546 Fx=0.000 Fy=-0.000 k=0.000 a=0.000 p=(0.747,-0.000,1.250) n=(-0.000,1.000,-0.000)
[DEBUG] [W] i=1 w=FR si=1 lp=(-0.760,-0.100,1.250) o=(-0.760,0.334,1.250) wp=(-0.747,0.320,1.250) mw=(0.013,-0.014,0.000) pe2=(0.013,0.357,0.000) grounded=1 contactSamples=1 contactDistance=0.320 sl=0.371 c=0.089 cv=-0.015 sf=3474.513 df=-44.192 af=3430.321 Fz=2906.546 Fx=0.000 Fy=-0.000 k=0.000 a=0.000 p=(-0.747,-0.000,1.250) n=(-0.000,1.000,-0.000)
[DEBUG] [W] i=2 w=RL si=2 lp=(0.760,-0.100,-1.250) o=(0.760,0.334,-1.250) wp=(0.747,0.320,-1.250) mw=(-0.013,-0.014,0.000) pe2=(-0.013,0.357,0.000) grounded=1 contactSamples=1 contactDistance=0.320 sl=0.371 c=0.089 cv=-0.015 sf=3474.513 df=-44.192 af=3430.321 Fz=2906.546 Fx=0.000 Fy=-0.000 k=0.000 a=0.000 p=(0.747,-0.000,-1.250) n=(-0.000,1.000,-0.000)
[DEBUG] [W] i=3 w=RR si=3 lp=(-0.760,-0.100,-1.250) o=(-0.760,0.334,-1.250) wp=(-0.747,0.320,-1.250) mw=(0.013,-0.014,0.000) pe2=(0.013,0.357,0.000) grounded=1 contactSamples=1 contactDistance=0.320 sl=0.371 c=0.089 cv=-0.015 sf=3474.513 df=-44.192 af=3430.321 Fz=2906.546 Fx=0.000 Fy=-0.000 k=0.000 a=0.000 p=(-0.747,-0.000,-1.250) n=(-0.000,1.000,-0.000)
[DEBUG] [Cornering] steerInput=0.000 frontSteerAngle=-0.000 yawRateY=0.000 rollRateZ=0.000 leftLoad=5813.091 rightLoad=5813.091 leftMinusRight=0.000
[DEBUG] [Energy] x=0.000 y=0.434 z=0.000 vx=0.000 vy=0.001 vz=0.000 total=5729.705 potential=5110.615 linear=0.000 angular=0.000 wheels=0.000 suspension=619.090 suspensionPower=6.310 suspensionResidual=-195.765
[DEBUG] [W] i=0 w=FL si=0 lp=(0.760,-0.100,1.250) o=(0.760,0.334,1.250) wp=(0.747,0.320,1.250) mw=(-0.013,-0.014,0.000) pe2=(-0.013,0.357,0.000) grounded=1 contactSamples=1 contactDistance=0.320 sl=0.371 c=0.089 cv=-0.015 sf=3474.514 df=-44.171 af=3430.344 Fz=2906.565 Fx=0.000 Fy=-0.000 k=0.000 a=0.000 p=(0.747,-0.000,1.250) n=(-0.000,1.000,-0.000)
[DEBUG] [W] i=1 w=FR si=1 lp=(-0.760,-0.100,1.250) o=(-0.760,0.334,1.250) wp=(-0.747,0.320,1.250) mw=(0.013,-0.014,0.000) pe2=(0.013,0.357,0.000) grounded=1 contactSamples=1 contactDistance=0.320 sl=0.371 c=0.089 cv=-0.015 sf=3474.514 df=-44.171 af=3430.344 Fz=2906.565 Fx=0.000 Fy=-0.000 k=0.000 a=0.000 p=(-0.747,-0.000,1.250) n=(-0.000,1.000,-0.000)
[DEBUG] [W] i=2 w=RL si=2 lp=(0.760,-0.100,-1.250) o=(0.760,0.334,-1.250) wp=(0.747,0.320,-1.250) mw=(-0.013,-0.014,0.000) pe2=(-0.013,0.357,0.000) grounded=1 contactSamples=1 contactDistance=0.320 sl=0.371 c=0.089 cv=-0.015 sf=3474.514 df=-44.171 af=3430.344 Fz=2906.565 Fx=0.000 Fy=-0.000 k=0.000 a=0.000 p=(0.747,-0.000,-1.250) n=(-0.000,1.000,-0.000)
[DEBUG] [W] i=3 w=RR si=3 lp=(-0.760,-0.100,-1.250) o=(-0.760,0.334,-1.250) wp=(-0.747,0.320,-1.250) mw=(0.013,-0.014,0.000) pe2=(0.013,0.357,0.000) grounded=1 contactSamples=1 contactDistance=0.320 sl=0.371 c=0.089 cv=-0.015 sf=3474.514 df=-44.171 af=3430.344 Fz=2906.565 Fx=0.000 Fy=-0.000 k=0.000 a=0.000 p=(-0.747,-0.000,-1.250) n=(-0.000,1.000,-0.000)
[DEBUG] [Cornering] steerInput=0.000 frontSteerAngle=-0.000 yawRateY=0.000 rollRateZ=0.000 leftLoad=5813.129 rightLoad=5813.129 leftMinusRight=0.000
[DEBUG] [W] i=0 w=FL si=0 lp=(0.760,-0.100,1.250) o=(0.760,0.334,1.250) wp=(0.747,0.320,1.250) mw=(-0.013,-0.014,0.000) pe2=(-0.013,0.357,0.000) grounded=1 contactSamples=1 contactDistance=0.320 sl=0.371 c=0.089 cv=-0.015 sf=3474.514 df=-44.181 af=3430.333 Fz=2906.556 Fx=0.000 Fy=-0.000 k=0.000 a=0.000 p=(0.747,-0.000,1.250) n=(-0.000,1.000,-0.000)
[DEBUG] [W] i=1 w=FR si=1 lp=(-0.760,-0.100,1.250) o=(-0.760,0.334,1.250) wp=(-0.747,0.320,1.250) mw=(0.013,-0.014,0.000) pe2=(0.013,0.357,0.000) grounded=1 contactSamples=1 contactDistance=0.320 sl=0.371 c=0.089 cv=-0.015 sf=3474.514 df=-44.181 af=3430.333 Fz=2906.556 Fx=0.000 Fy=-0.000 k=0.000 a=0.000 p=(-0.747,-0.000,1.250) n=(-0.000,1.000,-0.000)
[DEBUG] [W] i=2 w=RL si=2 lp=(0.760,-0.100,-1.250) o=(0.760,0.334,-1.250) wp=(0.747,0.320,-1.250) mw=(-0.013,-0.014,0.000) pe2=(-0.013,0.357,0.000) grounded=1 contactSamples=1 contactDistance=0.320 sl=0.371 c=0.089 cv=-0.015 sf=3474.514 df=-44.181 af=3430.333 Fz=2906.556 Fx=0.000 Fy=-0.000 k=0.000 a=0.000 p=(0.747,-0.000,-1.250) n=(-0.000,1.000,-0.000)
[DEBUG] [W] i=3 w=RR si=3 lp=(-0.760,-0.100,-1.250) o=(-0.760,0.334,-1.250) wp=(-0.747,0.320,-1.250) mw=(0.013,-0.014,0.000) pe2=(0.013,0.357,0.000) grounded=1 contactSamples=1 contactDistance=0.320 sl=0.371 c=0.089 cv=-0.015 sf=3474.514 df=-44.181 af=3430.333 Fz=2906.556 Fx=0.000 Fy=-0.000 k=0.000 a=0.000 p=(-0.747,-0.000,-1.250) n=(-0.000,1.000,-0.000)
[DEBUG] [Cornering] steerInput=0.000 frontSteerAngle=-0.000 yawRateY=0.000 rollRateZ=0.000 leftLoad=5813.111 rightLoad=5813.111 leftMinusRight=0.000
[DEBUG] [W] i=0 w=FL si=0 lp=(0.760,-0.100,1.250) o=(0.760,0.334,1.250) wp=(0.747,0.320,1.250) mw=(-0.013,-0.014,0.000) pe2=(-0.013,0.357,0.000) grounded=1 contactSamples=1 contactDistance=0.320 sl=0.371 c=0.089 cv=-0.015 sf=3474.514 df=-44.181 af=3430.333 Fz=2906.556 Fx=0.000 Fy=-0.000 k=0.000 a=0.000 p=(0.747,-0.000,1.250) n=(-0.000,1.000,-0.000)
[DEBUG] [W] i=1 w=FR si=1 lp=(-0.760,-0.100,1.250) o=(-0.760,0.334,1.250) wp=(-0.747,0.320,1.250) mw=(0.013,-0.014,0.000) pe2=(0.013,0.357,0.000) grounded=1 contactSamples=1 contactDistance=0.320 sl=0.371 c=0.089 cv=-0.015 sf=3474.514 df=-44.181 af=3430.333 Fz=2906.556 Fx=0.000 Fy=-0.000 k=0.000 a=0.000 p=(-0.747,-0.000,1.250) n=(-0.000,1.000,-0.000)
[DEBUG] [W] i=2 w=RL si=2 lp=(0.760,-0.100,-1.250) o=(0.760,0.334,-1.250) wp=(0.747,0.320,-1.250) mw=(-0.013,-0.014,0.000) pe2=(-0.013,0.357,0.000) grounded=1 contactSamples=1 contactDistance=0.320 sl=0.371 c=0.089 cv=-0.015 sf=3474.514 df=-44.181 af=3430.333 Fz=2906.556 Fx=0.000 Fy=-0.000 k=0.000 a=0.000 p=(0.747,-0.000,-1.250) n=(-0.000,1.000,-0.000)
[DEBUG] [W] i=3 w=RR si=3 lp=(-0.760,-0.100,-1.250) o=(-0.760,0.334,-1.250) wp=(-0.747,0.320,-1.250) mw=(0.013,-0.014,0.000) pe2=(0.013,0.357,0.000) grounded=1 contactSamples=1 contactDistance=0.320 sl=0.371 c=0.089 cv=-0.015 sf=3474.514 df=-44.181 af=3430.333 Fz=2906.556 Fx=0.000 Fy=-0.000 k=0.000 a=0.000 p=(-0.747,-0.000,-1.250) n=(-0.000,1.000,-0.000)
[DEBUG] [Cornering] steerInput=0.000 frontSteerAngle=-0.000 yawRateY=0.000 rollRateZ=0.000 leftLoad=5813.111 rightLoad=5813.111 leftMinusRight=0.000
[INFO] [EnergyDelta] step=2040 t=17.000000 deltaFromBaseline=-11.520020 stepDelta=1.658203 integratedPowerA=164.793274 integratedPowerB=-33.001026 integratedSpringPower=-175.292023 integratedDamperPower=43.771988 integratedPowerBalanceResidual=0.272217
[INFO] [State] t=17.000000 y=0.434129 z=0.000000 vy=-0.000489 vz=0.000000 energy=5731.362793 compression=0.089213,0.089213,0.089213,0.089213
[DEBUG] [W] i=0 w=FL si=0 lp=(0.760,-0.100,1.250) o=(0.760,0.334,1.250) wp=(0.747,0.320,1.250) mw=(-0.013,-0.014,0.000) pe2=(-0.013,0.357,0.000) grounded=1 contactSamples=1 contactDistance=0.320 sl=0.371 c=0.089 cv=-0.015 sf=3474.514 df=-44.181 af=3430.333 Fz=2906.556 Fx=0.000 Fy=-0.000 k=0.000 a=0.000 p=(0.747,-0.000,1.250) n=(-0.000,1.000,-0.000)
[DEBUG] [W] i=1 w=FR si=1 lp=(-0.760,-0.100,1.250) o=(-0.760,0.334,1.250) wp=(-0.747,0.320,1.250) mw=(0.013,-0.014,0.000) pe2=(0.013,0.357,0.000) grounded=1 contactSamples=1 contactDistance=0.320 sl=0.371 c=0.089 cv=-0.015 sf=3474.514 df=-44.181 af=3430.333 Fz=2906.556 Fx=0.000 Fy=-0.000 k=0.000 a=0.000 p=(-0.747,-0.000,1.250) n=(-0.000,1.000,-0.000)
[DEBUG] [W] i=2 w=RL si=2 lp=(0.760,-0.100,-1.250) o=(0.760,0.334,-1.250) wp=(0.747,0.320,-1.250) mw=(-0.013,-0.014,0.000) pe2=(-0.013,0.357,0.000) grounded=1 contactSamples=1 contactDistance=0.320 sl=0.371 c=0.089 cv=-0.015 sf=3474.514 df=-44.181 af=3430.333 Fz=2906.556 Fx=0.000 Fy=-0.000 k=0.000 a=0.000 p=(0.747,-0.000,-1.250) n=(-0.000,1.000,-0.000)
[DEBUG] [W] i=3 w=RR si=3 lp=(-0.760,-0.100,-1.250) o=(-0.760,0.334,-1.250) wp=(-0.747,0.320,-1.250) mw=(0.013,-0.014,0.000) pe2=(0.013,0.357,0.000) grounded=1 contactSamples=1 contactDistance=0.320 sl=0.371 c=0.089 cv=-0.015 sf=3474.514 df=-44.181 af=3430.333 Fz=2906.556 Fx=0.000 Fy=-0.000 k=0.000 a=0.000 p=(-0.747,-0.000,-1.250) n=(-0.000,1.000,-0.000)
[DEBUG] [Cornering] steerInput=0.000 frontSteerAngle=-0.000 yawRateY=0.000 rollRateZ=0.000 leftLoad=5813.111 rightLoad=5813.111 leftMinusRight=0.000
[DEBUG] [W] i=0 w=FL si=0 lp=(0.760,-0.100,1.250) o=(0.760,0.334,1.250) wp=(0.747,0.320,1.250) mw=(-0.013,-0.014,0.000) pe2=(-0.013,0.357,0.000) grounded=1 contactSamples=1 contactDistance=0.320 sl=0.371 c=0.089 cv=0.015 sf=3479.299 df=36.809 af=3516.108 Fz=2978.826 Fx=0.000 Fy=-0.000 k=0.000 a=0.000 p=(0.747,-0.000,1.250) n=(-0.000,1.000,-0.000)
[DEBUG] [W] i=1 w=FR si=1 lp=(-0.760,-0.100,1.250) o=(-0.760,0.334,1.250) wp=(-0.747,0.320,1.250) mw=(0.013,-0.014,0.000) pe2=(0.013,0.357,0.000) grounded=1 contactSamples=1 contactDistance=0.320 sl=0.371 c=0.089 cv=0.015 sf=3479.299 df=36.809 af=3516.108 Fz=2978.826 Fx=0.000 Fy=-0.000 k=0.000 a=0.000 p=(-0.747,-0.000,1.250) n=(-0.000,1.000,-0.000)
[DEBUG] [W] i=2 w=RL si=2 lp=(0.760,-0.100,-1.250) o=(0.760,0.334,-1.250) wp=(0.747,0.320,-1.250) mw=(-0.013,-0.014,0.000) pe2=(-0.013,0.357,0.000) grounded=1 contactSamples=1 contactDistance=0.320 sl=0.371 c=0.089 cv=0.015 sf=3479.299 df=36.809 af=3516.108 Fz=2978.826 Fx=0.000 Fy=-0.000 k=0.000 a=0.000 p=(0.747,-0.000,-1.250) n=(-0.000,1.000,-0.000)
[DEBUG] [W] i=3 w=RR si=3 lp=(-0.760,-0.100,-1.250) o=(-0.760,0.334,-1.250) wp=(-0.747,0.320,-1.250) mw=(0.013,-0.014,0.000) pe2=(0.013,0.357,0.000) grounded=1 contactSamples=1 contactDistance=0.320 sl=0.371 c=0.089 cv=0.015 sf=3479.299 df=36.809 af=3516.108 Fz=2978.826 Fx=0.000 Fy=-0.000 k=0.000 a=0.000 p=(-0.747,-0.000,-1.250) n=(-0.000,1.000,-0.000)
[DEBUG] [Cornering] steerInput=0.000 frontSteerAngle=-0.000 yawRateY=0.000 rollRateZ=0.000 leftLoad=5957.652 rightLoad=5957.652 leftMinusRight=0.000
[DEBUG] [Energy] x=0.000 y=0.434 z=0.000 vx=0.000 vy=-0.000 vz=0.000 total=5731.334 potential=5110.538 linear=0.000 angular=0.000 wheels=0.000 suspension=620.797 suspensionPower=-5.457 suspensionResidual=201.672
[DEBUG] [W] i=0 w=FL si=0 lp=(0.760,-0.100,1.250) o=(0.760,0.334,1.250) wp=(0.747,0.320,1.250) mw=(-0.013,-0.014,0.000) pe2=(-0.013,0.357,0.000) grounded=1 contactSamples=1 contactDistance=0.320 sl=0.371 c=0.089 cv=0.015 sf=3479.299 df=36.809 af=3516.108 Fz=2978.826 Fx=0.000 Fy=-0.000 k=0.000 a=0.000 p=(0.747,-0.000,1.250) n=(-0.000,1.000,-0.000)
[DEBUG] [W] i=1 w=FR si=1 lp=(-0.760,-0.100,1.250) o=(-0.760,0.334,1.250) wp=(-0.747,0.320,1.250) mw=(0.013,-0.014,0.000) pe2=(0.013,0.357,0.000) grounded=1 contactSamples=1 contactDistance=0.320 sl=0.371 c=0.089 cv=0.015 sf=3479.299 df=36.809 af=3516.108 Fz=2978.826 Fx=0.000 Fy=-0.000 k=0.000 a=0.000 p=(-0.747,-0.000,1.250) n=(-0.000,1.000,-0.000)
[DEBUG] [W] i=2 w=RL si=2 lp=(0.760,-0.100,-1.250) o=(0.760,0.334,-1.250) wp=(0.747,0.320,-1.250) mw=(-0.013,-0.014,0.000) pe2=(-0.013,0.357,0.000) grounded=1 contactSamples=1 contactDistance=0.320 sl=0.371 c=0.089 cv=0.015 sf=3479.299 df=36.809 af=3516.108 Fz=2978.826 Fx=0.000 Fy=-0.000 k=0.000 a=0.000 p=(0.747,-0.000,-1.250) n=(-0.000,1.000,-0.000)
[DEBUG] [W] i=3 w=RR si=3 lp=(-0.760,-0.100,-1.250) o=(-0.760,0.334,-1.250) wp=(-0.747,0.320,-1.250) mw=(0.013,-0.014,0.000) pe2=(0.013,0.357,0.000) grounded=1 contactSamples=1 contactDistance=0.320 sl=0.371 c=0.089 cv=0.015 sf=3479.299 df=36.809 af=3516.108 Fz=2978.826 Fx=0.000 Fy=-0.000 k=0.000 a=0.000 p=(-0.747,-0.000,-1.250) n=(-0.000,1.000,-0.000)
[DEBUG] [Cornering] steerInput=0.000 frontSteerAngle=-0.000 yawRateY=0.000 rollRateZ=0.000 leftLoad=5957.652 rightLoad=5957.652 leftMinusRight=0.000
[DEBUG] [W] i=0 w=FL si=0 lp=(0.760,-0.100,1.250) o=(0.760,0.334,1.250) wp=(0.747,0.320,1.250) mw=(-0.013,-0.014,0.000) pe2=(-0.013,0.357,0.000) grounded=1 contactSamples=1 contactDistance=0.320 sl=0.371 c=0.089 cv=-0.015 sf=3474.514 df=-44.181 af=3430.333 Fz=2906.556 Fx=0.000 Fy=-0.000 k=0.000 a=0.000 p=(0.747,-0.000,1.250) n=(-0.000,1.000,-0.000)
[DEBUG] [W] i=1 w=FR si=1 lp=(-0.760,-0.100,1.250) o=(-0.760,0.334,1.250) wp=(-0.747,0.320,1.250) mw=(0.013,-0.014,0.000) pe2=(0.013,0.357,0.000) grounded=1 contactSamples=1 contactDistance=0.320 sl=0.371 c=0.089 cv=-0.015 sf=3474.514 df=-44.181 af=3430.333 Fz=2906.556 Fx=0.000 Fy=-0.000 k=0.000 a=0.000 p=(-0.747,-0.000,1.250) n=(-0.000,1.000,-0.000)
[DEBUG] [W] i=2 w=RL si=2 lp=(0.760,-0.100,-1.250) o=(0.760,0.334,-1.250) wp=(0.747,0.320,-1.250) mw=(-0.013,-0.014,0.000) pe2=(-0.013,0.357,0.000) grounded=1 contactSamples=1 contactDistance=0.320 sl=0.371 c=0.089 cv=-0.015 sf=3474.514 df=-44.181 af=3430.333 Fz=2906.556 Fx=0.000 Fy=-0.000 k=0.000 a=0.000 p=(0.747,-0.000,-1.250) n=(-0.000,1.000,-0.000)
[DEBUG] [W] i=3 w=RR si=3 lp=(-0.760,-0.100,-1.250) o=(-0.760,0.334,-1.250) wp=(-0.747,0.320,-1.250) mw=(0.013,-0.014,0.000) pe2=(0.013,0.357,0.000) grounded=1 contactSamples=1 contactDistance=0.320 sl=0.371 c=0.089 cv=-0.015 sf=3474.514 df=-44.181 af=3430.333 Fz=2906.556 Fx=0.000 Fy=-0.000 k=0.000 a=0.000 p=(-0.747,-0.000,-1.250) n=(-0.000,1.000,-0.000)
[DEBUG] [Cornering] steerInput=0.000 frontSteerAngle=-0.000 yawRateY=0.000 rollRateZ=0.000 leftLoad=5813.111 rightLoad=5813.111 leftMinusRight=0.000
[DEBUG] [W] i=0 w=FL si=0 lp=(0.760,-0.100,1.250) o=(0.760,0.334,1.250) wp=(0.747,0.320,1.250) mw=(-0.013,-0.014,0.000) pe2=(-0.013,0.357,0.000) grounded=1 contactSamples=1 contactDistance=0.320 sl=0.371 c=0.089 cv=-0.015 sf=3474.514 df=-44.171 af=3430.344 Fz=2906.565 Fx=0.000 Fy=-0.000 k=0.000 a=0.000 p=(0.747,-0.000,1.250) n=(-0.000,1.000,-0.000)
[DEBUG] [W] i=1 w=FR si=1 lp=(-0.760,-0.100,1.250) o=(-0.760,0.334,1.250) wp=(-0.747,0.320,1.250) mw=(0.013,-0.014,0.000) pe2=(0.013,0.357,0.000) grounded=1 contactSamples=1 contactDistance=0.320 sl=0.371 c=0.089 cv=-0.015 sf=3474.514 df=-44.171 af=3430.344 Fz=2906.565 Fx=0.000 Fy=-0.000 k=0.000 a=0.000 p=(-0.747,-0.000,1.250) n=(-0.000,1.000,-0.000)
[DEBUG] [W] i=2 w=RL si=2 lp=(0.760,-0.100,-1.250) o=(0.760,0.334,-1.250) wp=(0.747,0.320,-1.250) mw=(-0.013,-0.014,0.000) pe2=(-0.013,0.357,0.000) grounded=1 contactSamples=1 contactDistance=0.320 sl=0.371 c=0.089 cv=-0.015 sf=3474.514 df=-44.171 af=3430.344 Fz=2906.565 Fx=0.000 Fy=-0.000 k=0.000 a=0.000 p=(0.747,-0.000,-1.250) n=(-0.000,1.000,-0.000)
[DEBUG] [W] i=3 w=RR si=3 lp=(-0.760,-0.100,-1.250) o=(-0.760,0.334,-1.250) wp=(-0.747,0.320,-1.250) mw=(0.013,-0.014,0.000) pe2=(0.013,0.357,0.000) grounded=1 contactSamples=1 contactDistance=0.320 sl=0.371 c=0.089 cv=-0.015 sf=3474.514 df=-44.171 af=3430.344 Fz=2906.565 Fx=0.000 Fy=-0.000 k=0.000 a=0.000 p=(-0.747,-0.000,-1.250) n=(-0.000,1.000,-0.000)
[DEBUG] [Cornering] steerInput=0.000 frontSteerAngle=-0.000 yawRateY=0.000 rollRateZ=0.000 leftLoad=5813.129 rightLoad=5813.129 leftMinusRight=0.000
[INFO] [EnergyDelta] step=2100 t=17.500000 deltaFromBaseline=-11.555176 stepDelta=1.659668 integratedPowerA=164.724731 integratedPowerB=-34.063179 integratedSpringPower=-175.227875 integratedDamperPower=44.845367 integratedPowerBalanceResidual=0.279053
[INFO] [State] t=17.500000 y=0.434126 z=0.000000 vy=-0.000478 vz=0.000000 energy=5731.327637 compression=0.089213,0.089213,0.089213,0.089213
[DEBUG] [W] i=0 w=FL si=0 lp=(0.760,-0.100,1.250) o=(0.760,0.334,1.250) wp=(0.747,0.320,1.250) mw=(-0.013,-0.014,0.000) pe2=(-0.013,0.357,0.000) grounded=1 contactSamples=1 contactDistance=0.320 sl=0.371 c=0.089 cv=-0.000 sf=3474.513 df=-0.011 af=3474.502 Fz=2943.981 Fx=0.000 Fy=-0.000 k=0.000 a=0.000 p=(0.747,-0.000,1.250) n=(-0.000,1.000,-0.000)
[DEBUG] [W] i=1 w=FR si=1 lp=(-0.760,-0.100,1.250) o=(-0.760,0.334,1.250) wp=(-0.747,0.320,1.250) mw=(0.013,-0.014,0.000) pe2=(0.013,0.357,0.000) grounded=1 contactSamples=1 contactDistance=0.320 sl=0.371 c=0.089 cv=-0.000 sf=3474.513 df=-0.011 af=3474.502 Fz=2943.981 Fx=0.000 Fy=-0.000 k=0.000 a=0.000 p=(-0.747,-0.000,1.250) n=(-0.000,1.000,-0.000)
[DEBUG] [W] i=2 w=RL si=2 lp=(0.760,-0.100,-1.250) o=(0.760,0.334,-1.250) wp=(0.747,0.320,-1.250) mw=(-0.013,-0.014,0.000) pe2=(-0.013,0.357,0.000) grounded=1 contactSamples=1 contactDistance=0.320 sl=0.371 c=0.089 cv=-0.000 sf=3474.513 df=-0.011 af=3474.502 Fz=2943.981 Fx=0.000 Fy=-0.000 k=0.000 a=0.000 p=(0.747,-0.000,-1.250) n=(-0.000,1.000,-0.000)
[DEBUG] [W] i=3 w=RR si=3 lp=(-0.760,-0.100,-1.250) o=(-0.760,0.334,-1.250) wp=(-0.747,0.320,-1.250) mw=(0.013,-0.014,0.000) pe2=(0.013,0.357,0.000) grounded=1 contactSamples=1 contactDistance=0.320 sl=0.371 c=0.089 cv=-0.000 sf=3474.513 df=-0.011 af=3474.502 Fz=2943.981 Fx=0.000 Fy=-0.000 k=0.000 a=0.000 p=(-0.747,-0.000,-1.250) n=(-0.000,1.000,-0.000)
[DEBUG] [Cornering] steerInput=0.000 frontSteerAngle=-0.000 yawRateY=0.000 rollRateZ=0.000 leftLoad=5887.962 rightLoad=5887.962 leftMinusRight=0.000
[DEBUG] [W] i=0 w=FL si=0 lp=(0.760,-0.100,1.250) o=(0.760,0.334,1.250) wp=(0.747,0.320,1.250) mw=(-0.013,-0.014,0.000) pe2=(-0.013,0.357,0.000) grounded=1 contactSamples=1 contactDistance=0.320 sl=0.371 c=0.089 cv=0.015 sf=3479.301 df=36.818 af=3516.118 Fz=2978.835 Fx=0.000 Fy=-0.000 k=0.000 a=0.000 p=(0.747,-0.000,1.250) n=(-0.000,1.000,-0.000)
[DEBUG] [W] i=1 w=FR si=1 lp=(-0.760,-0.100,1.250) o=(-0.760,0.334,1.250) wp=(-0.747,0.320,1.250) mw=(0.013,-0.014,0.000) pe2=(0.013,0.357,0.000) grounded=1 contactSamples=1 contactDistance=0.320 sl=0.371 c=0.089 cv=0.015 sf=3479.301 df=36.818 af=3516.118 Fz=2978.835 Fx=0.000 Fy=-0.000 k=0.000 a=0.000 p=(-0.747,-0.000,1.250) n=(-0.000,1.000,-0.000)
[DEBUG] [W] i=2 w=RL si=2 lp=(0.760,-0.100,-1.250) o=(0.760,0.334,-1.250) wp=(0.747,0.320,-1.250) mw=(-0.013,-0.014,0.000) pe2=(-0.013,0.357,0.000) grounded=1 contactSamples=1 contactDistance=0.320 sl=0.371 c=0.089 cv=0.015 sf=3479.301 df=36.818 af=3516.118 Fz=2978.835 Fx=0.000 Fy=-0.000 k=0.000 a=0.000 p=(0.747,-0.000,-1.250) n=(-0.000,1.000,-0.000)
[DEBUG] [W] i=3 w=RR si=3 lp=(-0.760,-0.100,-1.250) o=(-0.760,0.334,-1.250) wp=(-0.747,0.320,-1.250) mw=(0.013,-0.014,0.000) pe2=(0.013,0.357,0.000) grounded=1 contactSamples=1 contactDistance=0.320 sl=0.371 c=0.089 cv=0.015 sf=3479.301 df=36.818 af=3516.118 Fz=2978.835 Fx=0.000 Fy=-0.000 k=0.000 a=0.000 p=(-0.747,-0.000,-1.250) n=(-0.000,1.000,-0.000)
[DEBUG] [Cornering] steerInput=0.000 frontSteerAngle=-0.000 yawRateY=0.000 rollRateZ=0.000 leftLoad=5957.669 rightLoad=5957.669 leftMinusRight=0.000
[DEBUG] [Energy] x=0.000 y=0.434 z=0.000 vx=0.000 vy=-0.001 vz=0.000 total=5731.328 potential=5110.532 linear=0.000 angular=0.000 wheels=0.000 suspension=620.797 suspensionPower=-6.203 suspensionResidual=200.927
[DEBUG] [W] i=0 w=FL si=0 lp=(0.760,-0.100,1.250) o=(0.760,0.334,1.250) wp=(0.747,0.320,1.250) mw=(-0.013,-0.014,0.000) pe2=(-0.013,0.357,0.000) grounded=1 contactSamples=1 contactDistance=0.320 sl=0.371 c=0.089 cv=-0.015 sf=3474.513 df=-44.192 af=3430.321 Fz=2906.546 Fx=0.000 Fy=-0.000 k=0.000 a=0.000 p=(0.747,-0.000,1.250) n=(-0.000,1.000,-0.000)
[DEBUG] [W] i=1 w=FR si=1 lp=(-0.760,-0.100,1.250) o=(-0.760,0.334,1.250) wp=(-0.747,0.320,1.250) mw=(0.013,-0.014,0.000) pe2=(0.013,0.357,0.000) grounded=1 contactSamples=1 contactDistance=0.320 sl=0.371 c=0.089 cv=-0.015 sf=3474.513 df=-44.192 af=3430.321 Fz=2906.546 Fx=0.000 Fy=-0.000 k=0.000 a=0.000 p=(-0.747,-0.000,1.250) n=(-0.000,1.000,-0.000)
[DEBUG] [W] i=2 w=RL si=2 lp=(0.760,-0.100,-1.250) o=(0.760,0.334,-1.250) wp=(0.747,0.320,-1.250) mw=(-0.013,-0.014,0.000) pe2=(-0.013,0.357,0.000) grounded=1 contactSamples=1 contactDistance=0.320 sl=0.371 c=0.089 cv=-0.015 sf=3474.513 df=-44.192 af=3430.321 Fz=2906.546 Fx=0.000 Fy=-0.000 k=0.000 a=0.000 p=(0.747,-0.000,-1.250) n=(-0.000,1.000,-0.000)
[DEBUG] [W] i=3 w=RR si=3 lp=(-0.760,-0.100,-1.250) o=(-0.760,0.334,-1.250) wp=(-0.747,0.320,-1.250) mw=(0.013,-0.014,0.000) pe2=(0.013,0.357,0.000) grounded=1 contactSamples=1 contactDistance=0.320 sl=0.371 c=0.089 cv=-0.015 sf=3474.513 df=-44.192 af=3430.321 Fz=2906.546 Fx=0.000 Fy=-0.000 k=0.000 a=0.000 p=(-0.747,-0.000,-1.250) n=(-0.000,1.000,-0.000)
[DEBUG] [Cornering] steerInput=0.000 frontSteerAngle=-0.000 yawRateY=0.000 rollRateZ=0.000 leftLoad=5813.091 rightLoad=5813.091 leftMinusRight=0.000
[DEBUG] [W] i=0 w=FL si=0 lp=(0.760,-0.100,1.250) o=(0.760,0.334,1.250) wp=(0.747,0.320,1.250) mw=(-0.013,-0.014,0.000) pe2=(-0.013,0.357,0.000) grounded=1 contactSamples=1 contactDistance=0.320 sl=0.371 c=0.089 cv=-0.015 sf=3474.513 df=-44.192 af=3430.321 Fz=2906.546 Fx=0.000 Fy=-0.000 k=0.000 a=0.000 p=(0.747,-0.000,1.250) n=(-0.000,1.000,-0.000)
[DEBUG] [W] i=1 w=FR si=1 lp=(-0.760,-0.100,1.250) o=(-0.760,0.334,1.250) wp=(-0.747,0.320,1.250) mw=(0.013,-0.014,0.000) pe2=(0.013,0.357,0.000) grounded=1 contactSamples=1 contactDistance=0.320 sl=0.371 c=0.089 cv=-0.015 sf=3474.513 df=-44.192 af=3430.321 Fz=2906.546 Fx=0.000 Fy=-0.000 k=0.000 a=0.000 p=(-0.747,-0.000,1.250) n=(-0.000,1.000,-0.000)
[DEBUG] [W] i=2 w=RL si=2 lp=(0.760,-0.100,-1.250) o=(0.760,0.334,-1.250) wp=(0.747,0.320,-1.250) mw=(-0.013,-0.014,0.000) pe2=(-0.013,0.357,0.000) grounded=1 contactSamples=1 contactDistance=0.320 sl=0.371 c=0.089 cv=-0.015 sf=3474.513 df=-44.192 af=3430.321 Fz=2906.546 Fx=0.000 Fy=-0.000 k=0.000 a=0.000 p=(0.747,-0.000,-1.250) n=(-0.000,1.000,-0.000)
[DEBUG] [W] i=3 w=RR si=3 lp=(-0.760,-0.100,-1.250) o=(-0.760,0.334,-1.250) wp=(-0.747,0.320,-1.250) mw=(0.013,-0.014,0.000) pe2=(0.013,0.357,0.000) grounded=1 contactSamples=1 contactDistance=0.320 sl=0.371 c=0.089 cv=-0.015 sf=3474.513 df=-44.192 af=3430.321 Fz=2906.546 Fx=0.000 Fy=-0.000 k=0.000 a=0.000 p=(-0.747,-0.000,-1.250) n=(-0.000,1.000,-0.000)
[DEBUG] [Cornering] steerInput=0.000 frontSteerAngle=-0.000 yawRateY=0.000 rollRateZ=0.000 leftLoad=5813.091 rightLoad=5813.091 leftMinusRight=0.000
[DEBUG] [W] i=0 w=FL si=0 lp=(0.760,-0.100,1.250) o=(0.760,0.334,1.250) wp=(0.747,0.320,1.250) mw=(-0.013,-0.014,0.000) pe2=(-0.013,0.357,0.000) grounded=1 contactSamples=1 contactDistance=0.320 sl=0.371 c=0.089 cv=0.015 sf=3479.299 df=36.818 af=3516.117 Fz=2978.834 Fx=0.000 Fy=-0.000 k=0.000 a=0.000 p=(0.747,-0.000,1.250) n=(-0.000,1.000,-0.000)
[DEBUG] [W] i=1 w=FR si=1 lp=(-0.760,-0.100,1.250) o=(-0.760,0.334,1.250) wp=(-0.747,0.320,1.250) mw=(0.013,-0.014,0.000) pe2=(0.013,0.357,0.000) grounded=1 contactSamples=1 contactDistance=0.320 sl=0.371 c=0.089 cv=0.015 sf=3479.299 df=36.818 af=3516.117 Fz=2978.834 Fx=0.000 Fy=-0.000 k=0.000 a=0.000 p=(-0.747,-0.000,1.250) n=(-0.000,1.000,-0.000)
[DEBUG] [W] i=2 w=RL si=2 lp=(0.760,-0.100,-1.250) o=(0.760,0.334,-1.250) wp=(0.747,0.320,-1.250) mw=(-0.013,-0.014,0.000) pe2=(-0.013,0.357,0.000) grounded=1 contactSamples=1 contactDistance=0.320 sl=0.371 c=0.089 cv=0.015 sf=3479.299 df=36.818 af=3516.117 Fz=2978.834 Fx=0.000 Fy=-0.000 k=0.000 a=0.000 p=(0.747,-0.000,-1.250) n=(-0.000,1.000,-0.000)
[DEBUG] [W] i=3 w=RR si=3 lp=(-0.760,-0.100,-1.250) o=(-0.760,0.334,-1.250) wp=(-0.747,0.320,-1.250) mw=(0.013,-0.014,0.000) pe2=(0.013,0.357,0.000) grounded=1 contactSamples=1 contactDistance=0.320 sl=0.371 c=0.089 cv=0.015 sf=3479.299 df=36.818 af=3516.117 Fz=2978.834 Fx=0.000 Fy=-0.000 k=0.000 a=0.000 p=(-0.747,-0.000,-1.250) n=(-0.000,1.000,-0.000)
[DEBUG] [Cornering] steerInput=0.000 frontSteerAngle=-0.000 yawRateY=0.000 rollRateZ=0.000 leftLoad=5957.667 rightLoad=5957.667 leftMinusRight=0.000
[INFO] [EnergyDelta] step=2160 t=18.000000 deltaFromBaseline=-13.216309 stepDelta=-1.660156 integratedPowerA=164.739197 integratedPowerB=-33.481621 integratedSpringPower=-176.872467 integratedDamperPower=45.900726 integratedPowerBalanceResidual=0.285828
[INFO] [State] t=18.000000 y=0.434130 z=0.000000 vy=0.000472 vz=0.000000 energy=5729.666504 compression=0.089090,0.089090,0.089090,0.089090
[DEBUG] [W] i=0 w=FL si=0 lp=(0.760,-0.100,1.250) o=(0.760,0.334,1.250) wp=(0.747,0.320,1.250) mw=(-0.013,-0.014,0.000) pe2=(-0.013,0.357,0.000) grounded=1 contactSamples=1 contactDistance=0.320 sl=0.371 c=0.089 cv=0.015 sf=3479.301 df=36.818 af=3516.118 Fz=2978.835 Fx=0.000 Fy=-0.000 k=0.000 a=0.000 p=(0.747,-0.000,1.250) n=(-0.000,1.000,-0.000)
[DEBUG] [W] i=1 w=FR si=1 lp=(-0.760,-0.100,1.250) o=(-0.760,0.334,1.250) wp=(-0.747,0.320,1.250) mw=(0.013,-0.014,0.000) pe2=(0.013,0.357,0.000) grounded=1 contactSamples=1 contactDistance=0.320 sl=0.371 c=0.089 cv=0.015 sf=3479.301 df=36.818 af=3516.118 Fz=2978.835 Fx=0.000 Fy=-0.000 k=0.000 a=0.000 p=(-0.747,-0.000,1.250) n=(-0.000,1.000,-0.000)
[DEBUG] [W] i=2 w=RL si=2 lp=(0.760,-0.100,-1.250) o=(0.760,0.334,-1.250) wp=(0.747,0.320,-1.250) mw=(-0.013,-0.014,0.000) pe2=(-0.013,0.357,0.000) grounded=1 contactSamples=1 contactDistance=0.320 sl=0.371 c=0.089 cv=0.015 sf=3479.301 df=36.818 af=3516.118 Fz=2978.835 Fx=0.000 Fy=-0.000 k=0.000 a=0.000 p=(0.747,-0.000,-1.250) n=(-0.000,1.000,-0.000)
[DEBUG] [W] i=3 w=RR si=3 lp=(-0.760,-0.100,-1.250) o=(-0.760,0.334,-1.250) wp=(-0.747,0.320,-1.250) mw=(0.013,-0.014,0.000) pe2=(0.013,0.357,0.000) grounded=1 contactSamples=1 contactDistance=0.320 sl=0.371 c=0.089 cv=0.015 sf=3479.301 df=36.818 af=3516.118 Fz=2978.835 Fx=0.000 Fy=-0.000 k=0.000 a=0.000 p=(-0.747,-0.000,-1.250) n=(-0.000,1.000,-0.000)
[DEBUG] [Cornering] steerInput=0.000 frontSteerAngle=-0.000 yawRateY=0.000 rollRateZ=0.000 leftLoad=5957.669 rightLoad=5957.669 leftMinusRight=0.000
[DEBUG] [W] i=0 w=FL si=0 lp=(0.760,-0.100,1.250) o=(0.760,0.334,1.250) wp=(0.747,0.320,1.250) mw=(-0.013,-0.014,0.000) pe2=(-0.013,0.357,0.000) grounded=1 contactSamples=1 contactDistance=0.320 sl=0.371 c=0.089 cv=0.015 sf=3479.299 df=36.809 af=3516.108 Fz=2978.826 Fx=0.000 Fy=-0.000 k=0.000 a=0.000 p=(0.747,-0.000,1.250) n=(-0.000,1.000,-0.000)
[DEBUG] [W] i=1 w=FR si=1 lp=(-0.760,-0.100,1.250) o=(-0.760,0.334,1.250) wp=(-0.747,0.320,1.250) mw=(0.013,-0.014,0.000) pe2=(0.013,0.357,0.000) grounded=1 contactSamples=1 contactDistance=0.320 sl=0.371 c=0.089 cv=0.015 sf=3479.299 df=36.809 af=3516.108 Fz=2978.826 Fx=0.000 Fy=-0.000 k=0.000 a=0.000 p=(-0.747,-0.000,1.250) n=(-0.000,1.000,-0.000)
[DEBUG] [W] i=2 w=RL si=2 lp=(0.760,-0.100,-1.250) o=(0.760,0.334,-1.250) wp=(0.747,0.320,-1.250) mw=(-0.013,-0.014,0.000) pe2=(-0.013,0.357,0.000) grounded=1 contactSamples=1 contactDistance=0.320 sl=0.371 c=0.089 cv=0.015 sf=3479.299 df=36.809 af=3516.108 Fz=2978.826 Fx=0.000 Fy=-0.000 k=0.000 a=0.000 p=(0.747,-0.000,-1.250) n=(-0.000,1.000,-0.000)
[DEBUG] [W] i=3 w=RR si=3 lp=(-0.760,-0.100,-1.250) o=(-0.760,0.334,-1.250) wp=(-0.747,0.320,-1.250) mw=(0.013,-0.014,0.000) pe2=(0.013,0.357,0.000) grounded=1 contactSamples=1 contactDistance=0.320 sl=0.371 c=0.089 cv=0.015 sf=3479.299 df=36.809 af=3516.108 Fz=2978.826 Fx=0.000 Fy=-0.000 k=0.000 a=0.000 p=(-0.747,-0.000,-1.250) n=(-0.000,1.000,-0.000)
[DEBUG] [Cornering] steerInput=0.000 frontSteerAngle=-0.000 yawRateY=0.000 rollRateZ=0.000 leftLoad=5957.652 rightLoad=5957.652 leftMinusRight=0.000
[DEBUG] [W] i=0 w=FL si=0 lp=(0.760,-0.100,1.250) o=(0.760,0.334,1.250) wp=(0.747,0.320,1.250) mw=(-0.013,-0.014,0.000) pe2=(-0.013,0.357,0.000) grounded=1 contactSamples=1 contactDistance=0.320 sl=0.371 c=0.089 cv=-0.015 sf=3474.514 df=-44.181 af=3430.333 Fz=2906.556 Fx=0.000 Fy=-0.000 k=0.000 a=0.000 p=(0.747,-0.000,1.250) n=(-0.000,1.000,-0.000)
[DEBUG] [W] i=1 w=FR si=1 lp=(-0.760,-0.100,1.250) o=(-0.760,0.334,1.250) wp=(-0.747,0.320,1.250) mw=(0.013,-0.014,0.000) pe2=(0.013,0.357,0.000) grounded=1 contactSamples=1 contactDistance=0.320 sl=0.371 c=0.089 cv=-0.015 sf=3474.514 df=-44.181 af=3430.333 Fz=2906.556 Fx=0.000 Fy=-0.000 k=0.000 a=0.000 p=(-0.747,-0.000,1.250) n=(-0.000,1.000,-0.000)
[DEBUG] [W] i=2 w=RL si=2 lp=(0.760,-0.100,-1.250) o=(0.760,0.334,-1.250) wp=(0.747,0.320,-1.250) mw=(-0.013,-0.014,0.000) pe2=(-0.013,0.357,0.000) grounded=1 contactSamples=1 contactDistance=0.320 sl=0.371 c=0.089 cv=-0.015 sf=3474.514 df=-44.181 af=3430.333 Fz=2906.556 Fx=0.000 Fy=-0.000 k=0.000 a=0.000 p=(0.747,-0.000,-1.250) n=(-0.000,1.000,-0.000)
[DEBUG] [W] i=3 w=RR si=3 lp=(-0.760,-0.100,-1.250) o=(-0.760,0.334,-1.250) wp=(-0.747,0.320,-1.250) mw=(0.013,-0.014,0.000) pe2=(0.013,0.357,0.000) grounded=1 contactSamples=1 contactDistance=0.320 sl=0.371 c=0.089 cv=-0.015 sf=3474.514 df=-44.181 af=3430.333 Fz=2906.556 Fx=0.000 Fy=-0.000 k=0.000 a=0.000 p=(-0.747,-0.000,-1.250) n=(-0.000,1.000,-0.000)
[DEBUG] [Cornering] steerInput=0.000 frontSteerAngle=-0.000 yawRateY=0.000 rollRateZ=0.000 leftLoad=5813.111 rightLoad=5813.111 leftMinusRight=0.000
[DEBUG] [Energy] x=0.000 y=0.434 z=0.000 vx=0.000 vy=0.000 vz=0.000 total=5729.705 potential=5110.615 linear=0.000 angular=0.000 wheels=0.000 suspension=619.090 suspensionPower=5.653 suspensionResidual=-196.422
[DEBUG] [W] i=0 w=FL si=0 lp=(0.760,-0.100,1.250) o=(0.760,0.334,1.250) wp=(0.747,0.320,1.250) mw=(-0.013,-0.014,0.000) pe2=(-0.013,0.357,0.000) grounded=1 contactSamples=1 contactDistance=0.320 sl=0.371 c=0.089 cv=0.015 sf=3479.301 df=36.827 af=3516.127 Fz=2978.842 Fx=0.000 Fy=-0.000 k=0.000 a=0.000 p=(0.747,-0.000,1.250) n=(-0.000,1.000,-0.000)
[DEBUG] [W] i=1 w=FR si=1 lp=(-0.760,-0.100,1.250) o=(-0.760,0.334,1.250) wp=(-0.747,0.320,1.250) mw=(0.013,-0.014,0.000) pe2=(0.013,0.357,0.000) grounded=1 contactSamples=1 contactDistance=0.320 sl=0.371 c=0.089 cv=0.015 sf=3479.301 df=36.827 af=3516.127 Fz=2978.842 Fx=0.000 Fy=-0.000 k=0.000 a=0.000 p=(-0.747,-0.000,1.250) n=(-0.000,1.000,-0.000)
[DEBUG] [W] i=2 w=RL si=2 lp=(0.760,-0.100,-1.250) o=(0.760,0.334,-1.250) wp=(0.747,0.320,-1.250) mw=(-0.013,-0.014,0.000) pe2=(-0.013,0.357,0.000) grounded=1 contactSamples=1 contactDistance=0.320 sl=0.371 c=0.089 cv=0.015 sf=3479.301 df=36.827 af=3516.127 Fz=2978.842 Fx=0.000 Fy=-0.000 k=0.000 a=0.000 p=(0.747,-0.000,-1.250) n=(-0.000,1.000,-0.000)
[DEBUG] [W] i=3 w=RR si=3 lp=(-0.760,-0.100,-1.250) o=(-0.760,0.334,-1.250) wp=(-0.747,0.320,-1.250) mw=(0.013,-0.014,0.000) pe2=(0.013,0.357,0.000) grounded=1 contactSamples=1 contactDistance=0.320 sl=0.371 c=0.089 cv=0.015 sf=3479.301 df=36.827 af=3516.127 Fz=2978.842 Fx=0.000 Fy=-0.000 k=0.000 a=0.000 p=(-0.747,-0.000,-1.250) n=(-0.000,1.000,-0.000)
[DEBUG] [Cornering] steerInput=0.000 frontSteerAngle=-0.000 yawRateY=0.000 rollRateZ=0.000 leftLoad=5957.684 rightLoad=5957.684 leftMinusRight=0.000
[DEBUG] [W] i=0 w=FL si=0 lp=(0.760,-0.100,1.250) o=(0.760,0.334,1.250) wp=(0.747,0.320,1.250) mw=(-0.013,-0.014,0.000) pe2=(-0.013,0.357,0.000) grounded=1 contactSamples=1 contactDistance=0.320 sl=0.371 c=0.089 cv=0.015 sf=3479.301 df=36.827 af=3516.127 Fz=2978.842 Fx=0.000 Fy=-0.000 k=0.000 a=0.000 p=(0.747,-0.000,1.250) n=(-0.000,1.000,-0.000)
[DEBUG] [W] i=1 w=FR si=1 lp=(-0.760,-0.100,1.250) o=(-0.760,0.334,1.250) wp=(-0.747,0.320,1.250) mw=(0.013,-0.014,0.000) pe2=(0.013,0.357,0.000) grounded=1 contactSamples=1 contactDistance=0.320 sl=0.371 c=0.089 cv=0.015 sf=3479.301 df=36.827 af=3516.127 Fz=2978.842 Fx=0.000 Fy=-0.000 k=0.000 a=0.000 p=(-0.747,-0.000,1.250) n=(-0.000,1.000,-0.000)
[DEBUG] [W] i=2 w=RL si=2 lp=(0.760,-0.100,-1.250) o=(0.760,0.334,-1.250) wp=(0.747,0.320,-1.250) mw=(-0.013,-0.014,0.000) pe2=(-0.013,0.357,0.000) grounded=1 contactSamples=1 contactDistance=0.320 sl=0.371 c=0.089 cv=0.015 sf=3479.301 df=36.827 af=3516.127 Fz=2978.842 Fx=0.000 Fy=-0.000 k=0.000 a=0.000 p=(0.747,-0.000,-1.250) n=(-0.000,1.000,-0.000)
[DEBUG] [W] i=3 w=RR si=3 lp=(-0.760,-0.100,-1.250) o=(-0.760,0.334,-1.250) wp=(-0.747,0.320,-1.250) mw=(0.013,-0.014,0.000) pe2=(0.013,0.357,0.000) grounded=1 contactSamples=1 contactDistance=0.320 sl=0.371 c=0.089 cv=0.015 sf=3479.301 df=36.827 af=3516.127 Fz=2978.842 Fx=0.000 Fy=-0.000 k=0.000 a=0.000 p=(-0.747,-0.000,-1.250) n=(-0.000,1.000,-0.000)
[DEBUG] [Cornering] steerInput=0.000 frontSteerAngle=-0.000 yawRateY=0.000 rollRateZ=0.000 leftLoad=5957.684 rightLoad=5957.684 leftMinusRight=0.000
[INFO] [EnergyDelta] step=2220 t=18.500002 deltaFromBaseline=-11.530273 stepDelta=0.039551 integratedPowerA=164.685547 integratedPowerB=-36.284218 integratedSpringPower=-175.100616 integratedDamperPower=46.992249 integratedPowerBalanceResidual=0.292969
[INFO] [State] t=18.500002 y=0.434128 z=0.000000 vy=0.000412 vz=0.000000 energy=5731.352539 compression=0.089213,0.089213,0.089213,0.089213
[DEBUG] [W] i=0 w=FL si=0 lp=(0.760,-0.100,1.250) o=(0.760,0.334,1.250) wp=(0.747,0.320,1.250) mw=(-0.013,-0.014,0.000) pe2=(-0.013,0.357,0.000) grounded=1 contactSamples=1 contactDistance=0.320 sl=0.371 c=0.089 cv=-0.015 sf=3474.513 df=-44.192 af=3430.321 Fz=2906.546 Fx=0.000 Fy=-0.000 k=0.000 a=0.000 p=(0.747,-0.000,1.250) n=(-0.000,1.000,-0.000)
[DEBUG] [W] i=1 w=FR si=1 lp=(-0.760,-0.100,1.250) o=(-0.760,0.334,1.250) wp=(-0.747,0.320,1.250) mw=(0.013,-0.014,0.000) pe2=(0.013,0.357,0.000) grounded=1 contactSamples=1 contactDistance=0.320 sl=0.371 c=0.089 cv=-0.015 sf=3474.513 df=-44.192 af=3430.321 Fz=2906.546 Fx=0.000 Fy=-0.000 k=0.000 a=0.000 p=(-0.747,-0.000,1.250) n=(-0.000,1.000,-0.000)
[DEBUG] [W] i=2 w=RL si=2 lp=(0.760,-0.100,-1.250) o=(0.760,0.334,-1.250) wp=(0.747,0.320,-1.250) mw=(-0.013,-0.014,0.000) pe2=(-0.013,0.357,0.000) grounded=1 contactSamples=1 contactDistance=0.320 sl=0.371 c=0.089 cv=-0.015 sf=3474.513 df=-44.192 af=3430.321 Fz=2906.546 Fx=0.000 Fy=-0.000 k=0.000 a=0.000 p=(0.747,-0.000,-1.250) n=(-0.000,1.000,-0.000)
[DEBUG] [W] i=3 w=RR si=3 lp=(-0.760,-0.100,-1.250) o=(-0.760,0.334,-1.250) wp=(-0.747,0.320,-1.250) mw=(0.013,-0.014,0.000) pe2=(0.013,0.357,0.000) grounded=1 contactSamples=1 contactDistance=0.320 sl=0.371 c=0.089 cv=-0.015 sf=3474.513 df=-44.192 af=3430.321 Fz=2906.546 Fx=0.000 Fy=-0.000 k=0.000 a=0.000 p=(-0.747,-0.000,-1.250) n=(-0.000,1.000,-0.000)
[DEBUG] [Cornering] steerInput=0.000 frontSteerAngle=-0.000 yawRateY=0.000 rollRateZ=0.000 leftLoad=5813.091 rightLoad=5813.091 leftMinusRight=0.000
[DEBUG] [W] i=0 w=FL si=0 lp=(0.760,-0.100,1.250) o=(0.760,0.334,1.250) wp=(0.747,0.320,1.250) mw=(-0.013,-0.014,0.000) pe2=(-0.013,0.357,0.000) grounded=1 contactSamples=1 contactDistance=0.320 sl=0.371 c=0.089 cv=0.015 sf=3479.299 df=36.809 af=3516.108 Fz=2978.826 Fx=0.000 Fy=-0.000 k=0.000 a=0.000 p=(0.747,-0.000,1.250) n=(-0.000,1.000,-0.000)
[DEBUG] [W] i=1 w=FR si=1 lp=(-0.760,-0.100,1.250) o=(-0.760,0.334,1.250) wp=(-0.747,0.320,1.250) mw=(0.013,-0.014,0.000) pe2=(0.013,0.357,0.000) grounded=1 contactSamples=1 contactDistance=0.320 sl=0.371 c=0.089 cv=0.015 sf=3479.299 df=36.809 af=3516.108 Fz=2978.826 Fx=0.000 Fy=-0.000 k=0.000 a=0.000 p=(-0.747,-0.000,1.250) n=(-0.000,1.000,-0.000)
[DEBUG] [W] i=2 w=RL si=2 lp=(0.760,-0.100,-1.250) o=(0.760,0.334,-1.250) wp=(0.747,0.320,-1.250) mw=(-0.013,-0.014,0.000) pe2=(-0.013,0.357,0.000) grounded=1 contactSamples=1 contactDistance=0.320 sl=0.371 c=0.089 cv=0.015 sf=3479.299 df=36.809 af=3516.108 Fz=2978.826 Fx=0.000 Fy=-0.000 k=0.000 a=0.000 p=(0.747,-0.000,-1.250) n=(-0.000,1.000,-0.000)
[DEBUG] [W] i=3 w=RR si=3 lp=(-0.760,-0.100,-1.250) o=(-0.760,0.334,-1.250) wp=(-0.747,0.320,-1.250) mw=(0.013,-0.014,0.000) pe2=(0.013,0.357,0.000) grounded=1 contactSamples=1 contactDistance=0.320 sl=0.371 c=0.089 cv=0.015 sf=3479.299 df=36.809 af=3516.108 Fz=2978.826 Fx=0.000 Fy=-0.000 k=0.000 a=0.000 p=(-0.747,-0.000,-1.250) n=(-0.000,1.000,-0.000)
[DEBUG] [Cornering] steerInput=0.000 frontSteerAngle=-0.000 yawRateY=0.000 rollRateZ=0.000 leftLoad=5957.652 rightLoad=5957.652 leftMinusRight=0.000
[DEBUG] [W] i=0 w=FL si=0 lp=(0.760,-0.100,1.250) o=(0.760,0.334,1.250) wp=(0.747,0.320,1.250) mw=(-0.013,-0.014,0.000) pe2=(-0.013,0.357,0.000) grounded=1 contactSamples=1 contactDistance=0.320 sl=0.371 c=0.089 cv=0.015 sf=3479.299 df=36.809 af=3516.108 Fz=2978.826 Fx=0.000 Fy=-0.000 k=0.000 a=0.000 p=(0.747,-0.000,1.250) n=(-0.000,1.000,-0.000)
[DEBUG] [W] i=1 w=FR si=1 lp=(-0.760,-0.100,1.250) o=(-0.760,0.334,1.250) wp=(-0.747,0.320,1.250) mw=(0.013,-0.014,0.000) pe2=(0.013,0.357,0.000) grounded=1 contactSamples=1 contactDistance=0.320 sl=0.371 c=0.089 cv=0.015 sf=3479.299 df=36.809 af=3516.108 Fz=2978.826 Fx=0.000 Fy=-0.000 k=0.000 a=0.000 p=(-0.747,-0.000,1.250) n=(-0.000,1.000,-0.000)
[DEBUG] [W] i=2 w=RL si=2 lp=(0.760,-0.100,-1.250) o=(0.760,0.334,-1.250) wp=(0.747,0.320,-1.250) mw=(-0.013,-0.014,0.000) pe2=(-0.013,0.357,0.000) grounded=1 contactSamples=1 contactDistance=0.320 sl=0.371 c=0.089 cv=0.015 sf=3479.299 df=36.809 af=3516.108 Fz=2978.826 Fx=0.000 Fy=-0.000 k=0.000 a=0.000 p=(0.747,-0.000,-1.250) n=(-0.000,1.000,-0.000)
[DEBUG] [W] i=3 w=RR si=3 lp=(-0.760,-0.100,-1.250) o=(-0.760,0.334,-1.250) wp=(-0.747,0.320,-1.250) mw=(0.013,-0.014,0.000) pe2=(0.013,0.357,0.000) grounded=1 contactSamples=1 contactDistance=0.320 sl=0.371 c=0.089 cv=0.015 sf=3479.299 df=36.809 af=3516.108 Fz=2978.826 Fx=0.000 Fy=-0.000 k=0.000 a=0.000 p=(-0.747,-0.000,-1.250) n=(-0.000,1.000,-0.000)
[DEBUG] [Cornering] steerInput=0.000 frontSteerAngle=-0.000 yawRateY=0.000 rollRateZ=0.000 leftLoad=5957.652 rightLoad=5957.652 leftMinusRight=0.000
[DEBUG] [Energy] x=0.000 y=0.434 z=0.000 vx=0.000 vy=0.001 vz=0.000 total=5729.674 potential=5110.584 linear=0.000 angular=0.000 wheels=0.000 suspension=619.090 suspensionPower=6.444 suspensionResidual=-195.583
[DEBUG] [W] i=0 w=FL si=0 lp=(0.760,-0.100,1.250) o=(0.760,0.334,1.250) wp=(0.747,0.320,1.250) mw=(-0.013,-0.014,0.000) pe2=(-0.013,0.357,0.000) grounded=1 contactSamples=1 contactDistance=0.320 sl=0.371 c=0.089 cv=0.015 sf=3479.301 df=36.818 af=3516.118 Fz=2978.835 Fx=0.000 Fy=-0.000 k=0.000 a=0.000 p=(0.747,-0.000,1.250) n=(-0.000,1.000,-0.000)
[DEBUG] [W] i=1 w=FR si=1 lp=(-0.760,-0.100,1.250) o=(-0.760,0.334,1.250) wp=(-0.747,0.320,1.250) mw=(0.013,-0.014,0.000) pe2=(0.013,0.357,0.000) grounded=1 contactSamples=1 contactDistance=0.320 sl=0.371 c=0.089 cv=0.015 sf=3479.301 df=36.818 af=3516.118 Fz=2978.835 Fx=0.000 Fy=-0.000 k=0.000 a=0.000 p=(-0.747,-0.000,1.250) n=(-0.000,1.000,-0.000)
[DEBUG] [W] i=2 w=RL si=2 lp=(0.760,-0.100,-1.250) o=(0.760,0.334,-1.250) wp=(0.747,0.320,-1.250) mw=(-0.013,-0.014,0.000) pe2=(-0.013,0.357,0.000) grounded=1 contactSamples=1 contactDistance=0.320 sl=0.371 c=0.089 cv=0.015 sf=3479.301 df=36.818 af=3516.118 Fz=2978.835 Fx=0.000 Fy=-0.000 k=0.000 a=0.000 p=(0.747,-0.000,-1.250) n=(-0.000,1.000,-0.000)
[DEBUG] [W] i=3 w=RR si=3 lp=(-0.760,-0.100,-1.250) o=(-0.760,0.334,-1.250) wp=(-0.747,0.320,-1.250) mw=(0.013,-0.014,0.000) pe2=(0.013,0.357,0.000) grounded=1 contactSamples=1 contactDistance=0.320 sl=0.371 c=0.089 cv=0.015 sf=3479.301 df=36.818 af=3516.118 Fz=2978.835 Fx=0.000 Fy=-0.000 k=0.000 a=0.000 p=(-0.747,-0.000,-1.250) n=(-0.000,1.000,-0.000)
[DEBUG] [Cornering] steerInput=0.000 frontSteerAngle=-0.000 yawRateY=0.000 rollRateZ=0.000 leftLoad=5957.669 rightLoad=5957.669 leftMinusRight=0.000
[DEBUG] [W] i=0 w=FL si=0 lp=(0.760,-0.100,1.250) o=(0.760,0.334,1.250) wp=(0.747,0.320,1.250) mw=(-0.013,-0.014,0.000) pe2=(-0.013,0.357,0.000) grounded=1 contactSamples=1 contactDistance=0.320 sl=0.371 c=0.089 cv=-0.015 sf=3474.514 df=-44.171 af=3430.344 Fz=2906.565 Fx=0.000 Fy=-0.000 k=0.000 a=0.000 p=(0.747,-0.000,1.250) n=(-0.000,1.000,-0.000)
[DEBUG] [W] i=1 w=FR si=1 lp=(-0.760,-0.100,1.250) o=(-0.760,0.334,1.250) wp=(-0.747,0.320,1.250) mw=(0.013,-0.014,0.000) pe2=(0.013,0.357,0.000) grounded=1 contactSamples=1 contactDistance=0.320 sl=0.371 c=0.089 cv=-0.015 sf=3474.514 df=-44.171 af=3430.344 Fz=2906.565 Fx=0.000 Fy=-0.000 k=0.000 a=0.000 p=(-0.747,-0.000,1.250) n=(-0.000,1.000,-0.000)
[DEBUG] [W] i=2 w=RL si=2 lp=(0.760,-0.100,-1.250) o=(0.760,0.334,-1.250) wp=(0.747,0.320,-1.250) mw=(-0.013,-0.014,0.000) pe2=(-0.013,0.357,0.000) grounded=1 contactSamples=1 contactDistance=0.320 sl=0.371 c=0.089 cv=-0.015 sf=3474.514 df=-44.171 af=3430.344 Fz=2906.565 Fx=0.000 Fy=-0.000 k=0.000 a=0.000 p=(0.747,-0.000,-1.250) n=(-0.000,1.000,-0.000)
[DEBUG] [W] i=3 w=RR si=3 lp=(-0.760,-0.100,-1.250) o=(-0.760,0.334,-1.250) wp=(-0.747,0.320,-1.250) mw=(0.013,-0.014,0.000) pe2=(0.013,0.357,0.000) grounded=1 contactSamples=1 contactDistance=0.320 sl=0.371 c=0.089 cv=-0.015 sf=3474.514 df=-44.171 af=3430.344 Fz=2906.565 Fx=0.000 Fy=-0.000 k=0.000 a=0.000 p=(-0.747,-0.000,-1.250) n=(-0.000,1.000,-0.000)
[DEBUG] [Cornering] steerInput=0.000 frontSteerAngle=-0.000 yawRateY=0.000 rollRateZ=0.000 leftLoad=5813.129 rightLoad=5813.129 leftMinusRight=0.000
[INFO] [EnergyDelta] step=2280 t=19.000002 deltaFromBaseline=-11.520996 stepDelta=1.655762 integratedPowerA=164.660278 integratedPowerB=-37.431190 integratedSpringPower=-175.034027 integratedDamperPower=48.105392 integratedPowerBalanceResidual=0.300453
[INFO] [State] t=19.000002 y=0.434129 z=0.000000 vy=-0.000515 vz=0.000000 energy=5731.361816 compression=0.089213,0.089213,0.089213,0.089213
[DEBUG] [W] i=0 w=FL si=0 lp=(0.760,-0.100,1.250) o=(0.760,0.334,1.250) wp=(0.747,0.320,1.250) mw=(-0.013,-0.014,0.000) pe2=(-0.013,0.357,0.000) grounded=1 contactSamples=1 contactDistance=0.320 sl=0.371 c=0.089 cv=0.000 sf=3474.514 df=0.000 af=3474.514 Fz=2943.991 Fx=0.000 Fy=-0.000 k=0.000 a=0.000 p=(0.747,-0.000,1.250) n=(-0.000,1.000,-0.000)
[DEBUG] [W] i=1 w=FR si=1 lp=(-0.760,-0.100,1.250) o=(-0.760,0.334,1.250) wp=(-0.747,0.320,1.250) mw=(0.013,-0.014,0.000) pe2=(0.013,0.357,0.000) grounded=1 contactSamples=1 contactDistance=0.320 sl=0.371 c=0.089 cv=0.000 sf=3474.514 df=0.000 af=3474.514 Fz=2943.991 Fx=0.000 Fy=-0.000 k=0.000 a=0.000 p=(-0.747,-0.000,1.250) n=(-0.000,1.000,-0.000)
[DEBUG] [W] i=2 w=RL si=2 lp=(0.760,-0.100,-1.250) o=(0.760,0.334,-1.250) wp=(0.747,0.320,-1.250) mw=(-0.013,-0.014,0.000) pe2=(-0.013,0.357,0.000) grounded=1 contactSamples=1 contactDistance=0.320 sl=0.371 c=0.089 cv=0.000 sf=3474.514 df=0.000 af=3474.514 Fz=2943.991 Fx=0.000 Fy=-0.000 k=0.000 a=0.000 p=(0.747,-0.000,-1.250) n=(-0.000,1.000,-0.000)
[DEBUG] [W] i=3 w=RR si=3 lp=(-0.760,-0.100,-1.250) o=(-0.760,0.334,-1.250) wp=(-0.747,0.320,-1.250) mw=(0.013,-0.014,0.000) pe2=(0.013,0.357,0.000) grounded=1 contactSamples=1 contactDistance=0.320 sl=0.371 c=0.089 cv=0.000 sf=3474.514 df=0.000 af=3474.514 Fz=2943.991 Fx=0.000 Fy=-0.000 k=0.000 a=0.000 p=(-0.747,-0.000,-1.250) n=(-0.000,1.000,-0.000)
[DEBUG] [Cornering] steerInput=0.000 frontSteerAngle=-0.000 yawRateY=0.000 rollRateZ=0.000 leftLoad=5887.982 rightLoad=5887.982 leftMinusRight=0.000
[DEBUG] [W] i=0 w=FL si=0 lp=(0.760,-0.100,1.250) o=(0.760,0.334,1.250) wp=(0.747,0.320,1.250) mw=(-0.013,-0.014,0.000) pe2=(-0.013,0.357,0.000) grounded=1 contactSamples=1 contactDistance=0.320 sl=0.371 c=0.089 cv=-0.015 sf=3474.513 df=-44.181 af=3430.332 Fz=2906.555 Fx=0.000 Fy=-0.000 k=0.000 a=0.000 p=(0.747,-0.000,1.250) n=(-0.000,1.000,-0.000)
[DEBUG] [W] i=1 w=FR si=1 lp=(-0.760,-0.100,1.250) o=(-0.760,0.334,1.250) wp=(-0.747,0.320,1.250) mw=(0.013,-0.014,0.000) pe2=(0.013,0.357,0.000) grounded=1 contactSamples=1 contactDistance=0.320 sl=0.371 c=0.089 cv=-0.015 sf=3474.513 df=-44.181 af=3430.332 Fz=2906.555 Fx=0.000 Fy=-0.000 k=0.000 a=0.000 p=(-0.747,-0.000,1.250) n=(-0.000,1.000,-0.000)
[DEBUG] [W] i=2 w=RL si=2 lp=(0.760,-0.100,-1.250) o=(0.760,0.334,-1.250) wp=(0.747,0.320,-1.250) mw=(-0.013,-0.014,0.000) pe2=(-0.013,0.357,0.000) grounded=1 contactSamples=1 contactDistance=0.320 sl=0.371 c=0.089 cv=-0.015 sf=3474.513 df=-44.181 af=3430.332 Fz=2906.555 Fx=0.000 Fy=-0.000 k=0.000 a=0.000 p=(0.747,-0.000,-1.250) n=(-0.000,1.000,-0.000)
[DEBUG] [W] i=3 w=RR si=3 lp=(-0.760,-0.100,-1.250) o=(-0.760,0.334,-1.250) wp=(-0.747,0.320,-1.250) mw=(0.013,-0.014,0.000) pe2=(0.013,0.357,0.000) grounded=1 contactSamples=1 contactDistance=0.320 sl=0.371 c=0.089 cv=-0.015 sf=3474.513 df=-44.181 af=3430.332 Fz=2906.555 Fx=0.000 Fy=-0.000 k=0.000 a=0.000 p=(-0.747,-0.000,-1.250) n=(-0.000,1.000,-0.000)
[DEBUG] [Cornering] steerInput=0.000 frontSteerAngle=-0.000 yawRateY=0.000 rollRateZ=0.000 leftLoad=5813.110 rightLoad=5813.110 leftMinusRight=0.000
[DEBUG] [W] i=0 w=FL si=0 lp=(0.760,-0.100,1.250) o=(0.760,0.334,1.250) wp=(0.747,0.320,1.250) mw=(-0.013,-0.014,0.000) pe2=(-0.013,0.357,0.000) grounded=1 contactSamples=1 contactDistance=0.320 sl=0.371 c=0.089 cv=-0.015 sf=3474.513 df=-44.181 af=3430.332 Fz=2906.555 Fx=0.000 Fy=-0.000 k=0.000 a=0.000 p=(0.747,-0.000,1.250) n=(-0.000,1.000,-0.000)
[DEBUG] [W] i=1 w=FR si=1 lp=(-0.760,-0.100,1.250) o=(-0.760,0.334,1.250) wp=(-0.747,0.320,1.250) mw=(0.013,-0.014,0.000) pe2=(0.013,0.357,0.000) grounded=1 contactSamples=1 contactDistance=0.320 sl=0.371 c=0.089 cv=-0.015 sf=3474.513 df=-44.181 af=3430.332 Fz=2906.555 Fx=0.000 Fy=-0.000 k=0.000 a=0.000 p=(-0.747,-0.000,1.250) n=(-0.000,1.000,-0.000)
[DEBUG] [W] i=2 w=RL si=2 lp=(0.760,-0.100,-1.250) o=(0.760,0.334,-1.250) wp=(0.747,0.320,-1.250) mw=(-0.013,-0.014,0.000) pe2=(-0.013,0.357,0.000) grounded=1 contactSamples=1 contactDistance=0.320 sl=0.371 c=0.089 cv=-0.015 sf=3474.513 df=-44.181 af=3430.332 Fz=2906.555 Fx=0.000 Fy=-0.000 k=0.000 a=0.000 p=(0.747,-0.000,-1.250) n=(-0.000,1.000,-0.000)
[DEBUG] [W] i=3 w=RR si=3 lp=(-0.760,-0.100,-1.250) o=(-0.760,0.334,-1.250) wp=(-0.747,0.320,-1.250) mw=(0.013,-0.014,0.000) pe2=(0.013,0.357,0.000) grounded=1 contactSamples=1 contactDistance=0.320 sl=0.371 c=0.089 cv=-0.015 sf=3474.513 df=-44.181 af=3430.332 Fz=2906.555 Fx=0.000 Fy=-0.000 k=0.000 a=0.000 p=(-0.747,-0.000,-1.250) n=(-0.000,1.000,-0.000)
[DEBUG] [Cornering] steerInput=0.000 frontSteerAngle=-0.000 yawRateY=0.000 rollRateZ=0.000 leftLoad=5813.110 rightLoad=5813.110 leftMinusRight=0.000
[DEBUG] [Energy] x=0.000 y=0.434 z=0.000 vx=0.000 vy=0.001 vz=0.000 total=5729.702 potential=5110.612 linear=0.000 angular=0.000 wheels=0.000 suspension=619.090 suspensionPower=6.061 suspensionResidual=-196.015
[DEBUG] [W] i=0 w=FL si=0 lp=(0.760,-0.100,1.250) o=(0.760,0.334,1.250) wp=(0.747,0.320,1.250) mw=(-0.013,-0.014,0.000) pe2=(-0.013,0.357,0.000) grounded=1 contactSamples=1 contactDistance=0.320 sl=0.371 c=0.089 cv=-0.015 sf=3474.514 df=-44.181 af=3430.333 Fz=2906.556 Fx=0.000 Fy=-0.000 k=0.000 a=0.000 p=(0.747,-0.000,1.250) n=(-0.000,1.000,-0.000)
[DEBUG] [W] i=1 w=FR si=1 lp=(-0.760,-0.100,1.250) o=(-0.760,0.334,1.250) wp=(-0.747,0.320,1.250) mw=(0.013,-0.014,0.000) pe2=(0.013,0.357,0.000) grounded=1 contactSamples=1 contactDistance=0.320 sl=0.371 c=0.089 cv=-0.015 sf=3474.514 df=-44.181 af=3430.333 Fz=2906.556 Fx=0.000 Fy=-0.000 k=0.000 a=0.000 p=(-0.747,-0.000,1.250) n=(-0.000,1.000,-0.000)
[DEBUG] [W] i=2 w=RL si=2 lp=(0.760,-0.100,-1.250) o=(0.760,0.334,-1.250) wp=(0.747,0.320,-1.250) mw=(-0.013,-0.014,0.000) pe2=(-0.013,0.357,0.000) grounded=1 contactSamples=1 contactDistance=0.320 sl=0.371 c=0.089 cv=-0.015 sf=3474.514 df=-44.181 af=3430.333 Fz=2906.556 Fx=0.000 Fy=-0.000 k=0.000 a=0.000 p=(0.747,-0.000,-1.250) n=(-0.000,1.000,-0.000)
[DEBUG] [W] i=3 w=RR si=3 lp=(-0.760,-0.100,-1.250) o=(-0.760,0.334,-1.250) wp=(-0.747,0.320,-1.250) mw=(0.013,-0.014,0.000) pe2=(0.013,0.357,0.000) grounded=1 contactSamples=1 contactDistance=0.320 sl=0.371 c=0.089 cv=-0.015 sf=3474.514 df=-44.181 af=3430.333 Fz=2906.556 Fx=0.000 Fy=-0.000 k=0.000 a=0.000 p=(-0.747,-0.000,-1.250) n=(-0.000,1.000,-0.000)
[DEBUG] [Cornering] steerInput=0.000 frontSteerAngle=-0.000 yawRateY=0.000 rollRateZ=0.000 leftLoad=5813.111 rightLoad=5813.111 leftMinusRight=0.000
[DEBUG] [W] i=0 w=FL si=0 lp=(0.760,-0.100,1.250) o=(0.760,0.334,1.250) wp=(0.747,0.320,1.250) mw=(-0.013,-0.014,0.000) pe2=(-0.013,0.357,0.000) grounded=1 contactSamples=1 contactDistance=0.320 sl=0.371 c=0.089 cv=0.015 sf=3479.299 df=36.809 af=3516.108 Fz=2978.826 Fx=0.000 Fy=-0.000 k=0.000 a=0.000 p=(0.747,-0.000,1.250) n=(-0.000,1.000,-0.000)
[DEBUG] [W] i=1 w=FR si=1 lp=(-0.760,-0.100,1.250) o=(-0.760,0.334,1.250) wp=(-0.747,0.320,1.250) mw=(0.013,-0.014,0.000) pe2=(0.013,0.357,0.000) grounded=1 contactSamples=1 contactDistance=0.320 sl=0.371 c=0.089 cv=0.015 sf=3479.299 df=36.809 af=3516.108 Fz=2978.826 Fx=0.000 Fy=-0.000 k=0.000 a=0.000 p=(-0.747,-0.000,1.250) n=(-0.000,1.000,-0.000)
[DEBUG] [W] i=2 w=RL si=2 lp=(0.760,-0.100,-1.250) o=(0.760,0.334,-1.250) wp=(0.747,0.320,-1.250) mw=(-0.013,-0.014,0.000) pe2=(-0.013,0.357,0.000) grounded=1 contactSamples=1 contactDistance=0.320 sl=0.371 c=0.089 cv=0.015 sf=3479.299 df=36.809 af=3516.108 Fz=2978.826 Fx=0.000 Fy=-0.000 k=0.000 a=0.000 p=(0.747,-0.000,-1.250) n=(-0.000,1.000,-0.000)
[DEBUG] [W] i=3 w=RR si=3 lp=(-0.760,-0.100,-1.250) o=(-0.760,0.334,-1.250) wp=(-0.747,0.320,-1.250) mw=(0.013,-0.014,0.000) pe2=(0.013,0.357,0.000) grounded=1 contactSamples=1 contactDistance=0.320 sl=0.371 c=0.089 cv=0.015 sf=3479.299 df=36.809 af=3516.108 Fz=2978.826 Fx=0.000 Fy=-0.000 k=0.000 a=0.000 p=(-0.747,-0.000,-1.250) n=(-0.000,1.000,-0.000)
[DEBUG] [Cornering] steerInput=0.000 frontSteerAngle=-0.000 yawRateY=0.000 rollRateZ=0.000 leftLoad=5957.652 rightLoad=5957.652 leftMinusRight=0.000
[INFO] [EnergyDelta] step=2340 t=19.500002 deltaFromBaseline=-13.196777 stepDelta=-1.661133 integratedPowerA=164.658630 integratedPowerB=-36.875420 integratedSpringPower=-176.676300 integratedDamperPower=49.200455 integratedPowerBalanceResidual=0.307365
[INFO] [State] t=19.500002 y=0.434132 z=0.000000 vy=0.000464 vz=0.000000 energy=5729.686035 compression=0.089090,0.089090,0.089090,0.089090
[DEBUG] [W] i=0 w=FL si=0 lp=(0.760,-0.100,1.250) o=(0.760,0.334,1.250) wp=(0.747,0.320,1.250) mw=(-0.013,-0.014,0.000) pe2=(-0.013,0.357,0.000) grounded=1 contactSamples=1 contactDistance=0.320 sl=0.371 c=0.089 cv=-0.015 sf=3474.513 df=-44.181 af=3430.332 Fz=2906.555 Fx=0.000 Fy=-0.000 k=0.000 a=0.000 p=(0.747,-0.000,1.250) n=(-0.000,1.000,-0.000)
[DEBUG] [W] i=1 w=FR si=1 lp=(-0.760,-0.100,1.250) o=(-0.760,0.334,1.250) wp=(-0.747,0.320,1.250) mw=(0.013,-0.014,0.000) pe2=(0.013,0.357,0.000) grounded=1 contactSamples=1 contactDistance=0.320 sl=0.371 c=0.089 cv=-0.015 sf=3474.513 df=-44.181 af=3430.332 Fz=2906.555 Fx=0.000 Fy=-0.000 k=0.000 a=0.000 p=(-0.747,-0.000,1.250) n=(-0.000,1.000,-0.000)
[DEBUG] [W] i=2 w=RL si=2 lp=(0.760,-0.100,-1.250) o=(0.760,0.334,-1.250) wp=(0.747,0.320,-1.250) mw=(-0.013,-0.014,0.000) pe2=(-0.013,0.357,0.000) grounded=1 contactSamples=1 contactDistance=0.320 sl=0.371 c=0.089 cv=-0.015 sf=3474.513 df=-44.181 af=3430.332 Fz=2906.555 Fx=0.000 Fy=-0.000 k=0.000 a=0.000 p=(0.747,-0.000,-1.250) n=(-0.000,1.000,-0.000)
[DEBUG] [W] i=3 w=RR si=3 lp=(-0.760,-0.100,-1.250) o=(-0.760,0.334,-1.250) wp=(-0.747,0.320,-1.250) mw=(0.013,-0.014,0.000) pe2=(0.013,0.357,0.000) grounded=1 contactSamples=1 contactDistance=0.320 sl=0.371 c=0.089 cv=-0.015 sf=3474.513 df=-44.181 af=3430.332 Fz=2906.555 Fx=0.000 Fy=-0.000 k=0.000 a=0.000 p=(-0.747,-0.000,-1.250) n=(-0.000,1.000,-0.000)
[DEBUG] [Cornering] steerInput=0.000 frontSteerAngle=-0.000 yawRateY=0.000 rollRateZ=0.000 leftLoad=5813.110 rightLoad=5813.110 leftMinusRight=0.000
[DEBUG] [W] i=0 w=FL si=0 lp=(0.760,-0.100,1.250) o=(0.760,0.334,1.250) wp=(0.747,0.320,1.250) mw=(-0.013,-0.014,0.000) pe2=(-0.013,0.357,0.000) grounded=1 contactSamples=1 contactDistance=0.320 sl=0.371 c=0.089 cv=0.000 sf=3479.299 df=0.000 af=3479.299 Fz=2947.642 Fx=0.000 Fy=-0.000 k=0.000 a=0.000 p=(0.747,-0.000,1.250) n=(-0.000,1.000,-0.000)
[DEBUG] [W] i=1 w=FR si=1 lp=(-0.760,-0.100,1.250) o=(-0.760,0.334,1.250) wp=(-0.747,0.320,1.250) mw=(0.013,-0.014,0.000) pe2=(0.013,0.357,0.000) grounded=1 contactSamples=1 contactDistance=0.320 sl=0.371 c=0.089 cv=0.000 sf=3479.299 df=0.000 af=3479.299 Fz=2947.642 Fx=0.000 Fy=-0.000 k=0.000 a=0.000 p=(-0.747,-0.000,1.250) n=(-0.000,1.000,-0.000)
[DEBUG] [W] i=2 w=RL si=2 lp=(0.760,-0.100,-1.250) o=(0.760,0.334,-1.250) wp=(0.747,0.320,-1.250) mw=(-0.013,-0.014,0.000) pe2=(-0.013,0.357,0.000) grounded=1 contactSamples=1 contactDistance=0.320 sl=0.371 c=0.089 cv=0.000 sf=3479.299 df=0.000 af=3479.299 Fz=2947.642 Fx=0.000 Fy=-0.000 k=0.000 a=0.000 p=(0.747,-0.000,-1.250) n=(-0.000,1.000,-0.000)
[DEBUG] [W] i=3 w=RR si=3 lp=(-0.760,-0.100,-1.250) o=(-0.760,0.334,-1.250) wp=(-0.747,0.320,-1.250) mw=(0.013,-0.014,0.000) pe2=(0.013,0.357,0.000) grounded=1 contactSamples=1 contactDistance=0.320 sl=0.371 c=0.089 cv=0.000 sf=3479.299 df=0.000 af=3479.299 Fz=2947.642 Fx=0.000 Fy=-0.000 k=0.000 a=0.000 p=(-0.747,-0.000,-1.250) n=(-0.000,1.000,-0.000)
[DEBUG] [Cornering] steerInput=0.000 frontSteerAngle=-0.000 yawRateY=0.000 rollRateZ=0.000 leftLoad=5895.284 rightLoad=5895.284 leftMinusRight=0.000
[DEBUG] [W] i=0 w=FL si=0 lp=(0.760,-0.100,1.250) o=(0.760,0.334,1.250) wp=(0.747,0.320,1.250) mw=(-0.013,-0.014,0.000) pe2=(-0.013,0.357,0.000) grounded=1 contactSamples=1 contactDistance=0.320 sl=0.371 c=0.089 cv=0.015 sf=3479.301 df=36.827 af=3516.127 Fz=2978.842 Fx=0.000 Fy=-0.000 k=0.000 a=0.000 p=(0.747,-0.000,1.250) n=(-0.000,1.000,-0.000)
[DEBUG] [W] i=1 w=FR si=1 lp=(-0.760,-0.100,1.250) o=(-0.760,0.334,1.250) wp=(-0.747,0.320,1.250) mw=(0.013,-0.014,0.000) pe2=(0.013,0.357,0.000) grounded=1 contactSamples=1 contactDistance=0.320 sl=0.371 c=0.089 cv=0.015 sf=3479.301 df=36.827 af=3516.127 Fz=2978.842 Fx=0.000 Fy=-0.000 k=0.000 a=0.000 p=(-0.747,-0.000,1.250) n=(-0.000,1.000,-0.000)
[DEBUG] [W] i=2 w=RL si=2 lp=(0.760,-0.100,-1.250) o=(0.760,0.334,-1.250) wp=(0.747,0.320,-1.250) mw=(-0.013,-0.014,0.000) pe2=(-0.013,0.357,0.000) grounded=1 contactSamples=1 contactDistance=0.320 sl=0.371 c=0.089 cv=0.015 sf=3479.301 df=36.827 af=3516.127 Fz=2978.842 Fx=0.000 Fy=-0.000 k=0.000 a=0.000 p=(0.747,-0.000,-1.250) n=(-0.000,1.000,-0.000)
[DEBUG] [W] i=3 w=RR si=3 lp=(-0.760,-0.100,-1.250) o=(-0.760,0.334,-1.250) wp=(-0.747,0.320,-1.250) mw=(0.013,-0.014,0.000) pe2=(0.013,0.357,0.000) grounded=1 contactSamples=1 contactDistance=0.320 sl=0.371 c=0.089 cv=0.015 sf=3479.301 df=36.827 af=3516.127 Fz=2978.842 Fx=0.000 Fy=-0.000 k=0.000 a=0.000 p=(-0.747,-0.000,-1.250) n=(-0.000,1.000,-0.000)
[DEBUG] [Cornering] steerInput=0.000 frontSteerAngle=-0.000 yawRateY=0.000 rollRateZ=0.000 leftLoad=5957.684 rightLoad=5957.684 leftMinusRight=0.000
[DEBUG] [Energy] x=0.000 y=0.434 z=0.000 vx=0.000 vy=0.000 vz=0.000 total=5729.659 potential=5110.569 linear=0.000 angular=0.000 wheels=0.000 suspension=619.089 suspensionPower=4.838 suspensionResidual=-197.238
[DEBUG] [W] i=0 w=FL si=0 lp=(0.760,-0.100,1.250) o=(0.760,0.334,1.250) wp=(0.747,0.320,1.250) mw=(-0.013,-0.014,0.000) pe2=(-0.013,0.357,0.000) grounded=1 contactSamples=1 contactDistance=0.320 sl=0.371 c=0.089 cv=-0.015 sf=3474.514 df=-44.171 af=3430.344 Fz=2906.565 Fx=0.000 Fy=-0.000 k=0.000 a=0.000 p=(0.747,-0.000,1.250) n=(-0.000,1.000,-0.000)
[DEBUG] [W] i=1 w=FR si=1 lp=(-0.760,-0.100,1.250) o=(-0.760,0.334,1.250) wp=(-0.747,0.320,1.250) mw=(0.013,-0.014,0.000) pe2=(0.013,0.357,0.000) grounded=1 contactSamples=1 contactDistance=0.320 sl=0.371 c=0.089 cv=-0.015 sf=3474.514 df=-44.171 af=3430.344 Fz=2906.565 Fx=0.000 Fy=-0.000 k=0.000 a=0.000 p=(-0.747,-0.000,1.250) n=(-0.000,1.000,-0.000)
[DEBUG] [W] i=2 w=RL si=2 lp=(0.760,-0.100,-1.250) o=(0.760,0.334,-1.250) wp=(0.747,0.320,-1.250) mw=(-0.013,-0.014,0.000) pe2=(-0.013,0.357,0.000) grounded=1 contactSamples=1 contactDistance=0.320 sl=0.371 c=0.089 cv=-0.015 sf=3474.514 df=-44.171 af=3430.344 Fz=2906.565 Fx=0.000 Fy=-0.000 k=0.000 a=0.000 p=(0.747,-0.000,-1.250) n=(-0.000,1.000,-0.000)
[DEBUG] [W] i=3 w=RR si=3 lp=(-0.760,-0.100,-1.250) o=(-0.760,0.334,-1.250) wp=(-0.747,0.320,-1.250) mw=(0.013,-0.014,0.000) pe2=(0.013,0.357,0.000) grounded=1 contactSamples=1 contactDistance=0.320 sl=0.371 c=0.089 cv=-0.015 sf=3474.514 df=-44.171 af=3430.344 Fz=2906.565 Fx=0.000 Fy=-0.000 k=0.000 a=0.000 p=(-0.747,-0.000,-1.250) n=(-0.000,1.000,-0.000)
[DEBUG] [Cornering] steerInput=0.000 frontSteerAngle=-0.000 yawRateY=0.000 rollRateZ=0.000 leftLoad=5813.129 rightLoad=5813.129 leftMinusRight=0.000
[DEBUG] [W] i=0 w=FL si=0 lp=(0.760,-0.100,1.250) o=(0.760,0.334,1.250) wp=(0.747,0.320,1.250) mw=(-0.013,-0.014,0.000) pe2=(-0.013,0.357,0.000) grounded=1 contactSamples=1 contactDistance=0.320 sl=0.371 c=0.089 cv=0.015 sf=3479.299 df=36.809 af=3516.108 Fz=2978.826 Fx=0.000 Fy=-0.000 k=0.000 a=0.000 p=(0.747,-0.000,1.250) n=(-0.000,1.000,-0.000)
[DEBUG] [W] i=1 w=FR si=1 lp=(-0.760,-0.100,1.250) o=(-0.760,0.334,1.250) wp=(-0.747,0.320,1.250) mw=(0.013,-0.014,0.000) pe2=(0.013,0.357,0.000) grounded=1 contactSamples=1 contactDistance=0.320 sl=0.371 c=0.089 cv=0.015 sf=3479.299 df=36.809 af=3516.108 Fz=2978.826 Fx=0.000 Fy=-0.000 k=0.000 a=0.000 p=(-0.747,-0.000,1.250) n=(-0.000,1.000,-0.000)
[DEBUG] [W] i=2 w=RL si=2 lp=(0.760,-0.100,-1.250) o=(0.760,0.334,-1.250) wp=(0.747,0.320,-1.250) mw=(-0.013,-0.014,0.000) pe2=(-0.013,0.357,0.000) grounded=1 contactSamples=1 contactDistance=0.320 sl=0.371 c=0.089 cv=0.015 sf=3479.299 df=36.809 af=3516.108 Fz=2978.826 Fx=0.000 Fy=-0.000 k=0.000 a=0.000 p=(0.747,-0.000,-1.250) n=(-0.000,1.000,-0.000)
[DEBUG] [W] i=3 w=RR si=3 lp=(-0.760,-0.100,-1.250) o=(-0.760,0.334,-1.250) wp=(-0.747,0.320,-1.250) mw=(0.013,-0.014,0.000) pe2=(0.013,0.357,0.000) grounded=1 contactSamples=1 contactDistance=0.320 sl=0.371 c=0.089 cv=0.015 sf=3479.299 df=36.809 af=3516.108 Fz=2978.826 Fx=0.000 Fy=-0.000 k=0.000 a=0.000 p=(-0.747,-0.000,-1.250) n=(-0.000,1.000,-0.000)
[DEBUG] [Cornering] steerInput=0.000 frontSteerAngle=-0.000 yawRateY=0.000 rollRateZ=0.000 leftLoad=5957.652 rightLoad=5957.652 leftMinusRight=0.000
[INFO] [EnergyDelta] step=2400 t=20.000002 deltaFromBaseline=-13.183105 stepDelta=-1.656738 integratedPowerA=164.637390 integratedPowerB=-38.026711 integratedSpringPower=-176.609711 integratedDamperPower=50.313644 integratedPowerBalanceResidual=0.314613
[INFO] [State] t=20.000002 y=0.434133 z=0.000000 vy=0.000504 vz=0.000000 energy=5729.699707 compression=0.089090,0.089090,0.089090,0.089090
[DEBUG] [W] i=0 w=FL si=0 lp=(0.760,-0.100,1.250) o=(0.760,0.334,1.250) wp=(0.747,0.320,1.250) mw=(-0.013,-0.014,0.000) pe2=(-0.013,0.357,0.000) grounded=1 contactSamples=1 contactDistance=0.320 sl=0.371 c=0.089 cv=-0.015 sf=3474.514 df=-44.171 af=3430.344 Fz=2906.565 Fx=0.000 Fy=-0.000 k=0.000 a=0.000 p=(0.747,-0.000,1.250) n=(-0.000,1.000,-0.000)
[DEBUG] [W] i=1 w=FR si=1 lp=(-0.760,-0.100,1.250) o=(-0.760,0.334,1.250) wp=(-0.747,0.320,1.250) mw=(0.013,-0.014,0.000) pe2=(0.013,0.357,0.000) grounded=1 contactSamples=1 contactDistance=0.320 sl=0.371 c=0.089 cv=-0.015 sf=3474.514 df=-44.171 af=3430.344 Fz=2906.565 Fx=0.000 Fy=-0.000 k=0.000 a=0.000 p=(-0.747,-0.000,1.250) n=(-0.000,1.000,-0.000)
[DEBUG] [W] i=2 w=RL si=2 lp=(0.760,-0.100,-1.250) o=(0.760,0.334,-1.250) wp=(0.747,0.320,-1.250) mw=(-0.013,-0.014,0.000) pe2=(-0.013,0.357,0.000) grounded=1 contactSamples=1 contactDistance=0.320 sl=0.371 c=0.089 cv=-0.015 sf=3474.514 df=-44.171 af=3430.344 Fz=2906.565 Fx=0.000 Fy=-0.000 k=0.000 a=0.000 p=(0.747,-0.000,-1.250) n=(-0.000,1.000,-0.000)
[DEBUG] [W] i=3 w=RR si=3 lp=(-0.760,-0.100,-1.250) o=(-0.760,0.334,-1.250) wp=(-0.747,0.320,-1.250) mw=(0.013,-0.014,0.000) pe2=(0.013,0.357,0.000) grounded=1 contactSamples=1 contactDistance=0.320 sl=0.371 c=0.089 cv=-0.015 sf=3474.514 df=-44.171 af=3430.344 Fz=2906.565 Fx=0.000 Fy=-0.000 k=0.000 a=0.000 p=(-0.747,-0.000,-1.250) n=(-0.000,1.000,-0.000)
[DEBUG] [Cornering] steerInput=0.000 frontSteerAngle=-0.000 yawRateY=0.000 rollRateZ=0.000 leftLoad=5813.129 rightLoad=5813.129 leftMinusRight=0.000
[DEBUG] [W] i=0 w=FL si=0 lp=(0.760,-0.100,1.250) o=(0.760,0.334,1.250) wp=(0.747,0.320,1.250) mw=(-0.013,-0.014,0.000) pe2=(-0.013,0.357,0.000) grounded=1 contactSamples=1 contactDistance=0.320 sl=0.371 c=0.089 cv=0.015 sf=3479.299 df=36.818 af=3516.117 Fz=2978.834 Fx=0.000 Fy=-0.000 k=0.000 a=0.000 p=(0.747,-0.000,1.250) n=(-0.000,1.000,-0.000)
[DEBUG] [W] i=1 w=FR si=1 lp=(-0.760,-0.100,1.250) o=(-0.760,0.334,1.250) wp=(-0.747,0.320,1.250) mw=(0.013,-0.014,0.000) pe2=(0.013,0.357,0.000) grounded=1 contactSamples=1 contactDistance=0.320 sl=0.371 c=0.089 cv=0.015 sf=3479.299 df=36.818 af=3516.117 Fz=2978.834 Fx=0.000 Fy=-0.000 k=0.000 a=0.000 p=(-0.747,-0.000,1.250) n=(-0.000,1.000,-0.000)
[DEBUG] [W] i=2 w=RL si=2 lp=(0.760,-0.100,-1.250) o=(0.760,0.334,-1.250) wp=(0.747,0.320,-1.250) mw=(-0.013,-0.014,0.000) pe2=(-0.013,0.357,0.000) grounded=1 contactSamples=1 contactDistance=0.320 sl=0.371 c=0.089 cv=0.015 sf=3479.299 df=36.818 af=3516.117 Fz=2978.834 Fx=0.000 Fy=-0.000 k=0.000 a=0.000 p=(0.747,-0.000,-1.250) n=(-0.000,1.000,-0.000)
[DEBUG] [W] i=3 w=RR si=3 lp=(-0.760,-0.100,-1.250) o=(-0.760,0.334,-1.250) wp=(-0.747,0.320,-1.250) mw=(0.013,-0.014,0.000) pe2=(0.013,0.357,0.000) grounded=1 contactSamples=1 contactDistance=0.320 sl=0.371 c=0.089 cv=0.015 sf=3479.299 df=36.818 af=3516.117 Fz=2978.834 Fx=0.000 Fy=-0.000 k=0.000 a=0.000 p=(-0.747,-0.000,-1.250) n=(-0.000,1.000,-0.000)
[DEBUG] [Cornering] steerInput=0.000 frontSteerAngle=-0.000 yawRateY=0.000 rollRateZ=0.000 leftLoad=5957.667 rightLoad=5957.667 leftMinusRight=0.000
[DEBUG] [W] i=0 w=FL si=0 lp=(0.760,-0.100,1.250) o=(0.760,0.334,1.250) wp=(0.747,0.320,1.250) mw=(-0.013,-0.014,0.000) pe2=(-0.013,0.357,0.000) grounded=1 contactSamples=1 contactDistance=0.320 sl=0.371 c=0.089 cv=0.015 sf=3479.301 df=36.818 af=3516.118 Fz=2978.835 Fx=0.000 Fy=-0.000 k=0.000 a=0.000 p=(0.747,-0.000,1.250) n=(-0.000,1.000,-0.000)
[DEBUG] [W] i=1 w=FR si=1 lp=(-0.760,-0.100,1.250) o=(-0.760,0.334,1.250) wp=(-0.747,0.320,1.250) mw=(0.013,-0.014,0.000) pe2=(0.013,0.357,0.000) grounded=1 contactSamples=1 contactDistance=0.320 sl=0.371 c=0.089 cv=0.015 sf=3479.301 df=36.818 af=3516.118 Fz=2978.835 Fx=0.000 Fy=-0.000 k=0.000 a=0.000 p=(-0.747,-0.000,1.250) n=(-0.000,1.000,-0.000)
[DEBUG] [W] i=2 w=RL si=2 lp=(0.760,-0.100,-1.250) o=(0.760,0.334,-1.250) wp=(0.747,0.320,-1.250) mw=(-0.013,-0.014,0.000) pe2=(-0.013,0.357,0.000) grounded=1 contactSamples=1 contactDistance=0.320 sl=0.371 c=0.089 cv=0.015 sf=3479.301 df=36.818 af=3516.118 Fz=2978.835 Fx=0.000 Fy=-0.000 k=0.000 a=0.000 p=(0.747,-0.000,-1.250) n=(-0.000,1.000,-0.000)
[DEBUG] [W] i=3 w=RR si=3 lp=(-0.760,-0.100,-1.250) o=(-0.760,0.334,-1.250) wp=(-0.747,0.320,-1.250) mw=(0.013,-0.014,0.000) pe2=(0.013,0.357,0.000) grounded=1 contactSamples=1 contactDistance=0.320 sl=0.371 c=0.089 cv=0.015 sf=3479.301 df=36.818 af=3516.118 Fz=2978.835 Fx=0.000 Fy=-0.000 k=0.000 a=0.000 p=(-0.747,-0.000,-1.250) n=(-0.000,1.000,-0.000)
[DEBUG] [Cornering] steerInput=0.000 frontSteerAngle=-0.000 yawRateY=0.000 rollRateZ=0.000 leftLoad=5957.669 rightLoad=5957.669 leftMinusRight=0.000
[DEBUG] [Energy] x=0.000 y=0.434 z=0.000 vx=0.000 vy=-0.000 vz=0.000 total=5731.350 potential=5110.554 linear=0.000 angular=0.000 wheels=0.000 suspension=620.797 suspensionPower=-5.760 suspensionResidual=201.420
[DEBUG] [W] i=0 w=FL si=0 lp=(0.760,-0.100,1.250) o=(0.760,0.334,1.250) wp=(0.747,0.320,1.250) mw=(-0.013,-0.014,0.000) pe2=(-0.013,0.357,0.000) grounded=1 contactSamples=1 contactDistance=0.320 sl=0.371 c=0.089 cv=0.015 sf=3479.301 df=36.818 af=3516.118 Fz=2978.835 Fx=0.000 Fy=-0.000 k=0.000 a=0.000 p=(0.747,-0.000,1.250) n=(-0.000,1.000,-0.000)
[DEBUG] [W] i=1 w=FR si=1 lp=(-0.760,-0.100,1.250) o=(-0.760,0.334,1.250) wp=(-0.747,0.320,1.250) mw=(0.013,-0.014,0.000) pe2=(0.013,0.357,0.000) grounded=1 contactSamples=1 contactDistance=0.320 sl=0.371 c=0.089 cv=0.015 sf=3479.301 df=36.818 af=3516.118 Fz=2978.835 Fx=0.000 Fy=-0.000 k=0.000 a=0.000 p=(-0.747,-0.000,1.250) n=(-0.000,1.000,-0.000)
[DEBUG] [W] i=2 w=RL si=2 lp=(0.760,-0.100,-1.250) o=(0.760,0.334,-1.250) wp=(0.747,0.320,-1.250) mw=(-0.013,-0.014,0.000) pe2=(-0.013,0.357,0.000) grounded=1 contactSamples=1 contactDistance=0.320 sl=0.371 c=0.089 cv=0.015 sf=3479.301 df=36.818 af=3516.118 Fz=2978.835 Fx=0.000 Fy=-0.000 k=0.000 a=0.000 p=(0.747,-0.000,-1.250) n=(-0.000,1.000,-0.000)
[DEBUG] [W] i=3 w=RR si=3 lp=(-0.760,-0.100,-1.250) o=(-0.760,0.334,-1.250) wp=(-0.747,0.320,-1.250) mw=(0.013,-0.014,0.000) pe2=(0.013,0.357,0.000) grounded=1 contactSamples=1 contactDistance=0.320 sl=0.371 c=0.089 cv=0.015 sf=3479.301 df=36.818 af=3516.118 Fz=2978.835 Fx=0.000 Fy=-0.000 k=0.000 a=0.000 p=(-0.747,-0.000,-1.250) n=(-0.000,1.000,-0.000)
[DEBUG] [Cornering] steerInput=0.000 frontSteerAngle=-0.000 yawRateY=0.000 rollRateZ=0.000 leftLoad=5957.669 rightLoad=5957.669 leftMinusRight=0.000
[DEBUG] [W] i=0 w=FL si=0 lp=(0.760,-0.100,1.250) o=(0.760,0.334,1.250) wp=(0.747,0.320,1.250) mw=(-0.013,-0.014,0.000) pe2=(-0.013,0.357,0.000) grounded=1 contactSamples=1 contactDistance=0.320 sl=0.371 c=0.089 cv=0.015 sf=3479.301 df=36.818 af=3516.118 Fz=2978.835 Fx=0.000 Fy=-0.000 k=0.000 a=0.000 p=(0.747,-0.000,1.250) n=(-0.000,1.000,-0.000)
[DEBUG] [W] i=1 w=FR si=1 lp=(-0.760,-0.100,1.250) o=(-0.760,0.334,1.250) wp=(-0.747,0.320,1.250) mw=(0.013,-0.014,0.000) pe2=(0.013,0.357,0.000) grounded=1 contactSamples=1 contactDistance=0.320 sl=0.371 c=0.089 cv=0.015 sf=3479.301 df=36.818 af=3516.118 Fz=2978.835 Fx=0.000 Fy=-0.000 k=0.000 a=0.000 p=(-0.747,-0.000,1.250) n=(-0.000,1.000,-0.000)
[DEBUG] [W] i=2 w=RL si=2 lp=(0.760,-0.100,-1.250) o=(0.760,0.334,-1.250) wp=(0.747,0.320,-1.250) mw=(-0.013,-0.014,0.000) pe2=(-0.013,0.357,0.000) grounded=1 contactSamples=1 contactDistance=0.320 sl=0.371 c=0.089 cv=0.015 sf=3479.301 df=36.818 af=3516.118 Fz=2978.835 Fx=0.000 Fy=-0.000 k=0.000 a=0.000 p=(0.747,-0.000,-1.250) n=(-0.000,1.000,-0.000)
[DEBUG] [W] i=3 w=RR si=3 lp=(-0.760,-0.100,-1.250) o=(-0.760,0.334,-1.250) wp=(-0.747,0.320,-1.250) mw=(0.013,-0.014,0.000) pe2=(0.013,0.357,0.000) grounded=1 contactSamples=1 contactDistance=0.320 sl=0.371 c=0.089 cv=0.015 sf=3479.301 df=36.818 af=3516.118 Fz=2978.835 Fx=0.000 Fy=-0.000 k=0.000 a=0.000 p=(-0.747,-0.000,-1.250) n=(-0.000,1.000,-0.000)
[DEBUG] [Cornering] steerInput=0.000 frontSteerAngle=-0.000 yawRateY=0.000 rollRateZ=0.000 leftLoad=5957.669 rightLoad=5957.669 leftMinusRight=0.000
[INFO] [EnergyDelta] step=2460 t=20.500002 deltaFromBaseline=-13.181152 stepDelta=-1.656250 integratedPowerA=164.606934 integratedPowerB=-39.126457 integratedSpringPower=-176.545807 integratedDamperPower=51.387070 integratedPowerBalanceResidual=0.321739
[INFO] [State] t=20.500002 y=0.434133 z=0.000000 vy=0.000516 vz=0.000000 energy=5729.701660 compression=0.089090,0.089090,0.089090,0.089090
[DEBUG] [W] i=0 w=FL si=0 lp=(0.760,-0.100,1.250) o=(0.760,0.334,1.250) wp=(0.747,0.320,1.250) mw=(-0.013,-0.014,0.000) pe2=(-0.013,0.357,0.000) grounded=1 contactSamples=1 contactDistance=0.320 sl=0.371 c=0.089 cv=0.015 sf=3479.301 df=36.818 af=3516.118 Fz=2978.835 Fx=0.000 Fy=-0.000 k=0.000 a=0.000 p=(0.747,-0.000,1.250) n=(-0.000,1.000,-0.000)
[DEBUG] [W] i=1 w=FR si=1 lp=(-0.760,-0.100,1.250) o=(-0.760,0.334,1.250) wp=(-0.747,0.320,1.250) mw=(0.013,-0.014,0.000) pe2=(0.013,0.357,0.000) grounded=1 contactSamples=1 contactDistance=0.320 sl=0.371 c=0.089 cv=0.015 sf=3479.301 df=36.818 af=3516.118 Fz=2978.835 Fx=0.000 Fy=-0.000 k=0.000 a=0.000 p=(-0.747,-0.000,1.250) n=(-0.000,1.000,-0.000)
[DEBUG] [W] i=2 w=RL si=2 lp=(0.760,-0.100,-1.250) o=(0.760,0.334,-1.250) wp=(0.747,0.320,-1.250) mw=(-0.013,-0.014,0.000) pe2=(-0.013,0.357,0.000) grounded=1 contactSamples=1 contactDistance=0.320 sl=0.371 c=0.089 cv=0.015 sf=3479.301 df=36.818 af=3516.118 Fz=2978.835 Fx=0.000 Fy=-0.000 k=0.000 a=0.000 p=(0.747,-0.000,-1.250) n=(-0.000,1.000,-0.000)
[DEBUG] [W] i=3 w=RR si=3 lp=(-0.760,-0.100,-1.250) o=(-0.760,0.334,-1.250) wp=(-0.747,0.320,-1.250) mw=(0.013,-0.014,0.000) pe2=(0.013,0.357,0.000) grounded=1 contactSamples=1 contactDistance=0.320 sl=0.371 c=0.089 cv=0.015 sf=3479.301 df=36.818 af=3516.118 Fz=2978.835 Fx=0.000 Fy=-0.000 k=0.000 a=0.000 p=(-0.747,-0.000,-1.250) n=(-0.000,1.000,-0.000)
[DEBUG] [Cornering] steerInput=0.000 frontSteerAngle=-0.000 yawRateY=0.000 rollRateZ=0.000 leftLoad=5957.669 rightLoad=5957.669 leftMinusRight=0.000
[DEBUG] [W] i=0 w=FL si=0 lp=(0.760,-0.100,1.250) o=(0.760,0.334,1.250) wp=(0.747,0.320,1.250) mw=(-0.013,-0.014,0.000) pe2=(-0.013,0.357,0.000) grounded=1 contactSamples=1 contactDistance=0.320 sl=0.371 c=0.089 cv=0.015 sf=3479.301 df=36.827 af=3516.127 Fz=2978.842 Fx=0.000 Fy=-0.000 k=0.000 a=0.000 p=(0.747,-0.000,1.250) n=(-0.000,1.000,-0.000)
[DEBUG] [W] i=1 w=FR si=1 lp=(-0.760,-0.100,1.250) o=(-0.760,0.334,1.250) wp=(-0.747,0.320,1.250) mw=(0.013,-0.014,0.000) pe2=(0.013,0.357,0.000) grounded=1 contactSamples=1 contactDistance=0.320 sl=0.371 c=0.089 cv=0.015 sf=3479.301 df=36.827 af=3516.127 Fz=2978.842 Fx=0.000 Fy=-0.000 k=0.000 a=0.000 p=(-0.747,-0.000,1.250) n=(-0.000,1.000,-0.000)
[DEBUG] [W] i=2 w=RL si=2 lp=(0.760,-0.100,-1.250) o=(0.760,0.334,-1.250) wp=(0.747,0.320,-1.250) mw=(-0.013,-0.014,0.000) pe2=(-0.013,0.357,0.000) grounded=1 contactSamples=1 contactDistance=0.320 sl=0.371 c=0.089 cv=0.015 sf=3479.301 df=36.827 af=3516.127 Fz=2978.842 Fx=0.000 Fy=-0.000 k=0.000 a=0.000 p=(0.747,-0.000,-1.250) n=(-0.000,1.000,-0.000)
[DEBUG] [W] i=3 w=RR si=3 lp=(-0.760,-0.100,-1.250) o=(-0.760,0.334,-1.250) wp=(-0.747,0.320,-1.250) mw=(0.013,-0.014,0.000) pe2=(0.013,0.357,0.000) grounded=1 contactSamples=1 contactDistance=0.320 sl=0.371 c=0.089 cv=0.015 sf=3479.301 df=36.827 af=3516.127 Fz=2978.842 Fx=0.000 Fy=-0.000 k=0.000 a=0.000 p=(-0.747,-0.000,-1.250) n=(-0.000,1.000,-0.000)
[DEBUG] [Cornering] steerInput=0.000 frontSteerAngle=-0.000 yawRateY=0.000 rollRateZ=0.000 leftLoad=5957.684 rightLoad=5957.684 leftMinusRight=0.000
[DEBUG] [W] i=0 w=FL si=0 lp=(0.760,-0.100,1.250) o=(0.760,0.334,1.250) wp=(0.747,0.320,1.250) mw=(-0.013,-0.014,0.000) pe2=(-0.013,0.357,0.000) grounded=1 contactSamples=1 contactDistance=0.320 sl=0.371 c=0.089 cv=0.015 sf=3479.299 df=36.818 af=3516.117 Fz=2978.834 Fx=0.000 Fy=-0.000 k=0.000 a=0.000 p=(0.747,-0.000,1.250) n=(-0.000,1.000,-0.000)
[DEBUG] [W] i=1 w=FR si=1 lp=(-0.760,-0.100,1.250) o=(-0.760,0.334,1.250) wp=(-0.747,0.320,1.250) mw=(0.013,-0.014,0.000) pe2=(0.013,0.357,0.000) grounded=1 contactSamples=1 contactDistance=0.320 sl=0.371 c=0.089 cv=0.015 sf=3479.299 df=36.818 af=3516.117 Fz=2978.834 Fx=0.000 Fy=-0.000 k=0.000 a=0.000 p=(-0.747,-0.000,1.250) n=(-0.000,1.000,-0.000)
[DEBUG] [W] i=2 w=RL si=2 lp=(0.760,-0.100,-1.250) o=(0.760,0.334,-1.250) wp=(0.747,0.320,-1.250) mw=(-0.013,-0.014,0.000) pe2=(-0.013,0.357,0.000) grounded=1 contactSamples=1 contactDistance=0.320 sl=0.371 c=0.089 cv=0.015 sf=3479.299 df=36.818 af=3516.117 Fz=2978.834 Fx=0.000 Fy=-0.000 k=0.000 a=0.000 p=(0.747,-0.000,-1.250) n=(-0.000,1.000,-0.000)
[DEBUG] [W] i=3 w=RR si=3 lp=(-0.760,-0.100,-1.250) o=(-0.760,0.334,-1.250) wp=(-0.747,0.320,-1.250) mw=(0.013,-0.014,0.000) pe2=(0.013,0.357,0.000) grounded=1 contactSamples=1 contactDistance=0.320 sl=0.371 c=0.089 cv=0.015 sf=3479.299 df=36.818 af=3516.117 Fz=2978.834 Fx=0.000 Fy=-0.000 k=0.000 a=0.000 p=(-0.747,-0.000,-1.250) n=(-0.000,1.000,-0.000)
[DEBUG] [Cornering] steerInput=0.000 frontSteerAngle=-0.000 yawRateY=0.000 rollRateZ=0.000 leftLoad=5957.667 rightLoad=5957.667 leftMinusRight=0.000
[DEBUG] [Energy] x=0.000 y=0.434 z=0.000 vx=0.000 vy=0.001 vz=0.000 total=5729.707 potential=5110.617 linear=0.000 angular=0.000 wheels=0.000 suspension=619.089 suspensionPower=6.085 suspensionResidual=-195.990
[DEBUG] [W] i=0 w=FL si=0 lp=(0.760,-0.100,1.250) o=(0.760,0.334,1.250) wp=(0.747,0.320,1.250) mw=(-0.013,-0.014,0.000) pe2=(-0.013,0.357,0.000) grounded=1 contactSamples=1 contactDistance=0.320 sl=0.371 c=0.089 cv=-0.015 sf=3474.514 df=-44.181 af=3430.333 Fz=2906.556 Fx=0.000 Fy=-0.000 k=0.000 a=0.000 p=(0.747,-0.000,1.250) n=(-0.000,1.000,-0.000)
[DEBUG] [W] i=1 w=FR si=1 lp=(-0.760,-0.100,1.250) o=(-0.760,0.334,1.250) wp=(-0.747,0.320,1.250) mw=(0.013,-0.014,0.000) pe2=(0.013,0.357,0.000) grounded=1 contactSamples=1 contactDistance=0.320 sl=0.371 c=0.089 cv=-0.015 sf=3474.514 df=-44.181 af=3430.333 Fz=2906.556 Fx=0.000 Fy=-0.000 k=0.000 a=0.000 p=(-0.747,-0.000,1.250) n=(-0.000,1.000,-0.000)
[DEBUG] [W] i=2 w=RL si=2 lp=(0.760,-0.100,-1.250) o=(0.760,0.334,-1.250) wp=(0.747,0.320,-1.250) mw=(-0.013,-0.014,0.000) pe2=(-0.013,0.357,0.000) grounded=1 contactSamples=1 contactDistance=0.320 sl=0.371 c=0.089 cv=-0.015 sf=3474.514 df=-44.181 af=3430.333 Fz=2906.556 Fx=0.000 Fy=-0.000 k=0.000 a=0.000 p=(0.747,-0.000,-1.250) n=(-0.000,1.000,-0.000)
[DEBUG] [W] i=3 w=RR si=3 lp=(-0.760,-0.100,-1.250) o=(-0.760,0.334,-1.250) wp=(-0.747,0.320,-1.250) mw=(0.013,-0.014,0.000) pe2=(0.013,0.357,0.000) grounded=1 contactSamples=1 contactDistance=0.320 sl=0.371 c=0.089 cv=-0.015 sf=3474.514 df=-44.181 af=3430.333 Fz=2906.556 Fx=0.000 Fy=-0.000 k=0.000 a=0.000 p=(-0.747,-0.000,-1.250) n=(-0.000,1.000,-0.000)
[DEBUG] [Cornering] steerInput=0.000 frontSteerAngle=-0.000 yawRateY=0.000 rollRateZ=0.000 leftLoad=5813.111 rightLoad=5813.111 leftMinusRight=0.000
[DEBUG] [W] i=0 w=FL si=0 lp=(0.760,-0.100,1.250) o=(0.760,0.334,1.250) wp=(0.747,0.320,1.250) mw=(-0.013,-0.014,0.000) pe2=(-0.013,0.357,0.000) grounded=1 contactSamples=1 contactDistance=0.320 sl=0.371 c=0.089 cv=-0.015 sf=3474.513 df=-44.181 af=3430.332 Fz=2906.555 Fx=0.000 Fy=-0.000 k=0.000 a=0.000 p=(0.747,-0.000,1.250) n=(-0.000,1.000,-0.000)
[DEBUG] [W] i=1 w=FR si=1 lp=(-0.760,-0.100,1.250) o=(-0.760,0.334,1.250) wp=(-0.747,0.320,1.250) mw=(0.013,-0.014,0.000) pe2=(0.013,0.357,0.000) grounded=1 contactSamples=1 contactDistance=0.320 sl=0.371 c=0.089 cv=-0.015 sf=3474.513 df=-44.181 af=3430.332 Fz=2906.555 Fx=0.000 Fy=-0.000 k=0.000 a=0.000 p=(-0.747,-0.000,1.250) n=(-0.000,1.000,-0.000)
[DEBUG] [W] i=2 w=RL si=2 lp=(0.760,-0.100,-1.250) o=(0.760,0.334,-1.250) wp=(0.747,0.320,-1.250) mw=(-0.013,-0.014,0.000) pe2=(-0.013,0.357,0.000) grounded=1 contactSamples=1 contactDistance=0.320 sl=0.371 c=0.089 cv=-0.015 sf=3474.513 df=-44.181 af=3430.332 Fz=2906.555 Fx=0.000 Fy=-0.000 k=0.000 a=0.000 p=(0.747,-0.000,-1.250) n=(-0.000,1.000,-0.000)
[DEBUG] [W] i=3 w=RR si=3 lp=(-0.760,-0.100,-1.250) o=(-0.760,0.334,-1.250) wp=(-0.747,0.320,-1.250) mw=(0.013,-0.014,0.000) pe2=(0.013,0.357,0.000) grounded=1 contactSamples=1 contactDistance=0.320 sl=0.371 c=0.089 cv=-0.015 sf=3474.513 df=-44.181 af=3430.332 Fz=2906.555 Fx=0.000 Fy=-0.000 k=0.000 a=0.000 p=(-0.747,-0.000,-1.250) n=(-0.000,1.000,-0.000)
[DEBUG] [Cornering] steerInput=0.000 frontSteerAngle=-0.000 yawRateY=0.000 rollRateZ=0.000 leftLoad=5813.110 rightLoad=5813.110 leftMinusRight=0.000
[INFO] [EnergyDelta] step=2520 t=21.000002 deltaFromBaseline=-11.520996 stepDelta=1.663574 integratedPowerA=164.528564 integratedPowerB=-41.862373 integratedSpringPower=-174.776337 integratedDamperPower=52.438797 integratedPowerBalanceResidual=0.328651
[INFO] [State] t=21.000002 y=0.434129 z=0.000000 vy=-0.000441 vz=0.000000 energy=5731.361816 compression=0.089213,0.089213,0.089213,0.089213
[DEBUG] [W] i=0 w=FL si=0 lp=(0.760,-0.100,1.250) o=(0.760,0.334,1.250) wp=(0.747,0.320,1.250) mw=(-0.013,-0.014,0.000) pe2=(-0.013,0.357,0.000) grounded=1 contactSamples=1 contactDistance=0.320 sl=0.371 c=0.089 cv=0.015 sf=3479.299 df=36.809 af=3516.108 Fz=2978.826 Fx=0.000 Fy=-0.000 k=0.000 a=0.000 p=(0.747,-0.000,1.250) n=(-0.000,1.000,-0.000)
[DEBUG] [W] i=1 w=FR si=1 lp=(-0.760,-0.100,1.250) o=(-0.760,0.334,1.250) wp=(-0.747,0.320,1.250) mw=(0.013,-0.014,0.000) pe2=(0.013,0.357,0.000) grounded=1 contactSamples=1 contactDistance=0.320 sl=0.371 c=0.089 cv=0.015 sf=3479.299 df=36.809 af=3516.108 Fz=2978.826 Fx=0.000 Fy=-0.000 k=0.000 a=0.000 p=(-0.747,-0.000,1.250) n=(-0.000,1.000,-0.000)
[DEBUG] [W] i=2 w=RL si=2 lp=(0.760,-0.100,-1.250) o=(0.760,0.334,-1.250) wp=(0.747,0.320,-1.250) mw=(-0.013,-0.014,0.000) pe2=(-0.013,0.357,0.000) grounded=1 contactSamples=1 contactDistance=0.320 sl=0.371 c=0.089 cv=0.015 sf=3479.299 df=36.809 af=3516.108 Fz=2978.826 Fx=0.000 Fy=-0.000 k=0.000 a=0.000 p=(0.747,-0.000,-1.250) n=(-0.000,1.000,-0.000)
[DEBUG] [W] i=3 w=RR si=3 lp=(-0.760,-0.100,-1.250) o=(-0.760,0.334,-1.250) wp=(-0.747,0.320,-1.250) mw=(0.013,-0.014,0.000) pe2=(0.013,0.357,0.000) grounded=1 contactSamples=1 contactDistance=0.320 sl=0.371 c=0.089 cv=0.015 sf=3479.299 df=36.809 af=3516.108 Fz=2978.826 Fx=0.000 Fy=-0.000 k=0.000 a=0.000 p=(-0.747,-0.000,-1.250) n=(-0.000,1.000,-0.000)
[DEBUG] [Cornering] steerInput=0.000 frontSteerAngle=-0.000 yawRateY=0.000 rollRateZ=0.000 leftLoad=5957.652 rightLoad=5957.652 leftMinusRight=0.000
[DEBUG] [W] i=0 w=FL si=0 lp=(0.760,-0.100,1.250) o=(0.760,0.334,1.250) wp=(0.747,0.320,1.250) mw=(-0.013,-0.014,0.000) pe2=(-0.013,0.357,0.000) grounded=1 contactSamples=1 contactDistance=0.320 sl=0.371 c=0.089 cv=-0.015 sf=3474.514 df=-44.171 af=3430.344 Fz=2906.565 Fx=0.000 Fy=-0.000 k=0.000 a=0.000 p=(0.747,-0.000,1.250) n=(-0.000,1.000,-0.000)
[DEBUG] [W] i=1 w=FR si=1 lp=(-0.760,-0.100,1.250) o=(-0.760,0.334,1.250) wp=(-0.747,0.320,1.250) mw=(0.013,-0.014,0.000) pe2=(0.013,0.357,0.000) grounded=1 contactSamples=1 contactDistance=0.320 sl=0.371 c=0.089 cv=-0.015 sf=3474.514 df=-44.171 af=3430.344 Fz=2906.565 Fx=0.000 Fy=-0.000 k=0.000 a=0.000 p=(-0.747,-0.000,1.250) n=(-0.000,1.000,-0.000)
[DEBUG] [W] i=2 w=RL si=2 lp=(0.760,-0.100,-1.250) o=(0.760,0.334,-1.250) wp=(0.747,0.320,-1.250) mw=(-0.013,-0.014,0.000) pe2=(-0.013,0.357,0.000) grounded=1 contactSamples=1 contactDistance=0.320 sl=0.371 c=0.089 cv=-0.015 sf=3474.514 df=-44.171 af=3430.344 Fz=2906.565 Fx=0.000 Fy=-0.000 k=0.000 a=0.000 p=(0.747,-0.000,-1.250) n=(-0.000,1.000,-0.000)
[DEBUG] [W] i=3 w=RR si=3 lp=(-0.760,-0.100,-1.250) o=(-0.760,0.334,-1.250) wp=(-0.747,0.320,-1.250) mw=(0.013,-0.014,0.000) pe2=(0.013,0.357,0.000) grounded=1 contactSamples=1 contactDistance=0.320 sl=0.371 c=0.089 cv=-0.015 sf=3474.514 df=-44.171 af=3430.344 Fz=2906.565 Fx=0.000 Fy=-0.000 k=0.000 a=0.000 p=(-0.747,-0.000,-1.250) n=(-0.000,1.000,-0.000)
[DEBUG] [Cornering] steerInput=0.000 frontSteerAngle=-0.000 yawRateY=0.000 rollRateZ=0.000 leftLoad=5813.129 rightLoad=5813.129 leftMinusRight=0.000
[DEBUG] [W] i=0 w=FL si=0 lp=(0.760,-0.100,1.250) o=(0.760,0.334,1.250) wp=(0.747,0.320,1.250) mw=(-0.013,-0.014,0.000) pe2=(-0.013,0.357,0.000) grounded=1 contactSamples=1 contactDistance=0.320 sl=0.371 c=0.089 cv=0.015 sf=3479.301 df=36.818 af=3516.118 Fz=2978.835 Fx=0.000 Fy=-0.000 k=0.000 a=0.000 p=(0.747,-0.000,1.250) n=(-0.000,1.000,-0.000)
[DEBUG] [W] i=1 w=FR si=1 lp=(-0.760,-0.100,1.250) o=(-0.760,0.334,1.250) wp=(-0.747,0.320,1.250) mw=(0.013,-0.014,0.000) pe2=(0.013,0.357,0.000) grounded=1 contactSamples=1 contactDistance=0.320 sl=0.371 c=0.089 cv=0.015 sf=3479.301 df=36.818 af=3516.118 Fz=2978.835 Fx=0.000 Fy=-0.000 k=0.000 a=0.000 p=(-0.747,-0.000,1.250) n=(-0.000,1.000,-0.000)
[DEBUG] [W] i=2 w=RL si=2 lp=(0.760,-0.100,-1.250) o=(0.760,0.334,-1.250) wp=(0.747,0.320,-1.250) mw=(-0.013,-0.014,0.000) pe2=(-0.013,0.357,0.000) grounded=1 contactSamples=1 contactDistance=0.320 sl=0.371 c=0.089 cv=0.015 sf=3479.301 df=36.818 af=3516.118 Fz=2978.835 Fx=0.000 Fy=-0.000 k=0.000 a=0.000 p=(0.747,-0.000,-1.250) n=(-0.000,1.000,-0.000)
[DEBUG] [W] i=3 w=RR si=3 lp=(-0.760,-0.100,-1.250) o=(-0.760,0.334,-1.250) wp=(-0.747,0.320,-1.250) mw=(0.013,-0.014,0.000) pe2=(0.013,0.357,0.000) grounded=1 contactSamples=1 contactDistance=0.320 sl=0.371 c=0.089 cv=0.015 sf=3479.301 df=36.818 af=3516.118 Fz=2978.835 Fx=0.000 Fy=-0.000 k=0.000 a=0.000 p=(-0.747,-0.000,-1.250) n=(-0.000,1.000,-0.000)
[DEBUG] [Cornering] steerInput=0.000 frontSteerAngle=-0.000 yawRateY=0.000 rollRateZ=0.000 leftLoad=5957.669 rightLoad=5957.669 leftMinusRight=0.000
[DEBUG] [Energy] x=0.000 y=0.434 z=0.000 vx=0.000 vy=-0.000 vz=0.000 total=5731.334 potential=5110.538 linear=0.000 angular=0.000 wheels=0.000 suspension=620.796 suspensionPower=-4.830 suspensionResidual=202.248
[DEBUG] [W] i=0 w=FL si=0 lp=(0.760,-0.100,1.250) o=(0.760,0.334,1.250) wp=(0.747,0.320,1.250) mw=(-0.013,-0.014,0.000) pe2=(-0.013,0.357,0.000) grounded=1 contactSamples=1 contactDistance=0.320 sl=0.371 c=0.089 cv=0.000 sf=3474.514 df=0.000 af=3474.514 Fz=2943.991 Fx=0.000 Fy=-0.000 k=0.000 a=0.000 p=(0.747,-0.000,1.250) n=(-0.000,1.000,-0.000)
[DEBUG] [W] i=1 w=FR si=1 lp=(-0.760,-0.100,1.250) o=(-0.760,0.334,1.250) wp=(-0.747,0.320,1.250) mw=(0.013,-0.014,0.000) pe2=(0.013,0.357,0.000) grounded=1 contactSamples=1 contactDistance=0.320 sl=0.371 c=0.089 cv=0.000 sf=3474.514 df=0.000 af=3474.514 Fz=2943.991 Fx=0.000 Fy=-0.000 k=0.000 a=0.000 p=(-0.747,-0.000,1.250) n=(-0.000,1.000,-0.000)
[DEBUG] [W] i=2 w=RL si=2 lp=(0.760,-0.100,-1.250) o=(0.760,0.334,-1.250) wp=(0.747,0.320,-1.250) mw=(-0.013,-0.014,0.000) pe2=(-0.013,0.357,0.000) grounded=1 contactSamples=1 contactDistance=0.320 sl=0.371 c=0.089 cv=0.000 sf=3474.514 df=0.000 af=3474.514 Fz=2943.991 Fx=0.000 Fy=-0.000 k=0.000 a=0.000 p=(0.747,-0.000,-1.250) n=(-0.000,1.000,-0.000)
[DEBUG] [W] i=3 w=RR si=3 lp=(-0.760,-0.100,-1.250) o=(-0.760,0.334,-1.250) wp=(-0.747,0.320,-1.250) mw=(0.013,-0.014,0.000) pe2=(0.013,0.357,0.000) grounded=1 contactSamples=1 contactDistance=0.320 sl=0.371 c=0.089 cv=0.000 sf=3474.514 df=0.000 af=3474.514 Fz=2943.991 Fx=0.000 Fy=-0.000 k=0.000 a=0.000 p=(-0.747,-0.000,-1.250) n=(-0.000,1.000,-0.000)
[DEBUG] [Cornering] steerInput=0.000 frontSteerAngle=-0.000 yawRateY=0.000 rollRateZ=0.000 leftLoad=5887.982 rightLoad=5887.982 leftMinusRight=0.000
[DEBUG] [W] i=0 w=FL si=0 lp=(0.760,-0.100,1.250) o=(0.760,0.334,1.250) wp=(0.747,0.320,1.250) mw=(-0.013,-0.014,0.000) pe2=(-0.013,0.357,0.000) grounded=1 contactSamples=1 contactDistance=0.320 sl=0.371 c=0.089 cv=-0.015 sf=3474.514 df=-44.171 af=3430.344 Fz=2906.565 Fx=0.000 Fy=-0.000 k=0.000 a=0.000 p=(0.747,-0.000,1.250) n=(-0.000,1.000,-0.000)
[DEBUG] [W] i=1 w=FR si=1 lp=(-0.760,-0.100,1.250) o=(-0.760,0.334,1.250) wp=(-0.747,0.320,1.250) mw=(0.013,-0.014,0.000) pe2=(0.013,0.357,0.000) grounded=1 contactSamples=1 contactDistance=0.320 sl=0.371 c=0.089 cv=-0.015 sf=3474.514 df=-44.171 af=3430.344 Fz=2906.565 Fx=0.000 Fy=-0.000 k=0.000 a=0.000 p=(-0.747,-0.000,1.250) n=(-0.000,1.000,-0.000)
[DEBUG] [W] i=2 w=RL si=2 lp=(0.760,-0.100,-1.250) o=(0.760,0.334,-1.250) wp=(0.747,0.320,-1.250) mw=(-0.013,-0.014,0.000) pe2=(-0.013,0.357,0.000) grounded=1 contactSamples=1 contactDistance=0.320 sl=0.371 c=0.089 cv=-0.015 sf=3474.514 df=-44.171 af=3430.344 Fz=2906.565 Fx=0.000 Fy=-0.000 k=0.000 a=0.000 p=(0.747,-0.000,-1.250) n=(-0.000,1.000,-0.000)
[DEBUG] [W] i=3 w=RR si=3 lp=(-0.760,-0.100,-1.250) o=(-0.760,0.334,-1.250) wp=(-0.747,0.320,-1.250) mw=(0.013,-0.014,0.000) pe2=(0.013,0.357,0.000) grounded=1 contactSamples=1 contactDistance=0.320 sl=0.371 c=0.089 cv=-0.015 sf=3474.514 df=-44.171 af=3430.344 Fz=2906.565 Fx=0.000 Fy=-0.000 k=0.000 a=0.000 p=(-0.747,-0.000,-1.250) n=(-0.000,1.000,-0.000)
[DEBUG] [Cornering] steerInput=0.000 frontSteerAngle=-0.000 yawRateY=0.000 rollRateZ=0.000 leftLoad=5813.129 rightLoad=5813.129 leftMinusRight=0.000
[INFO] [EnergyDelta] step=2580 t=21.500002 deltaFromBaseline=-11.530762 stepDelta=1.654297 integratedPowerA=164.486023 integratedPowerB=-42.950142 integratedSpringPower=-174.712555 integratedDamperPower=53.512222 integratedPowerBalanceResidual=0.335548
[INFO] [State] t=21.500002 y=0.434128 z=0.000000 vy=-0.000530 vz=0.000000 energy=5731.352051 compression=0.089213,0.089213,0.089213,0.089213
[DEBUG] [W] i=0 w=FL si=0 lp=(0.760,-0.100,1.250) o=(0.760,0.334,1.250) wp=(0.747,0.320,1.250) mw=(-0.013,-0.014,0.000) pe2=(-0.013,0.357,0.000) grounded=1 contactSamples=1 contactDistance=0.320 sl=0.371 c=0.089 cv=-0.015 sf=3474.514 df=-44.171 af=3430.344 Fz=2906.565 Fx=0.000 Fy=-0.000 k=0.000 a=0.000 p=(0.747,-0.000,1.250) n=(-0.000,1.000,-0.000)
[DEBUG] [W] i=1 w=FR si=1 lp=(-0.760,-0.100,1.250) o=(-0.760,0.334,1.250) wp=(-0.747,0.320,1.250) mw=(0.013,-0.014,0.000) pe2=(0.013,0.357,0.000) grounded=1 contactSamples=1 contactDistance=0.320 sl=0.371 c=0.089 cv=-0.015 sf=3474.514 df=-44.171 af=3430.344 Fz=2906.565 Fx=0.000 Fy=-0.000 k=0.000 a=0.000 p=(-0.747,-0.000,1.250) n=(-0.000,1.000,-0.000)
[DEBUG] [W] i=2 w=RL si=2 lp=(0.760,-0.100,-1.250) o=(0.760,0.334,-1.250) wp=(0.747,0.320,-1.250) mw=(-0.013,-0.014,0.000) pe2=(-0.013,0.357,0.000) grounded=1 contactSamples=1 contactDistance=0.320 sl=0.371 c=0.089 cv=-0.015 sf=3474.514 df=-44.171 af=3430.344 Fz=2906.565 Fx=0.000 Fy=-0.000 k=0.000 a=0.000 p=(0.747,-0.000,-1.250) n=(-0.000,1.000,-0.000)
[DEBUG] [W] i=3 w=RR si=3 lp=(-0.760,-0.100,-1.250) o=(-0.760,0.334,-1.250) wp=(-0.747,0.320,-1.250) mw=(0.013,-0.014,0.000) pe2=(0.013,0.357,0.000) grounded=1 contactSamples=1 contactDistance=0.320 sl=0.371 c=0.089 cv=-0.015 sf=3474.514 df=-44.171 af=3430.344 Fz=2906.565 Fx=0.000 Fy=-0.000 k=0.000 a=0.000 p=(-0.747,-0.000,-1.250) n=(-0.000,1.000,-0.000)
[DEBUG] [Cornering] steerInput=0.000 frontSteerAngle=-0.000 yawRateY=0.000 rollRateZ=0.000 leftLoad=5813.129 rightLoad=5813.129 leftMinusRight=0.000
[DEBUG] [W] i=0 w=FL si=0 lp=(0.760,-0.100,1.250) o=(0.760,0.334,1.250) wp=(0.747,0.320,1.250) mw=(-0.013,-0.014,0.000) pe2=(-0.013,0.357,0.000) grounded=1 contactSamples=1 contactDistance=0.320 sl=0.371 c=0.089 cv=-0.015 sf=3474.514 df=-44.181 af=3430.333 Fz=2906.556 Fx=0.000 Fy=-0.000 k=0.000 a=0.000 p=(0.747,-0.000,1.250) n=(-0.000,1.000,-0.000)
[DEBUG] [W] i=1 w=FR si=1 lp=(-0.760,-0.100,1.250) o=(-0.760,0.334,1.250) wp=(-0.747,0.320,1.250) mw=(0.013,-0.014,0.000) pe2=(0.013,0.357,0.000) grounded=1 contactSamples=1 contactDistance=0.320 sl=0.371 c=0.089 cv=-0.015 sf=3474.514 df=-44.181 af=3430.333 Fz=2906.556 Fx=0.000 Fy=-0.000 k=0.000 a=0.000 p=(-0.747,-0.000,1.250) n=(-0.000,1.000,-0.000)
[DEBUG] [W] i=2 w=RL si=2 lp=(0.760,-0.100,-1.250) o=(0.760,0.334,-1.250) wp=(0.747,0.320,-1.250) mw=(-0.013,-0.014,0.000) pe2=(-0.013,0.357,0.000) grounded=1 contactSamples=1 contactDistance=0.320 sl=0.371 c=0.089 cv=-0.015 sf=3474.514 df=-44.181 af=3430.333 Fz=2906.556 Fx=0.000 Fy=-0.000 k=0.000 a=0.000 p=(0.747,-0.000,-1.250) n=(-0.000,1.000,-0.000)
[DEBUG] [W] i=3 w=RR si=3 lp=(-0.760,-0.100,-1.250) o=(-0.760,0.334,-1.250) wp=(-0.747,0.320,-1.250) mw=(0.013,-0.014,0.000) pe2=(0.013,0.357,0.000) grounded=1 contactSamples=1 contactDistance=0.320 sl=0.371 c=0.089 cv=-0.015 sf=3474.514 df=-44.181 af=3430.333 Fz=2906.556 Fx=0.000 Fy=-0.000 k=0.000 a=0.000 p=(-0.747,-0.000,-1.250) n=(-0.000,1.000,-0.000)
[DEBUG] [Cornering] steerInput=0.000 frontSteerAngle=-0.000 yawRateY=0.000 rollRateZ=0.000 leftLoad=5813.111 rightLoad=5813.111 leftMinusRight=0.000
[DEBUG] [W] i=0 w=FL si=0 lp=(0.760,-0.100,1.250) o=(0.760,0.334,1.250) wp=(0.747,0.320,1.250) mw=(-0.013,-0.014,0.000) pe2=(-0.013,0.357,0.000) grounded=1 contactSamples=1 contactDistance=0.320 sl=0.371 c=0.089 cv=-0.015 sf=3474.514 df=-44.181 af=3430.333 Fz=2906.556 Fx=0.000 Fy=-0.000 k=0.000 a=0.000 p=(0.747,-0.000,1.250) n=(-0.000,1.000,-0.000)
[DEBUG] [W] i=1 w=FR si=1 lp=(-0.760,-0.100,1.250) o=(-0.760,0.334,1.250) wp=(-0.747,0.320,1.250) mw=(0.013,-0.014,0.000) pe2=(0.013,0.357,0.000) grounded=1 contactSamples=1 contactDistance=0.320 sl=0.371 c=0.089 cv=-0.015 sf=3474.514 df=-44.181 af=3430.333 Fz=2906.556 Fx=0.000 Fy=-0.000 k=0.000 a=0.000 p=(-0.747,-0.000,1.250) n=(-0.000,1.000,-0.000)
[DEBUG] [W] i=2 w=RL si=2 lp=(0.760,-0.100,-1.250) o=(0.760,0.334,-1.250) wp=(0.747,0.320,-1.250) mw=(-0.013,-0.014,0.000) pe2=(-0.013,0.357,0.000) grounded=1 contactSamples=1 contactDistance=0.320 sl=0.371 c=0.089 cv=-0.015 sf=3474.514 df=-44.181 af=3430.333 Fz=2906.556 Fx=0.000 Fy=-0.000 k=0.000 a=0.000 p=(0.747,-0.000,-1.250) n=(-0.000,1.000,-0.000)
[DEBUG] [W] i=3 w=RR si=3 lp=(-0.760,-0.100,-1.250) o=(-0.760,0.334,-1.250) wp=(-0.747,0.320,-1.250) mw=(0.013,-0.014,0.000) pe2=(0.013,0.357,0.000) grounded=1 contactSamples=1 contactDistance=0.320 sl=0.371 c=0.089 cv=-0.015 sf=3474.514 df=-44.181 af=3430.333 Fz=2906.556 Fx=0.000 Fy=-0.000 k=0.000 a=0.000 p=(-0.747,-0.000,-1.250) n=(-0.000,1.000,-0.000)
[DEBUG] [Cornering] steerInput=0.000 frontSteerAngle=-0.000 yawRateY=0.000 rollRateZ=0.000 leftLoad=5813.111 rightLoad=5813.111 leftMinusRight=0.000
[DEBUG] [Energy] x=0.000 y=0.434 z=0.000 vx=0.000 vy=-0.001 vz=0.000 total=5731.354 potential=5110.558 linear=0.000 angular=0.000 wheels=0.000 suspension=620.797 suspensionPower=-6.434 suspensionResidual=200.746
[DEBUG] [W] i=0 w=FL si=0 lp=(0.760,-0.100,1.250) o=(0.760,0.334,1.250) wp=(0.747,0.320,1.250) mw=(-0.013,-0.014,0.000) pe2=(-0.013,0.357,0.000) grounded=1 contactSamples=1 contactDistance=0.320 sl=0.371 c=0.089 cv=-0.015 sf=3474.514 df=-44.181 af=3430.333 Fz=2906.556 Fx=0.000 Fy=-0.000 k=0.000 a=0.000 p=(0.747,-0.000,1.250) n=(-0.000,1.000,-0.000)
[DEBUG] [W] i=1 w=FR si=1 lp=(-0.760,-0.100,1.250) o=(-0.760,0.334,1.250) wp=(-0.747,0.320,1.250) mw=(0.013,-0.014,0.000) pe2=(0.013,0.357,0.000) grounded=1 contactSamples=1 contactDistance=0.320 sl=0.371 c=0.089 cv=-0.015 sf=3474.514 df=-44.181 af=3430.333 Fz=2906.556 Fx=0.000 Fy=-0.000 k=0.000 a=0.000 p=(-0.747,-0.000,1.250) n=(-0.000,1.000,-0.000)
[DEBUG] [W] i=2 w=RL si=2 lp=(0.760,-0.100,-1.250) o=(0.760,0.334,-1.250) wp=(0.747,0.320,-1.250) mw=(-0.013,-0.014,0.000) pe2=(-0.013,0.357,0.000) grounded=1 contactSamples=1 contactDistance=0.320 sl=0.371 c=0.089 cv=-0.015 sf=3474.514 df=-44.181 af=3430.333 Fz=2906.556 Fx=0.000 Fy=-0.000 k=0.000 a=0.000 p=(0.747,-0.000,-1.250) n=(-0.000,1.000,-0.000)
[DEBUG] [W] i=3 w=RR si=3 lp=(-0.760,-0.100,-1.250) o=(-0.760,0.334,-1.250) wp=(-0.747,0.320,-1.250) mw=(0.013,-0.014,0.000) pe2=(0.013,0.357,0.000) grounded=1 contactSamples=1 contactDistance=0.320 sl=0.371 c=0.089 cv=-0.015 sf=3474.514 df=-44.181 af=3430.333 Fz=2906.556 Fx=0.000 Fy=-0.000 k=0.000 a=0.000 p=(-0.747,-0.000,-1.250) n=(-0.000,1.000,-0.000)
[DEBUG] [Cornering] steerInput=0.000 frontSteerAngle=-0.000 yawRateY=0.000 rollRateZ=0.000 leftLoad=5813.111 rightLoad=5813.111 leftMinusRight=0.000
[DEBUG] [W] i=0 w=FL si=0 lp=(0.760,-0.100,1.250) o=(0.760,0.334,1.250) wp=(0.747,0.320,1.250) mw=(-0.013,-0.014,0.000) pe2=(-0.013,0.357,0.000) grounded=1 contactSamples=1 contactDistance=0.320 sl=0.371 c=0.089 cv=0.015 sf=3479.299 df=36.809 af=3516.108 Fz=2978.826 Fx=0.000 Fy=-0.000 k=0.000 a=0.000 p=(0.747,-0.000,1.250) n=(-0.000,1.000,-0.000)
[DEBUG] [W] i=1 w=FR si=1 lp=(-0.760,-0.100,1.250) o=(-0.760,0.334,1.250) wp=(-0.747,0.320,1.250) mw=(0.013,-0.014,0.000) pe2=(0.013,0.357,0.000) grounded=1 contactSamples=1 contactDistance=0.320 sl=0.371 c=0.089 cv=0.015 sf=3479.299 df=36.809 af=3516.108 Fz=2978.826 Fx=0.000 Fy=-0.000 k=0.000 a=0.000 p=(-0.747,-0.000,1.250) n=(-0.000,1.000,-0.000)
[DEBUG] [W] i=2 w=RL si=2 lp=(0.760,-0.100,-1.250) o=(0.760,0.334,-1.250) wp=(0.747,0.320,-1.250) mw=(-0.013,-0.014,0.000) pe2=(-0.013,0.357,0.000) grounded=1 contactSamples=1 contactDistance=0.320 sl=0.371 c=0.089 cv=0.015 sf=3479.299 df=36.809 af=3516.108 Fz=2978.826 Fx=0.000 Fy=-0.000 k=0.000 a=0.000 p=(0.747,-0.000,-1.250) n=(-0.000,1.000,-0.000)
[DEBUG] [W] i=3 w=RR si=3 lp=(-0.760,-0.100,-1.250) o=(-0.760,0.334,-1.250) wp=(-0.747,0.320,-1.250) mw=(0.013,-0.014,0.000) pe2=(0.013,0.357,0.000) grounded=1 contactSamples=1 contactDistance=0.320 sl=0.371 c=0.089 cv=0.015 sf=3479.299 df=36.809 af=3516.108 Fz=2978.826 Fx=0.000 Fy=-0.000 k=0.000 a=0.000 p=(-0.747,-0.000,-1.250) n=(-0.000,1.000,-0.000)
[DEBUG] [Cornering] steerInput=0.000 frontSteerAngle=-0.000 yawRateY=0.000 rollRateZ=0.000 leftLoad=5957.652 rightLoad=5957.652 leftMinusRight=0.000
[INFO] [EnergyDelta] step=2640 t=22.000002 deltaFromBaseline=-13.197754 stepDelta=-1.662109 integratedPowerA=164.492371 integratedPowerB=-42.402428 integratedSpringPower=-176.354401 integratedDamperPower=54.607315 integratedPowerBalanceResidual=0.342857
[INFO] [State] t=22.000002 y=0.434131 z=0.000000 vy=0.000449 vz=0.000000 energy=5729.685059 compression=0.089090,0.089090,0.089090,0.089090
[DEBUG] [W] i=0 w=FL si=0 lp=(0.760,-0.100,1.250) o=(0.760,0.334,1.250) wp=(0.747,0.320,1.250) mw=(-0.013,-0.014,0.000) pe2=(-0.013,0.357,0.000) grounded=1 contactSamples=1 contactDistance=0.320 sl=0.371 c=0.089 cv=0.015 sf=3479.299 df=36.809 af=3516.108 Fz=2978.826 Fx=0.000 Fy=-0.000 k=0.000 a=0.000 p=(0.747,-0.000,1.250) n=(-0.000,1.000,-0.000)
[DEBUG] [W] i=1 w=FR si=1 lp=(-0.760,-0.100,1.250) o=(-0.760,0.334,1.250) wp=(-0.747,0.320,1.250) mw=(0.013,-0.014,0.000) pe2=(0.013,0.357,0.000) grounded=1 contactSamples=1 contactDistance=0.320 sl=0.371 c=0.089 cv=0.015 sf=3479.299 df=36.809 af=3516.108 Fz=2978.826 Fx=0.000 Fy=-0.000 k=0.000 a=0.000 p=(-0.747,-0.000,1.250) n=(-0.000,1.000,-0.000)
[DEBUG] [W] i=2 w=RL si=2 lp=(0.760,-0.100,-1.250) o=(0.760,0.334,-1.250) wp=(0.747,0.320,-1.250) mw=(-0.013,-0.014,0.000) pe2=(-0.013,0.357,0.000) grounded=1 contactSamples=1 contactDistance=0.320 sl=0.371 c=0.089 cv=0.015 sf=3479.299 df=36.809 af=3516.108 Fz=2978.826 Fx=0.000 Fy=-0.000 k=0.000 a=0.000 p=(0.747,-0.000,-1.250) n=(-0.000,1.000,-0.000)
[DEBUG] [W] i=3 w=RR si=3 lp=(-0.760,-0.100,-1.250) o=(-0.760,0.334,-1.250) wp=(-0.747,0.320,-1.250) mw=(0.013,-0.014,0.000) pe2=(0.013,0.357,0.000) grounded=1 contactSamples=1 contactDistance=0.320 sl=0.371 c=0.089 cv=0.015 sf=3479.299 df=36.809 af=3516.108 Fz=2978.826 Fx=0.000 Fy=-0.000 k=0.000 a=0.000 p=(-0.747,-0.000,-1.250) n=(-0.000,1.000,-0.000)
[DEBUG] [Cornering] steerInput=0.000 frontSteerAngle=-0.000 yawRateY=0.000 rollRateZ=0.000 leftLoad=5957.652 rightLoad=5957.652 leftMinusRight=0.000
[DEBUG] [W] i=0 w=FL si=0 lp=(0.760,-0.100,1.250) o=(0.760,0.334,1.250) wp=(0.747,0.320,1.250) mw=(-0.013,-0.014,0.000) pe2=(-0.013,0.357,0.000) grounded=1 contactSamples=1 contactDistance=0.320 sl=0.371 c=0.089 cv=0.015 sf=3479.299 df=36.809 af=3516.108 Fz=2978.826 Fx=0.000 Fy=-0.000 k=0.000 a=0.000 p=(0.747,-0.000,1.250) n=(-0.000,1.000,-0.000)
[DEBUG] [W] i=1 w=FR si=1 lp=(-0.760,-0.100,1.250) o=(-0.760,0.334,1.250) wp=(-0.747,0.320,1.250) mw=(0.013,-0.014,0.000) pe2=(0.013,0.357,0.000) grounded=1 contactSamples=1 contactDistance=0.320 sl=0.371 c=0.089 cv=0.015 sf=3479.299 df=36.809 af=3516.108 Fz=2978.826 Fx=0.000 Fy=-0.000 k=0.000 a=0.000 p=(-0.747,-0.000,1.250) n=(-0.000,1.000,-0.000)
[DEBUG] [W] i=2 w=RL si=2 lp=(0.760,-0.100,-1.250) o=(0.760,0.334,-1.250) wp=(0.747,0.320,-1.250) mw=(-0.013,-0.014,0.000) pe2=(-0.013,0.357,0.000) grounded=1 contactSamples=1 contactDistance=0.320 sl=0.371 c=0.089 cv=0.015 sf=3479.299 df=36.809 af=3516.108 Fz=2978.826 Fx=0.000 Fy=-0.000 k=0.000 a=0.000 p=(0.747,-0.000,-1.250) n=(-0.000,1.000,-0.000)
[DEBUG] [W] i=3 w=RR si=3 lp=(-0.760,-0.100,-1.250) o=(-0.760,0.334,-1.250) wp=(-0.747,0.320,-1.250) mw=(0.013,-0.014,0.000) pe2=(0.013,0.357,0.000) grounded=1 contactSamples=1 contactDistance=0.320 sl=0.371 c=0.089 cv=0.015 sf=3479.299 df=36.809 af=3516.108 Fz=2978.826 Fx=0.000 Fy=-0.000 k=0.000 a=0.000 p=(-0.747,-0.000,-1.250) n=(-0.000,1.000,-0.000)
[DEBUG] [Cornering] steerInput=0.000 frontSteerAngle=-0.000 yawRateY=0.000 rollRateZ=0.000 leftLoad=5957.652 rightLoad=5957.652 leftMinusRight=0.000
[DEBUG] [W] i=0 w=FL si=0 lp=(0.760,-0.100,1.250) o=(0.760,0.334,1.250) wp=(0.747,0.320,1.250) mw=(-0.013,-0.014,0.000) pe2=(-0.013,0.357,0.000) grounded=1 contactSamples=1 contactDistance=0.320 sl=0.371 c=0.089 cv=0.015 sf=3479.299 df=36.809 af=3516.108 Fz=2978.826 Fx=0.000 Fy=-0.000 k=0.000 a=0.000 p=(0.747,-0.000,1.250) n=(-0.000,1.000,-0.000)
[DEBUG] [W] i=1 w=FR si=1 lp=(-0.760,-0.100,1.250) o=(-0.760,0.334,1.250) wp=(-0.747,0.320,1.250) mw=(0.013,-0.014,0.000) pe2=(0.013,0.357,0.000) grounded=1 contactSamples=1 contactDistance=0.320 sl=0.371 c=0.089 cv=0.015 sf=3479.299 df=36.809 af=3516.108 Fz=2978.826 Fx=0.000 Fy=-0.000 k=0.000 a=0.000 p=(-0.747,-0.000,1.250) n=(-0.000,1.000,-0.000)
[DEBUG] [W] i=2 w=RL si=2 lp=(0.760,-0.100,-1.250) o=(0.760,0.334,-1.250) wp=(0.747,0.320,-1.250) mw=(-0.013,-0.014,0.000) pe2=(-0.013,0.357,0.000) grounded=1 contactSamples=1 contactDistance=0.320 sl=0.371 c=0.089 cv=0.015 sf=3479.299 df=36.809 af=3516.108 Fz=2978.826 Fx=0.000 Fy=-0.000 k=0.000 a=0.000 p=(0.747,-0.000,-1.250) n=(-0.000,1.000,-0.000)
[DEBUG] [W] i=3 w=RR si=3 lp=(-0.760,-0.100,-1.250) o=(-0.760,0.334,-1.250) wp=(-0.747,0.320,-1.250) mw=(0.013,-0.014,0.000) pe2=(0.013,0.357,0.000) grounded=1 contactSamples=1 contactDistance=0.320 sl=0.371 c=0.089 cv=0.015 sf=3479.299 df=36.809 af=3516.108 Fz=2978.826 Fx=0.000 Fy=-0.000 k=0.000 a=0.000 p=(-0.747,-0.000,-1.250) n=(-0.000,1.000,-0.000)
[DEBUG] [Cornering] steerInput=0.000 frontSteerAngle=-0.000 yawRateY=0.000 rollRateZ=0.000 leftLoad=5957.652 rightLoad=5957.652 leftMinusRight=0.000
[DEBUG] [Energy] x=0.000 y=0.434 z=0.000 vx=0.000 vy=-0.000 vz=0.000 total=5731.334 potential=5110.538 linear=0.000 angular=0.000 wheels=0.000 suspension=620.797 suspensionPower=-4.757 suspensionResidual=202.372
[DEBUG] [W] i=0 w=FL si=0 lp=(0.760,-0.100,1.250) o=(0.760,0.334,1.250) wp=(0.747,0.320,1.250) mw=(-0.013,-0.014,0.000) pe2=(-0.013,0.357,0.000) grounded=1 contactSamples=1 contactDistance=0.320 sl=0.371 c=0.089 cv=0.000 sf=3474.514 df=0.009 af=3474.523 Fz=2943.999 Fx=0.000 Fy=-0.000 k=0.000 a=0.000 p=(0.747,-0.000,1.250) n=(-0.000,1.000,-0.000)
[DEBUG] [W] i=1 w=FR si=1 lp=(-0.760,-0.100,1.250) o=(-0.760,0.334,1.250) wp=(-0.747,0.320,1.250) mw=(0.013,-0.014,0.000) pe2=(0.013,0.357,0.000) grounded=1 contactSamples=1 contactDistance=0.320 sl=0.371 c=0.089 cv=0.000 sf=3474.514 df=0.009 af=3474.523 Fz=2943.999 Fx=0.000 Fy=-0.000 k=0.000 a=0.000 p=(-0.747,-0.000,1.250) n=(-0.000,1.000,-0.000)
[DEBUG] [W] i=2 w=RL si=2 lp=(0.760,-0.100,-1.250) o=(0.760,0.334,-1.250) wp=(0.747,0.320,-1.250) mw=(-0.013,-0.014,0.000) pe2=(-0.013,0.357,0.000) grounded=1 contactSamples=1 contactDistance=0.320 sl=0.371 c=0.089 cv=0.000 sf=3474.514 df=0.009 af=3474.523 Fz=2943.999 Fx=0.000 Fy=-0.000 k=0.000 a=0.000 p=(0.747,-0.000,-1.250) n=(-0.000,1.000,-0.000)
[DEBUG] [W] i=3 w=RR si=3 lp=(-0.760,-0.100,-1.250) o=(-0.760,0.334,-1.250) wp=(-0.747,0.320,-1.250) mw=(0.013,-0.014,0.000) pe2=(0.013,0.357,0.000) grounded=1 contactSamples=1 contactDistance=0.320 sl=0.371 c=0.089 cv=0.000 sf=3474.514 df=0.009 af=3474.523 Fz=2943.999 Fx=0.000 Fy=-0.000 k=0.000 a=0.000 p=(-0.747,-0.000,-1.250) n=(-0.000,1.000,-0.000)
[DEBUG] [Cornering] steerInput=0.000 frontSteerAngle=-0.000 yawRateY=0.000 rollRateZ=0.000 leftLoad=5887.998 rightLoad=5887.998 leftMinusRight=0.000
[DEBUG] [W] i=0 w=FL si=0 lp=(0.760,-0.100,1.250) o=(0.760,0.334,1.250) wp=(0.747,0.320,1.250) mw=(-0.013,-0.014,0.000) pe2=(-0.013,0.357,0.000) grounded=1 contactSamples=1 contactDistance=0.320 sl=0.371 c=0.089 cv=0.015 sf=3479.299 df=36.818 af=3516.117 Fz=2978.834 Fx=0.000 Fy=-0.000 k=0.000 a=0.000 p=(0.747,-0.000,1.250) n=(-0.000,1.000,-0.000)
[DEBUG] [W] i=1 w=FR si=1 lp=(-0.760,-0.100,1.250) o=(-0.760,0.334,1.250) wp=(-0.747,0.320,1.250) mw=(0.013,-0.014,0.000) pe2=(0.013,0.357,0.000) grounded=1 contactSamples=1 contactDistance=0.320 sl=0.371 c=0.089 cv=0.015 sf=3479.299 df=36.818 af=3516.117 Fz=2978.834 Fx=0.000 Fy=-0.000 k=0.000 a=0.000 p=(-0.747,-0.000,1.250) n=(-0.000,1.000,-0.000)
[DEBUG] [W] i=2 w=RL si=2 lp=(0.760,-0.100,-1.250) o=(0.760,0.334,-1.250) wp=(0.747,0.320,-1.250) mw=(-0.013,-0.014,0.000) pe2=(-0.013,0.357,0.000) grounded=1 contactSamples=1 contactDistance=0.320 sl=0.371 c=0.089 cv=0.015 sf=3479.299 df=36.818 af=3516.117 Fz=2978.834 Fx=0.000 Fy=-0.000 k=0.000 a=0.000 p=(0.747,-0.000,-1.250) n=(-0.000,1.000,-0.000)
[DEBUG] [W] i=3 w=RR si=3 lp=(-0.760,-0.100,-1.250) o=(-0.760,0.334,-1.250) wp=(-0.747,0.320,-1.250) mw=(0.013,-0.014,0.000) pe2=(0.013,0.357,0.000) grounded=1 contactSamples=1 contactDistance=0.320 sl=0.371 c=0.089 cv=0.015 sf=3479.299 df=36.818 af=3516.117 Fz=2978.834 Fx=0.000 Fy=-0.000 k=0.000 a=0.000 p=(-0.747,-0.000,-1.250) n=(-0.000,1.000,-0.000)
[DEBUG] [Cornering] steerInput=0.000 frontSteerAngle=-0.000 yawRateY=0.000 rollRateZ=0.000 leftLoad=5957.667 rightLoad=5957.667 leftMinusRight=0.000
[INFO] [EnergyDelta] step=2700 t=22.500002 deltaFromBaseline=-13.193848 stepDelta=-1.653809 integratedPowerA=164.465210 integratedPowerB=-43.463524 integratedSpringPower=-176.292999 integratedDamperPower=55.640884 integratedPowerBalanceResidual=0.349571
[INFO] [State] t=22.500002 y=0.434132 z=0.000000 vy=0.000532 vz=0.000000 energy=5729.688965 compression=0.089090,0.089090,0.089090,0.089090
[DEBUG] [W] i=0 w=FL si=0 lp=(0.760,-0.100,1.250) o=(0.760,0.334,1.250) wp=(0.747,0.320,1.250) mw=(-0.013,-0.014,0.000) pe2=(-0.013,0.357,0.000) grounded=1 contactSamples=1 contactDistance=0.320 sl=0.371 c=0.089 cv=0.015 sf=3479.299 df=36.818 af=3516.117 Fz=2978.834 Fx=0.000 Fy=-0.000 k=0.000 a=0.000 p=(0.747,-0.000,1.250) n=(-0.000,1.000,-0.000)
[DEBUG] [W] i=1 w=FR si=1 lp=(-0.760,-0.100,1.250) o=(-0.760,0.334,1.250) wp=(-0.747,0.320,1.250) mw=(0.013,-0.014,0.000) pe2=(0.013,0.357,0.000) grounded=1 contactSamples=1 contactDistance=0.320 sl=0.371 c=0.089 cv=0.015 sf=3479.299 df=36.818 af=3516.117 Fz=2978.834 Fx=0.000 Fy=-0.000 k=0.000 a=0.000 p=(-0.747,-0.000,1.250) n=(-0.000,1.000,-0.000)
[DEBUG] [W] i=2 w=RL si=2 lp=(0.760,-0.100,-1.250) o=(0.760,0.334,-1.250) wp=(0.747,0.320,-1.250) mw=(-0.013,-0.014,0.000) pe2=(-0.013,0.357,0.000) grounded=1 contactSamples=1 contactDistance=0.320 sl=0.371 c=0.089 cv=0.015 sf=3479.299 df=36.818 af=3516.117 Fz=2978.834 Fx=0.000 Fy=-0.000 k=0.000 a=0.000 p=(0.747,-0.000,-1.250) n=(-0.000,1.000,-0.000)
[DEBUG] [W] i=3 w=RR si=3 lp=(-0.760,-0.100,-1.250) o=(-0.760,0.334,-1.250) wp=(-0.747,0.320,-1.250) mw=(0.013,-0.014,0.000) pe2=(0.013,0.357,0.000) grounded=1 contactSamples=1 contactDistance=0.320 sl=0.371 c=0.089 cv=0.015 sf=3479.299 df=36.818 af=3516.117 Fz=2978.834 Fx=0.000 Fy=-0.000 k=0.000 a=0.000 p=(-0.747,-0.000,-1.250) n=(-0.000,1.000,-0.000)
[DEBUG] [Cornering] steerInput=0.000 frontSteerAngle=-0.000 yawRateY=0.000 rollRateZ=0.000 leftLoad=5957.667 rightLoad=5957.667 leftMinusRight=0.000
[DEBUG] [W] i=0 w=FL si=0 lp=(0.760,-0.100,1.250) o=(0.760,0.334,1.250) wp=(0.747,0.320,1.250) mw=(-0.013,-0.014,0.000) pe2=(-0.013,0.357,0.000) grounded=1 contactSamples=1 contactDistance=0.320 sl=0.371 c=0.089 cv=-0.015 sf=3474.513 df=-44.192 af=3430.321 Fz=2906.546 Fx=0.000 Fy=-0.000 k=0.000 a=0.000 p=(0.747,-0.000,1.250) n=(-0.000,1.000,-0.000)
[DEBUG] [W] i=1 w=FR si=1 lp=(-0.760,-0.100,1.250) o=(-0.760,0.334,1.250) wp=(-0.747,0.320,1.250) mw=(0.013,-0.014,0.000) pe2=(0.013,0.357,0.000) grounded=1 contactSamples=1 contactDistance=0.320 sl=0.371 c=0.089 cv=-0.015 sf=3474.513 df=-44.192 af=3430.321 Fz=2906.546 Fx=0.000 Fy=-0.000 k=0.000 a=0.000 p=(-0.747,-0.000,1.250) n=(-0.000,1.000,-0.000)
[DEBUG] [W] i=2 w=RL si=2 lp=(0.760,-0.100,-1.250) o=(0.760,0.334,-1.250) wp=(0.747,0.320,-1.250) mw=(-0.013,-0.014,0.000) pe2=(-0.013,0.357,0.000) grounded=1 contactSamples=1 contactDistance=0.320 sl=0.371 c=0.089 cv=-0.015 sf=3474.513 df=-44.192 af=3430.321 Fz=2906.546 Fx=0.000 Fy=-0.000 k=0.000 a=0.000 p=(0.747,-0.000,-1.250) n=(-0.000,1.000,-0.000)
[DEBUG] [W] i=3 w=RR si=3 lp=(-0.760,-0.100,-1.250) o=(-0.760,0.334,-1.250) wp=(-0.747,0.320,-1.250) mw=(0.013,-0.014,0.000) pe2=(0.013,0.357,0.000) grounded=1 contactSamples=1 contactDistance=0.320 sl=0.371 c=0.089 cv=-0.015 sf=3474.513 df=-44.192 af=3430.321 Fz=2906.546 Fx=0.000 Fy=-0.000 k=0.000 a=0.000 p=(-0.747,-0.000,-1.250) n=(-0.000,1.000,-0.000)
[DEBUG] [Cornering] steerInput=0.000 frontSteerAngle=-0.000 yawRateY=0.000 rollRateZ=0.000 leftLoad=5813.091 rightLoad=5813.091 leftMinusRight=0.000
[DEBUG] [W] i=0 w=FL si=0 lp=(0.760,-0.100,1.250) o=(0.760,0.334,1.250) wp=(0.747,0.320,1.250) mw=(-0.013,-0.014,0.000) pe2=(-0.013,0.357,0.000) grounded=1 contactSamples=1 contactDistance=0.320 sl=0.371 c=0.089 cv=0.015 sf=3479.301 df=36.818 af=3516.118 Fz=2978.835 Fx=0.000 Fy=-0.000 k=0.000 a=0.000 p=(0.747,-0.000,1.250) n=(-0.000,1.000,-0.000)
[DEBUG] [W] i=1 w=FR si=1 lp=(-0.760,-0.100,1.250) o=(-0.760,0.334,1.250) wp=(-0.747,0.320,1.250) mw=(0.013,-0.014,0.000) pe2=(0.013,0.357,0.000) grounded=1 contactSamples=1 contactDistance=0.320 sl=0.371 c=0.089 cv=0.015 sf=3479.301 df=36.818 af=3516.118 Fz=2978.835 Fx=0.000 Fy=-0.000 k=0.000 a=0.000 p=(-0.747,-0.000,1.250) n=(-0.000,1.000,-0.000)
[DEBUG] [W] i=2 w=RL si=2 lp=(0.760,-0.100,-1.250) o=(0.760,0.334,-1.250) wp=(0.747,0.320,-1.250) mw=(-0.013,-0.014,0.000) pe2=(-0.013,0.357,0.000) grounded=1 contactSamples=1 contactDistance=0.320 sl=0.371 c=0.089 cv=0.015 sf=3479.301 df=36.818 af=3516.118 Fz=2978.835 Fx=0.000 Fy=-0.000 k=0.000 a=0.000 p=(0.747,-0.000,-1.250) n=(-0.000,1.000,-0.000)
[DEBUG] [W] i=3 w=RR si=3 lp=(-0.760,-0.100,-1.250) o=(-0.760,0.334,-1.250) wp=(-0.747,0.320,-1.250) mw=(0.013,-0.014,0.000) pe2=(0.013,0.357,0.000) grounded=1 contactSamples=1 contactDistance=0.320 sl=0.371 c=0.089 cv=0.015 sf=3479.301 df=36.818 af=3516.118 Fz=2978.835 Fx=0.000 Fy=-0.000 k=0.000 a=0.000 p=(-0.747,-0.000,-1.250) n=(-0.000,1.000,-0.000)
[DEBUG] [Cornering] steerInput=0.000 frontSteerAngle=-0.000 yawRateY=0.000 rollRateZ=0.000 leftLoad=5957.669 rightLoad=5957.669 leftMinusRight=0.000
[DEBUG] [Energy] x=0.000 y=0.434 z=0.000 vx=0.000 vy=0.000 vz=0.000 total=5729.674 potential=5110.585 linear=0.000 angular=0.000 wheels=0.000 suspension=619.089 suspensionPower=5.048 suspensionResidual=-197.076
[DEBUG] [W] i=0 w=FL si=0 lp=(0.760,-0.100,1.250) o=(0.760,0.334,1.250) wp=(0.747,0.320,1.250) mw=(-0.013,-0.014,0.000) pe2=(-0.013,0.357,0.000) grounded=1 contactSamples=1 contactDistance=0.320 sl=0.371 c=0.089 cv=0.015 sf=3479.301 df=36.818 af=3516.118 Fz=2978.835 Fx=0.000 Fy=-0.000 k=0.000 a=0.000 p=(0.747,-0.000,1.250) n=(-0.000,1.000,-0.000)
[DEBUG] [W] i=1 w=FR si=1 lp=(-0.760,-0.100,1.250) o=(-0.760,0.334,1.250) wp=(-0.747,0.320,1.250) mw=(0.013,-0.014,0.000) pe2=(0.013,0.357,0.000) grounded=1 contactSamples=1 contactDistance=0.320 sl=0.371 c=0.089 cv=0.015 sf=3479.301 df=36.818 af=3516.118 Fz=2978.835 Fx=0.000 Fy=-0.000 k=0.000 a=0.000 p=(-0.747,-0.000,1.250) n=(-0.000,1.000,-0.000)
[DEBUG] [W] i=2 w=RL si=2 lp=(0.760,-0.100,-1.250) o=(0.760,0.334,-1.250) wp=(0.747,0.320,-1.250) mw=(-0.013,-0.014,0.000) pe2=(-0.013,0.357,0.000) grounded=1 contactSamples=1 contactDistance=0.320 sl=0.371 c=0.089 cv=0.015 sf=3479.301 df=36.818 af=3516.118 Fz=2978.835 Fx=0.000 Fy=-0.000 k=0.000 a=0.000 p=(0.747,-0.000,-1.250) n=(-0.000,1.000,-0.000)
[DEBUG] [W] i=3 w=RR si=3 lp=(-0.760,-0.100,-1.250) o=(-0.760,0.334,-1.250) wp=(-0.747,0.320,-1.250) mw=(0.013,-0.014,0.000) pe2=(0.013,0.357,0.000) grounded=1 contactSamples=1 contactDistance=0.320 sl=0.371 c=0.089 cv=0.015 sf=3479.301 df=36.818 af=3516.118 Fz=2978.835 Fx=0.000 Fy=-0.000 k=0.000 a=0.000 p=(-0.747,-0.000,-1.250) n=(-0.000,1.000,-0.000)
[DEBUG] [Cornering] steerInput=0.000 frontSteerAngle=-0.000 yawRateY=0.000 rollRateZ=0.000 leftLoad=5957.669 rightLoad=5957.669 leftMinusRight=0.000
[DEBUG] [W] i=0 w=FL si=0 lp=(0.760,-0.100,1.250) o=(0.760,0.334,1.250) wp=(0.747,0.320,1.250) mw=(-0.013,-0.014,0.000) pe2=(-0.013,0.357,0.000) grounded=1 contactSamples=1 contactDistance=0.320 sl=0.371 c=0.089 cv=-0.015 sf=3474.514 df=-44.181 af=3430.333 Fz=2906.556 Fx=0.000 Fy=-0.000 k=0.000 a=0.000 p=(0.747,-0.000,1.250) n=(-0.000,1.000,-0.000)
[DEBUG] [W] i=1 w=FR si=1 lp=(-0.760,-0.100,1.250) o=(-0.760,0.334,1.250) wp=(-0.747,0.320,1.250) mw=(0.013,-0.014,0.000) pe2=(0.013,0.357,0.000) grounded=1 contactSamples=1 contactDistance=0.320 sl=0.371 c=0.089 cv=-0.015 sf=3474.514 df=-44.181 af=3430.333 Fz=2906.556 Fx=0.000 Fy=-0.000 k=0.000 a=0.000 p=(-0.747,-0.000,1.250) n=(-0.000,1.000,-0.000)
[DEBUG] [W] i=2 w=RL si=2 lp=(0.760,-0.100,-1.250) o=(0.760,0.334,-1.250) wp=(0.747,0.320,-1.250) mw=(-0.013,-0.014,0.000) pe2=(-0.013,0.357,0.000) grounded=1 contactSamples=1 contactDistance=0.320 sl=0.371 c=0.089 cv=-0.015 sf=3474.514 df=-44.181 af=3430.333 Fz=2906.556 Fx=0.000 Fy=-0.000 k=0.000 a=0.000 p=(0.747,-0.000,-1.250) n=(-0.000,1.000,-0.000)
[DEBUG] [W] i=3 w=RR si=3 lp=(-0.760,-0.100,-1.250) o=(-0.760,0.334,-1.250) wp=(-0.747,0.320,-1.250) mw=(0.013,-0.014,0.000) pe2=(0.013,0.357,0.000) grounded=1 contactSamples=1 contactDistance=0.320 sl=0.371 c=0.089 cv=-0.015 sf=3474.514 df=-44.181 af=3430.333 Fz=2906.556 Fx=0.000 Fy=-0.000 k=0.000 a=0.000 p=(-0.747,-0.000,-1.250) n=(-0.000,1.000,-0.000)
[DEBUG] [Cornering] steerInput=0.000 frontSteerAngle=-0.000 yawRateY=0.000 rollRateZ=0.000 leftLoad=5813.111 rightLoad=5813.111 leftMinusRight=0.000
[INFO] [EnergyDelta] step=2760 t=23.000002 deltaFromBaseline=-11.559570 stepDelta=1.650391 integratedPowerA=164.359131 integratedPowerB=-46.255211 integratedSpringPower=-174.519196 integratedDamperPower=56.772141 integratedPowerBalanceResidual=0.356865
[INFO] [State] t=23.000002 y=0.434126 z=0.000000 vy=-0.000568 vz=0.000000 energy=5731.323242 compression=0.089213,0.089213,0.089213,0.089213
[DEBUG] [W] i=0 w=FL si=0 lp=(0.760,-0.100,1.250) o=(0.760,0.334,1.250) wp=(0.747,0.320,1.250) mw=(-0.013,-0.014,0.000) pe2=(-0.013,0.357,0.000) grounded=1 contactSamples=1 contactDistance=0.320 sl=0.371 c=0.089 cv=0.015 sf=3479.299 df=36.818 af=3516.117 Fz=2978.834 Fx=0.000 Fy=-0.000 k=0.000 a=0.000 p=(0.747,-0.000,1.250) n=(-0.000,1.000,-0.000)
[DEBUG] [W] i=1 w=FR si=1 lp=(-0.760,-0.100,1.250) o=(-0.760,0.334,1.250) wp=(-0.747,0.320,1.250) mw=(0.013,-0.014,0.000) pe2=(0.013,0.357,0.000) grounded=1 contactSamples=1 contactDistance=0.320 sl=0.371 c=0.089 cv=0.015 sf=3479.299 df=36.818 af=3516.117 Fz=2978.834 Fx=0.000 Fy=-0.000 k=0.000 a=0.000 p=(-0.747,-0.000,1.250) n=(-0.000,1.000,-0.000)
[DEBUG] [W] i=2 w=RL si=2 lp=(0.760,-0.100,-1.250) o=(0.760,0.334,-1.250) wp=(0.747,0.320,-1.250) mw=(-0.013,-0.014,0.000) pe2=(-0.013,0.357,0.000) grounded=1 contactSamples=1 contactDistance=0.320 sl=0.371 c=0.089 cv=0.015 sf=3479.299 df=36.818 af=3516.117 Fz=2978.834 Fx=0.000 Fy=-0.000 k=0.000 a=0.000 p=(0.747,-0.000,-1.250) n=(-0.000,1.000,-0.000)
[DEBUG] [W] i=3 w=RR si=3 lp=(-0.760,-0.100,-1.250) o=(-0.760,0.334,-1.250) wp=(-0.747,0.320,-1.250) mw=(0.013,-0.014,0.000) pe2=(0.013,0.357,0.000) grounded=1 contactSamples=1 contactDistance=0.320 sl=0.371 c=0.089 cv=0.015 sf=3479.299 df=36.818 af=3516.117 Fz=2978.834 Fx=0.000 Fy=-0.000 k=0.000 a=0.000 p=(-0.747,-0.000,-1.250) n=(-0.000,1.000,-0.000)
[DEBUG] [Cornering] steerInput=0.000 frontSteerAngle=-0.000 yawRateY=0.000 rollRateZ=0.000 leftLoad=5957.667 rightLoad=5957.667 leftMinusRight=0.000
[DEBUG] [W] i=0 w=FL si=0 lp=(0.760,-0.100,1.250) o=(0.760,0.334,1.250) wp=(0.747,0.320,1.250) mw=(-0.013,-0.014,0.000) pe2=(-0.013,0.357,0.000) grounded=1 contactSamples=1 contactDistance=0.320 sl=0.371 c=0.089 cv=-0.015 sf=3474.513 df=-44.181 af=3430.332 Fz=2906.555 Fx=0.000 Fy=-0.000 k=0.000 a=0.000 p=(0.747,-0.000,1.250) n=(-0.000,1.000,-0.000)
[DEBUG] [W] i=1 w=FR si=1 lp=(-0.760,-0.100,1.250) o=(-0.760,0.334,1.250) wp=(-0.747,0.320,1.250) mw=(0.013,-0.014,0.000) pe2=(0.013,0.357,0.000) grounded=1 contactSamples=1 contactDistance=0.320 sl=0.371 c=0.089 cv=-0.015 sf=3474.513 df=-44.181 af=3430.332 Fz=2906.555 Fx=0.000 Fy=-0.000 k=0.000 a=0.000 p=(-0.747,-0.000,1.250) n=(-0.000,1.000,-0.000)
[DEBUG] [W] i=2 w=RL si=2 lp=(0.760,-0.100,-1.250) o=(0.760,0.334,-1.250) wp=(0.747,0.320,-1.250) mw=(-0.013,-0.014,0.000) pe2=(-0.013,0.357,0.000) grounded=1 contactSamples=1 contactDistance=0.320 sl=0.371 c=0.089 cv=-0.015 sf=3474.513 df=-44.181 af=3430.332 Fz=2906.555 Fx=0.000 Fy=-0.000 k=0.000 a=0.000 p=(0.747,-0.000,-1.250) n=(-0.000,1.000,-0.000)
[DEBUG] [W] i=3 w=RR si=3 lp=(-0.760,-0.100,-1.250) o=(-0.760,0.334,-1.250) wp=(-0.747,0.320,-1.250) mw=(0.013,-0.014,0.000) pe2=(0.013,0.357,0.000) grounded=1 contactSamples=1 contactDistance=0.320 sl=0.371 c=0.089 cv=-0.015 sf=3474.513 df=-44.181 af=3430.332 Fz=2906.555 Fx=0.000 Fy=-0.000 k=0.000 a=0.000 p=(-0.747,-0.000,-1.250) n=(-0.000,1.000,-0.000)
[DEBUG] [Cornering] steerInput=0.000 frontSteerAngle=-0.000 yawRateY=0.000 rollRateZ=0.000 leftLoad=5813.110 rightLoad=5813.110 leftMinusRight=0.000
[DEBUG] [W] i=0 w=FL si=0 lp=(0.760,-0.100,1.250) o=(0.760,0.334,1.250) wp=(0.747,0.320,1.250) mw=(-0.013,-0.014,0.000) pe2=(-0.013,0.357,0.000) grounded=1 contactSamples=1 contactDistance=0.320 sl=0.371 c=0.089 cv=0.000 sf=3479.301 df=0.000 af=3479.301 Fz=2947.643 Fx=0.000 Fy=-0.000 k=0.000 a=0.000 p=(0.747,-0.000,1.250) n=(-0.000,1.000,-0.000)
[DEBUG] [W] i=1 w=FR si=1 lp=(-0.760,-0.100,1.250) o=(-0.760,0.334,1.250) wp=(-0.747,0.320,1.250) mw=(0.013,-0.014,0.000) pe2=(0.013,0.357,0.000) grounded=1 contactSamples=1 contactDistance=0.320 sl=0.371 c=0.089 cv=0.000 sf=3479.301 df=0.000 af=3479.301 Fz=2947.643 Fx=0.000 Fy=-0.000 k=0.000 a=0.000 p=(-0.747,-0.000,1.250) n=(-0.000,1.000,-0.000)
[DEBUG] [W] i=2 w=RL si=2 lp=(0.760,-0.100,-1.250) o=(0.760,0.334,-1.250) wp=(0.747,0.320,-1.250) mw=(-0.013,-0.014,0.000) pe2=(-0.013,0.357,0.000) grounded=1 contactSamples=1 contactDistance=0.320 sl=0.371 c=0.089 cv=0.000 sf=3479.301 df=0.000 af=3479.301 Fz=2947.643 Fx=0.000 Fy=-0.000 k=0.000 a=0.000 p=(0.747,-0.000,-1.250) n=(-0.000,1.000,-0.000)
[DEBUG] [W] i=3 w=RR si=3 lp=(-0.760,-0.100,-1.250) o=(-0.760,0.334,-1.250) wp=(-0.747,0.320,-1.250) mw=(0.013,-0.014,0.000) pe2=(0.013,0.357,0.000) grounded=1 contactSamples=1 contactDistance=0.320 sl=0.371 c=0.089 cv=0.000 sf=3479.301 df=0.000 af=3479.301 Fz=2947.643 Fx=0.000 Fy=-0.000 k=0.000 a=0.000 p=(-0.747,-0.000,-1.250) n=(-0.000,1.000,-0.000)
[DEBUG] [Cornering] steerInput=0.000 frontSteerAngle=-0.000 yawRateY=0.000 rollRateZ=0.000 leftLoad=5895.286 rightLoad=5895.286 leftMinusRight=0.000
[DEBUG] [Energy] x=0.000 y=0.434 z=0.000 vx=0.000 vy=0.001 vz=0.000 total=5729.671 potential=5110.582 linear=0.000 angular=0.000 wheels=0.000 suspension=619.089 suspensionPower=5.845 suspensionResidual=-196.279
[DEBUG] [W] i=0 w=FL si=0 lp=(0.760,-0.100,1.250) o=(0.760,0.334,1.250) wp=(0.747,0.320,1.250) mw=(-0.013,-0.014,0.000) pe2=(-0.013,0.357,0.000) grounded=1 contactSamples=1 contactDistance=0.320 sl=0.371 c=0.089 cv=-0.015 sf=3474.514 df=-44.181 af=3430.333 Fz=2906.556 Fx=0.000 Fy=-0.000 k=0.000 a=0.000 p=(0.747,-0.000,1.250) n=(-0.000,1.000,-0.000)
[DEBUG] [W] i=1 w=FR si=1 lp=(-0.760,-0.100,1.250) o=(-0.760,0.334,1.250) wp=(-0.747,0.320,1.250) mw=(0.013,-0.014,0.000) pe2=(0.013,0.357,0.000) grounded=1 contactSamples=1 contactDistance=0.320 sl=0.371 c=0.089 cv=-0.015 sf=3474.514 df=-44.181 af=3430.333 Fz=2906.556 Fx=0.000 Fy=-0.000 k=0.000 a=0.000 p=(-0.747,-0.000,1.250) n=(-0.000,1.000,-0.000)
[DEBUG] [W] i=2 w=RL si=2 lp=(0.760,-0.100,-1.250) o=(0.760,0.334,-1.250) wp=(0.747,0.320,-1.250) mw=(-0.013,-0.014,0.000) pe2=(-0.013,0.357,0.000) grounded=1 contactSamples=1 contactDistance=0.320 sl=0.371 c=0.089 cv=-0.015 sf=3474.514 df=-44.181 af=3430.333 Fz=2906.556 Fx=0.000 Fy=-0.000 k=0.000 a=0.000 p=(0.747,-0.000,-1.250) n=(-0.000,1.000,-0.000)
[DEBUG] [W] i=3 w=RR si=3 lp=(-0.760,-0.100,-1.250) o=(-0.760,0.334,-1.250) wp=(-0.747,0.320,-1.250) mw=(0.013,-0.014,0.000) pe2=(0.013,0.357,0.000) grounded=1 contactSamples=1 contactDistance=0.320 sl=0.371 c=0.089 cv=-0.015 sf=3474.514 df=-44.181 af=3430.333 Fz=2906.556 Fx=0.000 Fy=-0.000 k=0.000 a=0.000 p=(-0.747,-0.000,-1.250) n=(-0.000,1.000,-0.000)
[DEBUG] [Cornering] steerInput=0.000 frontSteerAngle=-0.000 yawRateY=0.000 rollRateZ=0.000 leftLoad=5813.111 rightLoad=5813.111 leftMinusRight=0.000
[DEBUG] [W] i=0 w=FL si=0 lp=(0.760,-0.100,1.250) o=(0.760,0.334,1.250) wp=(0.747,0.320,1.250) mw=(-0.013,-0.014,0.000) pe2=(-0.013,0.357,0.000) grounded=1 contactSamples=1 contactDistance=0.320 sl=0.371 c=0.089 cv=0.015 sf=3479.299 df=36.809 af=3516.108 Fz=2978.826 Fx=0.000 Fy=-0.000 k=0.000 a=0.000 p=(0.747,-0.000,1.250) n=(-0.000,1.000,-0.000)
[DEBUG] [W] i=1 w=FR si=1 lp=(-0.760,-0.100,1.250) o=(-0.760,0.334,1.250) wp=(-0.747,0.320,1.250) mw=(0.013,-0.014,0.000) pe2=(0.013,0.357,0.000) grounded=1 contactSamples=1 contactDistance=0.320 sl=0.371 c=0.089 cv=0.015 sf=3479.299 df=36.809 af=3516.108 Fz=2978.826 Fx=0.000 Fy=-0.000 k=0.000 a=0.000 p=(-0.747,-0.000,1.250) n=(-0.000,1.000,-0.000)
[DEBUG] [W] i=2 w=RL si=2 lp=(0.760,-0.100,-1.250) o=(0.760,0.334,-1.250) wp=(0.747,0.320,-1.250) mw=(-0.013,-0.014,0.000) pe2=(-0.013,0.357,0.000) grounded=1 contactSamples=1 contactDistance=0.320 sl=0.371 c=0.089 cv=0.015 sf=3479.299 df=36.809 af=3516.108 Fz=2978.826 Fx=0.000 Fy=-0.000 k=0.000 a=0.000 p=(0.747,-0.000,-1.250) n=(-0.000,1.000,-0.000)
[DEBUG] [W] i=3 w=RR si=3 lp=(-0.760,-0.100,-1.250) o=(-0.760,0.334,-1.250) wp=(-0.747,0.320,-1.250) mw=(0.013,-0.014,0.000) pe2=(0.013,0.357,0.000) grounded=1 contactSamples=1 contactDistance=0.320 sl=0.371 c=0.089 cv=0.015 sf=3479.299 df=36.809 af=3516.108 Fz=2978.826 Fx=0.000 Fy=-0.000 k=0.000 a=0.000 p=(-0.747,-0.000,-1.250) n=(-0.000,1.000,-0.000)
[DEBUG] [Cornering] steerInput=0.000 frontSteerAngle=-0.000 yawRateY=0.000 rollRateZ=0.000 leftLoad=5957.652 rightLoad=5957.652 leftMinusRight=0.000
[INFO] [EnergyDelta] step=2820 t=23.500002 deltaFromBaseline=-13.206543 stepDelta=-1.648926 integratedPowerA=164.386230 integratedPowerB=-45.686821 integratedSpringPower=-176.163116 integratedDamperPower=57.827499 integratedPowerBalanceResidual=0.363792
[INFO] [State] t=23.500002 y=0.434131 z=0.000000 vy=0.000585 vz=0.000000 energy=5729.676270 compression=0.089090,0.089090,0.089090,0.089090
[DEBUG] [W] i=0 w=FL si=0 lp=(0.760,-0.100,1.250) o=(0.760,0.334,1.250) wp=(0.747,0.320,1.250) mw=(-0.013,-0.014,0.000) pe2=(-0.013,0.357,0.000) grounded=1 contactSamples=1 contactDistance=0.320 sl=0.371 c=0.089 cv=-0.015 sf=3474.514 df=-44.181 af=3430.333 Fz=2906.556 Fx=0.000 Fy=-0.000 k=0.000 a=0.000 p=(0.747,-0.000,1.250) n=(-0.000,1.000,-0.000)
[DEBUG] [W] i=1 w=FR si=1 lp=(-0.760,-0.100,1.250) o=(-0.760,0.334,1.250) wp=(-0.747,0.320,1.250) mw=(0.013,-0.014,0.000) pe2=(0.013,0.357,0.000) grounded=1 contactSamples=1 contactDistance=0.320 sl=0.371 c=0.089 cv=-0.015 sf=3474.514 df=-44.181 af=3430.333 Fz=2906.556 Fx=0.000 Fy=-0.000 k=0.000 a=0.000 p=(-0.747,-0.000,1.250) n=(-0.000,1.000,-0.000)
[DEBUG] [W] i=2 w=RL si=2 lp=(0.760,-0.100,-1.250) o=(0.760,0.334,-1.250) wp=(0.747,0.320,-1.250) mw=(-0.013,-0.014,0.000) pe2=(-0.013,0.357,0.000) grounded=1 contactSamples=1 contactDistance=0.320 sl=0.371 c=0.089 cv=-0.015 sf=3474.514 df=-44.181 af=3430.333 Fz=2906.556 Fx=0.000 Fy=-0.000 k=0.000 a=0.000 p=(0.747,-0.000,-1.250) n=(-0.000,1.000,-0.000)
[DEBUG] [W] i=3 w=RR si=3 lp=(-0.760,-0.100,-1.250) o=(-0.760,0.334,-1.250) wp=(-0.747,0.320,-1.250) mw=(0.013,-0.014,0.000) pe2=(0.013,0.357,0.000) grounded=1 contactSamples=1 contactDistance=0.320 sl=0.371 c=0.089 cv=-0.015 sf=3474.514 df=-44.181 af=3430.333 Fz=2906.556 Fx=0.000 Fy=-0.000 k=0.000 a=0.000 p=(-0.747,-0.000,-1.250) n=(-0.000,1.000,-0.000)
[DEBUG] [Cornering] steerInput=0.000 frontSteerAngle=-0.000 yawRateY=0.000 rollRateZ=0.000 leftLoad=5813.111 rightLoad=5813.111 leftMinusRight=0.000
[DEBUG] [W] i=0 w=FL si=0 lp=(0.760,-0.100,1.250) o=(0.760,0.334,1.250) wp=(0.747,0.320,1.250) mw=(-0.013,-0.014,0.000) pe2=(-0.013,0.357,0.000) grounded=1 contactSamples=1 contactDistance=0.320 sl=0.371 c=0.089 cv=-0.000 sf=3474.513 df=-0.011 af=3474.502 Fz=2943.981 Fx=0.000 Fy=-0.000 k=0.000 a=0.000 p=(0.747,-0.000,1.250) n=(-0.000,1.000,-0.000)
[DEBUG] [W] i=1 w=FR si=1 lp=(-0.760,-0.100,1.250) o=(-0.760,0.334,1.250) wp=(-0.747,0.320,1.250) mw=(0.013,-0.014,0.000) pe2=(0.013,0.357,0.000) grounded=1 contactSamples=1 contactDistance=0.320 sl=0.371 c=0.089 cv=-0.000 sf=3474.513 df=-0.011 af=3474.502 Fz=2943.981 Fx=0.000 Fy=-0.000 k=0.000 a=0.000 p=(-0.747,-0.000,1.250) n=(-0.000,1.000,-0.000)
[DEBUG] [W] i=2 w=RL si=2 lp=(0.760,-0.100,-1.250) o=(0.760,0.334,-1.250) wp=(0.747,0.320,-1.250) mw=(-0.013,-0.014,0.000) pe2=(-0.013,0.357,0.000) grounded=1 contactSamples=1 contactDistance=0.320 sl=0.371 c=0.089 cv=-0.000 sf=3474.513 df=-0.011 af=3474.502 Fz=2943.981 Fx=0.000 Fy=-0.000 k=0.000 a=0.000 p=(0.747,-0.000,-1.250) n=(-0.000,1.000,-0.000)
[DEBUG] [W] i=3 w=RR si=3 lp=(-0.760,-0.100,-1.250) o=(-0.760,0.334,-1.250) wp=(-0.747,0.320,-1.250) mw=(0.013,-0.014,0.000) pe2=(0.013,0.357,0.000) grounded=1 contactSamples=1 contactDistance=0.320 sl=0.371 c=0.089 cv=-0.000 sf=3474.513 df=-0.011 af=3474.502 Fz=2943.981 Fx=0.000 Fy=-0.000 k=0.000 a=0.000 p=(-0.747,-0.000,-1.250) n=(-0.000,1.000,-0.000)
[DEBUG] [Cornering] steerInput=0.000 frontSteerAngle=-0.000 yawRateY=0.000 rollRateZ=0.000 leftLoad=5887.962 rightLoad=5887.962 leftMinusRight=0.000
[DEBUG] [W] i=0 w=FL si=0 lp=(0.760,-0.100,1.250) o=(0.760,0.334,1.250) wp=(0.747,0.320,1.250) mw=(-0.013,-0.014,0.000) pe2=(-0.013,0.357,0.000) grounded=1 contactSamples=1 contactDistance=0.320 sl=0.371 c=0.089 cv=0.015 sf=3479.301 df=36.818 af=3516.118 Fz=2978.835 Fx=0.000 Fy=-0.000 k=0.000 a=0.000 p=(0.747,-0.000,1.250) n=(-0.000,1.000,-0.000)
[DEBUG] [W] i=1 w=FR si=1 lp=(-0.760,-0.100,1.250) o=(-0.760,0.334,1.250) wp=(-0.747,0.320,1.250) mw=(0.013,-0.014,0.000) pe2=(0.013,0.357,0.000) grounded=1 contactSamples=1 contactDistance=0.320 sl=0.371 c=0.089 cv=0.015 sf=3479.301 df=36.818 af=3516.118 Fz=2978.835 Fx=0.000 Fy=-0.000 k=0.000 a=0.000 p=(-0.747,-0.000,1.250) n=(-0.000,1.000,-0.000)
[DEBUG] [W] i=2 w=RL si=2 lp=(0.760,-0.100,-1.250) o=(0.760,0.334,-1.250) wp=(0.747,0.320,-1.250) mw=(-0.013,-0.014,0.000) pe2=(-0.013,0.357,0.000) grounded=1 contactSamples=1 contactDistance=0.320 sl=0.371 c=0.089 cv=0.015 sf=3479.301 df=36.818 af=3516.118 Fz=2978.835 Fx=0.000 Fy=-0.000 k=0.000 a=0.000 p=(0.747,-0.000,-1.250) n=(-0.000,1.000,-0.000)
[DEBUG] [W] i=3 w=RR si=3 lp=(-0.760,-0.100,-1.250) o=(-0.760,0.334,-1.250) wp=(-0.747,0.320,-1.250) mw=(0.013,-0.014,0.000) pe2=(0.013,0.357,0.000) grounded=1 contactSamples=1 contactDistance=0.320 sl=0.371 c=0.089 cv=0.015 sf=3479.301 df=36.818 af=3516.118 Fz=2978.835 Fx=0.000 Fy=-0.000 k=0.000 a=0.000 p=(-0.747,-0.000,-1.250) n=(-0.000,1.000,-0.000)
[DEBUG] [Cornering] steerInput=0.000 frontSteerAngle=-0.000 yawRateY=0.000 rollRateZ=0.000 leftLoad=5957.669 rightLoad=5957.669 leftMinusRight=0.000
[DEBUG] [Energy] x=0.000 y=0.434 z=0.000 vx=0.000 vy=0.000 vz=0.000 total=5729.664 potential=5110.574 linear=0.000 angular=0.000 wheels=0.000 suspension=619.090 suspensionPower=5.114 suspensionResidual=-196.913
[DEBUG] [W] i=0 w=FL si=0 lp=(0.760,-0.100,1.250) o=(0.760,0.334,1.250) wp=(0.747,0.320,1.250) mw=(-0.013,-0.014,0.000) pe2=(-0.013,0.357,0.000) grounded=1 contactSamples=1 contactDistance=0.320 sl=0.371 c=0.089 cv=0.015 sf=3479.301 df=36.818 af=3516.118 Fz=2978.835 Fx=0.000 Fy=-0.000 k=0.000 a=0.000 p=(0.747,-0.000,1.250) n=(-0.000,1.000,-0.000)
[DEBUG] [W] i=1 w=FR si=1 lp=(-0.760,-0.100,1.250) o=(-0.760,0.334,1.250) wp=(-0.747,0.320,1.250) mw=(0.013,-0.014,0.000) pe2=(0.013,0.357,0.000) grounded=1 contactSamples=1 contactDistance=0.320 sl=0.371 c=0.089 cv=0.015 sf=3479.301 df=36.818 af=3516.118 Fz=2978.835 Fx=0.000 Fy=-0.000 k=0.000 a=0.000 p=(-0.747,-0.000,1.250) n=(-0.000,1.000,-0.000)
[DEBUG] [W] i=2 w=RL si=2 lp=(0.760,-0.100,-1.250) o=(0.760,0.334,-1.250) wp=(0.747,0.320,-1.250) mw=(-0.013,-0.014,0.000) pe2=(-0.013,0.357,0.000) grounded=1 contactSamples=1 contactDistance=0.320 sl=0.371 c=0.089 cv=0.015 sf=3479.301 df=36.818 af=3516.118 Fz=2978.835 Fx=0.000 Fy=-0.000 k=0.000 a=0.000 p=(0.747,-0.000,-1.250) n=(-0.000,1.000,-0.000)
[DEBUG] [W] i=3 w=RR si=3 lp=(-0.760,-0.100,-1.250) o=(-0.760,0.334,-1.250) wp=(-0.747,0.320,-1.250) mw=(0.013,-0.014,0.000) pe2=(0.013,0.357,0.000) grounded=1 contactSamples=1 contactDistance=0.320 sl=0.371 c=0.089 cv=0.015 sf=3479.301 df=36.818 af=3516.118 Fz=2978.835 Fx=0.000 Fy=-0.000 k=0.000 a=0.000 p=(-0.747,-0.000,-1.250) n=(-0.000,1.000,-0.000)
[DEBUG] [Cornering] steerInput=0.000 frontSteerAngle=-0.000 yawRateY=0.000 rollRateZ=0.000 leftLoad=5957.669 rightLoad=5957.669 leftMinusRight=0.000
[DEBUG] [W] i=0 w=FL si=0 lp=(0.760,-0.100,1.250) o=(0.760,0.334,1.250) wp=(0.747,0.320,1.250) mw=(-0.013,-0.014,0.000) pe2=(-0.013,0.357,0.000) grounded=1 contactSamples=1 contactDistance=0.320 sl=0.371 c=0.089 cv=0.015 sf=3479.301 df=36.818 af=3516.118 Fz=2978.835 Fx=0.000 Fy=-0.000 k=0.000 a=0.000 p=(0.747,-0.000,1.250) n=(-0.000,1.000,-0.000)
[DEBUG] [W] i=1 w=FR si=1 lp=(-0.760,-0.100,1.250) o=(-0.760,0.334,1.250) wp=(-0.747,0.320,1.250) mw=(0.013,-0.014,0.000) pe2=(0.013,0.357,0.000) grounded=1 contactSamples=1 contactDistance=0.320 sl=0.371 c=0.089 cv=0.015 sf=3479.301 df=36.818 af=3516.118 Fz=2978.835 Fx=0.000 Fy=-0.000 k=0.000 a=0.000 p=(-0.747,-0.000,1.250) n=(-0.000,1.000,-0.000)
[DEBUG] [W] i=2 w=RL si=2 lp=(0.760,-0.100,-1.250) o=(0.760,0.334,-1.250) wp=(0.747,0.320,-1.250) mw=(-0.013,-0.014,0.000) pe2=(-0.013,0.357,0.000) grounded=1 contactSamples=1 contactDistance=0.320 sl=0.371 c=0.089 cv=0.015 sf=3479.301 df=36.818 af=3516.118 Fz=2978.835 Fx=0.000 Fy=-0.000 k=0.000 a=0.000 p=(0.747,-0.000,-1.250) n=(-0.000,1.000,-0.000)
[DEBUG] [W] i=3 w=RR si=3 lp=(-0.760,-0.100,-1.250) o=(-0.760,0.334,-1.250) wp=(-0.747,0.320,-1.250) mw=(0.013,-0.014,0.000) pe2=(0.013,0.357,0.000) grounded=1 contactSamples=1 contactDistance=0.320 sl=0.371 c=0.089 cv=0.015 sf=3479.301 df=36.818 af=3516.118 Fz=2978.835 Fx=0.000 Fy=-0.000 k=0.000 a=0.000 p=(-0.747,-0.000,-1.250) n=(-0.000,1.000,-0.000)
[DEBUG] [Cornering] steerInput=0.000 frontSteerAngle=-0.000 yawRateY=0.000 rollRateZ=0.000 leftLoad=5957.669 rightLoad=5957.669 leftMinusRight=0.000
[INFO] [EnergyDelta] step=2880 t=24.000002 deltaFromBaseline=-13.194336 stepDelta=-1.658203 integratedPowerA=164.365662 integratedPowerB=-46.796562 integratedSpringPower=-176.099213 integratedDamperPower=58.900940 integratedPowerBalanceResidual=0.370827
[INFO] [State] t=24.000002 y=0.434132 z=0.000000 vy=0.000495 vz=0.000000 energy=5729.688477 compression=0.089090,0.089090,0.089090,0.089090
[DEBUG] [W] i=0 w=FL si=0 lp=(0.760,-0.100,1.250) o=(0.760,0.334,1.250) wp=(0.747,0.320,1.250) mw=(-0.013,-0.014,0.000) pe2=(-0.013,0.357,0.000) grounded=1 contactSamples=1 contactDistance=0.320 sl=0.371 c=0.089 cv=0.015 sf=3479.299 df=36.818 af=3516.117 Fz=2978.834 Fx=0.000 Fy=-0.000 k=0.000 a=0.000 p=(0.747,-0.000,1.250) n=(-0.000,1.000,-0.000)
[DEBUG] [W] i=1 w=FR si=1 lp=(-0.760,-0.100,1.250) o=(-0.760,0.334,1.250) wp=(-0.747,0.320,1.250) mw=(0.013,-0.014,0.000) pe2=(0.013,0.357,0.000) grounded=1 contactSamples=1 contactDistance=0.320 sl=0.371 c=0.089 cv=0.015 sf=3479.299 df=36.818 af=3516.117 Fz=2978.834 Fx=0.000 Fy=-0.000 k=0.000 a=0.000 p=(-0.747,-0.000,1.250) n=(-0.000,1.000,-0.000)
[DEBUG] [W] i=2 w=RL si=2 lp=(0.760,-0.100,-1.250) o=(0.760,0.334,-1.250) wp=(0.747,0.320,-1.250) mw=(-0.013,-0.014,0.000) pe2=(-0.013,0.357,0.000) grounded=1 contactSamples=1 contactDistance=0.320 sl=0.371 c=0.089 cv=0.015 sf=3479.299 df=36.818 af=3516.117 Fz=2978.834 Fx=0.000 Fy=-0.000 k=0.000 a=0.000 p=(0.747,-0.000,-1.250) n=(-0.000,1.000,-0.000)
[DEBUG] [W] i=3 w=RR si=3 lp=(-0.760,-0.100,-1.250) o=(-0.760,0.334,-1.250) wp=(-0.747,0.320,-1.250) mw=(0.013,-0.014,0.000) pe2=(0.013,0.357,0.000) grounded=1 contactSamples=1 contactDistance=0.320 sl=0.371 c=0.089 cv=0.015 sf=3479.299 df=36.818 af=3516.117 Fz=2978.834 Fx=0.000 Fy=-0.000 k=0.000 a=0.000 p=(-0.747,-0.000,-1.250) n=(-0.000,1.000,-0.000)
[DEBUG] [Cornering] steerInput=0.000 frontSteerAngle=-0.000 yawRateY=0.000 rollRateZ=0.000 leftLoad=5957.667 rightLoad=5957.667 leftMinusRight=0.000
[DEBUG] [W] i=0 w=FL si=0 lp=(0.760,-0.100,1.250) o=(0.760,0.334,1.250) wp=(0.747,0.320,1.250) mw=(-0.013,-0.014,0.000) pe2=(-0.013,0.357,0.000) grounded=1 contactSamples=1 contactDistance=0.320 sl=0.371 c=0.089 cv=0.015 sf=3479.299 df=36.818 af=3516.117 Fz=2978.834 Fx=0.000 Fy=-0.000 k=0.000 a=0.000 p=(0.747,-0.000,1.250) n=(-0.000,1.000,-0.000)
[DEBUG] [W] i=1 w=FR si=1 lp=(-0.760,-0.100,1.250) o=(-0.760,0.334,1.250) wp=(-0.747,0.320,1.250) mw=(0.013,-0.014,0.000) pe2=(0.013,0.357,0.000) grounded=1 contactSamples=1 contactDistance=0.320 sl=0.371 c=0.089 cv=0.015 sf=3479.299 df=36.818 af=3516.117 Fz=2978.834 Fx=0.000 Fy=-0.000 k=0.000 a=0.000 p=(-0.747,-0.000,1.250) n=(-0.000,1.000,-0.000)
[DEBUG] [W] i=2 w=RL si=2 lp=(0.760,-0.100,-1.250) o=(0.760,0.334,-1.250) wp=(0.747,0.320,-1.250) mw=(-0.013,-0.014,0.000) pe2=(-0.013,0.357,0.000) grounded=1 contactSamples=1 contactDistance=0.320 sl=0.371 c=0.089 cv=0.015 sf=3479.299 df=36.818 af=3516.117 Fz=2978.834 Fx=0.000 Fy=-0.000 k=0.000 a=0.000 p=(0.747,-0.000,-1.250) n=(-0.000,1.000,-0.000)
[DEBUG] [W] i=3 w=RR si=3 lp=(-0.760,-0.100,-1.250) o=(-0.760,0.334,-1.250) wp=(-0.747,0.320,-1.250) mw=(0.013,-0.014,0.000) pe2=(0.013,0.357,0.000) grounded=1 contactSamples=1 contactDistance=0.320 sl=0.371 c=0.089 cv=0.015 sf=3479.299 df=36.818 af=3516.117 Fz=2978.834 Fx=0.000 Fy=-0.000 k=0.000 a=0.000 p=(-0.747,-0.000,-1.250) n=(-0.000,1.000,-0.000)
[DEBUG] [Cornering] steerInput=0.000 frontSteerAngle=-0.000 yawRateY=0.000 rollRateZ=0.000 leftLoad=5957.667 rightLoad=5957.667 leftMinusRight=0.000
[DEBUG] [W] i=0 w=FL si=0 lp=(0.760,-0.100,1.250) o=(0.760,0.334,1.250) wp=(0.747,0.320,1.250) mw=(-0.013,-0.014,0.000) pe2=(-0.013,0.357,0.000) grounded=1 contactSamples=1 contactDistance=0.320 sl=0.371 c=0.089 cv=0.015 sf=3479.301 df=36.818 af=3516.118 Fz=2978.835 Fx=0.000 Fy=-0.000 k=0.000 a=0.000 p=(0.747,-0.000,1.250) n=(-0.000,1.000,-0.000)
[DEBUG] [W] i=1 w=FR si=1 lp=(-0.760,-0.100,1.250) o=(-0.760,0.334,1.250) wp=(-0.747,0.320,1.250) mw=(0.013,-0.014,0.000) pe2=(0.013,0.357,0.000) grounded=1 contactSamples=1 contactDistance=0.320 sl=0.371 c=0.089 cv=0.015 sf=3479.301 df=36.818 af=3516.118 Fz=2978.835 Fx=0.000 Fy=-0.000 k=0.000 a=0.000 p=(-0.747,-0.000,1.250) n=(-0.000,1.000,-0.000)
[DEBUG] [W] i=2 w=RL si=2 lp=(0.760,-0.100,-1.250) o=(0.760,0.334,-1.250) wp=(0.747,0.320,-1.250) mw=(-0.013,-0.014,0.000) pe2=(-0.013,0.357,0.000) grounded=1 contactSamples=1 contactDistance=0.320 sl=0.371 c=0.089 cv=0.015 sf=3479.301 df=36.818 af=3516.118 Fz=2978.835 Fx=0.000 Fy=-0.000 k=0.000 a=0.000 p=(0.747,-0.000,-1.250) n=(-0.000,1.000,-0.000)
[DEBUG] [W] i=3 w=RR si=3 lp=(-0.760,-0.100,-1.250) o=(-0.760,0.334,-1.250) wp=(-0.747,0.320,-1.250) mw=(0.013,-0.014,0.000) pe2=(0.013,0.357,0.000) grounded=1 contactSamples=1 contactDistance=0.320 sl=0.371 c=0.089 cv=0.015 sf=3479.301 df=36.818 af=3516.118 Fz=2978.835 Fx=0.000 Fy=-0.000 k=0.000 a=0.000 p=(-0.747,-0.000,-1.250) n=(-0.000,1.000,-0.000)
[DEBUG] [Cornering] steerInput=0.000 frontSteerAngle=-0.000 yawRateY=0.000 rollRateZ=0.000 leftLoad=5957.669 rightLoad=5957.669 leftMinusRight=0.000
[DEBUG] [W] i=0 w=FL si=0 lp=(0.760,-0.100,1.250) o=(0.760,0.334,1.250) wp=(0.747,0.320,1.250) mw=(-0.013,-0.014,0.000) pe2=(-0.013,0.357,0.000) grounded=1 contactSamples=1 contactDistance=0.320 sl=0.371 c=0.089 cv=-0.015 sf=3474.514 df=-44.181 af=3430.333 Fz=2906.556 Fx=0.000 Fy=-0.000 k=0.000 a=0.000 p=(0.747,-0.000,1.250) n=(-0.000,1.000,-0.000)
[DEBUG] [W] i=1 w=FR si=1 lp=(-0.760,-0.100,1.250) o=(-0.760,0.334,1.250) wp=(-0.747,0.320,1.250) mw=(0.013,-0.014,0.000) pe2=(0.013,0.357,0.000) grounded=1 contactSamples=1 contactDistance=0.320 sl=0.371 c=0.089 cv=-0.015 sf=3474.514 df=-44.181 af=3430.333 Fz=2906.556 Fx=0.000 Fy=-0.000 k=0.000 a=0.000 p=(-0.747,-0.000,1.250) n=(-0.000,1.000,-0.000)
[DEBUG] [W] i=2 w=RL si=2 lp=(0.760,-0.100,-1.250) o=(0.760,0.334,-1.250) wp=(0.747,0.320,-1.250) mw=(-0.013,-0.014,0.000) pe2=(-0.013,0.357,0.000) grounded=1 contactSamples=1 contactDistance=0.320 sl=0.371 c=0.089 cv=-0.015 sf=3474.514 df=-44.181 af=3430.333 Fz=2906.556 Fx=0.000 Fy=-0.000 k=0.000 a=0.000 p=(0.747,-0.000,-1.250) n=(-0.000,1.000,-0.000)
[DEBUG] [W] i=3 w=RR si=3 lp=(-0.760,-0.100,-1.250) o=(-0.760,0.334,-1.250) wp=(-0.747,0.320,-1.250) mw=(0.013,-0.014,0.000) pe2=(0.013,0.357,0.000) grounded=1 contactSamples=1 contactDistance=0.320 sl=0.371 c=0.089 cv=-0.015 sf=3474.514 df=-44.181 af=3430.333 Fz=2906.556 Fx=0.000 Fy=-0.000 k=0.000 a=0.000 p=(-0.747,-0.000,-1.250) n=(-0.000,1.000,-0.000)
[DEBUG] [Cornering] steerInput=0.000 frontSteerAngle=-0.000 yawRateY=0.000 rollRateZ=0.000 leftLoad=5813.111 rightLoad=5813.111 leftMinusRight=0.000
[DEBUG] [Energy] x=0.000 y=0.434 z=0.000 vx=0.000 vy=0.001 vz=0.000 total=5729.711 potential=5110.621 linear=0.000 angular=0.000 wheels=0.000 suspension=619.090 suspensionPower=6.751 suspensionResidual=-195.325
[DEBUG] [W] i=0 w=FL si=0 lp=(0.760,-0.100,1.250) o=(0.760,0.334,1.250) wp=(0.747,0.320,1.250) mw=(-0.013,-0.014,0.000) pe2=(-0.013,0.357,0.000) grounded=1 contactSamples=1 contactDistance=0.320 sl=0.371 c=0.089 cv=-0.015 sf=3474.513 df=-44.181 af=3430.332 Fz=2906.555 Fx=0.000 Fy=-0.000 k=0.000 a=0.000 p=(0.747,-0.000,1.250) n=(-0.000,1.000,-0.000)
[DEBUG] [W] i=1 w=FR si=1 lp=(-0.760,-0.100,1.250) o=(-0.760,0.334,1.250) wp=(-0.747,0.320,1.250) mw=(0.013,-0.014,0.000) pe2=(0.013,0.357,0.000) grounded=1 contactSamples=1 contactDistance=0.320 sl=0.371 c=0.089 cv=-0.015 sf=3474.513 df=-44.181 af=3430.332 Fz=2906.555 Fx=0.000 Fy=-0.000 k=0.000 a=0.000 p=(-0.747,-0.000,1.250) n=(-0.000,1.000,-0.000)
[DEBUG] [W] i=2 w=RL si=2 lp=(0.760,-0.100,-1.250) o=(0.760,0.334,-1.250) wp=(0.747,0.320,-1.250) mw=(-0.013,-0.014,0.000) pe2=(-0.013,0.357,0.000) grounded=1 contactSamples=1 contactDistance=0.320 sl=0.371 c=0.089 cv=-0.015 sf=3474.513 df=-44.181 af=3430.332 Fz=2906.555 Fx=0.000 Fy=-0.000 k=0.000 a=0.000 p=(0.747,-0.000,-1.250) n=(-0.000,1.000,-0.000)
[DEBUG] [W] i=3 w=RR si=3 lp=(-0.760,-0.100,-1.250) o=(-0.760,0.334,-1.250) wp=(-0.747,0.320,-1.250) mw=(0.013,-0.014,0.000) pe2=(0.013,0.357,0.000) grounded=1 contactSamples=1 contactDistance=0.320 sl=0.371 c=0.089 cv=-0.015 sf=3474.513 df=-44.181 af=3430.332 Fz=2906.555 Fx=0.000 Fy=-0.000 k=0.000 a=0.000 p=(-0.747,-0.000,-1.250) n=(-0.000,1.000,-0.000)
[DEBUG] [Cornering] steerInput=0.000 frontSteerAngle=-0.000 yawRateY=0.000 rollRateZ=0.000 leftLoad=5813.110 rightLoad=5813.110 leftMinusRight=0.000
[INFO] [EnergyDelta] step=2940 t=24.500002 deltaFromBaseline=-11.522461 stepDelta=1.661621 integratedPowerA=164.299194 integratedPowerB=-49.544472 integratedSpringPower=-174.329742 integratedDamperPower=59.952667 integratedPowerBalanceResidual=0.377647
[INFO] [State] t=24.500002 y=0.434129 z=0.000000 vy=-0.000462 vz=0.000000 energy=5731.360352 compression=0.089213,0.089213,0.089213,0.089213
[DEBUG] [W] i=0 w=FL si=0 lp=(0.760,-0.100,1.250) o=(0.760,0.334,1.250) wp=(0.747,0.320,1.250) mw=(-0.013,-0.014,0.000) pe2=(-0.013,0.357,0.000) grounded=1 contactSamples=1 contactDistance=0.320 sl=0.371 c=0.089 cv=0.015 sf=3479.299 df=36.809 af=3516.108 Fz=2978.826 Fx=0.000 Fy=-0.000 k=0.000 a=0.000 p=(0.747,-0.000,1.250) n=(-0.000,1.000,-0.000)
[DEBUG] [W] i=1 w=FR si=1 lp=(-0.760,-0.100,1.250) o=(-0.760,0.334,1.250) wp=(-0.747,0.320,1.250) mw=(0.013,-0.014,0.000) pe2=(0.013,0.357,0.000) grounded=1 contactSamples=1 contactDistance=0.320 sl=0.371 c=0.089 cv=0.015 sf=3479.299 df=36.809 af=3516.108 Fz=2978.826 Fx=0.000 Fy=-0.000 k=0.000 a=0.000 p=(-0.747,-0.000,1.250) n=(-0.000,1.000,-0.000)
[DEBUG] [W] i=2 w=RL si=2 lp=(0.760,-0.100,-1.250) o=(0.760,0.334,-1.250) wp=(0.747,0.320,-1.250) mw=(-0.013,-0.014,0.000) pe2=(-0.013,0.357,0.000) grounded=1 contactSamples=1 contactDistance=0.320 sl=0.371 c=0.089 cv=0.015 sf=3479.299 df=36.809 af=3516.108 Fz=2978.826 Fx=0.000 Fy=-0.000 k=0.000 a=0.000 p=(0.747,-0.000,-1.250) n=(-0.000,1.000,-0.000)
[DEBUG] [W] i=3 w=RR si=3 lp=(-0.760,-0.100,-1.250) o=(-0.760,0.334,-1.250) wp=(-0.747,0.320,-1.250) mw=(0.013,-0.014,0.000) pe2=(0.013,0.357,0.000) grounded=1 contactSamples=1 contactDistance=0.320 sl=0.371 c=0.089 cv=0.015 sf=3479.299 df=36.809 af=3516.108 Fz=2978.826 Fx=0.000 Fy=-0.000 k=0.000 a=0.000 p=(-0.747,-0.000,-1.250) n=(-0.000,1.000,-0.000)
[DEBUG] [Cornering] steerInput=0.000 frontSteerAngle=-0.000 yawRateY=0.000 rollRateZ=0.000 leftLoad=5957.652 rightLoad=5957.652 leftMinusRight=0.000
[DEBUG] [W] i=0 w=FL si=0 lp=(0.760,-0.100,1.250) o=(0.760,0.334,1.250) wp=(0.747,0.320,1.250) mw=(-0.013,-0.014,0.000) pe2=(-0.013,0.357,0.000) grounded=1 contactSamples=1 contactDistance=0.320 sl=0.371 c=0.089 cv=0.015 sf=3479.299 df=36.809 af=3516.108 Fz=2978.826 Fx=0.000 Fy=-0.000 k=0.000 a=0.000 p=(0.747,-0.000,1.250) n=(-0.000,1.000,-0.000)
[DEBUG] [W] i=1 w=FR si=1 lp=(-0.760,-0.100,1.250) o=(-0.760,0.334,1.250) wp=(-0.747,0.320,1.250) mw=(0.013,-0.014,0.000) pe2=(0.013,0.357,0.000) grounded=1 contactSamples=1 contactDistance=0.320 sl=0.371 c=0.089 cv=0.015 sf=3479.299 df=36.809 af=3516.108 Fz=2978.826 Fx=0.000 Fy=-0.000 k=0.000 a=0.000 p=(-0.747,-0.000,1.250) n=(-0.000,1.000,-0.000)
[DEBUG] [W] i=2 w=RL si=2 lp=(0.760,-0.100,-1.250) o=(0.760,0.334,-1.250) wp=(0.747,0.320,-1.250) mw=(-0.013,-0.014,0.000) pe2=(-0.013,0.357,0.000) grounded=1 contactSamples=1 contactDistance=0.320 sl=0.371 c=0.089 cv=0.015 sf=3479.299 df=36.809 af=3516.108 Fz=2978.826 Fx=0.000 Fy=-0.000 k=0.000 a=0.000 p=(0.747,-0.000,-1.250) n=(-0.000,1.000,-0.000)
[DEBUG] [W] i=3 w=RR si=3 lp=(-0.760,-0.100,-1.250) o=(-0.760,0.334,-1.250) wp=(-0.747,0.320,-1.250) mw=(0.013,-0.014,0.000) pe2=(0.013,0.357,0.000) grounded=1 contactSamples=1 contactDistance=0.320 sl=0.371 c=0.089 cv=0.015 sf=3479.299 df=36.809 af=3516.108 Fz=2978.826 Fx=0.000 Fy=-0.000 k=0.000 a=0.000 p=(-0.747,-0.000,-1.250) n=(-0.000,1.000,-0.000)
[DEBUG] [Cornering] steerInput=0.000 frontSteerAngle=-0.000 yawRateY=0.000 rollRateZ=0.000 leftLoad=5957.652 rightLoad=5957.652 leftMinusRight=0.000
[DEBUG] [W] i=0 w=FL si=0 lp=(0.760,-0.100,1.250) o=(0.760,0.334,1.250) wp=(0.747,0.320,1.250) mw=(-0.013,-0.014,0.000) pe2=(-0.013,0.357,0.000) grounded=1 contactSamples=1 contactDistance=0.320 sl=0.371 c=0.089 cv=-0.015 sf=3474.513 df=-44.192 af=3430.321 Fz=2906.546 Fx=0.000 Fy=-0.000 k=0.000 a=0.000 p=(0.747,-0.000,1.250) n=(-0.000,1.000,-0.000)
[DEBUG] [W] i=1 w=FR si=1 lp=(-0.760,-0.100,1.250) o=(-0.760,0.334,1.250) wp=(-0.747,0.320,1.250) mw=(0.013,-0.014,0.000) pe2=(0.013,0.357,0.000) grounded=1 contactSamples=1 contactDistance=0.320 sl=0.371 c=0.089 cv=-0.015 sf=3474.513 df=-44.192 af=3430.321 Fz=2906.546 Fx=0.000 Fy=-0.000 k=0.000 a=0.000 p=(-0.747,-0.000,1.250) n=(-0.000,1.000,-0.000)
[DEBUG] [W] i=2 w=RL si=2 lp=(0.760,-0.100,-1.250) o=(0.760,0.334,-1.250) wp=(0.747,0.320,-1.250) mw=(-0.013,-0.014,0.000) pe2=(-0.013,0.357,0.000) grounded=1 contactSamples=1 contactDistance=0.320 sl=0.371 c=0.089 cv=-0.015 sf=3474.513 df=-44.192 af=3430.321 Fz=2906.546 Fx=0.000 Fy=-0.000 k=0.000 a=0.000 p=(0.747,-0.000,-1.250) n=(-0.000,1.000,-0.000)
[DEBUG] [W] i=3 w=RR si=3 lp=(-0.760,-0.100,-1.250) o=(-0.760,0.334,-1.250) wp=(-0.747,0.320,-1.250) mw=(0.013,-0.014,0.000) pe2=(0.013,0.357,0.000) grounded=1 contactSamples=1 contactDistance=0.320 sl=0.371 c=0.089 cv=-0.015 sf=3474.513 df=-44.192 af=3430.321 Fz=2906.546 Fx=0.000 Fy=-0.000 k=0.000 a=0.000 p=(-0.747,-0.000,-1.250) n=(-0.000,1.000,-0.000)
[DEBUG] [Cornering] steerInput=0.000 frontSteerAngle=-0.000 yawRateY=0.000 rollRateZ=0.000 leftLoad=5813.091 rightLoad=5813.091 leftMinusRight=0.000
[DEBUG] [W] i=0 w=FL si=0 lp=(0.760,-0.100,1.250) o=(0.760,0.334,1.250) wp=(0.747,0.320,1.250) mw=(-0.013,-0.014,0.000) pe2=(-0.013,0.357,0.000) grounded=1 contactSamples=1 contactDistance=0.320 sl=0.371 c=0.089 cv=0.000 sf=3474.513 df=0.000 af=3474.513 Fz=2943.990 Fx=0.000 Fy=-0.000 k=0.000 a=0.000 p=(0.747,-0.000,1.250) n=(-0.000,1.000,-0.000)
[DEBUG] [W] i=1 w=FR si=1 lp=(-0.760,-0.100,1.250) o=(-0.760,0.334,1.250) wp=(-0.747,0.320,1.250) mw=(0.013,-0.014,0.000) pe2=(0.013,0.357,0.000) grounded=1 contactSamples=1 contactDistance=0.320 sl=0.371 c=0.089 cv=0.000 sf=3474.513 df=0.000 af=3474.513 Fz=2943.990 Fx=0.000 Fy=-0.000 k=0.000 a=0.000 p=(-0.747,-0.000,1.250) n=(-0.000,1.000,-0.000)
[DEBUG] [W] i=2 w=RL si=2 lp=(0.760,-0.100,-1.250) o=(0.760,0.334,-1.250) wp=(0.747,0.320,-1.250) mw=(-0.013,-0.014,0.000) pe2=(-0.013,0.357,0.000) grounded=1 contactSamples=1 contactDistance=0.320 sl=0.371 c=0.089 cv=0.000 sf=3474.513 df=0.000 af=3474.513 Fz=2943.990 Fx=0.000 Fy=-0.000 k=0.000 a=0.000 p=(0.747,-0.000,-1.250) n=(-0.000,1.000,-0.000)
[DEBUG] [W] i=3 w=RR si=3 lp=(-0.760,-0.100,-1.250) o=(-0.760,0.334,-1.250) wp=(-0.747,0.320,-1.250) mw=(0.013,-0.014,0.000) pe2=(0.013,0.357,0.000) grounded=1 contactSamples=1 contactDistance=0.320 sl=0.371 c=0.089 cv=0.000 sf=3474.513 df=0.000 af=3474.513 Fz=2943.990 Fx=0.000 Fy=-0.000 k=0.000 a=0.000 p=(-0.747,-0.000,-1.250) n=(-0.000,1.000,-0.000)
[DEBUG] [Cornering] steerInput=0.000 frontSteerAngle=-0.000 yawRateY=0.000 rollRateZ=0.000 leftLoad=5887.980 rightLoad=5887.980 leftMinusRight=0.000
[DEBUG] [Energy] x=0.000 y=0.434 z=0.000 vx=0.000 vy=-0.000 vz=0.000 total=5731.324 potential=5110.528 linear=0.000 angular=0.000 wheels=0.000 suspension=620.796 suspensionPower=-5.362 suspensionResidual=201.767
[DEBUG] [W] i=0 w=FL si=0 lp=(0.760,-0.100,1.250) o=(0.760,0.334,1.250) wp=(0.747,0.320,1.250) mw=(-0.013,-0.014,0.000) pe2=(-0.013,0.357,0.000) grounded=1 contactSamples=1 contactDistance=0.320 sl=0.371 c=0.089 cv=-0.015 sf=3474.514 df=-44.171 af=3430.344 Fz=2906.565 Fx=0.000 Fy=-0.000 k=0.000 a=0.000 p=(0.747,-0.000,1.250) n=(-0.000,1.000,-0.000)
[DEBUG] [W] i=1 w=FR si=1 lp=(-0.760,-0.100,1.250) o=(-0.760,0.334,1.250) wp=(-0.747,0.320,1.250) mw=(0.013,-0.014,0.000) pe2=(0.013,0.357,0.000) grounded=1 contactSamples=1 contactDistance=0.320 sl=0.371 c=0.089 cv=-0.015 sf=3474.514 df=-44.171 af=3430.344 Fz=2906.565 Fx=0.000 Fy=-0.000 k=0.000 a=0.000 p=(-0.747,-0.000,1.250) n=(-0.000,1.000,-0.000)
[DEBUG] [W] i=2 w=RL si=2 lp=(0.760,-0.100,-1.250) o=(0.760,0.334,-1.250) wp=(0.747,0.320,-1.250) mw=(-0.013,-0.014,0.000) pe2=(-0.013,0.357,0.000) grounded=1 contactSamples=1 contactDistance=0.320 sl=0.371 c=0.089 cv=-0.015 sf=3474.514 df=-44.171 af=3430.344 Fz=2906.565 Fx=0.000 Fy=-0.000 k=0.000 a=0.000 p=(0.747,-0.000,-1.250) n=(-0.000,1.000,-0.000)
[DEBUG] [W] i=3 w=RR si=3 lp=(-0.760,-0.100,-1.250) o=(-0.760,0.334,-1.250) wp=(-0.747,0.320,-1.250) mw=(0.013,-0.014,0.000) pe2=(0.013,0.357,0.000) grounded=1 contactSamples=1 contactDistance=0.320 sl=0.371 c=0.089 cv=-0.015 sf=3474.514 df=-44.171 af=3430.344 Fz=2906.565 Fx=0.000 Fy=-0.000 k=0.000 a=0.000 p=(-0.747,-0.000,-1.250) n=(-0.000,1.000,-0.000)
[DEBUG] [Cornering] steerInput=0.000 frontSteerAngle=-0.000 yawRateY=0.000 rollRateZ=0.000 leftLoad=5813.129 rightLoad=5813.129 leftMinusRight=0.000
[INFO] [EnergyDelta] step=3000 t=25.000002 deltaFromBaseline=-11.561523 stepDelta=1.652344 integratedPowerA=164.227356 integratedPowerB=-50.602821 integratedSpringPower=-174.265961 integratedDamperPower=61.026077 integratedPowerBalanceResidual=0.384651
[INFO] [State] t=25.000002 y=0.434125 z=0.000000 vy=-0.000552 vz=0.000000 energy=5731.321289 compression=0.089213,0.089213,0.089213,0.089213
[DEBUG] [W] i=0 w=FL si=0 lp=(0.760,-0.100,1.250) o=(0.760,0.334,1.250) wp=(0.747,0.320,1.250) mw=(-0.013,-0.014,0.000) pe2=(-0.013,0.357,0.000) grounded=1 contactSamples=1 contactDistance=0.320 sl=0.371 c=0.089 cv=-0.015 sf=3474.514 df=-44.171 af=3430.344 Fz=2906.565 Fx=0.000 Fy=-0.000 k=0.000 a=0.000 p=(0.747,-0.000,1.250) n=(-0.000,1.000,-0.000)
[DEBUG] [W] i=1 w=FR si=1 lp=(-0.760,-0.100,1.250) o=(-0.760,0.334,1.250) wp=(-0.747,0.320,1.250) mw=(0.013,-0.014,0.000) pe2=(0.013,0.357,0.000) grounded=1 contactSamples=1 contactDistance=0.320 sl=0.371 c=0.089 cv=-0.015 sf=3474.514 df=-44.171 af=3430.344 Fz=2906.565 Fx=0.000 Fy=-0.000 k=0.000 a=0.000 p=(-0.747,-0.000,1.250) n=(-0.000,1.000,-0.000)
[DEBUG] [W] i=2 w=RL si=2 lp=(0.760,-0.100,-1.250) o=(0.760,0.334,-1.250) wp=(0.747,0.320,-1.250) mw=(-0.013,-0.014,0.000) pe2=(-0.013,0.357,0.000) grounded=1 contactSamples=1 contactDistance=0.320 sl=0.371 c=0.089 cv=-0.015 sf=3474.514 df=-44.171 af=3430.344 Fz=2906.565 Fx=0.000 Fy=-0.000 k=0.000 a=0.000 p=(0.747,-0.000,-1.250) n=(-0.000,1.000,-0.000)
[DEBUG] [W] i=3 w=RR si=3 lp=(-0.760,-0.100,-1.250) o=(-0.760,0.334,-1.250) wp=(-0.747,0.320,-1.250) mw=(0.013,-0.014,0.000) pe2=(0.013,0.357,0.000) grounded=1 contactSamples=1 contactDistance=0.320 sl=0.371 c=0.089 cv=-0.015 sf=3474.514 df=-44.171 af=3430.344 Fz=2906.565 Fx=0.000 Fy=-0.000 k=0.000 a=0.000 p=(-0.747,-0.000,-1.250) n=(-0.000,1.000,-0.000)
[DEBUG] [Cornering] steerInput=0.000 frontSteerAngle=-0.000 yawRateY=0.000 rollRateZ=0.000 leftLoad=5813.129 rightLoad=5813.129 leftMinusRight=0.000
[DEBUG] [W] i=0 w=FL si=0 lp=(0.760,-0.100,1.250) o=(0.760,0.334,1.250) wp=(0.747,0.320,1.250) mw=(-0.013,-0.014,0.000) pe2=(-0.013,0.357,0.000) grounded=1 contactSamples=1 contactDistance=0.320 sl=0.371 c=0.089 cv=0.000 sf=3479.299 df=0.000 af=3479.299 Fz=2947.642 Fx=0.000 Fy=-0.000 k=0.000 a=0.000 p=(0.747,-0.000,1.250) n=(-0.000,1.000,-0.000)
[DEBUG] [W] i=1 w=FR si=1 lp=(-0.760,-0.100,1.250) o=(-0.760,0.334,1.250) wp=(-0.747,0.320,1.250) mw=(0.013,-0.014,0.000) pe2=(0.013,0.357,0.000) grounded=1 contactSamples=1 contactDistance=0.320 sl=0.371 c=0.089 cv=0.000 sf=3479.299 df=0.000 af=3479.299 Fz=2947.642 Fx=0.000 Fy=-0.000 k=0.000 a=0.000 p=(-0.747,-0.000,1.250) n=(-0.000,1.000,-0.000)
[DEBUG] [W] i=2 w=RL si=2 lp=(0.760,-0.100,-1.250) o=(0.760,0.334,-1.250) wp=(0.747,0.320,-1.250) mw=(-0.013,-0.014,0.000) pe2=(-0.013,0.357,0.000) grounded=1 contactSamples=1 contactDistance=0.320 sl=0.371 c=0.089 cv=0.000 sf=3479.299 df=0.000 af=3479.299 Fz=2947.642 Fx=0.000 Fy=-0.000 k=0.000 a=0.000 p=(0.747,-0.000,-1.250) n=(-0.000,1.000,-0.000)
[DEBUG] [W] i=3 w=RR si=3 lp=(-0.760,-0.100,-1.250) o=(-0.760,0.334,-1.250) wp=(-0.747,0.320,-1.250) mw=(0.013,-0.014,0.000) pe2=(0.013,0.357,0.000) grounded=1 contactSamples=1 contactDistance=0.320 sl=0.371 c=0.089 cv=0.000 sf=3479.299 df=0.000 af=3479.299 Fz=2947.642 Fx=0.000 Fy=-0.000 k=0.000 a=0.000 p=(-0.747,-0.000,-1.250) n=(-0.000,1.000,-0.000)
[DEBUG] [Cornering] steerInput=0.000 frontSteerAngle=-0.000 yawRateY=0.000 rollRateZ=0.000 leftLoad=5895.284 rightLoad=5895.284 leftMinusRight=0.000
[DEBUG] [W] i=0 w=FL si=0 lp=(0.760,-0.100,1.250) o=(0.760,0.334,1.250) wp=(0.747,0.320,1.250) mw=(-0.013,-0.014,0.000) pe2=(-0.013,0.357,0.000) grounded=1 contactSamples=1 contactDistance=0.320 sl=0.371 c=0.089 cv=-0.015 sf=3474.513 df=-44.181 af=3430.332 Fz=2906.555 Fx=0.000 Fy=-0.000 k=0.000 a=0.000 p=(0.747,-0.000,1.250) n=(-0.000,1.000,-0.000)
[DEBUG] [W] i=1 w=FR si=1 lp=(-0.760,-0.100,1.250) o=(-0.760,0.334,1.250) wp=(-0.747,0.320,1.250) mw=(0.013,-0.014,0.000) pe2=(0.013,0.357,0.000) grounded=1 contactSamples=1 contactDistance=0.320 sl=0.371 c=0.089 cv=-0.015 sf=3474.513 df=-44.181 af=3430.332 Fz=2906.555 Fx=0.000 Fy=-0.000 k=0.000 a=0.000 p=(-0.747,-0.000,1.250) n=(-0.000,1.000,-0.000)
[DEBUG] [W] i=2 w=RL si=2 lp=(0.760,-0.100,-1.250) o=(0.760,0.334,-1.250) wp=(0.747,0.320,-1.250) mw=(-0.013,-0.014,0.000) pe2=(-0.013,0.357,0.000) grounded=1 contactSamples=1 contactDistance=0.320 sl=0.371 c=0.089 cv=-0.015 sf=3474.513 df=-44.181 af=3430.332 Fz=2906.555 Fx=0.000 Fy=-0.000 k=0.000 a=0.000 p=(0.747,-0.000,-1.250) n=(-0.000,1.000,-0.000)
[DEBUG] [W] i=3 w=RR si=3 lp=(-0.760,-0.100,-1.250) o=(-0.760,0.334,-1.250) wp=(-0.747,0.320,-1.250) mw=(0.013,-0.014,0.000) pe2=(0.013,0.357,0.000) grounded=1 contactSamples=1 contactDistance=0.320 sl=0.371 c=0.089 cv=-0.015 sf=3474.513 df=-44.181 af=3430.332 Fz=2906.555 Fx=0.000 Fy=-0.000 k=0.000 a=0.000 p=(-0.747,-0.000,-1.250) n=(-0.000,1.000,-0.000)
[DEBUG] [Cornering] steerInput=0.000 frontSteerAngle=-0.000 yawRateY=0.000 rollRateZ=0.000 leftLoad=5813.110 rightLoad=5813.110 leftMinusRight=0.000
[DEBUG] [W] i=0 w=FL si=0 lp=(0.760,-0.100,1.250) o=(0.760,0.334,1.250) wp=(0.747,0.320,1.250) mw=(-0.013,-0.014,0.000) pe2=(-0.013,0.357,0.000) grounded=1 contactSamples=1 contactDistance=0.320 sl=0.371 c=0.089 cv=0.000 sf=3474.514 df=0.000 af=3474.514 Fz=2943.991 Fx=0.000 Fy=-0.000 k=0.000 a=0.000 p=(0.747,-0.000,1.250) n=(-0.000,1.000,-0.000)
[DEBUG] [W] i=1 w=FR si=1 lp=(-0.760,-0.100,1.250) o=(-0.760,0.334,1.250) wp=(-0.747,0.320,1.250) mw=(0.013,-0.014,0.000) pe2=(0.013,0.357,0.000) grounded=1 contactSamples=1 contactDistance=0.320 sl=0.371 c=0.089 cv=0.000 sf=3474.514 df=0.000 af=3474.514 Fz=2943.991 Fx=0.000 Fy=-0.000 k=0.000 a=0.000 p=(-0.747,-0.000,1.250) n=(-0.000,1.000,-0.000)
[DEBUG] [W] i=2 w=RL si=2 lp=(0.760,-0.100,-1.250) o=(0.760,0.334,-1.250) wp=(0.747,0.320,-1.250) mw=(-0.013,-0.014,0.000) pe2=(-0.013,0.357,0.000) grounded=1 contactSamples=1 contactDistance=0.320 sl=0.371 c=0.089 cv=0.000 sf=3474.514 df=0.000 af=3474.514 Fz=2943.991 Fx=0.000 Fy=-0.000 k=0.000 a=0.000 p=(0.747,-0.000,-1.250) n=(-0.000,1.000,-0.000)
[DEBUG] [W] i=3 w=RR si=3 lp=(-0.760,-0.100,-1.250) o=(-0.760,0.334,-1.250) wp=(-0.747,0.320,-1.250) mw=(0.013,-0.014,0.000) pe2=(0.013,0.357,0.000) grounded=1 contactSamples=1 contactDistance=0.320 sl=0.371 c=0.089 cv=0.000 sf=3474.514 df=0.000 af=3474.514 Fz=2943.991 Fx=0.000 Fy=-0.000 k=0.000 a=0.000 p=(-0.747,-0.000,-1.250) n=(-0.000,1.000,-0.000)
[DEBUG] [Cornering] steerInput=0.000 frontSteerAngle=-0.000 yawRateY=0.000 rollRateZ=0.000 leftLoad=5887.982 rightLoad=5887.982 leftMinusRight=0.000
[DEBUG] [Energy] x=0.000 y=0.434 z=0.000 vx=0.000 vy=0.001 vz=0.000 total=5729.669 potential=5110.580 linear=0.000 angular=0.000 wheels=0.000 suspension=619.089 suspensionPower=6.474 suspensionResidual=-195.602
[DEBUG] [W] i=0 w=FL si=0 lp=(0.760,-0.100,1.250) o=(0.760,0.334,1.250) wp=(0.747,0.320,1.250) mw=(-0.013,-0.014,0.000) pe2=(-0.013,0.357,0.000) grounded=1 contactSamples=1 contactDistance=0.320 sl=0.371 c=0.089 cv=-0.015 sf=3474.513 df=-44.181 af=3430.332 Fz=2906.555 Fx=0.000 Fy=-0.000 k=0.000 a=0.000 p=(0.747,-0.000,1.250) n=(-0.000,1.000,-0.000)
[DEBUG] [W] i=1 w=FR si=1 lp=(-0.760,-0.100,1.250) o=(-0.760,0.334,1.250) wp=(-0.747,0.320,1.250) mw=(0.013,-0.014,0.000) pe2=(0.013,0.357,0.000) grounded=1 contactSamples=1 contactDistance=0.320 sl=0.371 c=0.089 cv=-0.015 sf=3474.513 df=-44.181 af=3430.332 Fz=2906.555 Fx=0.000 Fy=-0.000 k=0.000 a=0.000 p=(-0.747,-0.000,1.250) n=(-0.000,1.000,-0.000)
[DEBUG] [W] i=2 w=RL si=2 lp=(0.760,-0.100,-1.250) o=(0.760,0.334,-1.250) wp=(0.747,0.320,-1.250) mw=(-0.013,-0.014,0.000) pe2=(-0.013,0.357,0.000) grounded=1 contactSamples=1 contactDistance=0.320 sl=0.371 c=0.089 cv=-0.015 sf=3474.513 df=-44.181 af=3430.332 Fz=2906.555 Fx=0.000 Fy=-0.000 k=0.000 a=0.000 p=(0.747,-0.000,-1.250) n=(-0.000,1.000,-0.000)
[DEBUG] [W] i=3 w=RR si=3 lp=(-0.760,-0.100,-1.250) o=(-0.760,0.334,-1.250) wp=(-0.747,0.320,-1.250) mw=(0.013,-0.014,0.000) pe2=(0.013,0.357,0.000) grounded=1 contactSamples=1 contactDistance=0.320 sl=0.371 c=0.089 cv=-0.015 sf=3474.513 df=-44.181 af=3430.332 Fz=2906.555 Fx=0.000 Fy=-0.000 k=0.000 a=0.000 p=(-0.747,-0.000,-1.250) n=(-0.000,1.000,-0.000)
[DEBUG] [Cornering] steerInput=0.000 frontSteerAngle=-0.000 yawRateY=0.000 rollRateZ=0.000 leftLoad=5813.110 rightLoad=5813.110 leftMinusRight=0.000
[INFO] [EnergyDelta] step=3060 t=25.500002 deltaFromBaseline=-11.550781 stepDelta=1.654297 integratedPowerA=164.205200 integratedPowerB=-51.710960 integratedSpringPower=-174.202118 integratedDamperPower=62.099503 integratedPowerBalanceResidual=0.391624
[INFO] [State] t=25.500002 y=0.434126 z=0.000000 vy=-0.000540 vz=0.000000 energy=5731.332031 compression=0.089213,0.089213,0.089213,0.089213
[DEBUG] [W] i=0 w=FL si=0 lp=(0.760,-0.100,1.250) o=(0.760,0.334,1.250) wp=(0.747,0.320,1.250) mw=(-0.013,-0.014,0.000) pe2=(-0.013,0.357,0.000) grounded=1 contactSamples=1 contactDistance=0.320 sl=0.371 c=0.089 cv=-0.000 sf=3474.513 df=-0.011 af=3474.502 Fz=2943.981 Fx=0.000 Fy=-0.000 k=0.000 a=0.000 p=(0.747,-0.000,1.250) n=(-0.000,1.000,-0.000)
[DEBUG] [W] i=1 w=FR si=1 lp=(-0.760,-0.100,1.250) o=(-0.760,0.334,1.250) wp=(-0.747,0.320,1.250) mw=(0.013,-0.014,0.000) pe2=(0.013,0.357,0.000) grounded=1 contactSamples=1 contactDistance=0.320 sl=0.371 c=0.089 cv=-0.000 sf=3474.513 df=-0.011 af=3474.502 Fz=2943.981 Fx=0.000 Fy=-0.000 k=0.000 a=0.000 p=(-0.747,-0.000,1.250) n=(-0.000,1.000,-0.000)
[DEBUG] [W] i=2 w=RL si=2 lp=(0.760,-0.100,-1.250) o=(0.760,0.334,-1.250) wp=(0.747,0.320,-1.250) mw=(-0.013,-0.014,0.000) pe2=(-0.013,0.357,0.000) grounded=1 contactSamples=1 contactDistance=0.320 sl=0.371 c=0.089 cv=-0.000 sf=3474.513 df=-0.011 af=3474.502 Fz=2943.981 Fx=0.000 Fy=-0.000 k=0.000 a=0.000 p=(0.747,-0.000,-1.250) n=(-0.000,1.000,-0.000)
[DEBUG] [W] i=3 w=RR si=3 lp=(-0.760,-0.100,-1.250) o=(-0.760,0.334,-1.250) wp=(-0.747,0.320,-1.250) mw=(0.013,-0.014,0.000) pe2=(0.013,0.357,0.000) grounded=1 contactSamples=1 contactDistance=0.320 sl=0.371 c=0.089 cv=-0.000 sf=3474.513 df=-0.011 af=3474.502 Fz=2943.981 Fx=0.000 Fy=-0.000 k=0.000 a=0.000 p=(-0.747,-0.000,-1.250) n=(-0.000,1.000,-0.000)
[DEBUG] [Cornering] steerInput=0.000 frontSteerAngle=-0.000 yawRateY=0.000 rollRateZ=0.000 leftLoad=5887.962 rightLoad=5887.962 leftMinusRight=0.000
[DEBUG] [W] i=0 w=FL si=0 lp=(0.760,-0.100,1.250) o=(0.760,0.334,1.250) wp=(0.747,0.320,1.250) mw=(-0.013,-0.014,0.000) pe2=(-0.013,0.357,0.000) grounded=1 contactSamples=1 contactDistance=0.320 sl=0.371 c=0.089 cv=-0.000 sf=3474.513 df=-0.011 af=3474.502 Fz=2943.981 Fx=0.000 Fy=-0.000 k=0.000 a=0.000 p=(0.747,-0.000,1.250) n=(-0.000,1.000,-0.000)
[DEBUG] [W] i=1 w=FR si=1 lp=(-0.760,-0.100,1.250) o=(-0.760,0.334,1.250) wp=(-0.747,0.320,1.250) mw=(0.013,-0.014,0.000) pe2=(0.013,0.357,0.000) grounded=1 contactSamples=1 contactDistance=0.320 sl=0.371 c=0.089 cv=-0.000 sf=3474.513 df=-0.011 af=3474.502 Fz=2943.981 Fx=0.000 Fy=-0.000 k=0.000 a=0.000 p=(-0.747,-0.000,1.250) n=(-0.000,1.000,-0.000)
[DEBUG] [W] i=2 w=RL si=2 lp=(0.760,-0.100,-1.250) o=(0.760,0.334,-1.250) wp=(0.747,0.320,-1.250) mw=(-0.013,-0.014,0.000) pe2=(-0.013,0.357,0.000) grounded=1 contactSamples=1 contactDistance=0.320 sl=0.371 c=0.089 cv=-0.000 sf=3474.513 df=-0.011 af=3474.502 Fz=2943.981 Fx=0.000 Fy=-0.000 k=0.000 a=0.000 p=(0.747,-0.000,-1.250) n=(-0.000,1.000,-0.000)
[DEBUG] [W] i=3 w=RR si=3 lp=(-0.760,-0.100,-1.250) o=(-0.760,0.334,-1.250) wp=(-0.747,0.320,-1.250) mw=(0.013,-0.014,0.000) pe2=(0.013,0.357,0.000) grounded=1 contactSamples=1 contactDistance=0.320 sl=0.371 c=0.089 cv=-0.000 sf=3474.513 df=-0.011 af=3474.502 Fz=2943.981 Fx=0.000 Fy=-0.000 k=0.000 a=0.000 p=(-0.747,-0.000,-1.250) n=(-0.000,1.000,-0.000)
[DEBUG] [Cornering] steerInput=0.000 frontSteerAngle=-0.000 yawRateY=0.000 rollRateZ=0.000 leftLoad=5887.962 rightLoad=5887.962 leftMinusRight=0.000
[DEBUG] [W] i=0 w=FL si=0 lp=(0.760,-0.100,1.250) o=(0.760,0.334,1.250) wp=(0.747,0.320,1.250) mw=(-0.013,-0.014,0.000) pe2=(-0.013,0.357,0.000) grounded=1 contactSamples=1 contactDistance=0.320 sl=0.371 c=0.089 cv=0.000 sf=3474.514 df=0.009 af=3474.523 Fz=2943.999 Fx=0.000 Fy=-0.000 k=0.000 a=0.000 p=(0.747,-0.000,1.250) n=(-0.000,1.000,-0.000)
[DEBUG] [W] i=1 w=FR si=1 lp=(-0.760,-0.100,1.250) o=(-0.760,0.334,1.250) wp=(-0.747,0.320,1.250) mw=(0.013,-0.014,0.000) pe2=(0.013,0.357,0.000) grounded=1 contactSamples=1 contactDistance=0.320 sl=0.371 c=0.089 cv=0.000 sf=3474.514 df=0.009 af=3474.523 Fz=2943.999 Fx=0.000 Fy=-0.000 k=0.000 a=0.000 p=(-0.747,-0.000,1.250) n=(-0.000,1.000,-0.000)
[DEBUG] [W] i=2 w=RL si=2 lp=(0.760,-0.100,-1.250) o=(0.760,0.334,-1.250) wp=(0.747,0.320,-1.250) mw=(-0.013,-0.014,0.000) pe2=(-0.013,0.357,0.000) grounded=1 contactSamples=1 contactDistance=0.320 sl=0.371 c=0.089 cv=0.000 sf=3474.514 df=0.009 af=3474.523 Fz=2943.999 Fx=0.000 Fy=-0.000 k=0.000 a=0.000 p=(0.747,-0.000,-1.250) n=(-0.000,1.000,-0.000)
[DEBUG] [W] i=3 w=RR si=3 lp=(-0.760,-0.100,-1.250) o=(-0.760,0.334,-1.250) wp=(-0.747,0.320,-1.250) mw=(0.013,-0.014,0.000) pe2=(0.013,0.357,0.000) grounded=1 contactSamples=1 contactDistance=0.320 sl=0.371 c=0.089 cv=0.000 sf=3474.514 df=0.009 af=3474.523 Fz=2943.999 Fx=0.000 Fy=-0.000 k=0.000 a=0.000 p=(-0.747,-0.000,-1.250) n=(-0.000,1.000,-0.000)
[DEBUG] [Cornering] steerInput=0.000 frontSteerAngle=-0.000 yawRateY=0.000 rollRateZ=0.000 leftLoad=5887.998 rightLoad=5887.998 leftMinusRight=0.000
[DEBUG] [W] i=0 w=FL si=0 lp=(0.760,-0.100,1.250) o=(0.760,0.334,1.250) wp=(0.747,0.320,1.250) mw=(-0.013,-0.014,0.000) pe2=(-0.013,0.357,0.000) grounded=1 contactSamples=1 contactDistance=0.320 sl=0.371 c=0.089 cv=-0.015 sf=3474.513 df=-44.192 af=3430.321 Fz=2906.546 Fx=0.000 Fy=-0.000 k=0.000 a=0.000 p=(0.747,-0.000,1.250) n=(-0.000,1.000,-0.000)
[DEBUG] [W] i=1 w=FR si=1 lp=(-0.760,-0.100,1.250) o=(-0.760,0.334,1.250) wp=(-0.747,0.320,1.250) mw=(0.013,-0.014,0.000) pe2=(0.013,0.357,0.000) grounded=1 contactSamples=1 contactDistance=0.320 sl=0.371 c=0.089 cv=-0.015 sf=3474.513 df=-44.192 af=3430.321 Fz=2906.546 Fx=0.000 Fy=-0.000 k=0.000 a=0.000 p=(-0.747,-0.000,1.250) n=(-0.000,1.000,-0.000)
[DEBUG] [W] i=2 w=RL si=2 lp=(0.760,-0.100,-1.250) o=(0.760,0.334,-1.250) wp=(0.747,0.320,-1.250) mw=(-0.013,-0.014,0.000) pe2=(-0.013,0.357,0.000) grounded=1 contactSamples=1 contactDistance=0.320 sl=0.371 c=0.089 cv=-0.015 sf=3474.513 df=-44.192 af=3430.321 Fz=2906.546 Fx=0.000 Fy=-0.000 k=0.000 a=0.000 p=(0.747,-0.000,-1.250) n=(-0.000,1.000,-0.000)
[DEBUG] [W] i=3 w=RR si=3 lp=(-0.760,-0.100,-1.250) o=(-0.760,0.334,-1.250) wp=(-0.747,0.320,-1.250) mw=(0.013,-0.014,0.000) pe2=(0.013,0.357,0.000) grounded=1 contactSamples=1 contactDistance=0.320 sl=0.371 c=0.089 cv=-0.015 sf=3474.513 df=-44.192 af=3430.321 Fz=2906.546 Fx=0.000 Fy=-0.000 k=0.000 a=0.000 p=(-0.747,-0.000,-1.250) n=(-0.000,1.000,-0.000)
[DEBUG] [Cornering] steerInput=0.000 frontSteerAngle=-0.000 yawRateY=0.000 rollRateZ=0.000 leftLoad=5813.091 rightLoad=5813.091 leftMinusRight=0.000
[DEBUG] [Energy] x=0.000 y=0.434 z=0.000 vx=0.000 vy=-0.001 vz=0.000 total=5731.344 potential=5110.547 linear=0.000 angular=0.000 wheels=0.000 suspension=620.797 suspensionPower=-6.503 suspensionResidual=200.677
[DEBUG] [W] i=0 w=FL si=0 lp=(0.760,-0.100,1.250) o=(0.760,0.334,1.250) wp=(0.747,0.320,1.250) mw=(-0.013,-0.014,0.000) pe2=(-0.013,0.357,0.000) grounded=1 contactSamples=1 contactDistance=0.320 sl=0.371 c=0.089 cv=-0.015 sf=3474.513 df=-44.192 af=3430.321 Fz=2906.546 Fx=0.000 Fy=-0.000 k=0.000 a=0.000 p=(0.747,-0.000,1.250) n=(-0.000,1.000,-0.000)
[DEBUG] [W] i=1 w=FR si=1 lp=(-0.760,-0.100,1.250) o=(-0.760,0.334,1.250) wp=(-0.747,0.320,1.250) mw=(0.013,-0.014,0.000) pe2=(0.013,0.357,0.000) grounded=1 contactSamples=1 contactDistance=0.320 sl=0.371 c=0.089 cv=-0.015 sf=3474.513 df=-44.192 af=3430.321 Fz=2906.546 Fx=0.000 Fy=-0.000 k=0.000 a=0.000 p=(-0.747,-0.000,1.250) n=(-0.000,1.000,-0.000)
[DEBUG] [W] i=2 w=RL si=2 lp=(0.760,-0.100,-1.250) o=(0.760,0.334,-1.250) wp=(0.747,0.320,-1.250) mw=(-0.013,-0.014,0.000) pe2=(-0.013,0.357,0.000) grounded=1 contactSamples=1 contactDistance=0.320 sl=0.371 c=0.089 cv=-0.015 sf=3474.513 df=-44.192 af=3430.321 Fz=2906.546 Fx=0.000 Fy=-0.000 k=0.000 a=0.000 p=(0.747,-0.000,-1.250) n=(-0.000,1.000,-0.000)
[DEBUG] [W] i=3 w=RR si=3 lp=(-0.760,-0.100,-1.250) o=(-0.760,0.334,-1.250) wp=(-0.747,0.320,-1.250) mw=(0.013,-0.014,0.000) pe2=(0.013,0.357,0.000) grounded=1 contactSamples=1 contactDistance=0.320 sl=0.371 c=0.089 cv=-0.015 sf=3474.513 df=-44.192 af=3430.321 Fz=2906.546 Fx=0.000 Fy=-0.000 k=0.000 a=0.000 p=(-0.747,-0.000,-1.250) n=(-0.000,1.000,-0.000)
[DEBUG] [Cornering] steerInput=0.000 frontSteerAngle=-0.000 yawRateY=0.000 rollRateZ=0.000 leftLoad=5813.091 rightLoad=5813.091 leftMinusRight=0.000
[INFO] [EnergyDelta] step=3120 t=26.000002 deltaFromBaseline=-11.550293 stepDelta=1.661621 integratedPowerA=164.174988 integratedPowerB=-52.769051 integratedSpringPower=-174.141083 integratedDamperPower=63.133194 integratedPowerBalanceResidual=0.398048
[INFO] [State] t=26.000002 y=0.434126 z=0.000000 vy=-0.000457 vz=0.000000 energy=5731.332520 compression=0.089213,0.089213,0.089213,0.089213
[DEBUG] [W] i=0 w=FL si=0 lp=(0.760,-0.100,1.250) o=(0.760,0.334,1.250) wp=(0.747,0.320,1.250) mw=(-0.013,-0.014,0.000) pe2=(-0.013,0.357,0.000) grounded=1 contactSamples=1 contactDistance=0.320 sl=0.371 c=0.089 cv=-0.015 sf=3474.514 df=-44.171 af=3430.344 Fz=2906.565 Fx=0.000 Fy=-0.000 k=0.000 a=0.000 p=(0.747,-0.000,1.250) n=(-0.000,1.000,-0.000)
[DEBUG] [W] i=1 w=FR si=1 lp=(-0.760,-0.100,1.250) o=(-0.760,0.334,1.250) wp=(-0.747,0.320,1.250) mw=(0.013,-0.014,0.000) pe2=(0.013,0.357,0.000) grounded=1 contactSamples=1 contactDistance=0.320 sl=0.371 c=0.089 cv=-0.015 sf=3474.514 df=-44.171 af=3430.344 Fz=2906.565 Fx=0.000 Fy=-0.000 k=0.000 a=0.000 p=(-0.747,-0.000,1.250) n=(-0.000,1.000,-0.000)
[DEBUG] [W] i=2 w=RL si=2 lp=(0.760,-0.100,-1.250) o=(0.760,0.334,-1.250) wp=(0.747,0.320,-1.250) mw=(-0.013,-0.014,0.000) pe2=(-0.013,0.357,0.000) grounded=1 contactSamples=1 contactDistance=0.320 sl=0.371 c=0.089 cv=-0.015 sf=3474.514 df=-44.171 af=3430.344 Fz=2906.565 Fx=0.000 Fy=-0.000 k=0.000 a=0.000 p=(0.747,-0.000,-1.250) n=(-0.000,1.000,-0.000)
[DEBUG] [W] i=3 w=RR si=3 lp=(-0.760,-0.100,-1.250) o=(-0.760,0.334,-1.250) wp=(-0.747,0.320,-1.250) mw=(0.013,-0.014,0.000) pe2=(0.013,0.357,0.000) grounded=1 contactSamples=1 contactDistance=0.320 sl=0.371 c=0.089 cv=-0.015 sf=3474.514 df=-44.171 af=3430.344 Fz=2906.565 Fx=0.000 Fy=-0.000 k=0.000 a=0.000 p=(-0.747,-0.000,-1.250) n=(-0.000,1.000,-0.000)
[DEBUG] [Cornering] steerInput=0.000 frontSteerAngle=-0.000 yawRateY=0.000 rollRateZ=0.000 leftLoad=5813.129 rightLoad=5813.129 leftMinusRight=0.000
[DEBUG] [W] i=0 w=FL si=0 lp=(0.760,-0.100,1.250) o=(0.760,0.334,1.250) wp=(0.747,0.320,1.250) mw=(-0.013,-0.014,0.000) pe2=(-0.013,0.357,0.000) grounded=1 contactSamples=1 contactDistance=0.320 sl=0.371 c=0.089 cv=0.015 sf=3479.299 df=36.818 af=3516.117 Fz=2978.834 Fx=0.000 Fy=-0.000 k=0.000 a=0.000 p=(0.747,-0.000,1.250) n=(-0.000,1.000,-0.000)
[DEBUG] [W] i=1 w=FR si=1 lp=(-0.760,-0.100,1.250) o=(-0.760,0.334,1.250) wp=(-0.747,0.320,1.250) mw=(0.013,-0.014,0.000) pe2=(0.013,0.357,0.000) grounded=1 contactSamples=1 contactDistance=0.320 sl=0.371 c=0.089 cv=0.015 sf=3479.299 df=36.818 af=3516.117 Fz=2978.834 Fx=0.000 Fy=-0.000 k=0.000 a=0.000 p=(-0.747,-0.000,1.250) n=(-0.000,1.000,-0.000)
[DEBUG] [W] i=2 w=RL si=2 lp=(0.760,-0.100,-1.250) o=(0.760,0.334,-1.250) wp=(0.747,0.320,-1.250) mw=(-0.013,-0.014,0.000) pe2=(-0.013,0.357,0.000) grounded=1 contactSamples=1 contactDistance=0.320 sl=0.371 c=0.089 cv=0.015 sf=3479.299 df=36.818 af=3516.117 Fz=2978.834 Fx=0.000 Fy=-0.000 k=0.000 a=0.000 p=(0.747,-0.000,-1.250) n=(-0.000,1.000,-0.000)
[DEBUG] [W] i=3 w=RR si=3 lp=(-0.760,-0.100,-1.250) o=(-0.760,0.334,-1.250) wp=(-0.747,0.320,-1.250) mw=(0.013,-0.014,0.000) pe2=(0.013,0.357,0.000) grounded=1 contactSamples=1 contactDistance=0.320 sl=0.371 c=0.089 cv=0.015 sf=3479.299 df=36.818 af=3516.117 Fz=2978.834 Fx=0.000 Fy=-0.000 k=0.000 a=0.000 p=(-0.747,-0.000,-1.250) n=(-0.000,1.000,-0.000)
[DEBUG] [Cornering] steerInput=0.000 frontSteerAngle=-0.000 yawRateY=0.000 rollRateZ=0.000 leftLoad=5957.667 rightLoad=5957.667 leftMinusRight=0.000
[DEBUG] [W] i=0 w=FL si=0 lp=(0.760,-0.100,1.250) o=(0.760,0.334,1.250) wp=(0.747,0.320,1.250) mw=(-0.013,-0.014,0.000) pe2=(-0.013,0.357,0.000) grounded=1 contactSamples=1 contactDistance=0.320 sl=0.371 c=0.089 cv=0.015 sf=3479.299 df=36.818 af=3516.117 Fz=2978.834 Fx=0.000 Fy=-0.000 k=0.000 a=0.000 p=(0.747,-0.000,1.250) n=(-0.000,1.000,-0.000)
[DEBUG] [W] i=1 w=FR si=1 lp=(-0.760,-0.100,1.250) o=(-0.760,0.334,1.250) wp=(-0.747,0.320,1.250) mw=(0.013,-0.014,0.000) pe2=(0.013,0.357,0.000) grounded=1 contactSamples=1 contactDistance=0.320 sl=0.371 c=0.089 cv=0.015 sf=3479.299 df=36.818 af=3516.117 Fz=2978.834 Fx=0.000 Fy=-0.000 k=0.000 a=0.000 p=(-0.747,-0.000,1.250) n=(-0.000,1.000,-0.000)
[DEBUG] [W] i=2 w=RL si=2 lp=(0.760,-0.100,-1.250) o=(0.760,0.334,-1.250) wp=(0.747,0.320,-1.250) mw=(-0.013,-0.014,0.000) pe2=(-0.013,0.357,0.000) grounded=1 contactSamples=1 contactDistance=0.320 sl=0.371 c=0.089 cv=0.015 sf=3479.299 df=36.818 af=3516.117 Fz=2978.834 Fx=0.000 Fy=-0.000 k=0.000 a=0.000 p=(0.747,-0.000,-1.250) n=(-0.000,1.000,-0.000)
[DEBUG] [W] i=3 w=RR si=3 lp=(-0.760,-0.100,-1.250) o=(-0.760,0.334,-1.250) wp=(-0.747,0.320,-1.250) mw=(0.013,-0.014,0.000) pe2=(0.013,0.357,0.000) grounded=1 contactSamples=1 contactDistance=0.320 sl=0.371 c=0.089 cv=0.015 sf=3479.299 df=36.818 af=3516.117 Fz=2978.834 Fx=0.000 Fy=-0.000 k=0.000 a=0.000 p=(-0.747,-0.000,-1.250) n=(-0.000,1.000,-0.000)
[DEBUG] [Cornering] steerInput=0.000 frontSteerAngle=-0.000 yawRateY=0.000 rollRateZ=0.000 leftLoad=5957.667 rightLoad=5957.667 leftMinusRight=0.000
[DEBUG] [W] i=0 w=FL si=0 lp=(0.760,-0.100,1.250) o=(0.760,0.334,1.250) wp=(0.747,0.320,1.250) mw=(-0.013,-0.014,0.000) pe2=(-0.013,0.357,0.000) grounded=1 contactSamples=1 contactDistance=0.320 sl=0.371 c=0.089 cv=0.015 sf=3479.299 df=36.818 af=3516.117 Fz=2978.834 Fx=0.000 Fy=-0.000 k=0.000 a=0.000 p=(0.747,-0.000,1.250) n=(-0.000,1.000,-0.000)
[DEBUG] [W] i=1 w=FR si=1 lp=(-0.760,-0.100,1.250) o=(-0.760,0.334,1.250) wp=(-0.747,0.320,1.250) mw=(0.013,-0.014,0.000) pe2=(0.013,0.357,0.000) grounded=1 contactSamples=1 contactDistance=0.320 sl=0.371 c=0.089 cv=0.015 sf=3479.299 df=36.818 af=3516.117 Fz=2978.834 Fx=0.000 Fy=-0.000 k=0.000 a=0.000 p=(-0.747,-0.000,1.250) n=(-0.000,1.000,-0.000)
[DEBUG] [W] i=2 w=RL si=2 lp=(0.760,-0.100,-1.250) o=(0.760,0.334,-1.250) wp=(0.747,0.320,-1.250) mw=(-0.013,-0.014,0.000) pe2=(-0.013,0.357,0.000) grounded=1 contactSamples=1 contactDistance=0.320 sl=0.371 c=0.089 cv=0.015 sf=3479.299 df=36.818 af=3516.117 Fz=2978.834 Fx=0.000 Fy=-0.000 k=0.000 a=0.000 p=(0.747,-0.000,-1.250) n=(-0.000,1.000,-0.000)
[DEBUG] [W] i=3 w=RR si=3 lp=(-0.760,-0.100,-1.250) o=(-0.760,0.334,-1.250) wp=(-0.747,0.320,-1.250) mw=(0.013,-0.014,0.000) pe2=(0.013,0.357,0.000) grounded=1 contactSamples=1 contactDistance=0.320 sl=0.371 c=0.089 cv=0.015 sf=3479.299 df=36.818 af=3516.117 Fz=2978.834 Fx=0.000 Fy=-0.000 k=0.000 a=0.000 p=(-0.747,-0.000,-1.250) n=(-0.000,1.000,-0.000)
[DEBUG] [Cornering] steerInput=0.000 frontSteerAngle=-0.000 yawRateY=0.000 rollRateZ=0.000 leftLoad=5957.667 rightLoad=5957.667 leftMinusRight=0.000
[DEBUG] [Energy] x=0.000 y=0.434 z=0.000 vx=0.000 vy=-0.001 vz=0.000 total=5731.361 potential=5110.565 linear=0.000 angular=0.000 wheels=0.000 suspension=620.796 suspensionPower=-6.039 suspensionResidual=201.090
[DEBUG] [W] i=0 w=FL si=0 lp=(0.760,-0.100,1.250) o=(0.760,0.334,1.250) wp=(0.747,0.320,1.250) mw=(-0.013,-0.014,0.000) pe2=(-0.013,0.357,0.000) grounded=1 contactSamples=1 contactDistance=0.320 sl=0.371 c=0.089 cv=0.015 sf=3479.299 df=36.809 af=3516.108 Fz=2978.826 Fx=0.000 Fy=-0.000 k=0.000 a=0.000 p=(0.747,-0.000,1.250) n=(-0.000,1.000,-0.000)
[DEBUG] [W] i=1 w=FR si=1 lp=(-0.760,-0.100,1.250) o=(-0.760,0.334,1.250) wp=(-0.747,0.320,1.250) mw=(0.013,-0.014,0.000) pe2=(0.013,0.357,0.000) grounded=1 contactSamples=1 contactDistance=0.320 sl=0.371 c=0.089 cv=0.015 sf=3479.299 df=36.809 af=3516.108 Fz=2978.826 Fx=0.000 Fy=-0.000 k=0.000 a=0.000 p=(-0.747,-0.000,1.250) n=(-0.000,1.000,-0.000)
[DEBUG] [W] i=2 w=RL si=2 lp=(0.760,-0.100,-1.250) o=(0.760,0.334,-1.250) wp=(0.747,0.320,-1.250) mw=(-0.013,-0.014,0.000) pe2=(-0.013,0.357,0.000) grounded=1 contactSamples=1 contactDistance=0.320 sl=0.371 c=0.089 cv=0.015 sf=3479.299 df=36.809 af=3516.108 Fz=2978.826 Fx=0.000 Fy=-0.000 k=0.000 a=0.000 p=(0.747,-0.000,-1.250) n=(-0.000,1.000,-0.000)
[DEBUG] [W] i=3 w=RR si=3 lp=(-0.760,-0.100,-1.250) o=(-0.760,0.334,-1.250) wp=(-0.747,0.320,-1.250) mw=(0.013,-0.014,0.000) pe2=(0.013,0.357,0.000) grounded=1 contactSamples=1 contactDistance=0.320 sl=0.371 c=0.089 cv=0.015 sf=3479.299 df=36.809 af=3516.108 Fz=2978.826 Fx=0.000 Fy=-0.000 k=0.000 a=0.000 p=(-0.747,-0.000,-1.250) n=(-0.000,1.000,-0.000)
[DEBUG] [Cornering] steerInput=0.000 frontSteerAngle=-0.000 yawRateY=0.000 rollRateZ=0.000 leftLoad=5957.652 rightLoad=5957.652 leftMinusRight=0.000
[INFO] [EnergyDelta] step=3180 t=26.500002 deltaFromBaseline=-13.220703 stepDelta=-1.665527 integratedPowerA=164.178284 integratedPowerB=-52.218513 integratedSpringPower=-175.782928 integratedDamperPower=64.228279 integratedPowerBalanceResidual=0.405121
[INFO] [State] t=26.500002 y=0.434130 z=0.000000 vy=0.000421 vz=0.000000 energy=5729.662109 compression=0.089090,0.089090,0.089090,0.089090
[DEBUG] [W] i=0 w=FL si=0 lp=(0.760,-0.100,1.250) o=(0.760,0.334,1.250) wp=(0.747,0.320,1.250) mw=(-0.013,-0.014,0.000) pe2=(-0.013,0.357,0.000) grounded=1 contactSamples=1 contactDistance=0.320 sl=0.371 c=0.089 cv=-0.015 sf=3474.513 df=-44.181 af=3430.332 Fz=2906.555 Fx=0.000 Fy=-0.000 k=0.000 a=0.000 p=(0.747,-0.000,1.250) n=(-0.000,1.000,-0.000)
[DEBUG] [W] i=1 w=FR si=1 lp=(-0.760,-0.100,1.250) o=(-0.760,0.334,1.250) wp=(-0.747,0.320,1.250) mw=(0.013,-0.014,0.000) pe2=(0.013,0.357,0.000) grounded=1 contactSamples=1 contactDistance=0.320 sl=0.371 c=0.089 cv=-0.015 sf=3474.513 df=-44.181 af=3430.332 Fz=2906.555 Fx=0.000 Fy=-0.000 k=0.000 a=0.000 p=(-0.747,-0.000,1.250) n=(-0.000,1.000,-0.000)
[DEBUG] [W] i=2 w=RL si=2 lp=(0.760,-0.100,-1.250) o=(0.760,0.334,-1.250) wp=(0.747,0.320,-1.250) mw=(-0.013,-0.014,0.000) pe2=(-0.013,0.357,0.000) grounded=1 contactSamples=1 contactDistance=0.320 sl=0.371 c=0.089 cv=-0.015 sf=3474.513 df=-44.181 af=3430.332 Fz=2906.555 Fx=0.000 Fy=-0.000 k=0.000 a=0.000 p=(0.747,-0.000,-1.250) n=(-0.000,1.000,-0.000)
[DEBUG] [W] i=3 w=RR si=3 lp=(-0.760,-0.100,-1.250) o=(-0.760,0.334,-1.250) wp=(-0.747,0.320,-1.250) mw=(0.013,-0.014,0.000) pe2=(0.013,0.357,0.000) grounded=1 contactSamples=1 contactDistance=0.320 sl=0.371 c=0.089 cv=-0.015 sf=3474.513 df=-44.181 af=3430.332 Fz=2906.555 Fx=0.000 Fy=-0.000 k=0.000 a=0.000 p=(-0.747,-0.000,-1.250) n=(-0.000,1.000,-0.000)
[DEBUG] [Cornering] steerInput=0.000 frontSteerAngle=-0.000 yawRateY=0.000 rollRateZ=0.000 leftLoad=5813.110 rightLoad=5813.110 leftMinusRight=0.000
[DEBUG] [W] i=0 w=FL si=0 lp=(0.760,-0.100,1.250) o=(0.760,0.334,1.250) wp=(0.747,0.320,1.250) mw=(-0.013,-0.014,0.000) pe2=(-0.013,0.357,0.000) grounded=1 contactSamples=1 contactDistance=0.320 sl=0.371 c=0.089 cv=-0.015 sf=3474.514 df=-44.181 af=3430.333 Fz=2906.556 Fx=0.000 Fy=-0.000 k=0.000 a=0.000 p=(0.747,-0.000,1.250) n=(-0.000,1.000,-0.000)
[DEBUG] [W] i=1 w=FR si=1 lp=(-0.760,-0.100,1.250) o=(-0.760,0.334,1.250) wp=(-0.747,0.320,1.250) mw=(0.013,-0.014,0.000) pe2=(0.013,0.357,0.000) grounded=1 contactSamples=1 contactDistance=0.320 sl=0.371 c=0.089 cv=-0.015 sf=3474.514 df=-44.181 af=3430.333 Fz=2906.556 Fx=0.000 Fy=-0.000 k=0.000 a=0.000 p=(-0.747,-0.000,1.250) n=(-0.000,1.000,-0.000)
[DEBUG] [W] i=2 w=RL si=2 lp=(0.760,-0.100,-1.250) o=(0.760,0.334,-1.250) wp=(0.747,0.320,-1.250) mw=(-0.013,-0.014,0.000) pe2=(-0.013,0.357,0.000) grounded=1 contactSamples=1 contactDistance=0.320 sl=0.371 c=0.089 cv=-0.015 sf=3474.514 df=-44.181 af=3430.333 Fz=2906.556 Fx=0.000 Fy=-0.000 k=0.000 a=0.000 p=(0.747,-0.000,-1.250) n=(-0.000,1.000,-0.000)
[DEBUG] [W] i=3 w=RR si=3 lp=(-0.760,-0.100,-1.250) o=(-0.760,0.334,-1.250) wp=(-0.747,0.320,-1.250) mw=(0.013,-0.014,0.000) pe2=(0.013,0.357,0.000) grounded=1 contactSamples=1 contactDistance=0.320 sl=0.371 c=0.089 cv=-0.015 sf=3474.514 df=-44.181 af=3430.333 Fz=2906.556 Fx=0.000 Fy=-0.000 k=0.000 a=0.000 p=(-0.747,-0.000,-1.250) n=(-0.000,1.000,-0.000)
[DEBUG] [Cornering] steerInput=0.000 frontSteerAngle=-0.000 yawRateY=0.000 rollRateZ=0.000 leftLoad=5813.111 rightLoad=5813.111 leftMinusRight=0.000
[DEBUG] [W] i=0 w=FL si=0 lp=(0.760,-0.100,1.250) o=(0.760,0.334,1.250) wp=(0.747,0.320,1.250) mw=(-0.013,-0.014,0.000) pe2=(-0.013,0.357,0.000) grounded=1 contactSamples=1 contactDistance=0.320 sl=0.371 c=0.089 cv=0.000 sf=3479.299 df=0.000 af=3479.299 Fz=2947.642 Fx=0.000 Fy=-0.000 k=0.000 a=0.000 p=(0.747,-0.000,1.250) n=(-0.000,1.000,-0.000)
[DEBUG] [W] i=1 w=FR si=1 lp=(-0.760,-0.100,1.250) o=(-0.760,0.334,1.250) wp=(-0.747,0.320,1.250) mw=(0.013,-0.014,0.000) pe2=(0.013,0.357,0.000) grounded=1 contactSamples=1 contactDistance=0.320 sl=0.371 c=0.089 cv=0.000 sf=3479.299 df=0.000 af=3479.299 Fz=2947.642 Fx=0.000 Fy=-0.000 k=0.000 a=0.000 p=(-0.747,-0.000,1.250) n=(-0.000,1.000,-0.000)
[DEBUG] [W] i=2 w=RL si=2 lp=(0.760,-0.100,-1.250) o=(0.760,0.334,-1.250) wp=(0.747,0.320,-1.250) mw=(-0.013,-0.014,0.000) pe2=(-0.013,0.357,0.000) grounded=1 contactSamples=1 contactDistance=0.320 sl=0.371 c=0.089 cv=0.000 sf=3479.299 df=0.000 af=3479.299 Fz=2947.642 Fx=0.000 Fy=-0.000 k=0.000 a=0.000 p=(0.747,-0.000,-1.250) n=(-0.000,1.000,-0.000)
[DEBUG] [W] i=3 w=RR si=3 lp=(-0.760,-0.100,-1.250) o=(-0.760,0.334,-1.250) wp=(-0.747,0.320,-1.250) mw=(0.013,-0.014,0.000) pe2=(0.013,0.357,0.000) grounded=1 contactSamples=1 contactDistance=0.320 sl=0.371 c=0.089 cv=0.000 sf=3479.299 df=0.000 af=3479.299 Fz=2947.642 Fx=0.000 Fy=-0.000 k=0.000 a=0.000 p=(-0.747,-0.000,-1.250) n=(-0.000,1.000,-0.000)
[DEBUG] [Cornering] steerInput=0.000 frontSteerAngle=-0.000 yawRateY=0.000 rollRateZ=0.000 leftLoad=5895.284 rightLoad=5895.284 leftMinusRight=0.000
[DEBUG] [W] i=0 w=FL si=0 lp=(0.760,-0.100,1.250) o=(0.760,0.334,1.250) wp=(0.747,0.320,1.250) mw=(-0.013,-0.014,0.000) pe2=(-0.013,0.357,0.000) grounded=1 contactSamples=1 contactDistance=0.320 sl=0.371 c=0.089 cv=-0.015 sf=3474.514 df=-44.181 af=3430.333 Fz=2906.556 Fx=0.000 Fy=-0.000 k=0.000 a=0.000 p=(0.747,-0.000,1.250) n=(-0.000,1.000,-0.000)
[DEBUG] [W] i=1 w=FR si=1 lp=(-0.760,-0.100,1.250) o=(-0.760,0.334,1.250) wp=(-0.747,0.320,1.250) mw=(0.013,-0.014,0.000) pe2=(0.013,0.357,0.000) grounded=1 contactSamples=1 contactDistance=0.320 sl=0.371 c=0.089 cv=-0.015 sf=3474.514 df=-44.181 af=3430.333 Fz=2906.556 Fx=0.000 Fy=-0.000 k=0.000 a=0.000 p=(-0.747,-0.000,1.250) n=(-0.000,1.000,-0.000)
[DEBUG] [W] i=2 w=RL si=2 lp=(0.760,-0.100,-1.250) o=(0.760,0.334,-1.250) wp=(0.747,0.320,-1.250) mw=(-0.013,-0.014,0.000) pe2=(-0.013,0.357,0.000) grounded=1 contactSamples=1 contactDistance=0.320 sl=0.371 c=0.089 cv=-0.015 sf=3474.514 df=-44.181 af=3430.333 Fz=2906.556 Fx=0.000 Fy=-0.000 k=0.000 a=0.000 p=(0.747,-0.000,-1.250) n=(-0.000,1.000,-0.000)
[DEBUG] [W] i=3 w=RR si=3 lp=(-0.760,-0.100,-1.250) o=(-0.760,0.334,-1.250) wp=(-0.747,0.320,-1.250) mw=(0.013,-0.014,0.000) pe2=(0.013,0.357,0.000) grounded=1 contactSamples=1 contactDistance=0.320 sl=0.371 c=0.089 cv=-0.015 sf=3474.514 df=-44.181 af=3430.333 Fz=2906.556 Fx=0.000 Fy=-0.000 k=0.000 a=0.000 p=(-0.747,-0.000,-1.250) n=(-0.000,1.000,-0.000)
[DEBUG] [Cornering] steerInput=0.000 frontSteerAngle=-0.000 yawRateY=0.000 rollRateZ=0.000 leftLoad=5813.111 rightLoad=5813.111 leftMinusRight=0.000
[DEBUG] [Energy] x=0.000 y=0.434 z=0.000 vx=0.000 vy=0.001 vz=0.000 total=5729.663 potential=5110.573 linear=0.000 angular=0.000 wheels=0.000 suspension=619.090 suspensionPower=5.816 suspensionResidual=-196.260
[DEBUG] [W] i=0 w=FL si=0 lp=(0.760,-0.100,1.250) o=(0.760,0.334,1.250) wp=(0.747,0.320,1.250) mw=(-0.013,-0.014,0.000) pe2=(-0.013,0.357,0.000) grounded=1 contactSamples=1 contactDistance=0.320 sl=0.371 c=0.089 cv=0.015 sf=3479.301 df=36.827 af=3516.127 Fz=2978.842 Fx=0.000 Fy=-0.000 k=0.000 a=0.000 p=(0.747,-0.000,1.250) n=(-0.000,1.000,-0.000)
[DEBUG] [W] i=1 w=FR si=1 lp=(-0.760,-0.100,1.250) o=(-0.760,0.334,1.250) wp=(-0.747,0.320,1.250) mw=(0.013,-0.014,0.000) pe2=(0.013,0.357,0.000) grounded=1 contactSamples=1 contactDistance=0.320 sl=0.371 c=0.089 cv=0.015 sf=3479.301 df=36.827 af=3516.127 Fz=2978.842 Fx=0.000 Fy=-0.000 k=0.000 a=0.000 p=(-0.747,-0.000,1.250) n=(-0.000,1.000,-0.000)
[DEBUG] [W] i=2 w=RL si=2 lp=(0.760,-0.100,-1.250) o=(0.760,0.334,-1.250) wp=(0.747,0.320,-1.250) mw=(-0.013,-0.014,0.000) pe2=(-0.013,0.357,0.000) grounded=1 contactSamples=1 contactDistance=0.320 sl=0.371 c=0.089 cv=0.015 sf=3479.301 df=36.827 af=3516.127 Fz=2978.842 Fx=0.000 Fy=-0.000 k=0.000 a=0.000 p=(0.747,-0.000,-1.250) n=(-0.000,1.000,-0.000)
[DEBUG] [W] i=3 w=RR si=3 lp=(-0.760,-0.100,-1.250) o=(-0.760,0.334,-1.250) wp=(-0.747,0.320,-1.250) mw=(0.013,-0.014,0.000) pe2=(0.013,0.357,0.000) grounded=1 contactSamples=1 contactDistance=0.320 sl=0.371 c=0.089 cv=0.015 sf=3479.301 df=36.827 af=3516.127 Fz=2978.842 Fx=0.000 Fy=-0.000 k=0.000 a=0.000 p=(-0.747,-0.000,-1.250) n=(-0.000,1.000,-0.000)
[DEBUG] [Cornering] steerInput=0.000 frontSteerAngle=-0.000 yawRateY=0.000 rollRateZ=0.000 leftLoad=5957.684 rightLoad=5957.684 leftMinusRight=0.000
[INFO] [EnergyDelta] step=3240 t=27.000002 deltaFromBaseline=-13.191895 stepDelta=-1.647949 integratedPowerA=164.175171 integratedPowerB=-53.304070 integratedSpringPower=-175.721527 integratedDamperPower=65.262093 integratedPowerBalanceResidual=0.411667
[INFO] [State] t=27.000002 y=0.434132 z=0.000000 vy=0.000606 vz=0.000000 energy=5729.690918 compression=0.089090,0.089090,0.089090,0.089090
[DEBUG] [W] i=0 w=FL si=0 lp=(0.760,-0.100,1.250) o=(0.760,0.334,1.250) wp=(0.747,0.320,1.250) mw=(-0.013,-0.014,0.000) pe2=(-0.013,0.357,0.000) grounded=1 contactSamples=1 contactDistance=0.320 sl=0.371 c=0.089 cv=0.015 sf=3479.299 df=36.809 af=3516.108 Fz=2978.826 Fx=0.000 Fy=-0.000 k=0.000 a=0.000 p=(0.747,-0.000,1.250) n=(-0.000,1.000,-0.000)
[DEBUG] [W] i=1 w=FR si=1 lp=(-0.760,-0.100,1.250) o=(-0.760,0.334,1.250) wp=(-0.747,0.320,1.250) mw=(0.013,-0.014,0.000) pe2=(0.013,0.357,0.000) grounded=1 contactSamples=1 contactDistance=0.320 sl=0.371 c=0.089 cv=0.015 sf=3479.299 df=36.809 af=3516.108 Fz=2978.826 Fx=0.000 Fy=-0.000 k=0.000 a=0.000 p=(-0.747,-0.000,1.250) n=(-0.000,1.000,-0.000)
[DEBUG] [W] i=2 w=RL si=2 lp=(0.760,-0.100,-1.250) o=(0.760,0.334,-1.250) wp=(0.747,0.320,-1.250) mw=(-0.013,-0.014,0.000) pe2=(-0.013,0.357,0.000) grounded=1 contactSamples=1 contactDistance=0.320 sl=0.371 c=0.089 cv=0.015 sf=3479.299 df=36.809 af=3516.108 Fz=2978.826 Fx=0.000 Fy=-0.000 k=0.000 a=0.000 p=(0.747,-0.000,-1.250) n=(-0.000,1.000,-0.000)
[DEBUG] [W] i=3 w=RR si=3 lp=(-0.760,-0.100,-1.250) o=(-0.760,0.334,-1.250) wp=(-0.747,0.320,-1.250) mw=(0.013,-0.014,0.000) pe2=(0.013,0.357,0.000) grounded=1 contactSamples=1 contactDistance=0.320 sl=0.371 c=0.089 cv=0.015 sf=3479.299 df=36.809 af=3516.108 Fz=2978.826 Fx=0.000 Fy=-0.000 k=0.000 a=0.000 p=(-0.747,-0.000,-1.250) n=(-0.000,1.000,-0.000)
[DEBUG] [Cornering] steerInput=0.000 frontSteerAngle=-0.000 yawRateY=0.000 rollRateZ=0.000 leftLoad=5957.652 rightLoad=5957.652 leftMinusRight=0.000
[DEBUG] [W] i=0 w=FL si=0 lp=(0.760,-0.100,1.250) o=(0.760,0.334,1.250) wp=(0.747,0.320,1.250) mw=(-0.013,-0.014,0.000) pe2=(-0.013,0.357,0.000) grounded=1 contactSamples=1 contactDistance=0.320 sl=0.371 c=0.089 cv=-0.015 sf=3474.514 df=-44.171 af=3430.344 Fz=2906.565 Fx=0.000 Fy=-0.000 k=0.000 a=0.000 p=(0.747,-0.000,1.250) n=(-0.000,1.000,-0.000)
[DEBUG] [W] i=1 w=FR si=1 lp=(-0.760,-0.100,1.250) o=(-0.760,0.334,1.250) wp=(-0.747,0.320,1.250) mw=(0.013,-0.014,0.000) pe2=(0.013,0.357,0.000) grounded=1 contactSamples=1 contactDistance=0.320 sl=0.371 c=0.089 cv=-0.015 sf=3474.514 df=-44.171 af=3430.344 Fz=2906.565 Fx=0.000 Fy=-0.000 k=0.000 a=0.000 p=(-0.747,-0.000,1.250) n=(-0.000,1.000,-0.000)
[DEBUG] [W] i=2 w=RL si=2 lp=(0.760,-0.100,-1.250) o=(0.760,0.334,-1.250) wp=(0.747,0.320,-1.250) mw=(-0.013,-0.014,0.000) pe2=(-0.013,0.357,0.000) grounded=1 contactSamples=1 contactDistance=0.320 sl=0.371 c=0.089 cv=-0.015 sf=3474.514 df=-44.171 af=3430.344 Fz=2906.565 Fx=0.000 Fy=-0.000 k=0.000 a=0.000 p=(0.747,-0.000,-1.250) n=(-0.000,1.000,-0.000)
[DEBUG] [W] i=3 w=RR si=3 lp=(-0.760,-0.100,-1.250) o=(-0.760,0.334,-1.250) wp=(-0.747,0.320,-1.250) mw=(0.013,-0.014,0.000) pe2=(0.013,0.357,0.000) grounded=1 contactSamples=1 contactDistance=0.320 sl=0.371 c=0.089 cv=-0.015 sf=3474.514 df=-44.171 af=3430.344 Fz=2906.565 Fx=0.000 Fy=-0.000 k=0.000 a=0.000 p=(-0.747,-0.000,-1.250) n=(-0.000,1.000,-0.000)
[DEBUG] [Cornering] steerInput=0.000 frontSteerAngle=-0.000 yawRateY=0.000 rollRateZ=0.000 leftLoad=5813.129 rightLoad=5813.129 leftMinusRight=0.000
[DEBUG] [W] i=0 w=FL si=0 lp=(0.760,-0.100,1.250) o=(0.760,0.334,1.250) wp=(0.747,0.320,1.250) mw=(-0.013,-0.014,0.000) pe2=(-0.013,0.357,0.000) grounded=1 contactSamples=1 contactDistance=0.320 sl=0.371 c=0.089 cv=-0.000 sf=3479.299 df=-0.011 af=3479.289 Fz=2947.633 Fx=0.000 Fy=-0.000 k=0.000 a=0.000 p=(0.747,-0.000,1.250) n=(-0.000,1.000,-0.000)
[DEBUG] [W] i=1 w=FR si=1 lp=(-0.760,-0.100,1.250) o=(-0.760,0.334,1.250) wp=(-0.747,0.320,1.250) mw=(0.013,-0.014,0.000) pe2=(0.013,0.357,0.000) grounded=1 contactSamples=1 contactDistance=0.320 sl=0.371 c=0.089 cv=-0.000 sf=3479.299 df=-0.011 af=3479.289 Fz=2947.633 Fx=0.000 Fy=-0.000 k=0.000 a=0.000 p=(-0.747,-0.000,1.250) n=(-0.000,1.000,-0.000)
[DEBUG] [W] i=2 w=RL si=2 lp=(0.760,-0.100,-1.250) o=(0.760,0.334,-1.250) wp=(0.747,0.320,-1.250) mw=(-0.013,-0.014,0.000) pe2=(-0.013,0.357,0.000) grounded=1 contactSamples=1 contactDistance=0.320 sl=0.371 c=0.089 cv=-0.000 sf=3479.299 df=-0.011 af=3479.289 Fz=2947.633 Fx=0.000 Fy=-0.000 k=0.000 a=0.000 p=(0.747,-0.000,-1.250) n=(-0.000,1.000,-0.000)
[DEBUG] [W] i=3 w=RR si=3 lp=(-0.760,-0.100,-1.250) o=(-0.760,0.334,-1.250) wp=(-0.747,0.320,-1.250) mw=(0.013,-0.014,0.000) pe2=(0.013,0.357,0.000) grounded=1 contactSamples=1 contactDistance=0.320 sl=0.371 c=0.089 cv=-0.000 sf=3479.299 df=-0.011 af=3479.289 Fz=2947.633 Fx=0.000 Fy=-0.000 k=0.000 a=0.000 p=(-0.747,-0.000,-1.250) n=(-0.000,1.000,-0.000)
[DEBUG] [Cornering] steerInput=0.000 frontSteerAngle=-0.000 yawRateY=0.000 rollRateZ=0.000 leftLoad=5895.265 rightLoad=5895.265 leftMinusRight=0.000
[DEBUG] [W] i=0 w=FL si=0 lp=(0.760,-0.100,1.250) o=(0.760,0.334,1.250) wp=(0.747,0.320,1.250) mw=(-0.013,-0.014,0.000) pe2=(-0.013,0.357,0.000) grounded=1 contactSamples=1 contactDistance=0.320 sl=0.371 c=0.089 cv=-0.015 sf=3474.514 df=-44.171 af=3430.344 Fz=2906.565 Fx=0.000 Fy=-0.000 k=0.000 a=0.000 p=(0.747,-0.000,1.250) n=(-0.000,1.000,-0.000)
[DEBUG] [W] i=1 w=FR si=1 lp=(-0.760,-0.100,1.250) o=(-0.760,0.334,1.250) wp=(-0.747,0.320,1.250) mw=(0.013,-0.014,0.000) pe2=(0.013,0.357,0.000) grounded=1 contactSamples=1 contactDistance=0.320 sl=0.371 c=0.089 cv=-0.015 sf=3474.514 df=-44.171 af=3430.344 Fz=2906.565 Fx=0.000 Fy=-0.000 k=0.000 a=0.000 p=(-0.747,-0.000,1.250) n=(-0.000,1.000,-0.000)
[DEBUG] [W] i=2 w=RL si=2 lp=(0.760,-0.100,-1.250) o=(0.760,0.334,-1.250) wp=(0.747,0.320,-1.250) mw=(-0.013,-0.014,0.000) pe2=(-0.013,0.357,0.000) grounded=1 contactSamples=1 contactDistance=0.320 sl=0.371 c=0.089 cv=-0.015 sf=3474.514 df=-44.171 af=3430.344 Fz=2906.565 Fx=0.000 Fy=-0.000 k=0.000 a=0.000 p=(0.747,-0.000,-1.250) n=(-0.000,1.000,-0.000)
[DEBUG] [W] i=3 w=RR si=3 lp=(-0.760,-0.100,-1.250) o=(-0.760,0.334,-1.250) wp=(-0.747,0.320,-1.250) mw=(0.013,-0.014,0.000) pe2=(0.013,0.357,0.000) grounded=1 contactSamples=1 contactDistance=0.320 sl=0.371 c=0.089 cv=-0.015 sf=3474.514 df=-44.171 af=3430.344 Fz=2906.565 Fx=0.000 Fy=-0.000 k=0.000 a=0.000 p=(-0.747,-0.000,-1.250) n=(-0.000,1.000,-0.000)
[DEBUG] [Cornering] steerInput=0.000 frontSteerAngle=-0.000 yawRateY=0.000 rollRateZ=0.000 leftLoad=5813.129 rightLoad=5813.129 leftMinusRight=0.000
[DEBUG] [Energy] x=0.000 y=0.434 z=0.000 vx=0.000 vy=0.000 vz=0.000 total=5729.663 potential=5110.573 linear=0.000 angular=0.000 wheels=0.000 suspension=619.090 suspensionPower=5.091 suspensionResidual=-196.984
[DEBUG] [W] i=0 w=FL si=0 lp=(0.760,-0.100,1.250) o=(0.760,0.334,1.250) wp=(0.747,0.320,1.250) mw=(-0.013,-0.014,0.000) pe2=(-0.013,0.357,0.000) grounded=1 contactSamples=1 contactDistance=0.320 sl=0.371 c=0.089 cv=0.000 sf=3474.513 df=0.000 af=3474.513 Fz=2943.990 Fx=0.000 Fy=-0.000 k=0.000 a=0.000 p=(0.747,-0.000,1.250) n=(-0.000,1.000,-0.000)
[DEBUG] [W] i=1 w=FR si=1 lp=(-0.760,-0.100,1.250) o=(-0.760,0.334,1.250) wp=(-0.747,0.320,1.250) mw=(0.013,-0.014,0.000) pe2=(0.013,0.357,0.000) grounded=1 contactSamples=1 contactDistance=0.320 sl=0.371 c=0.089 cv=0.000 sf=3474.513 df=0.000 af=3474.513 Fz=2943.990 Fx=0.000 Fy=-0.000 k=0.000 a=0.000 p=(-0.747,-0.000,1.250) n=(-0.000,1.000,-0.000)
[DEBUG] [W] i=2 w=RL si=2 lp=(0.760,-0.100,-1.250) o=(0.760,0.334,-1.250) wp=(0.747,0.320,-1.250) mw=(-0.013,-0.014,0.000) pe2=(-0.013,0.357,0.000) grounded=1 contactSamples=1 contactDistance=0.320 sl=0.371 c=0.089 cv=0.000 sf=3474.513 df=0.000 af=3474.513 Fz=2943.990 Fx=0.000 Fy=-0.000 k=0.000 a=0.000 p=(0.747,-0.000,-1.250) n=(-0.000,1.000,-0.000)
[DEBUG] [W] i=3 w=RR si=3 lp=(-0.760,-0.100,-1.250) o=(-0.760,0.334,-1.250) wp=(-0.747,0.320,-1.250) mw=(0.013,-0.014,0.000) pe2=(0.013,0.357,0.000) grounded=1 contactSamples=1 contactDistance=0.320 sl=0.371 c=0.089 cv=0.000 sf=3474.513 df=0.000 af=3474.513 Fz=2943.990 Fx=0.000 Fy=-0.000 k=0.000 a=0.000 p=(-0.747,-0.000,-1.250) n=(-0.000,1.000,-0.000)
[DEBUG] [Cornering] steerInput=0.000 frontSteerAngle=-0.000 yawRateY=0.000 rollRateZ=0.000 leftLoad=5887.980 rightLoad=5887.980 leftMinusRight=0.000
[INFO] [EnergyDelta] step=3300 t=27.500002 deltaFromBaseline=-11.559570 stepDelta=1.662109 integratedPowerA=164.068909 integratedPowerB=-56.011986 integratedSpringPower=-173.952179 integratedDamperPower=66.313911 integratedPowerBalanceResidual=0.418655
[INFO] [State] t=27.500002 y=0.434126 z=0.000000 vy=-0.000452 vz=0.000000 energy=5731.323242 compression=0.089213,0.089213,0.089213,0.089213
[DEBUG] [W] i=0 w=FL si=0 lp=(0.760,-0.100,1.250) o=(0.760,0.334,1.250) wp=(0.747,0.320,1.250) mw=(-0.013,-0.014,0.000) pe2=(-0.013,0.357,0.000) grounded=1 contactSamples=1 contactDistance=0.320 sl=0.371 c=0.089 cv=-0.015 sf=3474.514 df=-44.181 af=3430.333 Fz=2906.556 Fx=0.000 Fy=-0.000 k=0.000 a=0.000 p=(0.747,-0.000,1.250) n=(-0.000,1.000,-0.000)
[DEBUG] [W] i=1 w=FR si=1 lp=(-0.760,-0.100,1.250) o=(-0.760,0.334,1.250) wp=(-0.747,0.320,1.250) mw=(0.013,-0.014,0.000) pe2=(0.013,0.357,0.000) grounded=1 contactSamples=1 contactDistance=0.320 sl=0.371 c=0.089 cv=-0.015 sf=3474.514 df=-44.181 af=3430.333 Fz=2906.556 Fx=0.000 Fy=-0.000 k=0.000 a=0.000 p=(-0.747,-0.000,1.250) n=(-0.000,1.000,-0.000)
[DEBUG] [W] i=2 w=RL si=2 lp=(0.760,-0.100,-1.250) o=(0.760,0.334,-1.250) wp=(0.747,0.320,-1.250) mw=(-0.013,-0.014,0.000) pe2=(-0.013,0.357,0.000) grounded=1 contactSamples=1 contactDistance=0.320 sl=0.371 c=0.089 cv=-0.015 sf=3474.514 df=-44.181 af=3430.333 Fz=2906.556 Fx=0.000 Fy=-0.000 k=0.000 a=0.000 p=(0.747,-0.000,-1.250) n=(-0.000,1.000,-0.000)
[DEBUG] [W] i=3 w=RR si=3 lp=(-0.760,-0.100,-1.250) o=(-0.760,0.334,-1.250) wp=(-0.747,0.320,-1.250) mw=(0.013,-0.014,0.000) pe2=(0.013,0.357,0.000) grounded=1 contactSamples=1 contactDistance=0.320 sl=0.371 c=0.089 cv=-0.015 sf=3474.514 df=-44.181 af=3430.333 Fz=2906.556 Fx=0.000 Fy=-0.000 k=0.000 a=0.000 p=(-0.747,-0.000,-1.250) n=(-0.000,1.000,-0.000)
[DEBUG] [Cornering] steerInput=0.000 frontSteerAngle=-0.000 yawRateY=0.000 rollRateZ=0.000 leftLoad=5813.111 rightLoad=5813.111 leftMinusRight=0.000
[DEBUG] [W] i=0 w=FL si=0 lp=(0.760,-0.100,1.250) o=(0.760,0.334,1.250) wp=(0.747,0.320,1.250) mw=(-0.013,-0.014,0.000) pe2=(-0.013,0.357,0.000) grounded=1 contactSamples=1 contactDistance=0.320 sl=0.371 c=0.089 cv=0.015 sf=3479.301 df=36.818 af=3516.118 Fz=2978.835 Fx=0.000 Fy=-0.000 k=0.000 a=0.000 p=(0.747,-0.000,1.250) n=(-0.000,1.000,-0.000)
[DEBUG] [W] i=1 w=FR si=1 lp=(-0.760,-0.100,1.250) o=(-0.760,0.334,1.250) wp=(-0.747,0.320,1.250) mw=(0.013,-0.014,0.000) pe2=(0.013,0.357,0.000) grounded=1 contactSamples=1 contactDistance=0.320 sl=0.371 c=0.089 cv=0.015 sf=3479.301 df=36.818 af=3516.118 Fz=2978.835 Fx=0.000 Fy=-0.000 k=0.000 a=0.000 p=(-0.747,-0.000,1.250) n=(-0.000,1.000,-0.000)
[DEBUG] [W] i=2 w=RL si=2 lp=(0.760,-0.100,-1.250) o=(0.760,0.334,-1.250) wp=(0.747,0.320,-1.250) mw=(-0.013,-0.014,0.000) pe2=(-0.013,0.357,0.000) grounded=1 contactSamples=1 contactDistance=0.320 sl=0.371 c=0.089 cv=0.015 sf=3479.301 df=36.818 af=3516.118 Fz=2978.835 Fx=0.000 Fy=-0.000 k=0.000 a=0.000 p=(0.747,-0.000,-1.250) n=(-0.000,1.000,-0.000)
[DEBUG] [W] i=3 w=RR si=3 lp=(-0.760,-0.100,-1.250) o=(-0.760,0.334,-1.250) wp=(-0.747,0.320,-1.250) mw=(0.013,-0.014,0.000) pe2=(0.013,0.357,0.000) grounded=1 contactSamples=1 contactDistance=0.320 sl=0.371 c=0.089 cv=0.015 sf=3479.301 df=36.818 af=3516.118 Fz=2978.835 Fx=0.000 Fy=-0.000 k=0.000 a=0.000 p=(-0.747,-0.000,-1.250) n=(-0.000,1.000,-0.000)
[DEBUG] [Cornering] steerInput=0.000 frontSteerAngle=-0.000 yawRateY=0.000 rollRateZ=0.000 leftLoad=5957.669 rightLoad=5957.669 leftMinusRight=0.000
[DEBUG] [W] i=0 w=FL si=0 lp=(0.760,-0.100,1.250) o=(0.760,0.334,1.250) wp=(0.747,0.320,1.250) mw=(-0.013,-0.014,0.000) pe2=(-0.013,0.357,0.000) grounded=1 contactSamples=1 contactDistance=0.320 sl=0.371 c=0.089 cv=0.015 sf=3479.299 df=36.809 af=3516.108 Fz=2978.826 Fx=0.000 Fy=-0.000 k=0.000 a=0.000 p=(0.747,-0.000,1.250) n=(-0.000,1.000,-0.000)
[DEBUG] [W] i=1 w=FR si=1 lp=(-0.760,-0.100,1.250) o=(-0.760,0.334,1.250) wp=(-0.747,0.320,1.250) mw=(0.013,-0.014,0.000) pe2=(0.013,0.357,0.000) grounded=1 contactSamples=1 contactDistance=0.320 sl=0.371 c=0.089 cv=0.015 sf=3479.299 df=36.809 af=3516.108 Fz=2978.826 Fx=0.000 Fy=-0.000 k=0.000 a=0.000 p=(-0.747,-0.000,1.250) n=(-0.000,1.000,-0.000)
[DEBUG] [W] i=2 w=RL si=2 lp=(0.760,-0.100,-1.250) o=(0.760,0.334,-1.250) wp=(0.747,0.320,-1.250) mw=(-0.013,-0.014,0.000) pe2=(-0.013,0.357,0.000) grounded=1 contactSamples=1 contactDistance=0.320 sl=0.371 c=0.089 cv=0.015 sf=3479.299 df=36.809 af=3516.108 Fz=2978.826 Fx=0.000 Fy=-0.000 k=0.000 a=0.000 p=(0.747,-0.000,-1.250) n=(-0.000,1.000,-0.000)
[DEBUG] [W] i=3 w=RR si=3 lp=(-0.760,-0.100,-1.250) o=(-0.760,0.334,-1.250) wp=(-0.747,0.320,-1.250) mw=(0.013,-0.014,0.000) pe2=(0.013,0.357,0.000) grounded=1 contactSamples=1 contactDistance=0.320 sl=0.371 c=0.089 cv=0.015 sf=3479.299 df=36.809 af=3516.108 Fz=2978.826 Fx=0.000 Fy=-0.000 k=0.000 a=0.000 p=(-0.747,-0.000,-1.250) n=(-0.000,1.000,-0.000)
[DEBUG] [Cornering] steerInput=0.000 frontSteerAngle=-0.000 yawRateY=0.000 rollRateZ=0.000 leftLoad=5957.652 rightLoad=5957.652 leftMinusRight=0.000
[DEBUG] [W] i=0 w=FL si=0 lp=(0.760,-0.100,1.250) o=(0.760,0.334,1.250) wp=(0.747,0.320,1.250) mw=(-0.013,-0.014,0.000) pe2=(-0.013,0.357,0.000) grounded=1 contactSamples=1 contactDistance=0.320 sl=0.371 c=0.089 cv=0.015 sf=3479.301 df=36.827 af=3516.127 Fz=2978.842 Fx=0.000 Fy=-0.000 k=0.000 a=0.000 p=(0.747,-0.000,1.250) n=(-0.000,1.000,-0.000)
[DEBUG] [W] i=1 w=FR si=1 lp=(-0.760,-0.100,1.250) o=(-0.760,0.334,1.250) wp=(-0.747,0.320,1.250) mw=(0.013,-0.014,0.000) pe2=(0.013,0.357,0.000) grounded=1 contactSamples=1 contactDistance=0.320 sl=0.371 c=0.089 cv=0.015 sf=3479.301 df=36.827 af=3516.127 Fz=2978.842 Fx=0.000 Fy=-0.000 k=0.000 a=0.000 p=(-0.747,-0.000,1.250) n=(-0.000,1.000,-0.000)
[DEBUG] [W] i=2 w=RL si=2 lp=(0.760,-0.100,-1.250) o=(0.760,0.334,-1.250) wp=(0.747,0.320,-1.250) mw=(-0.013,-0.014,0.000) pe2=(-0.013,0.357,0.000) grounded=1 contactSamples=1 contactDistance=0.320 sl=0.371 c=0.089 cv=0.015 sf=3479.301 df=36.827 af=3516.127 Fz=2978.842 Fx=0.000 Fy=-0.000 k=0.000 a=0.000 p=(0.747,-0.000,-1.250) n=(-0.000,1.000,-0.000)
[DEBUG] [W] i=3 w=RR si=3 lp=(-0.760,-0.100,-1.250) o=(-0.760,0.334,-1.250) wp=(-0.747,0.320,-1.250) mw=(0.013,-0.014,0.000) pe2=(0.013,0.357,0.000) grounded=1 contactSamples=1 contactDistance=0.320 sl=0.371 c=0.089 cv=0.015 sf=3479.301 df=36.827 af=3516.127 Fz=2978.842 Fx=0.000 Fy=-0.000 k=0.000 a=0.000 p=(-0.747,-0.000,-1.250) n=(-0.000,1.000,-0.000)
[DEBUG] [Cornering] steerInput=0.000 frontSteerAngle=-0.000 yawRateY=0.000 rollRateZ=0.000 leftLoad=5957.684 rightLoad=5957.684 leftMinusRight=0.000
[DEBUG] [Energy] x=0.000 y=0.434 z=0.000 vx=0.000 vy=0.000 vz=0.000 total=5729.673 potential=5110.583 linear=0.000 angular=0.000 wheels=0.000 suspension=619.089 suspensionPower=5.543 suspensionResidual=-196.581
[DEBUG] [W] i=0 w=FL si=0 lp=(0.760,-0.100,1.250) o=(0.760,0.334,1.250) wp=(0.747,0.320,1.250) mw=(-0.013,-0.014,0.000) pe2=(-0.013,0.357,0.000) grounded=1 contactSamples=1 contactDistance=0.320 sl=0.371 c=0.089 cv=-0.015 sf=3474.514 df=-44.181 af=3430.333 Fz=2906.556 Fx=0.000 Fy=-0.000 k=0.000 a=0.000 p=(0.747,-0.000,1.250) n=(-0.000,1.000,-0.000)
[DEBUG] [W] i=1 w=FR si=1 lp=(-0.760,-0.100,1.250) o=(-0.760,0.334,1.250) wp=(-0.747,0.320,1.250) mw=(0.013,-0.014,0.000) pe2=(0.013,0.357,0.000) grounded=1 contactSamples=1 contactDistance=0.320 sl=0.371 c=0.089 cv=-0.015 sf=3474.514 df=-44.181 af=3430.333 Fz=2906.556 Fx=0.000 Fy=-0.000 k=0.000 a=0.000 p=(-0.747,-0.000,1.250) n=(-0.000,1.000,-0.000)
[DEBUG] [W] i=2 w=RL si=2 lp=(0.760,-0.100,-1.250) o=(0.760,0.334,-1.250) wp=(0.747,0.320,-1.250) mw=(-0.013,-0.014,0.000) pe2=(-0.013,0.357,0.000) grounded=1 contactSamples=1 contactDistance=0.320 sl=0.371 c=0.089 cv=-0.015 sf=3474.514 df=-44.181 af=3430.333 Fz=2906.556 Fx=0.000 Fy=-0.000 k=0.000 a=0.000 p=(0.747,-0.000,-1.250) n=(-0.000,1.000,-0.000)
[DEBUG] [W] i=3 w=RR si=3 lp=(-0.760,-0.100,-1.250) o=(-0.760,0.334,-1.250) wp=(-0.747,0.320,-1.250) mw=(0.013,-0.014,0.000) pe2=(0.013,0.357,0.000) grounded=1 contactSamples=1 contactDistance=0.320 sl=0.371 c=0.089 cv=-0.015 sf=3474.514 df=-44.181 af=3430.333 Fz=2906.556 Fx=0.000 Fy=-0.000 k=0.000 a=0.000 p=(-0.747,-0.000,-1.250) n=(-0.000,1.000,-0.000)
[DEBUG] [Cornering] steerInput=0.000 frontSteerAngle=-0.000 yawRateY=0.000 rollRateZ=0.000 leftLoad=5813.111 rightLoad=5813.111 leftMinusRight=0.000
[INFO] [EnergyDelta] step=3360 t=28.000002 deltaFromBaseline=-13.215332 stepDelta=-0.043457 integratedPowerA=164.087158 integratedPowerB=-55.434868 integratedSpringPower=-175.596222 integratedDamperPower=67.369576 integratedPowerBalanceResidual=0.425644
[INFO] [State] t=28.000002 y=0.434130 z=0.000000 vy=-0.000441 vz=0.000000 energy=5729.667480 compression=0.089090,0.089090,0.089090,0.089090
[DEBUG] [W] i=0 w=FL si=0 lp=(0.760,-0.100,1.250) o=(0.760,0.334,1.250) wp=(0.747,0.320,1.250) mw=(-0.013,-0.014,0.000) pe2=(-0.013,0.357,0.000) grounded=1 contactSamples=1 contactDistance=0.320 sl=0.371 c=0.089 cv=-0.015 sf=3474.513 df=-44.181 af=3430.332 Fz=2906.555 Fx=0.000 Fy=-0.000 k=0.000 a=0.000 p=(0.747,-0.000,1.250) n=(-0.000,1.000,-0.000)
[DEBUG] [W] i=1 w=FR si=1 lp=(-0.760,-0.100,1.250) o=(-0.760,0.334,1.250) wp=(-0.747,0.320,1.250) mw=(0.013,-0.014,0.000) pe2=(0.013,0.357,0.000) grounded=1 contactSamples=1 contactDistance=0.320 sl=0.371 c=0.089 cv=-0.015 sf=3474.513 df=-44.181 af=3430.332 Fz=2906.555 Fx=0.000 Fy=-0.000 k=0.000 a=0.000 p=(-0.747,-0.000,1.250) n=(-0.000,1.000,-0.000)
[DEBUG] [W] i=2 w=RL si=2 lp=(0.760,-0.100,-1.250) o=(0.760,0.334,-1.250) wp=(0.747,0.320,-1.250) mw=(-0.013,-0.014,0.000) pe2=(-0.013,0.357,0.000) grounded=1 contactSamples=1 contactDistance=0.320 sl=0.371 c=0.089 cv=-0.015 sf=3474.513 df=-44.181 af=3430.332 Fz=2906.555 Fx=0.000 Fy=-0.000 k=0.000 a=0.000 p=(0.747,-0.000,-1.250) n=(-0.000,1.000,-0.000)
[DEBUG] [W] i=3 w=RR si=3 lp=(-0.760,-0.100,-1.250) o=(-0.760,0.334,-1.250) wp=(-0.747,0.320,-1.250) mw=(0.013,-0.014,0.000) pe2=(0.013,0.357,0.000) grounded=1 contactSamples=1 contactDistance=0.320 sl=0.371 c=0.089 cv=-0.015 sf=3474.513 df=-44.181 af=3430.332 Fz=2906.555 Fx=0.000 Fy=-0.000 k=0.000 a=0.000 p=(-0.747,-0.000,-1.250) n=(-0.000,1.000,-0.000)
[DEBUG] [Cornering] steerInput=0.000 frontSteerAngle=-0.000 yawRateY=0.000 rollRateZ=0.000 leftLoad=5813.110 rightLoad=5813.110 leftMinusRight=0.000
[DEBUG] [W] i=0 w=FL si=0 lp=(0.760,-0.100,1.250) o=(0.760,0.334,1.250) wp=(0.747,0.320,1.250) mw=(-0.013,-0.014,0.000) pe2=(-0.013,0.357,0.000) grounded=1 contactSamples=1 contactDistance=0.320 sl=0.371 c=0.089 cv=-0.015 sf=3474.514 df=-44.171 af=3430.344 Fz=2906.565 Fx=0.000 Fy=-0.000 k=0.000 a=0.000 p=(0.747,-0.000,1.250) n=(-0.000,1.000,-0.000)
[DEBUG] [W] i=1 w=FR si=1 lp=(-0.760,-0.100,1.250) o=(-0.760,0.334,1.250) wp=(-0.747,0.320,1.250) mw=(0.013,-0.014,0.000) pe2=(0.013,0.357,0.000) grounded=1 contactSamples=1 contactDistance=0.320 sl=0.371 c=0.089 cv=-0.015 sf=3474.514 df=-44.171 af=3430.344 Fz=2906.565 Fx=0.000 Fy=-0.000 k=0.000 a=0.000 p=(-0.747,-0.000,1.250) n=(-0.000,1.000,-0.000)
[DEBUG] [W] i=2 w=RL si=2 lp=(0.760,-0.100,-1.250) o=(0.760,0.334,-1.250) wp=(0.747,0.320,-1.250) mw=(-0.013,-0.014,0.000) pe2=(-0.013,0.357,0.000) grounded=1 contactSamples=1 contactDistance=0.320 sl=0.371 c=0.089 cv=-0.015 sf=3474.514 df=-44.171 af=3430.344 Fz=2906.565 Fx=0.000 Fy=-0.000 k=0.000 a=0.000 p=(0.747,-0.000,-1.250) n=(-0.000,1.000,-0.000)
[DEBUG] [W] i=3 w=RR si=3 lp=(-0.760,-0.100,-1.250) o=(-0.760,0.334,-1.250) wp=(-0.747,0.320,-1.250) mw=(0.013,-0.014,0.000) pe2=(0.013,0.357,0.000) grounded=1 contactSamples=1 contactDistance=0.320 sl=0.371 c=0.089 cv=-0.015 sf=3474.514 df=-44.171 af=3430.344 Fz=2906.565 Fx=0.000 Fy=-0.000 k=0.000 a=0.000 p=(-0.747,-0.000,-1.250) n=(-0.000,1.000,-0.000)
[DEBUG] [Cornering] steerInput=0.000 frontSteerAngle=-0.000 yawRateY=0.000 rollRateZ=0.000 leftLoad=5813.129 rightLoad=5813.129 leftMinusRight=0.000
[DEBUG] [W] i=0 w=FL si=0 lp=(0.760,-0.100,1.250) o=(0.760,0.334,1.250) wp=(0.747,0.320,1.250) mw=(-0.013,-0.014,0.000) pe2=(-0.013,0.357,0.000) grounded=1 contactSamples=1 contactDistance=0.320 sl=0.371 c=0.089 cv=-0.015 sf=3474.514 df=-44.171 af=3430.344 Fz=2906.565 Fx=0.000 Fy=-0.000 k=0.000 a=0.000 p=(0.747,-0.000,1.250) n=(-0.000,1.000,-0.000)
[DEBUG] [W] i=1 w=FR si=1 lp=(-0.760,-0.100,1.250) o=(-0.760,0.334,1.250) wp=(-0.747,0.320,1.250) mw=(0.013,-0.014,0.000) pe2=(0.013,0.357,0.000) grounded=1 contactSamples=1 contactDistance=0.320 sl=0.371 c=0.089 cv=-0.015 sf=3474.514 df=-44.171 af=3430.344 Fz=2906.565 Fx=0.000 Fy=-0.000 k=0.000 a=0.000 p=(-0.747,-0.000,1.250) n=(-0.000,1.000,-0.000)
[DEBUG] [W] i=2 w=RL si=2 lp=(0.760,-0.100,-1.250) o=(0.760,0.334,-1.250) wp=(0.747,0.320,-1.250) mw=(-0.013,-0.014,0.000) pe2=(-0.013,0.357,0.000) grounded=1 contactSamples=1 contactDistance=0.320 sl=0.371 c=0.089 cv=-0.015 sf=3474.514 df=-44.171 af=3430.344 Fz=2906.565 Fx=0.000 Fy=-0.000 k=0.000 a=0.000 p=(0.747,-0.000,-1.250) n=(-0.000,1.000,-0.000)
[DEBUG] [W] i=3 w=RR si=3 lp=(-0.760,-0.100,-1.250) o=(-0.760,0.334,-1.250) wp=(-0.747,0.320,-1.250) mw=(0.013,-0.014,0.000) pe2=(0.013,0.357,0.000) grounded=1 contactSamples=1 contactDistance=0.320 sl=0.371 c=0.089 cv=-0.015 sf=3474.514 df=-44.171 af=3430.344 Fz=2906.565 Fx=0.000 Fy=-0.000 k=0.000 a=0.000 p=(-0.747,-0.000,-1.250) n=(-0.000,1.000,-0.000)
[DEBUG] [Cornering] steerInput=0.000 frontSteerAngle=-0.000 yawRateY=0.000 rollRateZ=0.000 leftLoad=5813.129 rightLoad=5813.129 leftMinusRight=0.000
[DEBUG] [W] i=0 w=FL si=0 lp=(0.760,-0.100,1.250) o=(0.760,0.334,1.250) wp=(0.747,0.320,1.250) mw=(-0.013,-0.014,0.000) pe2=(-0.013,0.357,0.000) grounded=1 contactSamples=1 contactDistance=0.320 sl=0.371 c=0.089 cv=0.000 sf=3474.514 df=0.000 af=3474.514 Fz=2943.991 Fx=0.000 Fy=-0.000 k=0.000 a=0.000 p=(0.747,-0.000,1.250) n=(-0.000,1.000,-0.000)
[DEBUG] [W] i=1 w=FR si=1 lp=(-0.760,-0.100,1.250) o=(-0.760,0.334,1.250) wp=(-0.747,0.320,1.250) mw=(0.013,-0.014,0.000) pe2=(0.013,0.357,0.000) grounded=1 contactSamples=1 contactDistance=0.320 sl=0.371 c=0.089 cv=0.000 sf=3474.514 df=0.000 af=3474.514 Fz=2943.991 Fx=0.000 Fy=-0.000 k=0.000 a=0.000 p=(-0.747,-0.000,1.250) n=(-0.000,1.000,-0.000)
[DEBUG] [W] i=2 w=RL si=2 lp=(0.760,-0.100,-1.250) o=(0.760,0.334,-1.250) wp=(0.747,0.320,-1.250) mw=(-0.013,-0.014,0.000) pe2=(-0.013,0.357,0.000) grounded=1 contactSamples=1 contactDistance=0.320 sl=0.371 c=0.089 cv=0.000 sf=3474.514 df=0.000 af=3474.514 Fz=2943.991 Fx=0.000 Fy=-0.000 k=0.000 a=0.000 p=(0.747,-0.000,-1.250) n=(-0.000,1.000,-0.000)
[DEBUG] [W] i=3 w=RR si=3 lp=(-0.760,-0.100,-1.250) o=(-0.760,0.334,-1.250) wp=(-0.747,0.320,-1.250) mw=(0.013,-0.014,0.000) pe2=(0.013,0.357,0.000) grounded=1 contactSamples=1 contactDistance=0.320 sl=0.371 c=0.089 cv=0.000 sf=3474.514 df=0.000 af=3474.514 Fz=2943.991 Fx=0.000 Fy=-0.000 k=0.000 a=0.000 p=(-0.747,-0.000,-1.250) n=(-0.000,1.000,-0.000)
[DEBUG] [Cornering] steerInput=0.000 frontSteerAngle=-0.000 yawRateY=0.000 rollRateZ=0.000 leftLoad=5887.982 rightLoad=5887.982 leftMinusRight=0.000
[DEBUG] [Energy] x=0.000 y=0.434 z=0.000 vx=0.000 vy=0.001 vz=0.000 total=5729.697 potential=5110.607 linear=0.000 angular=0.000 wheels=0.000 suspension=619.089 suspensionPower=5.994 suspensionResidual=-196.082
[DEBUG] [W] i=0 w=FL si=0 lp=(0.760,-0.100,1.250) o=(0.760,0.334,1.250) wp=(0.747,0.320,1.250) mw=(-0.013,-0.014,0.000) pe2=(-0.013,0.357,0.000) grounded=1 contactSamples=1 contactDistance=0.320 sl=0.371 c=0.089 cv=-0.015 sf=3474.514 df=-44.171 af=3430.344 Fz=2906.565 Fx=0.000 Fy=-0.000 k=0.000 a=0.000 p=(0.747,-0.000,1.250) n=(-0.000,1.000,-0.000)
[DEBUG] [W] i=1 w=FR si=1 lp=(-0.760,-0.100,1.250) o=(-0.760,0.334,1.250) wp=(-0.747,0.320,1.250) mw=(0.013,-0.014,0.000) pe2=(0.013,0.357,0.000) grounded=1 contactSamples=1 contactDistance=0.320 sl=0.371 c=0.089 cv=-0.015 sf=3474.514 df=-44.171 af=3430.344 Fz=2906.565 Fx=0.000 Fy=-0.000 k=0.000 a=0.000 p=(-0.747,-0.000,1.250) n=(-0.000,1.000,-0.000)
[DEBUG] [W] i=2 w=RL si=2 lp=(0.760,-0.100,-1.250) o=(0.760,0.334,-1.250) wp=(0.747,0.320,-1.250) mw=(-0.013,-0.014,0.000) pe2=(-0.013,0.357,0.000) grounded=1 contactSamples=1 contactDistance=0.320 sl=0.371 c=0.089 cv=-0.015 sf=3474.514 df=-44.171 af=3430.344 Fz=2906.565 Fx=0.000 Fy=-0.000 k=0.000 a=0.000 p=(0.747,-0.000,-1.250) n=(-0.000,1.000,-0.000)
[DEBUG] [W] i=3 w=RR si=3 lp=(-0.760,-0.100,-1.250) o=(-0.760,0.334,-1.250) wp=(-0.747,0.320,-1.250) mw=(0.013,-0.014,0.000) pe2=(0.013,0.357,0.000) grounded=1 contactSamples=1 contactDistance=0.320 sl=0.371 c=0.089 cv=-0.015 sf=3474.514 df=-44.171 af=3430.344 Fz=2906.565 Fx=0.000 Fy=-0.000 k=0.000 a=0.000 p=(-0.747,-0.000,-1.250) n=(-0.000,1.000,-0.000)
[DEBUG] [Cornering] steerInput=0.000 frontSteerAngle=-0.000 yawRateY=0.000 rollRateZ=0.000 leftLoad=5813.129 rightLoad=5813.129 leftMinusRight=0.000
[INFO] [EnergyDelta] step=3420 t=28.500002 deltaFromBaseline=-11.534180 stepDelta=1.654785 integratedPowerA=164.028076 integratedPowerB=-58.232292 integratedSpringPower=-173.824066 integratedDamperPower=68.461189 integratedPowerBalanceResidual=0.432907
[INFO] [State] t=28.500002 y=0.434128 z=0.000000 vy=-0.000531 vz=0.000000 energy=5731.348633 compression=0.089213,0.089213,0.089213,0.089213
[DEBUG] [W] i=0 w=FL si=0 lp=(0.760,-0.100,1.250) o=(0.760,0.334,1.250) wp=(0.747,0.320,1.250) mw=(-0.013,-0.014,0.000) pe2=(-0.013,0.357,0.000) grounded=1 contactSamples=1 contactDistance=0.320 sl=0.371 c=0.089 cv=0.000 sf=3474.514 df=0.000 af=3474.514 Fz=2943.991 Fx=0.000 Fy=-0.000 k=0.000 a=0.000 p=(0.747,-0.000,1.250) n=(-0.000,1.000,-0.000)
[DEBUG] [W] i=1 w=FR si=1 lp=(-0.760,-0.100,1.250) o=(-0.760,0.334,1.250) wp=(-0.747,0.320,1.250) mw=(0.013,-0.014,0.000) pe2=(0.013,0.357,0.000) grounded=1 contactSamples=1 contactDistance=0.320 sl=0.371 c=0.089 cv=0.000 sf=3474.514 df=0.000 af=3474.514 Fz=2943.991 Fx=0.000 Fy=-0.000 k=0.000 a=0.000 p=(-0.747,-0.000,1.250) n=(-0.000,1.000,-0.000)
[DEBUG] [W] i=2 w=RL si=2 lp=(0.760,-0.100,-1.250) o=(0.760,0.334,-1.250) wp=(0.747,0.320,-1.250) mw=(-0.013,-0.014,0.000) pe2=(-0.013,0.357,0.000) grounded=1 contactSamples=1 contactDistance=0.320 sl=0.371 c=0.089 cv=0.000 sf=3474.514 df=0.000 af=3474.514 Fz=2943.991 Fx=0.000 Fy=-0.000 k=0.000 a=0.000 p=(0.747,-0.000,-1.250) n=(-0.000,1.000,-0.000)
[DEBUG] [W] i=3 w=RR si=3 lp=(-0.760,-0.100,-1.250) o=(-0.760,0.334,-1.250) wp=(-0.747,0.320,-1.250) mw=(0.013,-0.014,0.000) pe2=(0.013,0.357,0.000) grounded=1 contactSamples=1 contactDistance=0.320 sl=0.371 c=0.089 cv=0.000 sf=3474.514 df=0.000 af=3474.514 Fz=2943.991 Fx=0.000 Fy=-0.000 k=0.000 a=0.000 p=(-0.747,-0.000,-1.250) n=(-0.000,1.000,-0.000)
[DEBUG] [Cornering] steerInput=0.000 frontSteerAngle=-0.000 yawRateY=0.000 rollRateZ=0.000 leftLoad=5887.982 rightLoad=5887.982 leftMinusRight=0.000
[DEBUG] [W] i=0 w=FL si=0 lp=(0.760,-0.100,1.250) o=(0.760,0.334,1.250) wp=(0.747,0.320,1.250) mw=(-0.013,-0.014,0.000) pe2=(-0.013,0.357,0.000) grounded=1 contactSamples=1 contactDistance=0.320 sl=0.371 c=0.089 cv=0.000 sf=3479.301 df=0.000 af=3479.301 Fz=2947.643 Fx=0.000 Fy=-0.000 k=0.000 a=0.000 p=(0.747,-0.000,1.250) n=(-0.000,1.000,-0.000)
[DEBUG] [W] i=1 w=FR si=1 lp=(-0.760,-0.100,1.250) o=(-0.760,0.334,1.250) wp=(-0.747,0.320,1.250) mw=(0.013,-0.014,0.000) pe2=(0.013,0.357,0.000) grounded=1 contactSamples=1 contactDistance=0.320 sl=0.371 c=0.089 cv=0.000 sf=3479.301 df=0.000 af=3479.301 Fz=2947.643 Fx=0.000 Fy=-0.000 k=0.000 a=0.000 p=(-0.747,-0.000,1.250) n=(-0.000,1.000,-0.000)
[DEBUG] [W] i=2 w=RL si=2 lp=(0.760,-0.100,-1.250) o=(0.760,0.334,-1.250) wp=(0.747,0.320,-1.250) mw=(-0.013,-0.014,0.000) pe2=(-0.013,0.357,0.000) grounded=1 contactSamples=1 contactDistance=0.320 sl=0.371 c=0.089 cv=0.000 sf=3479.301 df=0.000 af=3479.301 Fz=2947.643 Fx=0.000 Fy=-0.000 k=0.000 a=0.000 p=(0.747,-0.000,-1.250) n=(-0.000,1.000,-0.000)
[DEBUG] [W] i=3 w=RR si=3 lp=(-0.760,-0.100,-1.250) o=(-0.760,0.334,-1.250) wp=(-0.747,0.320,-1.250) mw=(0.013,-0.014,0.000) pe2=(0.013,0.357,0.000) grounded=1 contactSamples=1 contactDistance=0.320 sl=0.371 c=0.089 cv=0.000 sf=3479.301 df=0.000 af=3479.301 Fz=2947.643 Fx=0.000 Fy=-0.000 k=0.000 a=0.000 p=(-0.747,-0.000,-1.250) n=(-0.000,1.000,-0.000)
[DEBUG] [Cornering] steerInput=0.000 frontSteerAngle=-0.000 yawRateY=0.000 rollRateZ=0.000 leftLoad=5895.286 rightLoad=5895.286 leftMinusRight=0.000
[DEBUG] [W] i=0 w=FL si=0 lp=(0.760,-0.100,1.250) o=(0.760,0.334,1.250) wp=(0.747,0.320,1.250) mw=(-0.013,-0.014,0.000) pe2=(-0.013,0.357,0.000) grounded=1 contactSamples=1 contactDistance=0.320 sl=0.371 c=0.089 cv=0.015 sf=3479.301 df=36.818 af=3516.118 Fz=2978.835 Fx=0.000 Fy=-0.000 k=0.000 a=0.000 p=(0.747,-0.000,1.250) n=(-0.000,1.000,-0.000)
[DEBUG] [W] i=1 w=FR si=1 lp=(-0.760,-0.100,1.250) o=(-0.760,0.334,1.250) wp=(-0.747,0.320,1.250) mw=(0.013,-0.014,0.000) pe2=(0.013,0.357,0.000) grounded=1 contactSamples=1 contactDistance=0.320 sl=0.371 c=0.089 cv=0.015 sf=3479.301 df=36.818 af=3516.118 Fz=2978.835 Fx=0.000 Fy=-0.000 k=0.000 a=0.000 p=(-0.747,-0.000,1.250) n=(-0.000,1.000,-0.000)
[DEBUG] [W] i=2 w=RL si=2 lp=(0.760,-0.100,-1.250) o=(0.760,0.334,-1.250) wp=(0.747,0.320,-1.250) mw=(-0.013,-0.014,0.000) pe2=(-0.013,0.357,0.000) grounded=1 contactSamples=1 contactDistance=0.320 sl=0.371 c=0.089 cv=0.015 sf=3479.301 df=36.818 af=3516.118 Fz=2978.835 Fx=0.000 Fy=-0.000 k=0.000 a=0.000 p=(0.747,-0.000,-1.250) n=(-0.000,1.000,-0.000)
[DEBUG] [W] i=3 w=RR si=3 lp=(-0.760,-0.100,-1.250) o=(-0.760,0.334,-1.250) wp=(-0.747,0.320,-1.250) mw=(0.013,-0.014,0.000) pe2=(0.013,0.357,0.000) grounded=1 contactSamples=1 contactDistance=0.320 sl=0.371 c=0.089 cv=0.015 sf=3479.301 df=36.818 af=3516.118 Fz=2978.835 Fx=0.000 Fy=-0.000 k=0.000 a=0.000 p=(-0.747,-0.000,-1.250) n=(-0.000,1.000,-0.000)
[DEBUG] [Cornering] steerInput=0.000 frontSteerAngle=-0.000 yawRateY=0.000 rollRateZ=0.000 leftLoad=5957.669 rightLoad=5957.669 leftMinusRight=0.000
[DEBUG] [W] i=0 w=FL si=0 lp=(0.760,-0.100,1.250) o=(0.760,0.334,1.250) wp=(0.747,0.320,1.250) mw=(-0.013,-0.014,0.000) pe2=(-0.013,0.357,0.000) grounded=1 contactSamples=1 contactDistance=0.320 sl=0.371 c=0.089 cv=-0.015 sf=3474.514 df=-44.181 af=3430.333 Fz=2906.556 Fx=0.000 Fy=-0.000 k=0.000 a=0.000 p=(0.747,-0.000,1.250) n=(-0.000,1.000,-0.000)
[DEBUG] [W] i=1 w=FR si=1 lp=(-0.760,-0.100,1.250) o=(-0.760,0.334,1.250) wp=(-0.747,0.320,1.250) mw=(0.013,-0.014,0.000) pe2=(0.013,0.357,0.000) grounded=1 contactSamples=1 contactDistance=0.320 sl=0.371 c=0.089 cv=-0.015 sf=3474.514 df=-44.181 af=3430.333 Fz=2906.556 Fx=0.000 Fy=-0.000 k=0.000 a=0.000 p=(-0.747,-0.000,1.250) n=(-0.000,1.000,-0.000)
[DEBUG] [W] i=2 w=RL si=2 lp=(0.760,-0.100,-1.250) o=(0.760,0.334,-1.250) wp=(0.747,0.320,-1.250) mw=(-0.013,-0.014,0.000) pe2=(-0.013,0.357,0.000) grounded=1 contactSamples=1 contactDistance=0.320 sl=0.371 c=0.089 cv=-0.015 sf=3474.514 df=-44.181 af=3430.333 Fz=2906.556 Fx=0.000 Fy=-0.000 k=0.000 a=0.000 p=(0.747,-0.000,-1.250) n=(-0.000,1.000,-0.000)
[DEBUG] [W] i=3 w=RR si=3 lp=(-0.760,-0.100,-1.250) o=(-0.760,0.334,-1.250) wp=(-0.747,0.320,-1.250) mw=(0.013,-0.014,0.000) pe2=(0.013,0.357,0.000) grounded=1 contactSamples=1 contactDistance=0.320 sl=0.371 c=0.089 cv=-0.015 sf=3474.514 df=-44.181 af=3430.333 Fz=2906.556 Fx=0.000 Fy=-0.000 k=0.000 a=0.000 p=(-0.747,-0.000,-1.250) n=(-0.000,1.000,-0.000)
[DEBUG] [Cornering] steerInput=0.000 frontSteerAngle=-0.000 yawRateY=0.000 rollRateZ=0.000 leftLoad=5813.111 rightLoad=5813.111 leftMinusRight=0.000
[DEBUG] [Energy] x=0.000 y=0.434 z=0.000 vx=0.000 vy=-0.000 vz=0.000 total=5731.334 potential=5110.539 linear=0.000 angular=0.000 wheels=0.000 suspension=620.796 suspensionPower=-4.922 suspensionResidual=202.207
[DEBUG] [W] i=0 w=FL si=0 lp=(0.760,-0.100,1.250) o=(0.760,0.334,1.250) wp=(0.747,0.320,1.250) mw=(-0.013,-0.014,0.000) pe2=(-0.013,0.357,0.000) grounded=1 contactSamples=1 contactDistance=0.320 sl=0.371 c=0.089 cv=-0.015 sf=3474.514 df=-44.181 af=3430.333 Fz=2906.556 Fx=0.000 Fy=-0.000 k=0.000 a=0.000 p=(0.747,-0.000,1.250) n=(-0.000,1.000,-0.000)
[DEBUG] [W] i=1 w=FR si=1 lp=(-0.760,-0.100,1.250) o=(-0.760,0.334,1.250) wp=(-0.747,0.320,1.250) mw=(0.013,-0.014,0.000) pe2=(0.013,0.357,0.000) grounded=1 contactSamples=1 contactDistance=0.320 sl=0.371 c=0.089 cv=-0.015 sf=3474.514 df=-44.181 af=3430.333 Fz=2906.556 Fx=0.000 Fy=-0.000 k=0.000 a=0.000 p=(-0.747,-0.000,1.250) n=(-0.000,1.000,-0.000)
[DEBUG] [W] i=2 w=RL si=2 lp=(0.760,-0.100,-1.250) o=(0.760,0.334,-1.250) wp=(0.747,0.320,-1.250) mw=(-0.013,-0.014,0.000) pe2=(-0.013,0.357,0.000) grounded=1 contactSamples=1 contactDistance=0.320 sl=0.371 c=0.089 cv=-0.015 sf=3474.514 df=-44.181 af=3430.333 Fz=2906.556 Fx=0.000 Fy=-0.000 k=0.000 a=0.000 p=(0.747,-0.000,-1.250) n=(-0.000,1.000,-0.000)
[DEBUG] [W] i=3 w=RR si=3 lp=(-0.760,-0.100,-1.250) o=(-0.760,0.334,-1.250) wp=(-0.747,0.320,-1.250) mw=(0.013,-0.014,0.000) pe2=(0.013,0.357,0.000) grounded=1 contactSamples=1 contactDistance=0.320 sl=0.371 c=0.089 cv=-0.015 sf=3474.514 df=-44.181 af=3430.333 Fz=2906.556 Fx=0.000 Fy=-0.000 k=0.000 a=0.000 p=(-0.747,-0.000,-1.250) n=(-0.000,1.000,-0.000)
[DEBUG] [Cornering] steerInput=0.000 frontSteerAngle=-0.000 yawRateY=0.000 rollRateZ=0.000 leftLoad=5813.111 rightLoad=5813.111 leftMinusRight=0.000
[INFO] [EnergyDelta] step=3480 t=29.000002 deltaFromBaseline=-11.521484 stepDelta=1.662598 integratedPowerA=164.010132 integratedPowerB=-59.302284 integratedSpringPower=-173.763214 integratedDamperPower=69.494881 integratedPowerBalanceResidual=0.439514
[INFO] [State] t=29.000002 y=0.434129 z=0.000000 vy=-0.000447 vz=0.000000 energy=5731.361328 compression=0.089213,0.089213,0.089213,0.089213
[DEBUG] [W] i=0 w=FL si=0 lp=(0.760,-0.100,1.250) o=(0.760,0.334,1.250) wp=(0.747,0.320,1.250) mw=(-0.013,-0.014,0.000) pe2=(-0.013,0.357,0.000) grounded=1 contactSamples=1 contactDistance=0.320 sl=0.371 c=0.089 cv=0.015 sf=3479.299 df=36.809 af=3516.108 Fz=2978.826 Fx=0.000 Fy=-0.000 k=0.000 a=0.000 p=(0.747,-0.000,1.250) n=(-0.000,1.000,-0.000)
[DEBUG] [W] i=1 w=FR si=1 lp=(-0.760,-0.100,1.250) o=(-0.760,0.334,1.250) wp=(-0.747,0.320,1.250) mw=(0.013,-0.014,0.000) pe2=(0.013,0.357,0.000) grounded=1 contactSamples=1 contactDistance=0.320 sl=0.371 c=0.089 cv=0.015 sf=3479.299 df=36.809 af=3516.108 Fz=2978.826 Fx=0.000 Fy=-0.000 k=0.000 a=0.000 p=(-0.747,-0.000,1.250) n=(-0.000,1.000,-0.000)
[DEBUG] [W] i=2 w=RL si=2 lp=(0.760,-0.100,-1.250) o=(0.760,0.334,-1.250) wp=(0.747,0.320,-1.250) mw=(-0.013,-0.014,0.000) pe2=(-0.013,0.357,0.000) grounded=1 contactSamples=1 contactDistance=0.320 sl=0.371 c=0.089 cv=0.015 sf=3479.299 df=36.809 af=3516.108 Fz=2978.826 Fx=0.000 Fy=-0.000 k=0.000 a=0.000 p=(0.747,-0.000,-1.250) n=(-0.000,1.000,-0.000)
[DEBUG] [W] i=3 w=RR si=3 lp=(-0.760,-0.100,-1.250) o=(-0.760,0.334,-1.250) wp=(-0.747,0.320,-1.250) mw=(0.013,-0.014,0.000) pe2=(0.013,0.357,0.000) grounded=1 contactSamples=1 contactDistance=0.320 sl=0.371 c=0.089 cv=0.015 sf=3479.299 df=36.809 af=3516.108 Fz=2978.826 Fx=0.000 Fy=-0.000 k=0.000 a=0.000 p=(-0.747,-0.000,-1.250) n=(-0.000,1.000,-0.000)
[DEBUG] [Cornering] steerInput=0.000 frontSteerAngle=-0.000 yawRateY=0.000 rollRateZ=0.000 leftLoad=5957.652 rightLoad=5957.652 leftMinusRight=0.000
[DEBUG] [W] i=0 w=FL si=0 lp=(0.760,-0.100,1.250) o=(0.760,0.334,1.250) wp=(0.747,0.320,1.250) mw=(-0.013,-0.014,0.000) pe2=(-0.013,0.357,0.000) grounded=1 contactSamples=1 contactDistance=0.320 sl=0.371 c=0.089 cv=0.015 sf=3479.299 df=36.809 af=3516.108 Fz=2978.826 Fx=0.000 Fy=-0.000 k=0.000 a=0.000 p=(0.747,-0.000,1.250) n=(-0.000,1.000,-0.000)
[DEBUG] [W] i=1 w=FR si=1 lp=(-0.760,-0.100,1.250) o=(-0.760,0.334,1.250) wp=(-0.747,0.320,1.250) mw=(0.013,-0.014,0.000) pe2=(0.013,0.357,0.000) grounded=1 contactSamples=1 contactDistance=0.320 sl=0.371 c=0.089 cv=0.015 sf=3479.299 df=36.809 af=3516.108 Fz=2978.826 Fx=0.000 Fy=-0.000 k=0.000 a=0.000 p=(-0.747,-0.000,1.250) n=(-0.000,1.000,-0.000)
[DEBUG] [W] i=2 w=RL si=2 lp=(0.760,-0.100,-1.250) o=(0.760,0.334,-1.250) wp=(0.747,0.320,-1.250) mw=(-0.013,-0.014,0.000) pe2=(-0.013,0.357,0.000) grounded=1 contactSamples=1 contactDistance=0.320 sl=0.371 c=0.089 cv=0.015 sf=3479.299 df=36.809 af=3516.108 Fz=2978.826 Fx=0.000 Fy=-0.000 k=0.000 a=0.000 p=(0.747,-0.000,-1.250) n=(-0.000,1.000,-0.000)
[DEBUG] [W] i=3 w=RR si=3 lp=(-0.760,-0.100,-1.250) o=(-0.760,0.334,-1.250) wp=(-0.747,0.320,-1.250) mw=(0.013,-0.014,0.000) pe2=(0.013,0.357,0.000) grounded=1 contactSamples=1 contactDistance=0.320 sl=0.371 c=0.089 cv=0.015 sf=3479.299 df=36.809 af=3516.108 Fz=2978.826 Fx=0.000 Fy=-0.000 k=0.000 a=0.000 p=(-0.747,-0.000,-1.250) n=(-0.000,1.000,-0.000)
[DEBUG] [Cornering] steerInput=0.000 frontSteerAngle=-0.000 yawRateY=0.000 rollRateZ=0.000 leftLoad=5957.652 rightLoad=5957.652 leftMinusRight=0.000
[DEBUG] [W] i=0 w=FL si=0 lp=(0.760,-0.100,1.250) o=(0.760,0.334,1.250) wp=(0.747,0.320,1.250) mw=(-0.013,-0.014,0.000) pe2=(-0.013,0.357,0.000) grounded=1 contactSamples=1 contactDistance=0.320 sl=0.371 c=0.089 cv=0.015 sf=3479.299 df=36.809 af=3516.108 Fz=2978.826 Fx=0.000 Fy=-0.000 k=0.000 a=0.000 p=(0.747,-0.000,1.250) n=(-0.000,1.000,-0.000)
[DEBUG] [W] i=1 w=FR si=1 lp=(-0.760,-0.100,1.250) o=(-0.760,0.334,1.250) wp=(-0.747,0.320,1.250) mw=(0.013,-0.014,0.000) pe2=(0.013,0.357,0.000) grounded=1 contactSamples=1 contactDistance=0.320 sl=0.371 c=0.089 cv=0.015 sf=3479.299 df=36.809 af=3516.108 Fz=2978.826 Fx=0.000 Fy=-0.000 k=0.000 a=0.000 p=(-0.747,-0.000,1.250) n=(-0.000,1.000,-0.000)
[DEBUG] [W] i=2 w=RL si=2 lp=(0.760,-0.100,-1.250) o=(0.760,0.334,-1.250) wp=(0.747,0.320,-1.250) mw=(-0.013,-0.014,0.000) pe2=(-0.013,0.357,0.000) grounded=1 contactSamples=1 contactDistance=0.320 sl=0.371 c=0.089 cv=0.015 sf=3479.299 df=36.809 af=3516.108 Fz=2978.826 Fx=0.000 Fy=-0.000 k=0.000 a=0.000 p=(0.747,-0.000,-1.250) n=(-0.000,1.000,-0.000)
[DEBUG] [W] i=3 w=RR si=3 lp=(-0.760,-0.100,-1.250) o=(-0.760,0.334,-1.250) wp=(-0.747,0.320,-1.250) mw=(0.013,-0.014,0.000) pe2=(0.013,0.357,0.000) grounded=1 contactSamples=1 contactDistance=0.320 sl=0.371 c=0.089 cv=0.015 sf=3479.299 df=36.809 af=3516.108 Fz=2978.826 Fx=0.000 Fy=-0.000 k=0.000 a=0.000 p=(-0.747,-0.000,-1.250) n=(-0.000,1.000,-0.000)
[DEBUG] [Cornering] steerInput=0.000 frontSteerAngle=-0.000 yawRateY=0.000 rollRateZ=0.000 leftLoad=5957.652 rightLoad=5957.652 leftMinusRight=0.000
[DEBUG] [W] i=0 w=FL si=0 lp=(0.760,-0.100,1.250) o=(0.760,0.334,1.250) wp=(0.747,0.320,1.250) mw=(-0.013,-0.014,0.000) pe2=(-0.013,0.357,0.000) grounded=1 contactSamples=1 contactDistance=0.320 sl=0.371 c=0.089 cv=0.015 sf=3479.301 df=36.827 af=3516.127 Fz=2978.842 Fx=0.000 Fy=-0.000 k=0.000 a=0.000 p=(0.747,-0.000,1.250) n=(-0.000,1.000,-0.000)
[DEBUG] [W] i=1 w=FR si=1 lp=(-0.760,-0.100,1.250) o=(-0.760,0.334,1.250) wp=(-0.747,0.320,1.250) mw=(0.013,-0.014,0.000) pe2=(0.013,0.357,0.000) grounded=1 contactSamples=1 contactDistance=0.320 sl=0.371 c=0.089 cv=0.015 sf=3479.301 df=36.827 af=3516.127 Fz=2978.842 Fx=0.000 Fy=-0.000 k=0.000 a=0.000 p=(-0.747,-0.000,1.250) n=(-0.000,1.000,-0.000)
[DEBUG] [W] i=2 w=RL si=2 lp=(0.760,-0.100,-1.250) o=(0.760,0.334,-1.250) wp=(0.747,0.320,-1.250) mw=(-0.013,-0.014,0.000) pe2=(-0.013,0.357,0.000) grounded=1 contactSamples=1 contactDistance=0.320 sl=0.371 c=0.089 cv=0.015 sf=3479.301 df=36.827 af=3516.127 Fz=2978.842 Fx=0.000 Fy=-0.000 k=0.000 a=0.000 p=(0.747,-0.000,-1.250) n=(-0.000,1.000,-0.000)
[DEBUG] [W] i=3 w=RR si=3 lp=(-0.760,-0.100,-1.250) o=(-0.760,0.334,-1.250) wp=(-0.747,0.320,-1.250) mw=(0.013,-0.014,0.000) pe2=(0.013,0.357,0.000) grounded=1 contactSamples=1 contactDistance=0.320 sl=0.371 c=0.089 cv=0.015 sf=3479.301 df=36.827 af=3516.127 Fz=2978.842 Fx=0.000 Fy=-0.000 k=0.000 a=0.000 p=(-0.747,-0.000,-1.250) n=(-0.000,1.000,-0.000)
[DEBUG] [Cornering] steerInput=0.000 frontSteerAngle=-0.000 yawRateY=0.000 rollRateZ=0.000 leftLoad=5957.684 rightLoad=5957.684 leftMinusRight=0.000
[DEBUG] [Energy] x=0.000 y=0.434 z=0.000 vx=0.000 vy=-0.001 vz=0.000 total=5731.343 potential=5110.547 linear=0.000 angular=0.000 wheels=0.000 suspension=620.797 suspensionPower=-6.525 suspensionResidual=200.655
[DEBUG] [W] i=0 w=FL si=0 lp=(0.760,-0.100,1.250) o=(0.760,0.334,1.250) wp=(0.747,0.320,1.250) mw=(-0.013,-0.014,0.000) pe2=(-0.013,0.357,0.000) grounded=1 contactSamples=1 contactDistance=0.320 sl=0.371 c=0.089 cv=0.015 sf=3479.299 df=36.818 af=3516.117 Fz=2978.834 Fx=0.000 Fy=-0.000 k=0.000 a=0.000 p=(0.747,-0.000,1.250) n=(-0.000,1.000,-0.000)
[DEBUG] [W] i=1 w=FR si=1 lp=(-0.760,-0.100,1.250) o=(-0.760,0.334,1.250) wp=(-0.747,0.320,1.250) mw=(0.013,-0.014,0.000) pe2=(0.013,0.357,0.000) grounded=1 contactSamples=1 contactDistance=0.320 sl=0.371 c=0.089 cv=0.015 sf=3479.299 df=36.818 af=3516.117 Fz=2978.834 Fx=0.000 Fy=-0.000 k=0.000 a=0.000 p=(-0.747,-0.000,1.250) n=(-0.000,1.000,-0.000)
[DEBUG] [W] i=2 w=RL si=2 lp=(0.760,-0.100,-1.250) o=(0.760,0.334,-1.250) wp=(0.747,0.320,-1.250) mw=(-0.013,-0.014,0.000) pe2=(-0.013,0.357,0.000) grounded=1 contactSamples=1 contactDistance=0.320 sl=0.371 c=0.089 cv=0.015 sf=3479.299 df=36.818 af=3516.117 Fz=2978.834 Fx=0.000 Fy=-0.000 k=0.000 a=0.000 p=(0.747,-0.000,-1.250) n=(-0.000,1.000,-0.000)
[DEBUG] [W] i=3 w=RR si=3 lp=(-0.760,-0.100,-1.250) o=(-0.760,0.334,-1.250) wp=(-0.747,0.320,-1.250) mw=(0.013,-0.014,0.000) pe2=(0.013,0.357,0.000) grounded=1 contactSamples=1 contactDistance=0.320 sl=0.371 c=0.089 cv=0.015 sf=3479.299 df=36.818 af=3516.117 Fz=2978.834 Fx=0.000 Fy=-0.000 k=0.000 a=0.000 p=(-0.747,-0.000,-1.250) n=(-0.000,1.000,-0.000)
[DEBUG] [Cornering] steerInput=0.000 frontSteerAngle=-0.000 yawRateY=0.000 rollRateZ=0.000 leftLoad=5957.667 rightLoad=5957.667 leftMinusRight=0.000
[INFO] [EnergyDelta] step=3540 t=29.500002 deltaFromBaseline=-13.216309 stepDelta=-1.664551 integratedPowerA=163.988892 integratedPowerB=-58.727303 integratedSpringPower=-175.404877 integratedDamperPower=70.590248 integratedPowerBalanceResidual=0.446960
[INFO] [State] t=29.500002 y=0.434130 z=0.000000 vy=0.000431 vz=0.000000 energy=5729.666504 compression=0.089090,0.089090,0.089090,0.089090
[DEBUG] [W] i=0 w=FL si=0 lp=(0.760,-0.100,1.250) o=(0.760,0.334,1.250) wp=(0.747,0.320,1.250) mw=(-0.013,-0.014,0.000) pe2=(-0.013,0.357,0.000) grounded=1 contactSamples=1 contactDistance=0.320 sl=0.371 c=0.089 cv=0.015 sf=3479.301 df=36.818 af=3516.118 Fz=2978.835 Fx=0.000 Fy=-0.000 k=0.000 a=0.000 p=(0.747,-0.000,1.250) n=(-0.000,1.000,-0.000)
[DEBUG] [W] i=1 w=FR si=1 lp=(-0.760,-0.100,1.250) o=(-0.760,0.334,1.250) wp=(-0.747,0.320,1.250) mw=(0.013,-0.014,0.000) pe2=(0.013,0.357,0.000) grounded=1 contactSamples=1 contactDistance=0.320 sl=0.371 c=0.089 cv=0.015 sf=3479.301 df=36.818 af=3516.118 Fz=2978.835 Fx=0.000 Fy=-0.000 k=0.000 a=0.000 p=(-0.747,-0.000,1.250) n=(-0.000,1.000,-0.000)
[DEBUG] [W] i=2 w=RL si=2 lp=(0.760,-0.100,-1.250) o=(0.760,0.334,-1.250) wp=(0.747,0.320,-1.250) mw=(-0.013,-0.014,0.000) pe2=(-0.013,0.357,0.000) grounded=1 contactSamples=1 contactDistance=0.320 sl=0.371 c=0.089 cv=0.015 sf=3479.301 df=36.818 af=3516.118 Fz=2978.835 Fx=0.000 Fy=-0.000 k=0.000 a=0.000 p=(0.747,-0.000,-1.250) n=(-0.000,1.000,-0.000)
[DEBUG] [W] i=3 w=RR si=3 lp=(-0.760,-0.100,-1.250) o=(-0.760,0.334,-1.250) wp=(-0.747,0.320,-1.250) mw=(0.013,-0.014,0.000) pe2=(0.013,0.357,0.000) grounded=1 contactSamples=1 contactDistance=0.320 sl=0.371 c=0.089 cv=0.015 sf=3479.301 df=36.818 af=3516.118 Fz=2978.835 Fx=0.000 Fy=-0.000 k=0.000 a=0.000 p=(-0.747,-0.000,-1.250) n=(-0.000,1.000,-0.000)
[DEBUG] [Cornering] steerInput=0.000 frontSteerAngle=-0.000 yawRateY=0.000 rollRateZ=0.000 leftLoad=5957.669 rightLoad=5957.669 leftMinusRight=0.000
[DEBUG] [W] i=0 w=FL si=0 lp=(0.760,-0.100,1.250) o=(0.760,0.334,1.250) wp=(0.747,0.320,1.250) mw=(-0.013,-0.014,0.000) pe2=(-0.013,0.357,0.000) grounded=1 contactSamples=1 contactDistance=0.320 sl=0.371 c=0.089 cv=0.015 sf=3479.301 df=36.818 af=3516.118 Fz=2978.835 Fx=0.000 Fy=-0.000 k=0.000 a=0.000 p=(0.747,-0.000,1.250) n=(-0.000,1.000,-0.000)
[DEBUG] [W] i=1 w=FR si=1 lp=(-0.760,-0.100,1.250) o=(-0.760,0.334,1.250) wp=(-0.747,0.320,1.250) mw=(0.013,-0.014,0.000) pe2=(0.013,0.357,0.000) grounded=1 contactSamples=1 contactDistance=0.320 sl=0.371 c=0.089 cv=0.015 sf=3479.301 df=36.818 af=3516.118 Fz=2978.835 Fx=0.000 Fy=-0.000 k=0.000 a=0.000 p=(-0.747,-0.000,1.250) n=(-0.000,1.000,-0.000)
[DEBUG] [W] i=2 w=RL si=2 lp=(0.760,-0.100,-1.250) o=(0.760,0.334,-1.250) wp=(0.747,0.320,-1.250) mw=(-0.013,-0.014,0.000) pe2=(-0.013,0.357,0.000) grounded=1 contactSamples=1 contactDistance=0.320 sl=0.371 c=0.089 cv=0.015 sf=3479.301 df=36.818 af=3516.118 Fz=2978.835 Fx=0.000 Fy=-0.000 k=0.000 a=0.000 p=(0.747,-0.000,-1.250) n=(-0.000,1.000,-0.000)
[DEBUG] [W] i=3 w=RR si=3 lp=(-0.760,-0.100,-1.250) o=(-0.760,0.334,-1.250) wp=(-0.747,0.320,-1.250) mw=(0.013,-0.014,0.000) pe2=(0.013,0.357,0.000) grounded=1 contactSamples=1 contactDistance=0.320 sl=0.371 c=0.089 cv=0.015 sf=3479.301 df=36.818 af=3516.118 Fz=2978.835 Fx=0.000 Fy=-0.000 k=0.000 a=0.000 p=(-0.747,-0.000,-1.250) n=(-0.000,1.000,-0.000)
[DEBUG] [Cornering] steerInput=0.000 frontSteerAngle=-0.000 yawRateY=0.000 rollRateZ=0.000 leftLoad=5957.669 rightLoad=5957.669 leftMinusRight=0.000
[DEBUG] [W] i=0 w=FL si=0 lp=(0.760,-0.100,1.250) o=(0.760,0.334,1.250) wp=(0.747,0.320,1.250) mw=(-0.013,-0.014,0.000) pe2=(-0.013,0.357,0.000) grounded=1 contactSamples=1 contactDistance=0.320 sl=0.371 c=0.089 cv=0.015 sf=3479.299 df=36.818 af=3516.117 Fz=2978.834 Fx=0.000 Fy=-0.000 k=0.000 a=0.000 p=(0.747,-0.000,1.250) n=(-0.000,1.000,-0.000)
[DEBUG] [W] i=1 w=FR si=1 lp=(-0.760,-0.100,1.250) o=(-0.760,0.334,1.250) wp=(-0.747,0.320,1.250) mw=(0.013,-0.014,0.000) pe2=(0.013,0.357,0.000) grounded=1 contactSamples=1 contactDistance=0.320 sl=0.371 c=0.089 cv=0.015 sf=3479.299 df=36.818 af=3516.117 Fz=2978.834 Fx=0.000 Fy=-0.000 k=0.000 a=0.000 p=(-0.747,-0.000,1.250) n=(-0.000,1.000,-0.000)
[DEBUG] [W] i=2 w=RL si=2 lp=(0.760,-0.100,-1.250) o=(0.760,0.334,-1.250) wp=(0.747,0.320,-1.250) mw=(-0.013,-0.014,0.000) pe2=(-0.013,0.357,0.000) grounded=1 contactSamples=1 contactDistance=0.320 sl=0.371 c=0.089 cv=0.015 sf=3479.299 df=36.818 af=3516.117 Fz=2978.834 Fx=0.000 Fy=-0.000 k=0.000 a=0.000 p=(0.747,-0.000,-1.250) n=(-0.000,1.000,-0.000)
[DEBUG] [W] i=3 w=RR si=3 lp=(-0.760,-0.100,-1.250) o=(-0.760,0.334,-1.250) wp=(-0.747,0.320,-1.250) mw=(0.013,-0.014,0.000) pe2=(0.013,0.357,0.000) grounded=1 contactSamples=1 contactDistance=0.320 sl=0.371 c=0.089 cv=0.015 sf=3479.299 df=36.818 af=3516.117 Fz=2978.834 Fx=0.000 Fy=-0.000 k=0.000 a=0.000 p=(-0.747,-0.000,-1.250) n=(-0.000,1.000,-0.000)
[DEBUG] [Cornering] steerInput=0.000 frontSteerAngle=-0.000 yawRateY=0.000 rollRateZ=0.000 leftLoad=5957.667 rightLoad=5957.667 leftMinusRight=0.000
[DEBUG] [W] i=0 w=FL si=0 lp=(0.760,-0.100,1.250) o=(0.760,0.334,1.250) wp=(0.747,0.320,1.250) mw=(-0.013,-0.014,0.000) pe2=(-0.013,0.357,0.000) grounded=1 contactSamples=1 contactDistance=0.320 sl=0.371 c=0.089 cv=-0.015 sf=3474.513 df=-44.181 af=3430.332 Fz=2906.555 Fx=0.000 Fy=-0.000 k=0.000 a=0.000 p=(0.747,-0.000,1.250) n=(-0.000,1.000,-0.000)
[DEBUG] [W] i=1 w=FR si=1 lp=(-0.760,-0.100,1.250) o=(-0.760,0.334,1.250) wp=(-0.747,0.320,1.250) mw=(0.013,-0.014,0.000) pe2=(0.013,0.357,0.000) grounded=1 contactSamples=1 contactDistance=0.320 sl=0.371 c=0.089 cv=-0.015 sf=3474.513 df=-44.181 af=3430.332 Fz=2906.555 Fx=0.000 Fy=-0.000 k=0.000 a=0.000 p=(-0.747,-0.000,1.250) n=(-0.000,1.000,-0.000)
[DEBUG] [W] i=2 w=RL si=2 lp=(0.760,-0.100,-1.250) o=(0.760,0.334,-1.250) wp=(0.747,0.320,-1.250) mw=(-0.013,-0.014,0.000) pe2=(-0.013,0.357,0.000) grounded=1 contactSamples=1 contactDistance=0.320 sl=0.371 c=0.089 cv=-0.015 sf=3474.513 df=-44.181 af=3430.332 Fz=2906.555 Fx=0.000 Fy=-0.000 k=0.000 a=0.000 p=(0.747,-0.000,-1.250) n=(-0.000,1.000,-0.000)
[DEBUG] [W] i=3 w=RR si=3 lp=(-0.760,-0.100,-1.250) o=(-0.760,0.334,-1.250) wp=(-0.747,0.320,-1.250) mw=(0.013,-0.014,0.000) pe2=(0.013,0.357,0.000) grounded=1 contactSamples=1 contactDistance=0.320 sl=0.371 c=0.089 cv=-0.015 sf=3474.513 df=-44.181 af=3430.332 Fz=2906.555 Fx=0.000 Fy=-0.000 k=0.000 a=0.000 p=(-0.747,-0.000,-1.250) n=(-0.000,1.000,-0.000)
[DEBUG] [Cornering] steerInput=0.000 frontSteerAngle=-0.000 yawRateY=0.000 rollRateZ=0.000 leftLoad=5813.110 rightLoad=5813.110 leftMinusRight=0.000
[DEBUG] [Energy] x=0.000 y=0.434 z=0.000 vx=0.000 vy=-0.001 vz=0.000 total=5731.320 potential=5110.524 linear=0.000 angular=0.000 wheels=0.000 suspension=620.796 suspensionPower=-6.919 suspensionResidual=200.210
[DEBUG] [W] i=0 w=FL si=0 lp=(0.760,-0.100,1.250) o=(0.760,0.334,1.250) wp=(0.747,0.320,1.250) mw=(-0.013,-0.014,0.000) pe2=(-0.013,0.357,0.000) grounded=1 contactSamples=1 contactDistance=0.320 sl=0.371 c=0.089 cv=0.000 sf=3479.299 df=0.000 af=3479.299 Fz=2947.642 Fx=0.000 Fy=-0.000 k=0.000 a=0.000 p=(0.747,-0.000,1.250) n=(-0.000,1.000,-0.000)
[DEBUG] [W] i=1 w=FR si=1 lp=(-0.760,-0.100,1.250) o=(-0.760,0.334,1.250) wp=(-0.747,0.320,1.250) mw=(0.013,-0.014,0.000) pe2=(0.013,0.357,0.000) grounded=1 contactSamples=1 contactDistance=0.320 sl=0.371 c=0.089 cv=0.000 sf=3479.299 df=0.000 af=3479.299 Fz=2947.642 Fx=0.000 Fy=-0.000 k=0.000 a=0.000 p=(-0.747,-0.000,1.250) n=(-0.000,1.000,-0.000)
[DEBUG] [W] i=2 w=RL si=2 lp=(0.760,-0.100,-1.250) o=(0.760,0.334,-1.250) wp=(0.747,0.320,-1.250) mw=(-0.013,-0.014,0.000) pe2=(-0.013,0.357,0.000) grounded=1 contactSamples=1 contactDistance=0.320 sl=0.371 c=0.089 cv=0.000 sf=3479.299 df=0.000 af=3479.299 Fz=2947.642 Fx=0.000 Fy=-0.000 k=0.000 a=0.000 p=(0.747,-0.000,-1.250) n=(-0.000,1.000,-0.000)
[DEBUG] [W] i=3 w=RR si=3 lp=(-0.760,-0.100,-1.250) o=(-0.760,0.334,-1.250) wp=(-0.747,0.320,-1.250) mw=(0.013,-0.014,0.000) pe2=(0.013,0.357,0.000) grounded=1 contactSamples=1 contactDistance=0.320 sl=0.371 c=0.089 cv=0.000 sf=3479.299 df=0.000 af=3479.299 Fz=2947.642 Fx=0.000 Fy=-0.000 k=0.000 a=0.000 p=(-0.747,-0.000,-1.250) n=(-0.000,1.000,-0.000)
[DEBUG] [Cornering] steerInput=0.000 frontSteerAngle=-0.000 yawRateY=0.000 rollRateZ=0.000 leftLoad=5895.284 rightLoad=5895.284 leftMinusRight=0.000
[INFO] [EnergyDelta] step=3600 t=30.000002 deltaFromBaseline=-13.175781 stepDelta=-1.653320 integratedPowerA=163.997070 integratedPowerB=-59.865501 integratedSpringPower=-175.341034 integratedDamperPower=71.663857 integratedPowerBalanceResidual=0.454391
[INFO] [State] t=30.000002 y=0.434133 z=0.000000 vy=0.000544 vz=0.000000 energy=5729.707031 compression=0.089090,0.089090,0.089090,0.089090
[DEBUG] [W] i=0 w=FL si=0 lp=(0.760,-0.100,1.250) o=(0.760,0.334,1.250) wp=(0.747,0.320,1.250) mw=(-0.013,-0.014,0.000) pe2=(-0.013,0.357,0.000) grounded=1 contactSamples=1 contactDistance=0.320 sl=0.371 c=0.089 cv=-0.015 sf=3474.513 df=-44.181 af=3430.332 Fz=2906.555 Fx=0.000 Fy=-0.000 k=0.000 a=0.000 p=(0.747,-0.000,1.250) n=(-0.000,1.000,-0.000)
[DEBUG] [W] i=1 w=FR si=1 lp=(-0.760,-0.100,1.250) o=(-0.760,0.334,1.250) wp=(-0.747,0.320,1.250) mw=(0.013,-0.014,0.000) pe2=(0.013,0.357,0.000) grounded=1 contactSamples=1 contactDistance=0.320 sl=0.371 c=0.089 cv=-0.015 sf=3474.513 df=-44.181 af=3430.332 Fz=2906.555 Fx=0.000 Fy=-0.000 k=0.000 a=0.000 p=(-0.747,-0.000,1.250) n=(-0.000,1.000,-0.000)
[DEBUG] [W] i=2 w=RL si=2 lp=(0.760,-0.100,-1.250) o=(0.760,0.334,-1.250) wp=(0.747,0.320,-1.250) mw=(-0.013,-0.014,0.000) pe2=(-0.013,0.357,0.000) grounded=1 contactSamples=1 contactDistance=0.320 sl=0.371 c=0.089 cv=-0.015 sf=3474.513 df=-44.181 af=3430.332 Fz=2906.555 Fx=0.000 Fy=-0.000 k=0.000 a=0.000 p=(0.747,-0.000,-1.250) n=(-0.000,1.000,-0.000)
[DEBUG] [W] i=3 w=RR si=3 lp=(-0.760,-0.100,-1.250) o=(-0.760,0.334,-1.250) wp=(-0.747,0.320,-1.250) mw=(0.013,-0.014,0.000) pe2=(0.013,0.357,0.000) grounded=1 contactSamples=1 contactDistance=0.320 sl=0.371 c=0.089 cv=-0.015 sf=3474.513 df=-44.181 af=3430.332 Fz=2906.555 Fx=0.000 Fy=-0.000 k=0.000 a=0.000 p=(-0.747,-0.000,-1.250) n=(-0.000,1.000,-0.000)
[DEBUG] [Cornering] steerInput=0.000 frontSteerAngle=-0.000 yawRateY=0.000 rollRateZ=0.000 leftLoad=5813.110 rightLoad=5813.110 leftMinusRight=0.000
[DEBUG] [W] i=0 w=FL si=0 lp=(0.760,-0.100,1.250) o=(0.760,0.334,1.250) wp=(0.747,0.320,1.250) mw=(-0.013,-0.014,0.000) pe2=(-0.013,0.357,0.000) grounded=1 contactSamples=1 contactDistance=0.320 sl=0.371 c=0.089 cv=-0.015 sf=3474.514 df=-44.181 af=3430.333 Fz=2906.556 Fx=0.000 Fy=-0.000 k=0.000 a=0.000 p=(0.747,-0.000,1.250) n=(-0.000,1.000,-0.000)
[DEBUG] [W] i=1 w=FR si=1 lp=(-0.760,-0.100,1.250) o=(-0.760,0.334,1.250) wp=(-0.747,0.320,1.250) mw=(0.013,-0.014,0.000) pe2=(0.013,0.357,0.000) grounded=1 contactSamples=1 contactDistance=0.320 sl=0.371 c=0.089 cv=-0.015 sf=3474.514 df=-44.181 af=3430.333 Fz=2906.556 Fx=0.000 Fy=-0.000 k=0.000 a=0.000 p=(-0.747,-0.000,1.250) n=(-0.000,1.000,-0.000)
[DEBUG] [W] i=2 w=RL si=2 lp=(0.760,-0.100,-1.250) o=(0.760,0.334,-1.250) wp=(0.747,0.320,-1.250) mw=(-0.013,-0.014,0.000) pe2=(-0.013,0.357,0.000) grounded=1 contactSamples=1 contactDistance=0.320 sl=0.371 c=0.089 cv=-0.015 sf=3474.514 df=-44.181 af=3430.333 Fz=2906.556 Fx=0.000 Fy=-0.000 k=0.000 a=0.000 p=(0.747,-0.000,-1.250) n=(-0.000,1.000,-0.000)
[DEBUG] [W] i=3 w=RR si=3 lp=(-0.760,-0.100,-1.250) o=(-0.760,0.334,-1.250) wp=(-0.747,0.320,-1.250) mw=(0.013,-0.014,0.000) pe2=(0.013,0.357,0.000) grounded=1 contactSamples=1 contactDistance=0.320 sl=0.371 c=0.089 cv=-0.015 sf=3474.514 df=-44.181 af=3430.333 Fz=2906.556 Fx=0.000 Fy=-0.000 k=0.000 a=0.000 p=(-0.747,-0.000,-1.250) n=(-0.000,1.000,-0.000)
[DEBUG] [Cornering] steerInput=0.000 frontSteerAngle=-0.000 yawRateY=0.000 rollRateZ=0.000 leftLoad=5813.111 rightLoad=5813.111 leftMinusRight=0.000
[DEBUG] [W] i=0 w=FL si=0 lp=(0.760,-0.100,1.250) o=(0.760,0.334,1.250) wp=(0.747,0.320,1.250) mw=(-0.013,-0.014,0.000) pe2=(-0.013,0.357,0.000) grounded=1 contactSamples=1 contactDistance=0.320 sl=0.371 c=0.089 cv=0.015 sf=3479.299 df=36.809 af=3516.108 Fz=2978.826 Fx=0.000 Fy=-0.000 k=0.000 a=0.000 p=(0.747,-0.000,1.250) n=(-0.000,1.000,-0.000)
[DEBUG] [W] i=1 w=FR si=1 lp=(-0.760,-0.100,1.250) o=(-0.760,0.334,1.250) wp=(-0.747,0.320,1.250) mw=(0.013,-0.014,0.000) pe2=(0.013,0.357,0.000) grounded=1 contactSamples=1 contactDistance=0.320 sl=0.371 c=0.089 cv=0.015 sf=3479.299 df=36.809 af=3516.108 Fz=2978.826 Fx=0.000 Fy=-0.000 k=0.000 a=0.000 p=(-0.747,-0.000,1.250) n=(-0.000,1.000,-0.000)
[DEBUG] [W] i=2 w=RL si=2 lp=(0.760,-0.100,-1.250) o=(0.760,0.334,-1.250) wp=(0.747,0.320,-1.250) mw=(-0.013,-0.014,0.000) pe2=(-0.013,0.357,0.000) grounded=1 contactSamples=1 contactDistance=0.320 sl=0.371 c=0.089 cv=0.015 sf=3479.299 df=36.809 af=3516.108 Fz=2978.826 Fx=0.000 Fy=-0.000 k=0.000 a=0.000 p=(0.747,-0.000,-1.250) n=(-0.000,1.000,-0.000)
[DEBUG] [W] i=3 w=RR si=3 lp=(-0.760,-0.100,-1.250) o=(-0.760,0.334,-1.250) wp=(-0.747,0.320,-1.250) mw=(0.013,-0.014,0.000) pe2=(0.013,0.357,0.000) grounded=1 contactSamples=1 contactDistance=0.320 sl=0.371 c=0.089 cv=0.015 sf=3479.299 df=36.809 af=3516.108 Fz=2978.826 Fx=0.000 Fy=-0.000 k=0.000 a=0.000 p=(-0.747,-0.000,-1.250) n=(-0.000,1.000,-0.000)
[DEBUG] [Cornering] steerInput=0.000 frontSteerAngle=-0.000 yawRateY=0.000 rollRateZ=0.000 leftLoad=5957.652 rightLoad=5957.652 leftMinusRight=0.000
[DEBUG] [W] i=0 w=FL si=0 lp=(0.760,-0.100,1.250) o=(0.760,0.334,1.250) wp=(0.747,0.320,1.250) mw=(-0.013,-0.014,0.000) pe2=(-0.013,0.357,0.000) grounded=1 contactSamples=1 contactDistance=0.320 sl=0.371 c=0.089 cv=0.015 sf=3479.299 df=36.809 af=3516.108 Fz=2978.826 Fx=0.000 Fy=-0.000 k=0.000 a=0.000 p=(0.747,-0.000,1.250) n=(-0.000,1.000,-0.000)
[DEBUG] [W] i=1 w=FR si=1 lp=(-0.760,-0.100,1.250) o=(-0.760,0.334,1.250) wp=(-0.747,0.320,1.250) mw=(0.013,-0.014,0.000) pe2=(0.013,0.357,0.000) grounded=1 contactSamples=1 contactDistance=0.320 sl=0.371 c=0.089 cv=0.015 sf=3479.299 df=36.809 af=3516.108 Fz=2978.826 Fx=0.000 Fy=-0.000 k=0.000 a=0.000 p=(-0.747,-0.000,1.250) n=(-0.000,1.000,-0.000)
[DEBUG] [W] i=2 w=RL si=2 lp=(0.760,-0.100,-1.250) o=(0.760,0.334,-1.250) wp=(0.747,0.320,-1.250) mw=(-0.013,-0.014,0.000) pe2=(-0.013,0.357,0.000) grounded=1 contactSamples=1 contactDistance=0.320 sl=0.371 c=0.089 cv=0.015 sf=3479.299 df=36.809 af=3516.108 Fz=2978.826 Fx=0.000 Fy=-0.000 k=0.000 a=0.000 p=(0.747,-0.000,-1.250) n=(-0.000,1.000,-0.000)
[DEBUG] [W] i=3 w=RR si=3 lp=(-0.760,-0.100,-1.250) o=(-0.760,0.334,-1.250) wp=(-0.747,0.320,-1.250) mw=(0.013,-0.014,0.000) pe2=(0.013,0.357,0.000) grounded=1 contactSamples=1 contactDistance=0.320 sl=0.371 c=0.089 cv=0.015 sf=3479.299 df=36.809 af=3516.108 Fz=2978.826 Fx=0.000 Fy=-0.000 k=0.000 a=0.000 p=(-0.747,-0.000,-1.250) n=(-0.000,1.000,-0.000)
[DEBUG] [Cornering] steerInput=0.000 frontSteerAngle=-0.000 yawRateY=0.000 rollRateZ=0.000 leftLoad=5957.652 rightLoad=5957.652 leftMinusRight=0.000
[DEBUG] [W] i=0 w=FL si=0 lp=(0.760,-0.100,1.250) o=(0.760,0.334,1.250) wp=(0.747,0.320,1.250) mw=(-0.013,-0.014,0.000) pe2=(-0.013,0.357,0.000) grounded=1 contactSamples=1 contactDistance=0.320 sl=0.371 c=0.089 cv=0.015 sf=3479.299 df=36.809 af=3516.108 Fz=2978.826 Fx=0.000 Fy=-0.000 k=0.000 a=0.000 p=(0.747,-0.000,1.250) n=(-0.000,1.000,-0.000)
[DEBUG] [W] i=1 w=FR si=1 lp=(-0.760,-0.100,1.250) o=(-0.760,0.334,1.250) wp=(-0.747,0.320,1.250) mw=(0.013,-0.014,0.000) pe2=(0.013,0.357,0.000) grounded=1 contactSamples=1 contactDistance=0.320 sl=0.371 c=0.089 cv=0.015 sf=3479.299 df=36.809 af=3516.108 Fz=2978.826 Fx=0.000 Fy=-0.000 k=0.000 a=0.000 p=(-0.747,-0.000,1.250) n=(-0.000,1.000,-0.000)
[DEBUG] [W] i=2 w=RL si=2 lp=(0.760,-0.100,-1.250) o=(0.760,0.334,-1.250) wp=(0.747,0.320,-1.250) mw=(-0.013,-0.014,0.000) pe2=(-0.013,0.357,0.000) grounded=1 contactSamples=1 contactDistance=0.320 sl=0.371 c=0.089 cv=0.015 sf=3479.299 df=36.809 af=3516.108 Fz=2978.826 Fx=0.000 Fy=-0.000 k=0.000 a=0.000 p=(0.747,-0.000,-1.250) n=(-0.000,1.000,-0.000)
[DEBUG] [W] i=3 w=RR si=3 lp=(-0.760,-0.100,-1.250) o=(-0.760,0.334,-1.250) wp=(-0.747,0.320,-1.250) mw=(0.013,-0.014,0.000) pe2=(0.013,0.357,0.000) grounded=1 contactSamples=1 contactDistance=0.320 sl=0.371 c=0.089 cv=0.015 sf=3479.299 df=36.809 af=3516.108 Fz=2978.826 Fx=0.000 Fy=-0.000 k=0.000 a=0.000 p=(-0.747,-0.000,-1.250) n=(-0.000,1.000,-0.000)
[DEBUG] [Cornering] steerInput=0.000 frontSteerAngle=-0.000 yawRateY=0.000 rollRateZ=0.000 leftLoad=5957.652 rightLoad=5957.652 leftMinusRight=0.000
[DEBUG] [Energy] x=0.000 y=0.434 z=0.000 vx=0.000 vy=-0.001 vz=0.000 total=5731.347 potential=5110.551 linear=0.000 angular=0.000 wheels=0.000 suspension=620.796 suspensionPower=-6.451 suspensionResidual=200.627
[INFO] [EnergyDelta] step=3660 t=30.500002 deltaFromBaseline=-13.197266 stepDelta=-1.661621 integratedPowerA=163.941833 integratedPowerB=-60.941017 integratedSpringPower=-175.276947 integratedDamperPower=72.737312 integratedPowerBalanceResidual=0.461182
[INFO] [State] t=30.500002 y=0.434131 z=0.000000 vy=0.000454 vz=0.000000 energy=5729.685547 compression=0.089090,0.089090,0.089090,0.089090
[DEBUG] [W] i=0 w=FL si=0 lp=(0.760,-0.100,1.250) o=(0.760,0.334,1.250) wp=(0.747,0.320,1.250) mw=(-0.013,-0.014,0.000) pe2=(-0.013,0.357,0.000) grounded=1 contactSamples=1 contactDistance=0.320 sl=0.371 c=0.089 cv=-0.015 sf=3474.514 df=-44.171 af=3430.344 Fz=2906.565 Fx=0.000 Fy=-0.000 k=0.000 a=0.000 p=(0.747,-0.000,1.250) n=(-0.000,1.000,-0.000)
[DEBUG] [W] i=1 w=FR si=1 lp=(-0.760,-0.100,1.250) o=(-0.760,0.334,1.250) wp=(-0.747,0.320,1.250) mw=(0.013,-0.014,0.000) pe2=(0.013,0.357,0.000) grounded=1 contactSamples=1 contactDistance=0.320 sl=0.371 c=0.089 cv=-0.015 sf=3474.514 df=-44.171 af=3430.344 Fz=2906.565 Fx=0.000 Fy=-0.000 k=0.000 a=0.000 p=(-0.747,-0.000,1.250) n=(-0.000,1.000,-0.000)
[DEBUG] [W] i=2 w=RL si=2 lp=(0.760,-0.100,-1.250) o=(0.760,0.334,-1.250) wp=(0.747,0.320,-1.250) mw=(-0.013,-0.014,0.000) pe2=(-0.013,0.357,0.000) grounded=1 contactSamples=1 contactDistance=0.320 sl=0.371 c=0.089 cv=-0.015 sf=3474.514 df=-44.171 af=3430.344 Fz=2906.565 Fx=0.000 Fy=-0.000 k=0.000 a=0.000 p=(0.747,-0.000,-1.250) n=(-0.000,1.000,-0.000)
[DEBUG] [W] i=3 w=RR si=3 lp=(-0.760,-0.100,-1.250) o=(-0.760,0.334,-1.250) wp=(-0.747,0.320,-1.250) mw=(0.013,-0.014,0.000) pe2=(0.013,0.357,0.000) grounded=1 contactSamples=1 contactDistance=0.320 sl=0.371 c=0.089 cv=-0.015 sf=3474.514 df=-44.171 af=3430.344 Fz=2906.565 Fx=0.000 Fy=-0.000 k=0.000 a=0.000 p=(-0.747,-0.000,-1.250) n=(-0.000,1.000,-0.000)
[DEBUG] [Cornering] steerInput=0.000 frontSteerAngle=-0.000 yawRateY=0.000 rollRateZ=0.000 leftLoad=5813.129 rightLoad=5813.129 leftMinusRight=0.000
[DEBUG] [W] i=0 w=FL si=0 lp=(0.760,-0.100,1.250) o=(0.760,0.334,1.250) wp=(0.747,0.320,1.250) mw=(-0.013,-0.014,0.000) pe2=(-0.013,0.357,0.000) grounded=1 contactSamples=1 contactDistance=0.320 sl=0.371 c=0.089 cv=0.015 sf=3479.301 df=36.827 af=3516.127 Fz=2978.842 Fx=0.000 Fy=-0.000 k=0.000 a=0.000 p=(0.747,-0.000,1.250) n=(-0.000,1.000,-0.000)
[DEBUG] [W] i=1 w=FR si=1 lp=(-0.760,-0.100,1.250) o=(-0.760,0.334,1.250) wp=(-0.747,0.320,1.250) mw=(0.013,-0.014,0.000) pe2=(0.013,0.357,0.000) grounded=1 contactSamples=1 contactDistance=0.320 sl=0.371 c=0.089 cv=0.015 sf=3479.301 df=36.827 af=3516.127 Fz=2978.842 Fx=0.000 Fy=-0.000 k=0.000 a=0.000 p=(-0.747,-0.000,1.250) n=(-0.000,1.000,-0.000)
[DEBUG] [W] i=2 w=RL si=2 lp=(0.760,-0.100,-1.250) o=(0.760,0.334,-1.250) wp=(0.747,0.320,-1.250) mw=(-0.013,-0.014,0.000) pe2=(-0.013,0.357,0.000) grounded=1 contactSamples=1 contactDistance=0.320 sl=0.371 c=0.089 cv=0.015 sf=3479.301 df=36.827 af=3516.127 Fz=2978.842 Fx=0.000 Fy=-0.000 k=0.000 a=0.000 p=(0.747,-0.000,-1.250) n=(-0.000,1.000,-0.000)
[DEBUG] [W] i=3 w=RR si=3 lp=(-0.760,-0.100,-1.250) o=(-0.760,0.334,-1.250) wp=(-0.747,0.320,-1.250) mw=(0.013,-0.014,0.000) pe2=(0.013,0.357,0.000) grounded=1 contactSamples=1 contactDistance=0.320 sl=0.371 c=0.089 cv=0.015 sf=3479.301 df=36.827 af=3516.127 Fz=2978.842 Fx=0.000 Fy=-0.000 k=0.000 a=0.000 p=(-0.747,-0.000,-1.250) n=(-0.000,1.000,-0.000)
[DEBUG] [Cornering] steerInput=0.000 frontSteerAngle=-0.000 yawRateY=0.000 rollRateZ=0.000 leftLoad=5957.684 rightLoad=5957.684 leftMinusRight=0.000
[DEBUG] [W] i=0 w=FL si=0 lp=(0.760,-0.100,1.250) o=(0.760,0.334,1.250) wp=(0.747,0.320,1.250) mw=(-0.013,-0.014,0.000) pe2=(-0.013,0.357,0.000) grounded=1 contactSamples=1 contactDistance=0.320 sl=0.371 c=0.089 cv=0.015 sf=3479.301 df=36.818 af=3516.118 Fz=2978.835 Fx=0.000 Fy=-0.000 k=0.000 a=0.000 p=(0.747,-0.000,1.250) n=(-0.000,1.000,-0.000)
[DEBUG] [W] i=1 w=FR si=1 lp=(-0.760,-0.100,1.250) o=(-0.760,0.334,1.250) wp=(-0.747,0.320,1.250) mw=(0.013,-0.014,0.000) pe2=(0.013,0.357,0.000) grounded=1 contactSamples=1 contactDistance=0.320 sl=0.371 c=0.089 cv=0.015 sf=3479.301 df=36.818 af=3516.118 Fz=2978.835 Fx=0.000 Fy=-0.000 k=0.000 a=0.000 p=(-0.747,-0.000,1.250) n=(-0.000,1.000,-0.000)
[DEBUG] [W] i=2 w=RL si=2 lp=(0.760,-0.100,-1.250) o=(0.760,0.334,-1.250) wp=(0.747,0.320,-1.250) mw=(-0.013,-0.014,0.000) pe2=(-0.013,0.357,0.000) grounded=1 contactSamples=1 contactDistance=0.320 sl=0.371 c=0.089 cv=0.015 sf=3479.301 df=36.818 af=3516.118 Fz=2978.835 Fx=0.000 Fy=-0.000 k=0.000 a=0.000 p=(0.747,-0.000,-1.250) n=(-0.000,1.000,-0.000)
[DEBUG] [W] i=3 w=RR si=3 lp=(-0.760,-0.100,-1.250) o=(-0.760,0.334,-1.250) wp=(-0.747,0.320,-1.250) mw=(0.013,-0.014,0.000) pe2=(0.013,0.357,0.000) grounded=1 contactSamples=1 contactDistance=0.320 sl=0.371 c=0.089 cv=0.015 sf=3479.301 df=36.818 af=3516.118 Fz=2978.835 Fx=0.000 Fy=-0.000 k=0.000 a=0.000 p=(-0.747,-0.000,-1.250) n=(-0.000,1.000,-0.000)
[DEBUG] [Cornering] steerInput=0.000 frontSteerAngle=-0.000 yawRateY=0.000 rollRateZ=0.000 leftLoad=5957.669 rightLoad=5957.669 leftMinusRight=0.000
[DEBUG] [W] i=0 w=FL si=0 lp=(0.760,-0.100,1.250) o=(0.760,0.334,1.250) wp=(0.747,0.320,1.250) mw=(-0.013,-0.014,0.000) pe2=(-0.013,0.357,0.000) grounded=1 contactSamples=1 contactDistance=0.320 sl=0.371 c=0.089 cv=0.015 sf=3479.299 df=36.818 af=3516.117 Fz=2978.834 Fx=0.000 Fy=-0.000 k=0.000 a=0.000 p=(0.747,-0.000,1.250) n=(-0.000,1.000,-0.000)
[DEBUG] [W] i=1 w=FR si=1 lp=(-0.760,-0.100,1.250) o=(-0.760,0.334,1.250) wp=(-0.747,0.320,1.250) mw=(0.013,-0.014,0.000) pe2=(0.013,0.357,0.000) grounded=1 contactSamples=1 contactDistance=0.320 sl=0.371 c=0.089 cv=0.015 sf=3479.299 df=36.818 af=3516.117 Fz=2978.834 Fx=0.000 Fy=-0.000 k=0.000 a=0.000 p=(-0.747,-0.000,1.250) n=(-0.000,1.000,-0.000)
[DEBUG] [W] i=2 w=RL si=2 lp=(0.760,-0.100,-1.250) o=(0.760,0.334,-1.250) wp=(0.747,0.320,-1.250) mw=(-0.013,-0.014,0.000) pe2=(-0.013,0.357,0.000) grounded=1 contactSamples=1 contactDistance=0.320 sl=0.371 c=0.089 cv=0.015 sf=3479.299 df=36.818 af=3516.117 Fz=2978.834 Fx=0.000 Fy=-0.000 k=0.000 a=0.000 p=(0.747,-0.000,-1.250) n=(-0.000,1.000,-0.000)
[DEBUG] [W] i=3 w=RR si=3 lp=(-0.760,-0.100,-1.250) o=(-0.760,0.334,-1.250) wp=(-0.747,0.320,-1.250) mw=(0.013,-0.014,0.000) pe2=(0.013,0.357,0.000) grounded=1 contactSamples=1 contactDistance=0.320 sl=0.371 c=0.089 cv=0.015 sf=3479.299 df=36.818 af=3516.117 Fz=2978.834 Fx=0.000 Fy=-0.000 k=0.000 a=0.000 p=(-0.747,-0.000,-1.250) n=(-0.000,1.000,-0.000)
[DEBUG] [Cornering] steerInput=0.000 frontSteerAngle=-0.000 yawRateY=0.000 rollRateZ=0.000 leftLoad=5957.667 rightLoad=5957.667 leftMinusRight=0.000
[DEBUG] [W] i=0 w=FL si=0 lp=(0.760,-0.100,1.250) o=(0.760,0.334,1.250) wp=(0.747,0.320,1.250) mw=(-0.013,-0.014,0.000) pe2=(-0.013,0.357,0.000) grounded=1 contactSamples=1 contactDistance=0.320 sl=0.371 c=0.089 cv=0.000 sf=3474.513 df=0.000 af=3474.513 Fz=2943.990 Fx=0.000 Fy=-0.000 k=0.000 a=0.000 p=(0.747,-0.000,1.250) n=(-0.000,1.000,-0.000)
[DEBUG] [W] i=1 w=FR si=1 lp=(-0.760,-0.100,1.250) o=(-0.760,0.334,1.250) wp=(-0.747,0.320,1.250) mw=(0.013,-0.014,0.000) pe2=(0.013,0.357,0.000) grounded=1 contactSamples=1 contactDistance=0.320 sl=0.371 c=0.089 cv=0.000 sf=3474.513 df=0.000 af=3474.513 Fz=2943.990 Fx=0.000 Fy=-0.000 k=0.000 a=0.000 p=(-0.747,-0.000,1.250) n=(-0.000,1.000,-0.000)
[DEBUG] [W] i=2 w=RL si=2 lp=(0.760,-0.100,-1.250) o=(0.760,0.334,-1.250) wp=(0.747,0.320,-1.250) mw=(-0.013,-0.014,0.000) pe2=(-0.013,0.357,0.000) grounded=1 contactSamples=1 contactDistance=0.320 sl=0.371 c=0.089 cv=0.000 sf=3474.513 df=0.000 af=3474.513 Fz=2943.990 Fx=0.000 Fy=-0.000 k=0.000 a=0.000 p=(0.747,-0.000,-1.250) n=(-0.000,1.000,-0.000)
[DEBUG] [W] i=3 w=RR si=3 lp=(-0.760,-0.100,-1.250) o=(-0.760,0.334,-1.250) wp=(-0.747,0.320,-1.250) mw=(0.013,-0.014,0.000) pe2=(0.013,0.357,0.000) grounded=1 contactSamples=1 contactDistance=0.320 sl=0.371 c=0.089 cv=0.000 sf=3474.513 df=0.000 af=3474.513 Fz=2943.990 Fx=0.000 Fy=-0.000 k=0.000 a=0.000 p=(-0.747,-0.000,-1.250) n=(-0.000,1.000,-0.000)
[DEBUG] [Cornering] steerInput=0.000 frontSteerAngle=-0.000 yawRateY=0.000 rollRateZ=0.000 leftLoad=5887.980 rightLoad=5887.980 leftMinusRight=0.000
[DEBUG] [Energy] x=0.000 y=0.434 z=0.000 vx=0.000 vy=-0.000 vz=0.000 total=5731.334 potential=5110.538 linear=0.000 angular=0.000 wheels=0.000 suspension=620.796 suspensionPower=-4.782 suspensionResidual=202.347
[INFO] [EnergyDelta] step=3720 t=31.000002 deltaFromBaseline=-11.548828 stepDelta=1.667480 integratedPowerA=163.852173 integratedPowerB=-63.665474 integratedSpringPower=-173.507843 integratedDamperPower=73.789284 integratedPowerBalanceResidual=0.468140
[INFO] [State] t=31.000002 y=0.434127 z=0.000000 vy=-0.000401 vz=0.000000 energy=5731.333984 compression=0.089213,0.089213,0.089213,0.089213
[DEBUG] [W] i=0 w=FL si=0 lp=(0.760,-0.100,1.250) o=(0.760,0.334,1.250) wp=(0.747,0.320,1.250) mw=(-0.013,-0.014,0.000) pe2=(-0.013,0.357,0.000) grounded=1 contactSamples=1 contactDistance=0.320 sl=0.371 c=0.089 cv=0.015 sf=3479.301 df=36.818 af=3516.118 Fz=2978.835 Fx=0.000 Fy=-0.000 k=0.000 a=0.000 p=(0.747,-0.000,1.250) n=(-0.000,1.000,-0.000)
[DEBUG] [W] i=1 w=FR si=1 lp=(-0.760,-0.100,1.250) o=(-0.760,0.334,1.250) wp=(-0.747,0.320,1.250) mw=(0.013,-0.014,0.000) pe2=(0.013,0.357,0.000) grounded=1 contactSamples=1 contactDistance=0.320 sl=0.371 c=0.089 cv=0.015 sf=3479.301 df=36.818 af=3516.118 Fz=2978.835 Fx=0.000 Fy=-0.000 k=0.000 a=0.000 p=(-0.747,-0.000,1.250) n=(-0.000,1.000,-0.000)
[DEBUG] [W] i=2 w=RL si=2 lp=(0.760,-0.100,-1.250) o=(0.760,0.334,-1.250) wp=(0.747,0.320,-1.250) mw=(-0.013,-0.014,0.000) pe2=(-0.013,0.357,0.000) grounded=1 contactSamples=1 contactDistance=0.320 sl=0.371 c=0.089 cv=0.015 sf=3479.301 df=36.818 af=3516.118 Fz=2978.835 Fx=0.000 Fy=-0.000 k=0.000 a=0.000 p=(0.747,-0.000,-1.250) n=(-0.000,1.000,-0.000)
[DEBUG] [W] i=3 w=RR si=3 lp=(-0.760,-0.100,-1.250) o=(-0.760,0.334,-1.250) wp=(-0.747,0.320,-1.250) mw=(0.013,-0.014,0.000) pe2=(0.013,0.357,0.000) grounded=1 contactSamples=1 contactDistance=0.320 sl=0.371 c=0.089 cv=0.015 sf=3479.301 df=36.818 af=3516.118 Fz=2978.835 Fx=0.000 Fy=-0.000 k=0.000 a=0.000 p=(-0.747,-0.000,-1.250) n=(-0.000,1.000,-0.000)
[DEBUG] [Cornering] steerInput=0.000 frontSteerAngle=-0.000 yawRateY=0.000 rollRateZ=0.000 leftLoad=5957.669 rightLoad=5957.669 leftMinusRight=0.000
[DEBUG] [W] i=0 w=FL si=0 lp=(0.760,-0.100,1.250) o=(0.760,0.334,1.250) wp=(0.747,0.320,1.250) mw=(-0.013,-0.014,0.000) pe2=(-0.013,0.357,0.000) grounded=1 contactSamples=1 contactDistance=0.320 sl=0.371 c=0.089 cv=-0.015 sf=3474.513 df=-44.181 af=3430.332 Fz=2906.555 Fx=0.000 Fy=-0.000 k=0.000 a=0.000 p=(0.747,-0.000,1.250) n=(-0.000,1.000,-0.000)
[DEBUG] [W] i=1 w=FR si=1 lp=(-0.760,-0.100,1.250) o=(-0.760,0.334,1.250) wp=(-0.747,0.320,1.250) mw=(0.013,-0.014,0.000) pe2=(0.013,0.357,0.000) grounded=1 contactSamples=1 contactDistance=0.320 sl=0.371 c=0.089 cv=-0.015 sf=3474.513 df=-44.181 af=3430.332 Fz=2906.555 Fx=0.000 Fy=-0.000 k=0.000 a=0.000 p=(-0.747,-0.000,1.250) n=(-0.000,1.000,-0.000)
[DEBUG] [W] i=2 w=RL si=2 lp=(0.760,-0.100,-1.250) o=(0.760,0.334,-1.250) wp=(0.747,0.320,-1.250) mw=(-0.013,-0.014,0.000) pe2=(-0.013,0.357,0.000) grounded=1 contactSamples=1 contactDistance=0.320 sl=0.371 c=0.089 cv=-0.015 sf=3474.513 df=-44.181 af=3430.332 Fz=2906.555 Fx=0.000 Fy=-0.000 k=0.000 a=0.000 p=(0.747,-0.000,-1.250) n=(-0.000,1.000,-0.000)
[DEBUG] [W] i=3 w=RR si=3 lp=(-0.760,-0.100,-1.250) o=(-0.760,0.334,-1.250) wp=(-0.747,0.320,-1.250) mw=(0.013,-0.014,0.000) pe2=(0.013,0.357,0.000) grounded=1 contactSamples=1 contactDistance=0.320 sl=0.371 c=0.089 cv=-0.015 sf=3474.513 df=-44.181 af=3430.332 Fz=2906.555 Fx=0.000 Fy=-0.000 k=0.000 a=0.000 p=(-0.747,-0.000,-1.250) n=(-0.000,1.000,-0.000)
[DEBUG] [Cornering] steerInput=0.000 frontSteerAngle=-0.000 yawRateY=0.000 rollRateZ=0.000 leftLoad=5813.110 rightLoad=5813.110 leftMinusRight=0.000
[DEBUG] [W] i=0 w=FL si=0 lp=(0.760,-0.100,1.250) o=(0.760,0.334,1.250) wp=(0.747,0.320,1.250) mw=(-0.013,-0.014,0.000) pe2=(-0.013,0.357,0.000) grounded=1 contactSamples=1 contactDistance=0.320 sl=0.371 c=0.089 cv=-0.015 sf=3474.514 df=-44.181 af=3430.333 Fz=2906.556 Fx=0.000 Fy=-0.000 k=0.000 a=0.000 p=(0.747,-0.000,1.250) n=(-0.000,1.000,-0.000)
[DEBUG] [W] i=1 w=FR si=1 lp=(-0.760,-0.100,1.250) o=(-0.760,0.334,1.250) wp=(-0.747,0.320,1.250) mw=(0.013,-0.014,0.000) pe2=(0.013,0.357,0.000) grounded=1 contactSamples=1 contactDistance=0.320 sl=0.371 c=0.089 cv=-0.015 sf=3474.514 df=-44.181 af=3430.333 Fz=2906.556 Fx=0.000 Fy=-0.000 k=0.000 a=0.000 p=(-0.747,-0.000,1.250) n=(-0.000,1.000,-0.000)
[DEBUG] [W] i=2 w=RL si=2 lp=(0.760,-0.100,-1.250) o=(0.760,0.334,-1.250) wp=(0.747,0.320,-1.250) mw=(-0.013,-0.014,0.000) pe2=(-0.013,0.357,0.000) grounded=1 contactSamples=1 contactDistance=0.320 sl=0.371 c=0.089 cv=-0.015 sf=3474.514 df=-44.181 af=3430.333 Fz=2906.556 Fx=0.000 Fy=-0.000 k=0.000 a=0.000 p=(0.747,-0.000,-1.250) n=(-0.000,1.000,-0.000)
[DEBUG] [W] i=3 w=RR si=3 lp=(-0.760,-0.100,-1.250) o=(-0.760,0.334,-1.250) wp=(-0.747,0.320,-1.250) mw=(0.013,-0.014,0.000) pe2=(0.013,0.357,0.000) grounded=1 contactSamples=1 contactDistance=0.320 sl=0.371 c=0.089 cv=-0.015 sf=3474.514 df=-44.181 af=3430.333 Fz=2906.556 Fx=0.000 Fy=-0.000 k=0.000 a=0.000 p=(-0.747,-0.000,-1.250) n=(-0.000,1.000,-0.000)
[DEBUG] [Cornering] steerInput=0.000 frontSteerAngle=-0.000 yawRateY=0.000 rollRateZ=0.000 leftLoad=5813.111 rightLoad=5813.111 leftMinusRight=0.000
[DEBUG] [W] i=0 w=FL si=0 lp=(0.760,-0.100,1.250) o=(0.760,0.334,1.250) wp=(0.747,0.320,1.250) mw=(-0.013,-0.014,0.000) pe2=(-0.013,0.357,0.000) grounded=1 contactSamples=1 contactDistance=0.320 sl=0.371 c=0.089 cv=-0.015 sf=3474.513 df=-44.181 af=3430.332 Fz=2906.555 Fx=0.000 Fy=-0.000 k=0.000 a=0.000 p=(0.747,-0.000,1.250) n=(-0.000,1.000,-0.000)
[DEBUG] [W] i=1 w=FR si=1 lp=(-0.760,-0.100,1.250) o=(-0.760,0.334,1.250) wp=(-0.747,0.320,1.250) mw=(0.013,-0.014,0.000) pe2=(0.013,0.357,0.000) grounded=1 contactSamples=1 contactDistance=0.320 sl=0.371 c=0.089 cv=-0.015 sf=3474.513 df=-44.181 af=3430.332 Fz=2906.555 Fx=0.000 Fy=-0.000 k=0.000 a=0.000 p=(-0.747,-0.000,1.250) n=(-0.000,1.000,-0.000)
[DEBUG] [W] i=2 w=RL si=2 lp=(0.760,-0.100,-1.250) o=(0.760,0.334,-1.250) wp=(0.747,0.320,-1.250) mw=(-0.013,-0.014,0.000) pe2=(-0.013,0.357,0.000) grounded=1 contactSamples=1 contactDistance=0.320 sl=0.371 c=0.089 cv=-0.015 sf=3474.513 df=-44.181 af=3430.332 Fz=2906.555 Fx=0.000 Fy=-0.000 k=0.000 a=0.000 p=(0.747,-0.000,-1.250) n=(-0.000,1.000,-0.000)
[DEBUG] [W] i=3 w=RR si=3 lp=(-0.760,-0.100,-1.250) o=(-0.760,0.334,-1.250) wp=(-0.747,0.320,-1.250) mw=(0.013,-0.014,0.000) pe2=(0.013,0.357,0.000) grounded=1 contactSamples=1 contactDistance=0.320 sl=0.371 c=0.089 cv=-0.015 sf=3474.513 df=-44.181 af=3430.332 Fz=2906.555 Fx=0.000 Fy=-0.000 k=0.000 a=0.000 p=(-0.747,-0.000,-1.250) n=(-0.000,1.000,-0.000)
[DEBUG] [Cornering] steerInput=0.000 frontSteerAngle=-0.000 yawRateY=0.000 rollRateZ=0.000 leftLoad=5813.110 rightLoad=5813.110 leftMinusRight=0.000
[DEBUG] [W] i=0 w=FL si=0 lp=(0.760,-0.100,1.250) o=(0.760,0.334,1.250) wp=(0.747,0.320,1.250) mw=(-0.013,-0.014,0.000) pe2=(-0.013,0.357,0.000) grounded=1 contactSamples=1 contactDistance=0.320 sl=0.371 c=0.089 cv=-0.015 sf=3474.513 df=-44.181 af=3430.332 Fz=2906.555 Fx=0.000 Fy=-0.000 k=0.000 a=0.000 p=(0.747,-0.000,1.250) n=(-0.000,1.000,-0.000)
[DEBUG] [W] i=1 w=FR si=1 lp=(-0.760,-0.100,1.250) o=(-0.760,0.334,1.250) wp=(-0.747,0.320,1.250) mw=(0.013,-0.014,0.000) pe2=(0.013,0.357,0.000) grounded=1 contactSamples=1 contactDistance=0.320 sl=0.371 c=0.089 cv=-0.015 sf=3474.513 df=-44.181 af=3430.332 Fz=2906.555 Fx=0.000 Fy=-0.000 k=0.000 a=0.000 p=(-0.747,-0.000,1.250) n=(-0.000,1.000,-0.000)
[DEBUG] [W] i=2 w=RL si=2 lp=(0.760,-0.100,-1.250) o=(0.760,0.334,-1.250) wp=(0.747,0.320,-1.250) mw=(-0.013,-0.014,0.000) pe2=(-0.013,0.357,0.000) grounded=1 contactSamples=1 contactDistance=0.320 sl=0.371 c=0.089 cv=-0.015 sf=3474.513 df=-44.181 af=3430.332 Fz=2906.555 Fx=0.000 Fy=-0.000 k=0.000 a=0.000 p=(0.747,-0.000,-1.250) n=(-0.000,1.000,-0.000)
[DEBUG] [W] i=3 w=RR si=3 lp=(-0.760,-0.100,-1.250) o=(-0.760,0.334,-1.250) wp=(-0.747,0.320,-1.250) mw=(0.013,-0.014,0.000) pe2=(0.013,0.357,0.000) grounded=1 contactSamples=1 contactDistance=0.320 sl=0.371 c=0.089 cv=-0.015 sf=3474.513 df=-44.181 af=3430.332 Fz=2906.555 Fx=0.000 Fy=-0.000 k=0.000 a=0.000 p=(-0.747,-0.000,-1.250) n=(-0.000,1.000,-0.000)
[DEBUG] [Cornering] steerInput=0.000 frontSteerAngle=-0.000 yawRateY=0.000 rollRateZ=0.000 leftLoad=5813.110 rightLoad=5813.110 leftMinusRight=0.000
[INFO] [EnergyDelta] step=3780 t=31.500002 deltaFromBaseline=-11.561523 stepDelta=1.659180 integratedPowerA=163.806152 integratedPowerB=-64.750130 integratedSpringPower=-173.443512 integratedDamperPower=74.863014 integratedPowerBalanceResidual=0.475525
[INFO] [State] t=31.500002 y=0.434125 z=0.000000 vy=-0.000492 vz=0.000000 energy=5731.321289 compression=0.089213,0.089213,0.089213,0.089213
[DEBUG] [Energy] x=0.000 y=0.434 z=0.000 vx=0.000 vy=0.001 vz=0.000 total=5729.664 potential=5110.574 linear=0.000 angular=0.000 wheels=0.000 suspension=619.089 suspensionPower=5.860 suspensionResidual=-196.264
[DEBUG] [W] i=0 w=FL si=0 lp=(0.760,-0.100,1.250) o=(0.760,0.334,1.250) wp=(0.747,0.320,1.250) mw=(-0.013,-0.014,0.000) pe2=(-0.013,0.357,0.000) grounded=1 contactSamples=1 contactDistance=0.320 sl=0.371 c=0.089 cv=-0.015 sf=3474.513 df=-44.181 af=3430.332 Fz=2906.555 Fx=0.000 Fy=-0.000 k=0.000 a=0.000 p=(0.747,-0.000,1.250) n=(-0.000,1.000,-0.000)
[DEBUG] [W] i=1 w=FR si=1 lp=(-0.760,-0.100,1.250) o=(-0.760,0.334,1.250) wp=(-0.747,0.320,1.250) mw=(0.013,-0.014,0.000) pe2=(0.013,0.357,0.000) grounded=1 contactSamples=1 contactDistance=0.320 sl=0.371 c=0.089 cv=-0.015 sf=3474.513 df=-44.181 af=3430.332 Fz=2906.555 Fx=0.000 Fy=-0.000 k=0.000 a=0.000 p=(-0.747,-0.000,1.250) n=(-0.000,1.000,-0.000)
[DEBUG] [W] i=2 w=RL si=2 lp=(0.760,-0.100,-1.250) o=(0.760,0.334,-1.250) wp=(0.747,0.320,-1.250) mw=(-0.013,-0.014,0.000) pe2=(-0.013,0.357,0.000) grounded=1 contactSamples=1 contactDistance=0.320 sl=0.371 c=0.089 cv=-0.015 sf=3474.513 df=-44.181 af=3430.332 Fz=2906.555 Fx=0.000 Fy=-0.000 k=0.000 a=0.000 p=(0.747,-0.000,-1.250) n=(-0.000,1.000,-0.000)
[DEBUG] [W] i=3 w=RR si=3 lp=(-0.760,-0.100,-1.250) o=(-0.760,0.334,-1.250) wp=(-0.747,0.320,-1.250) mw=(0.013,-0.014,0.000) pe2=(0.013,0.357,0.000) grounded=1 contactSamples=1 contactDistance=0.320 sl=0.371 c=0.089 cv=-0.015 sf=3474.513 df=-44.181 af=3430.332 Fz=2906.555 Fx=0.000 Fy=-0.000 k=0.000 a=0.000 p=(-0.747,-0.000,-1.250) n=(-0.000,1.000,-0.000)
[DEBUG] [Cornering] steerInput=0.000 frontSteerAngle=-0.000 yawRateY=0.000 rollRateZ=0.000 leftLoad=5813.110 rightLoad=5813.110 leftMinusRight=0.000
[DEBUG] [W] i=0 w=FL si=0 lp=(0.760,-0.100,1.250) o=(0.760,0.334,1.250) wp=(0.747,0.320,1.250) mw=(-0.013,-0.014,0.000) pe2=(-0.013,0.357,0.000) grounded=1 contactSamples=1 contactDistance=0.320 sl=0.371 c=0.089 cv=0.015 sf=3479.301 df=36.827 af=3516.127 Fz=2978.842 Fx=0.000 Fy=-0.000 k=0.000 a=0.000 p=(0.747,-0.000,1.250) n=(-0.000,1.000,-0.000)
[DEBUG] [W] i=1 w=FR si=1 lp=(-0.760,-0.100,1.250) o=(-0.760,0.334,1.250) wp=(-0.747,0.320,1.250) mw=(0.013,-0.014,0.000) pe2=(0.013,0.357,0.000) grounded=1 contactSamples=1 contactDistance=0.320 sl=0.371 c=0.089 cv=0.015 sf=3479.301 df=36.827 af=3516.127 Fz=2978.842 Fx=0.000 Fy=-0.000 k=0.000 a=0.000 p=(-0.747,-0.000,1.250) n=(-0.000,1.000,-0.000)
[DEBUG] [W] i=2 w=RL si=2 lp=(0.760,-0.100,-1.250) o=(0.760,0.334,-1.250) wp=(0.747,0.320,-1.250) mw=(-0.013,-0.014,0.000) pe2=(-0.013,0.357,0.000) grounded=1 contactSamples=1 contactDistance=0.320 sl=0.371 c=0.089 cv=0.015 sf=3479.301 df=36.827 af=3516.127 Fz=2978.842 Fx=0.000 Fy=-0.000 k=0.000 a=0.000 p=(0.747,-0.000,-1.250) n=(-0.000,1.000,-0.000)
[DEBUG] [W] i=3 w=RR si=3 lp=(-0.760,-0.100,-1.250) o=(-0.760,0.334,-1.250) wp=(-0.747,0.320,-1.250) mw=(0.013,-0.014,0.000) pe2=(0.013,0.357,0.000) grounded=1 contactSamples=1 contactDistance=0.320 sl=0.371 c=0.089 cv=0.015 sf=3479.301 df=36.827 af=3516.127 Fz=2978.842 Fx=0.000 Fy=-0.000 k=0.000 a=0.000 p=(-0.747,-0.000,-1.250) n=(-0.000,1.000,-0.000)
[DEBUG] [Cornering] steerInput=0.000 frontSteerAngle=-0.000 yawRateY=0.000 rollRateZ=0.000 leftLoad=5957.684 rightLoad=5957.684 leftMinusRight=0.000
[DEBUG] [W] i=0 w=FL si=0 lp=(0.760,-0.100,1.250) o=(0.760,0.334,1.250) wp=(0.747,0.320,1.250) mw=(-0.013,-0.014,0.000) pe2=(-0.013,0.357,0.000) grounded=1 contactSamples=1 contactDistance=0.320 sl=0.371 c=0.089 cv=-0.015 sf=3474.514 df=-44.171 af=3430.344 Fz=2906.565 Fx=0.000 Fy=-0.000 k=0.000 a=0.000 p=(0.747,-0.000,1.250) n=(-0.000,1.000,-0.000)
[DEBUG] [W] i=1 w=FR si=1 lp=(-0.760,-0.100,1.250) o=(-0.760,0.334,1.250) wp=(-0.747,0.320,1.250) mw=(0.013,-0.014,0.000) pe2=(0.013,0.357,0.000) grounded=1 contactSamples=1 contactDistance=0.320 sl=0.371 c=0.089 cv=-0.015 sf=3474.514 df=-44.171 af=3430.344 Fz=2906.565 Fx=0.000 Fy=-0.000 k=0.000 a=0.000 p=(-0.747,-0.000,1.250) n=(-0.000,1.000,-0.000)
[DEBUG] [W] i=2 w=RL si=2 lp=(0.760,-0.100,-1.250) o=(0.760,0.334,-1.250) wp=(0.747,0.320,-1.250) mw=(-0.013,-0.014,0.000) pe2=(-0.013,0.357,0.000) grounded=1 contactSamples=1 contactDistance=0.320 sl=0.371 c=0.089 cv=-0.015 sf=3474.514 df=-44.171 af=3430.344 Fz=2906.565 Fx=0.000 Fy=-0.000 k=0.000 a=0.000 p=(0.747,-0.000,-1.250) n=(-0.000,1.000,-0.000)
[DEBUG] [W] i=3 w=RR si=3 lp=(-0.760,-0.100,-1.250) o=(-0.760,0.334,-1.250) wp=(-0.747,0.320,-1.250) mw=(0.013,-0.014,0.000) pe2=(0.013,0.357,0.000) grounded=1 contactSamples=1 contactDistance=0.320 sl=0.371 c=0.089 cv=-0.015 sf=3474.514 df=-44.171 af=3430.344 Fz=2906.565 Fx=0.000 Fy=-0.000 k=0.000 a=0.000 p=(-0.747,-0.000,-1.250) n=(-0.000,1.000,-0.000)
[DEBUG] [Cornering] steerInput=0.000 frontSteerAngle=-0.000 yawRateY=0.000 rollRateZ=0.000 leftLoad=5813.129 rightLoad=5813.129 leftMinusRight=0.000
[DEBUG] [W] i=0 w=FL si=0 lp=(0.760,-0.100,1.250) o=(0.760,0.334,1.250) wp=(0.747,0.320,1.250) mw=(-0.013,-0.014,0.000) pe2=(-0.013,0.357,0.000) grounded=1 contactSamples=1 contactDistance=0.320 sl=0.371 c=0.089 cv=-0.015 sf=3474.514 df=-44.171 af=3430.344 Fz=2906.565 Fx=0.000 Fy=-0.000 k=0.000 a=0.000 p=(0.747,-0.000,1.250) n=(-0.000,1.000,-0.000)
[DEBUG] [W] i=1 w=FR si=1 lp=(-0.760,-0.100,1.250) o=(-0.760,0.334,1.250) wp=(-0.747,0.320,1.250) mw=(0.013,-0.014,0.000) pe2=(0.013,0.357,0.000) grounded=1 contactSamples=1 contactDistance=0.320 sl=0.371 c=0.089 cv=-0.015 sf=3474.514 df=-44.171 af=3430.344 Fz=2906.565 Fx=0.000 Fy=-0.000 k=0.000 a=0.000 p=(-0.747,-0.000,1.250) n=(-0.000,1.000,-0.000)
[DEBUG] [W] i=2 w=RL si=2 lp=(0.760,-0.100,-1.250) o=(0.760,0.334,-1.250) wp=(0.747,0.320,-1.250) mw=(-0.013,-0.014,0.000) pe2=(-0.013,0.357,0.000) grounded=1 contactSamples=1 contactDistance=0.320 sl=0.371 c=0.089 cv=-0.015 sf=3474.514 df=-44.171 af=3430.344 Fz=2906.565 Fx=0.000 Fy=-0.000 k=0.000 a=0.000 p=(0.747,-0.000,-1.250) n=(-0.000,1.000,-0.000)
[DEBUG] [W] i=3 w=RR si=3 lp=(-0.760,-0.100,-1.250) o=(-0.760,0.334,-1.250) wp=(-0.747,0.320,-1.250) mw=(0.013,-0.014,0.000) pe2=(0.013,0.357,0.000) grounded=1 contactSamples=1 contactDistance=0.320 sl=0.371 c=0.089 cv=-0.015 sf=3474.514 df=-44.171 af=3430.344 Fz=2906.565 Fx=0.000 Fy=-0.000 k=0.000 a=0.000 p=(-0.747,-0.000,-1.250) n=(-0.000,1.000,-0.000)
[DEBUG] [Cornering] steerInput=0.000 frontSteerAngle=-0.000 yawRateY=0.000 rollRateZ=0.000 leftLoad=5813.129 rightLoad=5813.129 leftMinusRight=0.000
[DEBUG] [W] i=0 w=FL si=0 lp=(0.760,-0.100,1.250) o=(0.760,0.334,1.250) wp=(0.747,0.320,1.250) mw=(-0.013,-0.014,0.000) pe2=(-0.013,0.357,0.000) grounded=1 contactSamples=1 contactDistance=0.320 sl=0.371 c=0.089 cv=-0.015 sf=3474.513 df=-44.192 af=3430.321 Fz=2906.546 Fx=0.000 Fy=-0.000 k=0.000 a=0.000 p=(0.747,-0.000,1.250) n=(-0.000,1.000,-0.000)
[DEBUG] [W] i=1 w=FR si=1 lp=(-0.760,-0.100,1.250) o=(-0.760,0.334,1.250) wp=(-0.747,0.320,1.250) mw=(0.013,-0.014,0.000) pe2=(0.013,0.357,0.000) grounded=1 contactSamples=1 contactDistance=0.320 sl=0.371 c=0.089 cv=-0.015 sf=3474.513 df=-44.192 af=3430.321 Fz=2906.546 Fx=0.000 Fy=-0.000 k=0.000 a=0.000 p=(-0.747,-0.000,1.250) n=(-0.000,1.000,-0.000)
[DEBUG] [W] i=2 w=RL si=2 lp=(0.760,-0.100,-1.250) o=(0.760,0.334,-1.250) wp=(0.747,0.320,-1.250) mw=(-0.013,-0.014,0.000) pe2=(-0.013,0.357,0.000) grounded=1 contactSamples=1 contactDistance=0.320 sl=0.371 c=0.089 cv=-0.015 sf=3474.513 df=-44.192 af=3430.321 Fz=2906.546 Fx=0.000 Fy=-0.000 k=0.000 a=0.000 p=(0.747,-0.000,-1.250) n=(-0.000,1.000,-0.000)
[DEBUG] [W] i=3 w=RR si=3 lp=(-0.760,-0.100,-1.250) o=(-0.760,0.334,-1.250) wp=(-0.747,0.320,-1.250) mw=(0.013,-0.014,0.000) pe2=(0.013,0.357,0.000) grounded=1 contactSamples=1 contactDistance=0.320 sl=0.371 c=0.089 cv=-0.015 sf=3474.513 df=-44.192 af=3430.321 Fz=2906.546 Fx=0.000 Fy=-0.000 k=0.000 a=0.000 p=(-0.747,-0.000,-1.250) n=(-0.000,1.000,-0.000)
[DEBUG] [Cornering] steerInput=0.000 frontSteerAngle=-0.000 yawRateY=0.000 rollRateZ=0.000 leftLoad=5813.091 rightLoad=5813.091 leftMinusRight=0.000
[INFO] [EnergyDelta] step=3840 t=32.000000 deltaFromBaseline=-11.553223 stepDelta=1.656738 integratedPowerA=163.783630 integratedPowerB=-65.815979 integratedSpringPower=-173.382477 integratedDamperPower=75.896828 integratedPowerBalanceResidual=0.482002
[INFO] [State] t=32.000000 y=0.434126 z=0.000000 vy=-0.000510 vz=0.000000 energy=5731.329590 compression=0.089213,0.089213,0.089213,0.089213
[DEBUG] [Energy] x=0.000 y=0.434 z=0.000 vx=0.000 vy=-0.001 vz=0.000 total=5731.326 potential=5110.530 linear=0.000 angular=0.000 wheels=0.000 suspension=620.797 suspensionPower=-6.274 suspensionResidual=200.906
[DEBUG] [W] i=0 w=FL si=0 lp=(0.760,-0.100,1.250) o=(0.760,0.334,1.250) wp=(0.747,0.320,1.250) mw=(-0.013,-0.014,0.000) pe2=(-0.013,0.357,0.000) grounded=1 contactSamples=1 contactDistance=0.320 sl=0.371 c=0.089 cv=-0.015 sf=3474.513 df=-44.192 af=3430.321 Fz=2906.546 Fx=0.000 Fy=-0.000 k=0.000 a=0.000 p=(0.747,-0.000,1.250) n=(-0.000,1.000,-0.000)
[DEBUG] [W] i=1 w=FR si=1 lp=(-0.760,-0.100,1.250) o=(-0.760,0.334,1.250) wp=(-0.747,0.320,1.250) mw=(0.013,-0.014,0.000) pe2=(0.013,0.357,0.000) grounded=1 contactSamples=1 contactDistance=0.320 sl=0.371 c=0.089 cv=-0.015 sf=3474.513 df=-44.192 af=3430.321 Fz=2906.546 Fx=0.000 Fy=-0.000 k=0.000 a=0.000 p=(-0.747,-0.000,1.250) n=(-0.000,1.000,-0.000)
[DEBUG] [W] i=2 w=RL si=2 lp=(0.760,-0.100,-1.250) o=(0.760,0.334,-1.250) wp=(0.747,0.320,-1.250) mw=(-0.013,-0.014,0.000) pe2=(-0.013,0.357,0.000) grounded=1 contactSamples=1 contactDistance=0.320 sl=0.371 c=0.089 cv=-0.015 sf=3474.513 df=-44.192 af=3430.321 Fz=2906.546 Fx=0.000 Fy=-0.000 k=0.000 a=0.000 p=(0.747,-0.000,-1.250) n=(-0.000,1.000,-0.000)
[DEBUG] [W] i=3 w=RR si=3 lp=(-0.760,-0.100,-1.250) o=(-0.760,0.334,-1.250) wp=(-0.747,0.320,-1.250) mw=(0.013,-0.014,0.000) pe2=(0.013,0.357,0.000) grounded=1 contactSamples=1 contactDistance=0.320 sl=0.371 c=0.089 cv=-0.015 sf=3474.513 df=-44.192 af=3430.321 Fz=2906.546 Fx=0.000 Fy=-0.000 k=0.000 a=0.000 p=(-0.747,-0.000,-1.250) n=(-0.000,1.000,-0.000)
[DEBUG] [Cornering] steerInput=0.000 frontSteerAngle=-0.000 yawRateY=0.000 rollRateZ=0.000 leftLoad=5813.091 rightLoad=5813.091 leftMinusRight=0.000
[DEBUG] [W] i=0 w=FL si=0 lp=(0.760,-0.100,1.250) o=(0.760,0.334,1.250) wp=(0.747,0.320,1.250) mw=(-0.013,-0.014,0.000) pe2=(-0.013,0.357,0.000) grounded=1 contactSamples=1 contactDistance=0.320 sl=0.371 c=0.089 cv=-0.015 sf=3474.513 df=-44.181 af=3430.332 Fz=2906.555 Fx=0.000 Fy=-0.000 k=0.000 a=0.000 p=(0.747,-0.000,1.250) n=(-0.000,1.000,-0.000)
[DEBUG] [W] i=1 w=FR si=1 lp=(-0.760,-0.100,1.250) o=(-0.760,0.334,1.250) wp=(-0.747,0.320,1.250) mw=(0.013,-0.014,0.000) pe2=(0.013,0.357,0.000) grounded=1 contactSamples=1 contactDistance=0.320 sl=0.371 c=0.089 cv=-0.015 sf=3474.513 df=-44.181 af=3430.332 Fz=2906.555 Fx=0.000 Fy=-0.000 k=0.000 a=0.000 p=(-0.747,-0.000,1.250) n=(-0.000,1.000,-0.000)
[DEBUG] [W] i=2 w=RL si=2 lp=(0.760,-0.100,-1.250) o=(0.760,0.334,-1.250) wp=(0.747,0.320,-1.250) mw=(-0.013,-0.014,0.000) pe2=(-0.013,0.357,0.000) grounded=1 contactSamples=1 contactDistance=0.320 sl=0.371 c=0.089 cv=-0.015 sf=3474.513 df=-44.181 af=3430.332 Fz=2906.555 Fx=0.000 Fy=-0.000 k=0.000 a=0.000 p=(0.747,-0.000,-1.250) n=(-0.000,1.000,-0.000)
[DEBUG] [W] i=3 w=RR si=3 lp=(-0.760,-0.100,-1.250) o=(-0.760,0.334,-1.250) wp=(-0.747,0.320,-1.250) mw=(0.013,-0.014,0.000) pe2=(0.013,0.357,0.000) grounded=1 contactSamples=1 contactDistance=0.320 sl=0.371 c=0.089 cv=-0.015 sf=3474.513 df=-44.181 af=3430.332 Fz=2906.555 Fx=0.000 Fy=-0.000 k=0.000 a=0.000 p=(-0.747,-0.000,-1.250) n=(-0.000,1.000,-0.000)
[DEBUG] [Cornering] steerInput=0.000 frontSteerAngle=-0.000 yawRateY=0.000 rollRateZ=0.000 leftLoad=5813.110 rightLoad=5813.110 leftMinusRight=0.000
[DEBUG] [W] i=0 w=FL si=0 lp=(0.760,-0.100,1.250) o=(0.760,0.334,1.250) wp=(0.747,0.320,1.250) mw=(-0.013,-0.014,0.000) pe2=(-0.013,0.357,0.000) grounded=1 contactSamples=1 contactDistance=0.320 sl=0.371 c=0.089 cv=-0.015 sf=3474.514 df=-44.181 af=3430.333 Fz=2906.556 Fx=0.000 Fy=-0.000 k=0.000 a=0.000 p=(0.747,-0.000,1.250) n=(-0.000,1.000,-0.000)
[DEBUG] [W] i=1 w=FR si=1 lp=(-0.760,-0.100,1.250) o=(-0.760,0.334,1.250) wp=(-0.747,0.320,1.250) mw=(0.013,-0.014,0.000) pe2=(0.013,0.357,0.000) grounded=1 contactSamples=1 contactDistance=0.320 sl=0.371 c=0.089 cv=-0.015 sf=3474.514 df=-44.181 af=3430.333 Fz=2906.556 Fx=0.000 Fy=-0.000 k=0.000 a=0.000 p=(-0.747,-0.000,1.250) n=(-0.000,1.000,-0.000)
[DEBUG] [W] i=2 w=RL si=2 lp=(0.760,-0.100,-1.250) o=(0.760,0.334,-1.250) wp=(0.747,0.320,-1.250) mw=(-0.013,-0.014,0.000) pe2=(-0.013,0.357,0.000) grounded=1 contactSamples=1 contactDistance=0.320 sl=0.371 c=0.089 cv=-0.015 sf=3474.514 df=-44.181 af=3430.333 Fz=2906.556 Fx=0.000 Fy=-0.000 k=0.000 a=0.000 p=(0.747,-0.000,-1.250) n=(-0.000,1.000,-0.000)
[DEBUG] [W] i=3 w=RR si=3 lp=(-0.760,-0.100,-1.250) o=(-0.760,0.334,-1.250) wp=(-0.747,0.320,-1.250) mw=(0.013,-0.014,0.000) pe2=(0.013,0.357,0.000) grounded=1 contactSamples=1 contactDistance=0.320 sl=0.371 c=0.089 cv=-0.015 sf=3474.514 df=-44.181 af=3430.333 Fz=2906.556 Fx=0.000 Fy=-0.000 k=0.000 a=0.000 p=(-0.747,-0.000,-1.250) n=(-0.000,1.000,-0.000)
[DEBUG] [Cornering] steerInput=0.000 frontSteerAngle=-0.000 yawRateY=0.000 rollRateZ=0.000 leftLoad=5813.111 rightLoad=5813.111 leftMinusRight=0.000
[DEBUG] [W] i=0 w=FL si=0 lp=(0.760,-0.100,1.250) o=(0.760,0.334,1.250) wp=(0.747,0.320,1.250) mw=(-0.013,-0.014,0.000) pe2=(-0.013,0.357,0.000) grounded=1 contactSamples=1 contactDistance=0.320 sl=0.371 c=0.089 cv=-0.015 sf=3474.514 df=-44.181 af=3430.333 Fz=2906.556 Fx=0.000 Fy=-0.000 k=0.000 a=0.000 p=(0.747,-0.000,1.250) n=(-0.000,1.000,-0.000)
[DEBUG] [W] i=1 w=FR si=1 lp=(-0.760,-0.100,1.250) o=(-0.760,0.334,1.250) wp=(-0.747,0.320,1.250) mw=(0.013,-0.014,0.000) pe2=(0.013,0.357,0.000) grounded=1 contactSamples=1 contactDistance=0.320 sl=0.371 c=0.089 cv=-0.015 sf=3474.514 df=-44.181 af=3430.333 Fz=2906.556 Fx=0.000 Fy=-0.000 k=0.000 a=0.000 p=(-0.747,-0.000,1.250) n=(-0.000,1.000,-0.000)
[DEBUG] [W] i=2 w=RL si=2 lp=(0.760,-0.100,-1.250) o=(0.760,0.334,-1.250) wp=(0.747,0.320,-1.250) mw=(-0.013,-0.014,0.000) pe2=(-0.013,0.357,0.000) grounded=1 contactSamples=1 contactDistance=0.320 sl=0.371 c=0.089 cv=-0.015 sf=3474.514 df=-44.181 af=3430.333 Fz=2906.556 Fx=0.000 Fy=-0.000 k=0.000 a=0.000 p=(0.747,-0.000,-1.250) n=(-0.000,1.000,-0.000)
[DEBUG] [W] i=3 w=RR si=3 lp=(-0.760,-0.100,-1.250) o=(-0.760,0.334,-1.250) wp=(-0.747,0.320,-1.250) mw=(0.013,-0.014,0.000) pe2=(0.013,0.357,0.000) grounded=1 contactSamples=1 contactDistance=0.320 sl=0.371 c=0.089 cv=-0.015 sf=3474.514 df=-44.181 af=3430.333 Fz=2906.556 Fx=0.000 Fy=-0.000 k=0.000 a=0.000 p=(-0.747,-0.000,-1.250) n=(-0.000,1.000,-0.000)
[DEBUG] [Cornering] steerInput=0.000 frontSteerAngle=-0.000 yawRateY=0.000 rollRateZ=0.000 leftLoad=5813.111 rightLoad=5813.111 leftMinusRight=0.000
[DEBUG] [W] i=0 w=FL si=0 lp=(0.760,-0.100,1.250) o=(0.760,0.334,1.250) wp=(0.747,0.320,1.250) mw=(-0.013,-0.014,0.000) pe2=(-0.013,0.357,0.000) grounded=1 contactSamples=1 contactDistance=0.320 sl=0.371 c=0.089 cv=-0.000 sf=3479.299 df=-0.011 af=3479.289 Fz=2947.633 Fx=0.000 Fy=-0.000 k=0.000 a=0.000 p=(0.747,-0.000,1.250) n=(-0.000,1.000,-0.000)
[DEBUG] [W] i=1 w=FR si=1 lp=(-0.760,-0.100,1.250) o=(-0.760,0.334,1.250) wp=(-0.747,0.320,1.250) mw=(0.013,-0.014,0.000) pe2=(0.013,0.357,0.000) grounded=1 contactSamples=1 contactDistance=0.320 sl=0.371 c=0.089 cv=-0.000 sf=3479.299 df=-0.011 af=3479.289 Fz=2947.633 Fx=0.000 Fy=-0.000 k=0.000 a=0.000 p=(-0.747,-0.000,1.250) n=(-0.000,1.000,-0.000)
[DEBUG] [W] i=2 w=RL si=2 lp=(0.760,-0.100,-1.250) o=(0.760,0.334,-1.250) wp=(0.747,0.320,-1.250) mw=(-0.013,-0.014,0.000) pe2=(-0.013,0.357,0.000) grounded=1 contactSamples=1 contactDistance=0.320 sl=0.371 c=0.089 cv=-0.000 sf=3479.299 df=-0.011 af=3479.289 Fz=2947.633 Fx=0.000 Fy=-0.000 k=0.000 a=0.000 p=(0.747,-0.000,-1.250) n=(-0.000,1.000,-0.000)
[DEBUG] [W] i=3 w=RR si=3 lp=(-0.760,-0.100,-1.250) o=(-0.760,0.334,-1.250) wp=(-0.747,0.320,-1.250) mw=(0.013,-0.014,0.000) pe2=(0.013,0.357,0.000) grounded=1 contactSamples=1 contactDistance=0.320 sl=0.371 c=0.089 cv=-0.000 sf=3479.299 df=-0.011 af=3479.289 Fz=2947.633 Fx=0.000 Fy=-0.000 k=0.000 a=0.000 p=(-0.747,-0.000,-1.250) n=(-0.000,1.000,-0.000)
[DEBUG] [Cornering] steerInput=0.000 frontSteerAngle=-0.000 yawRateY=0.000 rollRateZ=0.000 leftLoad=5895.265 rightLoad=5895.265 leftMinusRight=0.000
[INFO] [EnergyDelta] step=3900 t=32.500000 deltaFromBaseline=-13.186035 stepDelta=-1.653320 integratedPowerA=163.824341 integratedPowerB=-65.261688 integratedSpringPower=-175.026215 integratedDamperPower=76.952431 integratedPowerBalanceResidual=0.488869
[INFO] [State] t=32.500000 y=0.434132 z=0.000000 vy=0.000542 vz=0.000000 energy=5729.696777 compression=0.089090,0.089090,0.089090,0.089090
[DEBUG] [Energy] x=0.000 y=0.434 z=0.000 vx=0.000 vy=-0.000 vz=0.000 total=5731.360 potential=5110.564 linear=0.000 angular=0.000 wheels=0.000 suspension=620.796 suspensionPower=-5.812 suspensionResidual=201.317
[DEBUG] [W] i=0 w=FL si=0 lp=(0.760,-0.100,1.250) o=(0.760,0.334,1.250) wp=(0.747,0.320,1.250) mw=(-0.013,-0.014,0.000) pe2=(-0.013,0.357,0.000) grounded=1 contactSamples=1 contactDistance=0.320 sl=0.371 c=0.089 cv=0.015 sf=3479.299 df=36.809 af=3516.108 Fz=2978.826 Fx=0.000 Fy=-0.000 k=0.000 a=0.000 p=(0.747,-0.000,1.250) n=(-0.000,1.000,-0.000)
[DEBUG] [W] i=1 w=FR si=1 lp=(-0.760,-0.100,1.250) o=(-0.760,0.334,1.250) wp=(-0.747,0.320,1.250) mw=(0.013,-0.014,0.000) pe2=(0.013,0.357,0.000) grounded=1 contactSamples=1 contactDistance=0.320 sl=0.371 c=0.089 cv=0.015 sf=3479.299 df=36.809 af=3516.108 Fz=2978.826 Fx=0.000 Fy=-0.000 k=0.000 a=0.000 p=(-0.747,-0.000,1.250) n=(-0.000,1.000,-0.000)
[DEBUG] [W] i=2 w=RL si=2 lp=(0.760,-0.100,-1.250) o=(0.760,0.334,-1.250) wp=(0.747,0.320,-1.250) mw=(-0.013,-0.014,0.000) pe2=(-0.013,0.357,0.000) grounded=1 contactSamples=1 contactDistance=0.320 sl=0.371 c=0.089 cv=0.015 sf=3479.299 df=36.809 af=3516.108 Fz=2978.826 Fx=0.000 Fy=-0.000 k=0.000 a=0.000 p=(0.747,-0.000,-1.250) n=(-0.000,1.000,-0.000)
[DEBUG] [W] i=3 w=RR si=3 lp=(-0.760,-0.100,-1.250) o=(-0.760,0.334,-1.250) wp=(-0.747,0.320,-1.250) mw=(0.013,-0.014,0.000) pe2=(0.013,0.357,0.000) grounded=1 contactSamples=1 contactDistance=0.320 sl=0.371 c=0.089 cv=0.015 sf=3479.299 df=36.809 af=3516.108 Fz=2978.826 Fx=0.000 Fy=-0.000 k=0.000 a=0.000 p=(-0.747,-0.000,-1.250) n=(-0.000,1.000,-0.000)
[DEBUG] [Cornering] steerInput=0.000 frontSteerAngle=-0.000 yawRateY=0.000 rollRateZ=0.000 leftLoad=5957.652 rightLoad=5957.652 leftMinusRight=0.000
[DEBUG] [W] i=0 w=FL si=0 lp=(0.760,-0.100,1.250) o=(0.760,0.334,1.250) wp=(0.747,0.320,1.250) mw=(-0.013,-0.014,0.000) pe2=(-0.013,0.357,0.000) grounded=1 contactSamples=1 contactDistance=0.320 sl=0.371 c=0.089 cv=-0.015 sf=3474.514 df=-44.171 af=3430.344 Fz=2906.565 Fx=0.000 Fy=-0.000 k=0.000 a=0.000 p=(0.747,-0.000,1.250) n=(-0.000,1.000,-0.000)
[DEBUG] [W] i=1 w=FR si=1 lp=(-0.760,-0.100,1.250) o=(-0.760,0.334,1.250) wp=(-0.747,0.320,1.250) mw=(0.013,-0.014,0.000) pe2=(0.013,0.357,0.000) grounded=1 contactSamples=1 contactDistance=0.320 sl=0.371 c=0.089 cv=-0.015 sf=3474.514 df=-44.171 af=3430.344 Fz=2906.565 Fx=0.000 Fy=-0.000 k=0.000 a=0.000 p=(-0.747,-0.000,1.250) n=(-0.000,1.000,-0.000)
[DEBUG] [W] i=2 w=RL si=2 lp=(0.760,-0.100,-1.250) o=(0.760,0.334,-1.250) wp=(0.747,0.320,-1.250) mw=(-0.013,-0.014,0.000) pe2=(-0.013,0.357,0.000) grounded=1 contactSamples=1 contactDistance=0.320 sl=0.371 c=0.089 cv=-0.015 sf=3474.514 df=-44.171 af=3430.344 Fz=2906.565 Fx=0.000 Fy=-0.000 k=0.000 a=0.000 p=(0.747,-0.000,-1.250) n=(-0.000,1.000,-0.000)
[DEBUG] [W] i=3 w=RR si=3 lp=(-0.760,-0.100,-1.250) o=(-0.760,0.334,-1.250) wp=(-0.747,0.320,-1.250) mw=(0.013,-0.014,0.000) pe2=(0.013,0.357,0.000) grounded=1 contactSamples=1 contactDistance=0.320 sl=0.371 c=0.089 cv=-0.015 sf=3474.514 df=-44.171 af=3430.344 Fz=2906.565 Fx=0.000 Fy=-0.000 k=0.000 a=0.000 p=(-0.747,-0.000,-1.250) n=(-0.000,1.000,-0.000)
[DEBUG] [Cornering] steerInput=0.000 frontSteerAngle=-0.000 yawRateY=0.000 rollRateZ=0.000 leftLoad=5813.129 rightLoad=5813.129 leftMinusRight=0.000
[DEBUG] [W] i=0 w=FL si=0 lp=(0.760,-0.100,1.250) o=(0.760,0.334,1.250) wp=(0.747,0.320,1.250) mw=(-0.013,-0.014,0.000) pe2=(-0.013,0.357,0.000) grounded=1 contactSamples=1 contactDistance=0.320 sl=0.371 c=0.089 cv=-0.015 sf=3474.514 df=-44.171 af=3430.344 Fz=2906.565 Fx=0.000 Fy=-0.000 k=0.000 a=0.000 p=(0.747,-0.000,1.250) n=(-0.000,1.000,-0.000)
[DEBUG] [W] i=1 w=FR si=1 lp=(-0.760,-0.100,1.250) o=(-0.760,0.334,1.250) wp=(-0.747,0.320,1.250) mw=(0.013,-0.014,0.000) pe2=(0.013,0.357,0.000) grounded=1 contactSamples=1 contactDistance=0.320 sl=0.371 c=0.089 cv=-0.015 sf=3474.514 df=-44.171 af=3430.344 Fz=2906.565 Fx=0.000 Fy=-0.000 k=0.000 a=0.000 p=(-0.747,-0.000,1.250) n=(-0.000,1.000,-0.000)
[DEBUG] [W] i=2 w=RL si=2 lp=(0.760,-0.100,-1.250) o=(0.760,0.334,-1.250) wp=(0.747,0.320,-1.250) mw=(-0.013,-0.014,0.000) pe2=(-0.013,0.357,0.000) grounded=1 contactSamples=1 contactDistance=0.320 sl=0.371 c=0.089 cv=-0.015 sf=3474.514 df=-44.171 af=3430.344 Fz=2906.565 Fx=0.000 Fy=-0.000 k=0.000 a=0.000 p=(0.747,-0.000,-1.250) n=(-0.000,1.000,-0.000)
[DEBUG] [W] i=3 w=RR si=3 lp=(-0.760,-0.100,-1.250) o=(-0.760,0.334,-1.250) wp=(-0.747,0.320,-1.250) mw=(0.013,-0.014,0.000) pe2=(0.013,0.357,0.000) grounded=1 contactSamples=1 contactDistance=0.320 sl=0.371 c=0.089 cv=-0.015 sf=3474.514 df=-44.171 af=3430.344 Fz=2906.565 Fx=0.000 Fy=-0.000 k=0.000 a=0.000 p=(-0.747,-0.000,-1.250) n=(-0.000,1.000,-0.000)
[DEBUG] [Cornering] steerInput=0.000 frontSteerAngle=-0.000 yawRateY=0.000 rollRateZ=0.000 leftLoad=5813.129 rightLoad=5813.129 leftMinusRight=0.000
[DEBUG] [W] i=0 w=FL si=0 lp=(0.760,-0.100,1.250) o=(0.760,0.334,1.250) wp=(0.747,0.320,1.250) mw=(-0.013,-0.014,0.000) pe2=(-0.013,0.357,0.000) grounded=1 contactSamples=1 contactDistance=0.320 sl=0.371 c=0.089 cv=-0.015 sf=3474.514 df=-44.171 af=3430.344 Fz=2906.565 Fx=0.000 Fy=-0.000 k=0.000 a=0.000 p=(0.747,-0.000,1.250) n=(-0.000,1.000,-0.000)
[DEBUG] [W] i=1 w=FR si=1 lp=(-0.760,-0.100,1.250) o=(-0.760,0.334,1.250) wp=(-0.747,0.320,1.250) mw=(0.013,-0.014,0.000) pe2=(0.013,0.357,0.000) grounded=1 contactSamples=1 contactDistance=0.320 sl=0.371 c=0.089 cv=-0.015 sf=3474.514 df=-44.171 af=3430.344 Fz=2906.565 Fx=0.000 Fy=-0.000 k=0.000 a=0.000 p=(-0.747,-0.000,1.250) n=(-0.000,1.000,-0.000)
[DEBUG] [W] i=2 w=RL si=2 lp=(0.760,-0.100,-1.250) o=(0.760,0.334,-1.250) wp=(0.747,0.320,-1.250) mw=(-0.013,-0.014,0.000) pe2=(-0.013,0.357,0.000) grounded=1 contactSamples=1 contactDistance=0.320 sl=0.371 c=0.089 cv=-0.015 sf=3474.514 df=-44.171 af=3430.344 Fz=2906.565 Fx=0.000 Fy=-0.000 k=0.000 a=0.000 p=(0.747,-0.000,-1.250) n=(-0.000,1.000,-0.000)
[DEBUG] [W] i=3 w=RR si=3 lp=(-0.760,-0.100,-1.250) o=(-0.760,0.334,-1.250) wp=(-0.747,0.320,-1.250) mw=(0.013,-0.014,0.000) pe2=(0.013,0.357,0.000) grounded=1 contactSamples=1 contactDistance=0.320 sl=0.371 c=0.089 cv=-0.015 sf=3474.514 df=-44.171 af=3430.344 Fz=2906.565 Fx=0.000 Fy=-0.000 k=0.000 a=0.000 p=(-0.747,-0.000,-1.250) n=(-0.000,1.000,-0.000)
[DEBUG] [Cornering] steerInput=0.000 frontSteerAngle=-0.000 yawRateY=0.000 rollRateZ=0.000 leftLoad=5813.129 rightLoad=5813.129 leftMinusRight=0.000
[DEBUG] [W] i=0 w=FL si=0 lp=(0.760,-0.100,1.250) o=(0.760,0.334,1.250) wp=(0.747,0.320,1.250) mw=(-0.013,-0.014,0.000) pe2=(-0.013,0.357,0.000) grounded=1 contactSamples=1 contactDistance=0.320 sl=0.371 c=0.089 cv=-0.015 sf=3474.514 df=-44.171 af=3430.344 Fz=2906.565 Fx=0.000 Fy=-0.000 k=0.000 a=0.000 p=(0.747,-0.000,1.250) n=(-0.000,1.000,-0.000)
[DEBUG] [W] i=1 w=FR si=1 lp=(-0.760,-0.100,1.250) o=(-0.760,0.334,1.250) wp=(-0.747,0.320,1.250) mw=(0.013,-0.014,0.000) pe2=(0.013,0.357,0.000) grounded=1 contactSamples=1 contactDistance=0.320 sl=0.371 c=0.089 cv=-0.015 sf=3474.514 df=-44.171 af=3430.344 Fz=2906.565 Fx=0.000 Fy=-0.000 k=0.000 a=0.000 p=(-0.747,-0.000,1.250) n=(-0.000,1.000,-0.000)
[DEBUG] [W] i=2 w=RL si=2 lp=(0.760,-0.100,-1.250) o=(0.760,0.334,-1.250) wp=(0.747,0.320,-1.250) mw=(-0.013,-0.014,0.000) pe2=(-0.013,0.357,0.000) grounded=1 contactSamples=1 contactDistance=0.320 sl=0.371 c=0.089 cv=-0.015 sf=3474.514 df=-44.171 af=3430.344 Fz=2906.565 Fx=0.000 Fy=-0.000 k=0.000 a=0.000 p=(0.747,-0.000,-1.250) n=(-0.000,1.000,-0.000)
[DEBUG] [W] i=3 w=RR si=3 lp=(-0.760,-0.100,-1.250) o=(-0.760,0.334,-1.250) wp=(-0.747,0.320,-1.250) mw=(0.013,-0.014,0.000) pe2=(0.013,0.357,0.000) grounded=1 contactSamples=1 contactDistance=0.320 sl=0.371 c=0.089 cv=-0.015 sf=3474.514 df=-44.171 af=3430.344 Fz=2906.565 Fx=0.000 Fy=-0.000 k=0.000 a=0.000 p=(-0.747,-0.000,-1.250) n=(-0.000,1.000,-0.000)
[DEBUG] [Cornering] steerInput=0.000 frontSteerAngle=-0.000 yawRateY=0.000 rollRateZ=0.000 leftLoad=5813.129 rightLoad=5813.129 leftMinusRight=0.000
[INFO] [EnergyDelta] step=3960 t=33.000000 deltaFromBaseline=-11.549805 stepDelta=1.658691 integratedPowerA=163.721069 integratedPowerB=-68.014587 integratedSpringPower=-173.254303 integratedDamperPower=78.044136 integratedPowerBalanceResidual=0.496315
[INFO] [State] t=33.000000 y=0.434126 z=0.000000 vy=-0.000487 vz=0.000000 energy=5731.333008 compression=0.089213,0.089213,0.089213,0.089213
[DEBUG] [Energy] x=0.000 y=0.434 z=0.000 vx=0.000 vy=-0.001 vz=0.000 total=5731.331 potential=5110.534 linear=0.000 angular=0.000 wheels=0.000 suspension=620.797 suspensionPower=-6.203 suspensionResidual=200.926
[DEBUG] [W] i=0 w=FL si=0 lp=(0.760,-0.100,1.250) o=(0.760,0.334,1.250) wp=(0.747,0.320,1.250) mw=(-0.013,-0.014,0.000) pe2=(-0.013,0.357,0.000) grounded=1 contactSamples=1 contactDistance=0.320 sl=0.371 c=0.089 cv=0.000 sf=3474.514 df=0.000 af=3474.514 Fz=2943.991 Fx=0.000 Fy=-0.000 k=0.000 a=0.000 p=(0.747,-0.000,1.250) n=(-0.000,1.000,-0.000)
[DEBUG] [W] i=1 w=FR si=1 lp=(-0.760,-0.100,1.250) o=(-0.760,0.334,1.250) wp=(-0.747,0.320,1.250) mw=(0.013,-0.014,0.000) pe2=(0.013,0.357,0.000) grounded=1 contactSamples=1 contactDistance=0.320 sl=0.371 c=0.089 cv=0.000 sf=3474.514 df=0.000 af=3474.514 Fz=2943.991 Fx=0.000 Fy=-0.000 k=0.000 a=0.000 p=(-0.747,-0.000,1.250) n=(-0.000,1.000,-0.000)
[DEBUG] [W] i=2 w=RL si=2 lp=(0.760,-0.100,-1.250) o=(0.760,0.334,-1.250) wp=(0.747,0.320,-1.250) mw=(-0.013,-0.014,0.000) pe2=(-0.013,0.357,0.000) grounded=1 contactSamples=1 contactDistance=0.320 sl=0.371 c=0.089 cv=0.000 sf=3474.514 df=0.000 af=3474.514 Fz=2943.991 Fx=0.000 Fy=-0.000 k=0.000 a=0.000 p=(0.747,-0.000,-1.250) n=(-0.000,1.000,-0.000)
[DEBUG] [W] i=3 w=RR si=3 lp=(-0.760,-0.100,-1.250) o=(-0.760,0.334,-1.250) wp=(-0.747,0.320,-1.250) mw=(0.013,-0.014,0.000) pe2=(0.013,0.357,0.000) grounded=1 contactSamples=1 contactDistance=0.320 sl=0.371 c=0.089 cv=0.000 sf=3474.514 df=0.000 af=3474.514 Fz=2943.991 Fx=0.000 Fy=-0.000 k=0.000 a=0.000 p=(-0.747,-0.000,-1.250) n=(-0.000,1.000,-0.000)
[DEBUG] [Cornering] steerInput=0.000 frontSteerAngle=-0.000 yawRateY=0.000 rollRateZ=0.000 leftLoad=5887.982 rightLoad=5887.982 leftMinusRight=0.000
[DEBUG] [W] i=0 w=FL si=0 lp=(0.760,-0.100,1.250) o=(0.760,0.334,1.250) wp=(0.747,0.320,1.250) mw=(-0.013,-0.014,0.000) pe2=(-0.013,0.357,0.000) grounded=1 contactSamples=1 contactDistance=0.320 sl=0.371 c=0.089 cv=0.015 sf=3479.301 df=36.818 af=3516.118 Fz=2978.835 Fx=0.000 Fy=-0.000 k=0.000 a=0.000 p=(0.747,-0.000,1.250) n=(-0.000,1.000,-0.000)
[DEBUG] [W] i=1 w=FR si=1 lp=(-0.760,-0.100,1.250) o=(-0.760,0.334,1.250) wp=(-0.747,0.320,1.250) mw=(0.013,-0.014,0.000) pe2=(0.013,0.357,0.000) grounded=1 contactSamples=1 contactDistance=0.320 sl=0.371 c=0.089 cv=0.015 sf=3479.301 df=36.818 af=3516.118 Fz=2978.835 Fx=0.000 Fy=-0.000 k=0.000 a=0.000 p=(-0.747,-0.000,1.250) n=(-0.000,1.000,-0.000)
[DEBUG] [W] i=2 w=RL si=2 lp=(0.760,-0.100,-1.250) o=(0.760,0.334,-1.250) wp=(0.747,0.320,-1.250) mw=(-0.013,-0.014,0.000) pe2=(-0.013,0.357,0.000) grounded=1 contactSamples=1 contactDistance=0.320 sl=0.371 c=0.089 cv=0.015 sf=3479.301 df=36.818 af=3516.118 Fz=2978.835 Fx=0.000 Fy=-0.000 k=0.000 a=0.000 p=(0.747,-0.000,-1.250) n=(-0.000,1.000,-0.000)
[DEBUG] [W] i=3 w=RR si=3 lp=(-0.760,-0.100,-1.250) o=(-0.760,0.334,-1.250) wp=(-0.747,0.320,-1.250) mw=(0.013,-0.014,0.000) pe2=(0.013,0.357,0.000) grounded=1 contactSamples=1 contactDistance=0.320 sl=0.371 c=0.089 cv=0.015 sf=3479.301 df=36.818 af=3516.118 Fz=2978.835 Fx=0.000 Fy=-0.000 k=0.000 a=0.000 p=(-0.747,-0.000,-1.250) n=(-0.000,1.000,-0.000)
[DEBUG] [Cornering] steerInput=0.000 frontSteerAngle=-0.000 yawRateY=0.000 rollRateZ=0.000 leftLoad=5957.669 rightLoad=5957.669 leftMinusRight=0.000
[DEBUG] [W] i=0 w=FL si=0 lp=(0.760,-0.100,1.250) o=(0.760,0.334,1.250) wp=(0.747,0.320,1.250) mw=(-0.013,-0.014,0.000) pe2=(-0.013,0.357,0.000) grounded=1 contactSamples=1 contactDistance=0.320 sl=0.371 c=0.089 cv=-0.015 sf=3474.514 df=-44.171 af=3430.344 Fz=2906.565 Fx=0.000 Fy=-0.000 k=0.000 a=0.000 p=(0.747,-0.000,1.250) n=(-0.000,1.000,-0.000)
[DEBUG] [W] i=1 w=FR si=1 lp=(-0.760,-0.100,1.250) o=(-0.760,0.334,1.250) wp=(-0.747,0.320,1.250) mw=(0.013,-0.014,0.000) pe2=(0.013,0.357,0.000) grounded=1 contactSamples=1 contactDistance=0.320 sl=0.371 c=0.089 cv=-0.015 sf=3474.514 df=-44.171 af=3430.344 Fz=2906.565 Fx=0.000 Fy=-0.000 k=0.000 a=0.000 p=(-0.747,-0.000,1.250) n=(-0.000,1.000,-0.000)
[DEBUG] [W] i=2 w=RL si=2 lp=(0.760,-0.100,-1.250) o=(0.760,0.334,-1.250) wp=(0.747,0.320,-1.250) mw=(-0.013,-0.014,0.000) pe2=(-0.013,0.357,0.000) grounded=1 contactSamples=1 contactDistance=0.320 sl=0.371 c=0.089 cv=-0.015 sf=3474.514 df=-44.171 af=3430.344 Fz=2906.565 Fx=0.000 Fy=-0.000 k=0.000 a=0.000 p=(0.747,-0.000,-1.250) n=(-0.000,1.000,-0.000)
[DEBUG] [W] i=3 w=RR si=3 lp=(-0.760,-0.100,-1.250) o=(-0.760,0.334,-1.250) wp=(-0.747,0.320,-1.250) mw=(0.013,-0.014,0.000) pe2=(0.013,0.357,0.000) grounded=1 contactSamples=1 contactDistance=0.320 sl=0.371 c=0.089 cv=-0.015 sf=3474.514 df=-44.171 af=3430.344 Fz=2906.565 Fx=0.000 Fy=-0.000 k=0.000 a=0.000 p=(-0.747,-0.000,-1.250) n=(-0.000,1.000,-0.000)
[DEBUG] [Cornering] steerInput=0.000 frontSteerAngle=-0.000 yawRateY=0.000 rollRateZ=0.000 leftLoad=5813.129 rightLoad=5813.129 leftMinusRight=0.000
[DEBUG] [W] i=0 w=FL si=0 lp=(0.760,-0.100,1.250) o=(0.760,0.334,1.250) wp=(0.747,0.320,1.250) mw=(-0.013,-0.014,0.000) pe2=(-0.013,0.357,0.000) grounded=1 contactSamples=1 contactDistance=0.320 sl=0.371 c=0.089 cv=0.015 sf=3479.299 df=36.809 af=3516.108 Fz=2978.826 Fx=0.000 Fy=-0.000 k=0.000 a=0.000 p=(0.747,-0.000,1.250) n=(-0.000,1.000,-0.000)
[DEBUG] [W] i=1 w=FR si=1 lp=(-0.760,-0.100,1.250) o=(-0.760,0.334,1.250) wp=(-0.747,0.320,1.250) mw=(0.013,-0.014,0.000) pe2=(0.013,0.357,0.000) grounded=1 contactSamples=1 contactDistance=0.320 sl=0.371 c=0.089 cv=0.015 sf=3479.299 df=36.809 af=3516.108 Fz=2978.826 Fx=0.000 Fy=-0.000 k=0.000 a=0.000 p=(-0.747,-0.000,1.250) n=(-0.000,1.000,-0.000)
[DEBUG] [W] i=2 w=RL si=2 lp=(0.760,-0.100,-1.250) o=(0.760,0.334,-1.250) wp=(0.747,0.320,-1.250) mw=(-0.013,-0.014,0.000) pe2=(-0.013,0.357,0.000) grounded=1 contactSamples=1 contactDistance=0.320 sl=0.371 c=0.089 cv=0.015 sf=3479.299 df=36.809 af=3516.108 Fz=2978.826 Fx=0.000 Fy=-0.000 k=0.000 a=0.000 p=(0.747,-0.000,-1.250) n=(-0.000,1.000,-0.000)
[DEBUG] [W] i=3 w=RR si=3 lp=(-0.760,-0.100,-1.250) o=(-0.760,0.334,-1.250) wp=(-0.747,0.320,-1.250) mw=(0.013,-0.014,0.000) pe2=(0.013,0.357,0.000) grounded=1 contactSamples=1 contactDistance=0.320 sl=0.371 c=0.089 cv=0.015 sf=3479.299 df=36.809 af=3516.108 Fz=2978.826 Fx=0.000 Fy=-0.000 k=0.000 a=0.000 p=(-0.747,-0.000,-1.250) n=(-0.000,1.000,-0.000)
[DEBUG] [Cornering] steerInput=0.000 frontSteerAngle=-0.000 yawRateY=0.000 rollRateZ=0.000 leftLoad=5957.652 rightLoad=5957.652 leftMinusRight=0.000
[DEBUG] [W] i=0 w=FL si=0 lp=(0.760,-0.100,1.250) o=(0.760,0.334,1.250) wp=(0.747,0.320,1.250) mw=(-0.013,-0.014,0.000) pe2=(-0.013,0.357,0.000) grounded=1 contactSamples=1 contactDistance=0.320 sl=0.371 c=0.089 cv=-0.015 sf=3474.514 df=-44.181 af=3430.333 Fz=2906.556 Fx=0.000 Fy=-0.000 k=0.000 a=0.000 p=(0.747,-0.000,1.250) n=(-0.000,1.000,-0.000)
[DEBUG] [W] i=1 w=FR si=1 lp=(-0.760,-0.100,1.250) o=(-0.760,0.334,1.250) wp=(-0.747,0.320,1.250) mw=(0.013,-0.014,0.000) pe2=(0.013,0.357,0.000) grounded=1 contactSamples=1 contactDistance=0.320 sl=0.371 c=0.089 cv=-0.015 sf=3474.514 df=-44.181 af=3430.333 Fz=2906.556 Fx=0.000 Fy=-0.000 k=0.000 a=0.000 p=(-0.747,-0.000,1.250) n=(-0.000,1.000,-0.000)
[DEBUG] [W] i=2 w=RL si=2 lp=(0.760,-0.100,-1.250) o=(0.760,0.334,-1.250) wp=(0.747,0.320,-1.250) mw=(-0.013,-0.014,0.000) pe2=(-0.013,0.357,0.000) grounded=1 contactSamples=1 contactDistance=0.320 sl=0.371 c=0.089 cv=-0.015 sf=3474.514 df=-44.181 af=3430.333 Fz=2906.556 Fx=0.000 Fy=-0.000 k=0.000 a=0.000 p=(0.747,-0.000,-1.250) n=(-0.000,1.000,-0.000)
[DEBUG] [W] i=3 w=RR si=3 lp=(-0.760,-0.100,-1.250) o=(-0.760,0.334,-1.250) wp=(-0.747,0.320,-1.250) mw=(0.013,-0.014,0.000) pe2=(0.013,0.357,0.000) grounded=1 contactSamples=1 contactDistance=0.320 sl=0.371 c=0.089 cv=-0.015 sf=3474.514 df=-44.181 af=3430.333 Fz=2906.556 Fx=0.000 Fy=-0.000 k=0.000 a=0.000 p=(-0.747,-0.000,-1.250) n=(-0.000,1.000,-0.000)
[DEBUG] [Cornering] steerInput=0.000 frontSteerAngle=-0.000 yawRateY=0.000 rollRateZ=0.000 leftLoad=5813.111 rightLoad=5813.111 leftMinusRight=0.000
[INFO] [EnergyDelta] step=4020 t=33.500000 deltaFromBaseline=-11.520020 stepDelta=1.659668 integratedPowerA=163.718689 integratedPowerB=-69.142090 integratedSpringPower=-173.191010 integratedDamperPower=79.117653 integratedPowerBalanceResidual=0.503242
[INFO] [State] t=33.500000 y=0.434129 z=0.000000 vy=-0.000475 vz=0.000000 energy=5731.362793 compression=0.089213,0.089213,0.089213,0.089213
[DEBUG] [Energy] x=0.000 y=0.434 z=0.000 vx=0.000 vy=-0.000 vz=0.000 total=5731.324 potential=5110.528 linear=0.000 angular=0.000 wheels=0.000 suspension=620.796 suspensionPower=-5.739 suspensionResidual=201.340
[DEBUG] [W] i=0 w=FL si=0 lp=(0.760,-0.100,1.250) o=(0.760,0.334,1.250) wp=(0.747,0.320,1.250) mw=(-0.013,-0.014,0.000) pe2=(-0.013,0.357,0.000) grounded=1 contactSamples=1 contactDistance=0.320 sl=0.371 c=0.089 cv=0.015 sf=3479.301 df=36.827 af=3516.127 Fz=2978.842 Fx=0.000 Fy=-0.000 k=0.000 a=0.000 p=(0.747,-0.000,1.250) n=(-0.000,1.000,-0.000)
[DEBUG] [W] i=1 w=FR si=1 lp=(-0.760,-0.100,1.250) o=(-0.760,0.334,1.250) wp=(-0.747,0.320,1.250) mw=(0.013,-0.014,0.000) pe2=(0.013,0.357,0.000) grounded=1 contactSamples=1 contactDistance=0.320 sl=0.371 c=0.089 cv=0.015 sf=3479.301 df=36.827 af=3516.127 Fz=2978.842 Fx=0.000 Fy=-0.000 k=0.000 a=0.000 p=(-0.747,-0.000,1.250) n=(-0.000,1.000,-0.000)
[DEBUG] [W] i=2 w=RL si=2 lp=(0.760,-0.100,-1.250) o=(0.760,0.334,-1.250) wp=(0.747,0.320,-1.250) mw=(-0.013,-0.014,0.000) pe2=(-0.013,0.357,0.000) grounded=1 contactSamples=1 contactDistance=0.320 sl=0.371 c=0.089 cv=0.015 sf=3479.301 df=36.827 af=3516.127 Fz=2978.842 Fx=0.000 Fy=-0.000 k=0.000 a=0.000 p=(0.747,-0.000,-1.250) n=(-0.000,1.000,-0.000)
[DEBUG] [W] i=3 w=RR si=3 lp=(-0.760,-0.100,-1.250) o=(-0.760,0.334,-1.250) wp=(-0.747,0.320,-1.250) mw=(0.013,-0.014,0.000) pe2=(0.013,0.357,0.000) grounded=1 contactSamples=1 contactDistance=0.320 sl=0.371 c=0.089 cv=0.015 sf=3479.301 df=36.827 af=3516.127 Fz=2978.842 Fx=0.000 Fy=-0.000 k=0.000 a=0.000 p=(-0.747,-0.000,-1.250) n=(-0.000,1.000,-0.000)
[DEBUG] [Cornering] steerInput=0.000 frontSteerAngle=-0.000 yawRateY=0.000 rollRateZ=0.000 leftLoad=5957.684 rightLoad=5957.684 leftMinusRight=0.000
[DEBUG] [W] i=0 w=FL si=0 lp=(0.760,-0.100,1.250) o=(0.760,0.334,1.250) wp=(0.747,0.320,1.250) mw=(-0.013,-0.014,0.000) pe2=(-0.013,0.357,0.000) grounded=1 contactSamples=1 contactDistance=0.320 sl=0.371 c=0.089 cv=-0.000 sf=3474.513 df=-0.011 af=3474.502 Fz=2943.981 Fx=0.000 Fy=-0.000 k=0.000 a=0.000 p=(0.747,-0.000,1.250) n=(-0.000,1.000,-0.000)
[DEBUG] [W] i=1 w=FR si=1 lp=(-0.760,-0.100,1.250) o=(-0.760,0.334,1.250) wp=(-0.747,0.320,1.250) mw=(0.013,-0.014,0.000) pe2=(0.013,0.357,0.000) grounded=1 contactSamples=1 contactDistance=0.320 sl=0.371 c=0.089 cv=-0.000 sf=3474.513 df=-0.011 af=3474.502 Fz=2943.981 Fx=0.000 Fy=-0.000 k=0.000 a=0.000 p=(-0.747,-0.000,1.250) n=(-0.000,1.000,-0.000)
[DEBUG] [W] i=2 w=RL si=2 lp=(0.760,-0.100,-1.250) o=(0.760,0.334,-1.250) wp=(0.747,0.320,-1.250) mw=(-0.013,-0.014,0.000) pe2=(-0.013,0.357,0.000) grounded=1 contactSamples=1 contactDistance=0.320 sl=0.371 c=0.089 cv=-0.000 sf=3474.513 df=-0.011 af=3474.502 Fz=2943.981 Fx=0.000 Fy=-0.000 k=0.000 a=0.000 p=(0.747,-0.000,-1.250) n=(-0.000,1.000,-0.000)
[DEBUG] [W] i=3 w=RR si=3 lp=(-0.760,-0.100,-1.250) o=(-0.760,0.334,-1.250) wp=(-0.747,0.320,-1.250) mw=(0.013,-0.014,0.000) pe2=(0.013,0.357,0.000) grounded=1 contactSamples=1 contactDistance=0.320 sl=0.371 c=0.089 cv=-0.000 sf=3474.513 df=-0.011 af=3474.502 Fz=2943.981 Fx=0.000 Fy=-0.000 k=0.000 a=0.000 p=(-0.747,-0.000,-1.250) n=(-0.000,1.000,-0.000)
[DEBUG] [Cornering] steerInput=0.000 frontSteerAngle=-0.000 yawRateY=0.000 rollRateZ=0.000 leftLoad=5887.962 rightLoad=5887.962 leftMinusRight=0.000
[DEBUG] [W] i=0 w=FL si=0 lp=(0.760,-0.100,1.250) o=(0.760,0.334,1.250) wp=(0.747,0.320,1.250) mw=(-0.013,-0.014,0.000) pe2=(-0.013,0.357,0.000) grounded=1 contactSamples=1 contactDistance=0.320 sl=0.371 c=0.089 cv=-0.015 sf=3474.514 df=-44.171 af=3430.344 Fz=2906.565 Fx=0.000 Fy=-0.000 k=0.000 a=0.000 p=(0.747,-0.000,1.250) n=(-0.000,1.000,-0.000)
[DEBUG] [W] i=1 w=FR si=1 lp=(-0.760,-0.100,1.250) o=(-0.760,0.334,1.250) wp=(-0.747,0.320,1.250) mw=(0.013,-0.014,0.000) pe2=(0.013,0.357,0.000) grounded=1 contactSamples=1 contactDistance=0.320 sl=0.371 c=0.089 cv=-0.015 sf=3474.514 df=-44.171 af=3430.344 Fz=2906.565 Fx=0.000 Fy=-0.000 k=0.000 a=0.000 p=(-0.747,-0.000,1.250) n=(-0.000,1.000,-0.000)
[DEBUG] [W] i=2 w=RL si=2 lp=(0.760,-0.100,-1.250) o=(0.760,0.334,-1.250) wp=(0.747,0.320,-1.250) mw=(-0.013,-0.014,0.000) pe2=(-0.013,0.357,0.000) grounded=1 contactSamples=1 contactDistance=0.320 sl=0.371 c=0.089 cv=-0.015 sf=3474.514 df=-44.171 af=3430.344 Fz=2906.565 Fx=0.000 Fy=-0.000 k=0.000 a=0.000 p=(0.747,-0.000,-1.250) n=(-0.000,1.000,-0.000)
[DEBUG] [W] i=3 w=RR si=3 lp=(-0.760,-0.100,-1.250) o=(-0.760,0.334,-1.250) wp=(-0.747,0.320,-1.250) mw=(0.013,-0.014,0.000) pe2=(0.013,0.357,0.000) grounded=1 contactSamples=1 contactDistance=0.320 sl=0.371 c=0.089 cv=-0.015 sf=3474.514 df=-44.171 af=3430.344 Fz=2906.565 Fx=0.000 Fy=-0.000 k=0.000 a=0.000 p=(-0.747,-0.000,-1.250) n=(-0.000,1.000,-0.000)
[DEBUG] [Cornering] steerInput=0.000 frontSteerAngle=-0.000 yawRateY=0.000 rollRateZ=0.000 leftLoad=5813.129 rightLoad=5813.129 leftMinusRight=0.000
[DEBUG] [W] i=0 w=FL si=0 lp=(0.760,-0.100,1.250) o=(0.760,0.334,1.250) wp=(0.747,0.320,1.250) mw=(-0.013,-0.014,0.000) pe2=(-0.013,0.357,0.000) grounded=1 contactSamples=1 contactDistance=0.320 sl=0.371 c=0.089 cv=-0.015 sf=3474.514 df=-44.171 af=3430.344 Fz=2906.565 Fx=0.000 Fy=-0.000 k=0.000 a=0.000 p=(0.747,-0.000,1.250) n=(-0.000,1.000,-0.000)
[DEBUG] [W] i=1 w=FR si=1 lp=(-0.760,-0.100,1.250) o=(-0.760,0.334,1.250) wp=(-0.747,0.320,1.250) mw=(0.013,-0.014,0.000) pe2=(0.013,0.357,0.000) grounded=1 contactSamples=1 contactDistance=0.320 sl=0.371 c=0.089 cv=-0.015 sf=3474.514 df=-44.171 af=3430.344 Fz=2906.565 Fx=0.000 Fy=-0.000 k=0.000 a=0.000 p=(-0.747,-0.000,1.250) n=(-0.000,1.000,-0.000)
[DEBUG] [W] i=2 w=RL si=2 lp=(0.760,-0.100,-1.250) o=(0.760,0.334,-1.250) wp=(0.747,0.320,-1.250) mw=(-0.013,-0.014,0.000) pe2=(-0.013,0.357,0.000) grounded=1 contactSamples=1 contactDistance=0.320 sl=0.371 c=0.089 cv=-0.015 sf=3474.514 df=-44.171 af=3430.344 Fz=2906.565 Fx=0.000 Fy=-0.000 k=0.000 a=0.000 p=(0.747,-0.000,-1.250) n=(-0.000,1.000,-0.000)
[DEBUG] [W] i=3 w=RR si=3 lp=(-0.760,-0.100,-1.250) o=(-0.760,0.334,-1.250) wp=(-0.747,0.320,-1.250) mw=(0.013,-0.014,0.000) pe2=(0.013,0.357,0.000) grounded=1 contactSamples=1 contactDistance=0.320 sl=0.371 c=0.089 cv=-0.015 sf=3474.514 df=-44.171 af=3430.344 Fz=2906.565 Fx=0.000 Fy=-0.000 k=0.000 a=0.000 p=(-0.747,-0.000,-1.250) n=(-0.000,1.000,-0.000)
[DEBUG] [Cornering] steerInput=0.000 frontSteerAngle=-0.000 yawRateY=0.000 rollRateZ=0.000 leftLoad=5813.129 rightLoad=5813.129 leftMinusRight=0.000
[DEBUG] [W] i=0 w=FL si=0 lp=(0.760,-0.100,1.250) o=(0.760,0.334,1.250) wp=(0.747,0.320,1.250) mw=(-0.013,-0.014,0.000) pe2=(-0.013,0.357,0.000) grounded=1 contactSamples=1 contactDistance=0.320 sl=0.371 c=0.089 cv=-0.015 sf=3474.514 df=-44.171 af=3430.344 Fz=2906.565 Fx=0.000 Fy=-0.000 k=0.000 a=0.000 p=(0.747,-0.000,1.250) n=(-0.000,1.000,-0.000)
[DEBUG] [W] i=1 w=FR si=1 lp=(-0.760,-0.100,1.250) o=(-0.760,0.334,1.250) wp=(-0.747,0.320,1.250) mw=(0.013,-0.014,0.000) pe2=(0.013,0.357,0.000) grounded=1 contactSamples=1 contactDistance=0.320 sl=0.371 c=0.089 cv=-0.015 sf=3474.514 df=-44.171 af=3430.344 Fz=2906.565 Fx=0.000 Fy=-0.000 k=0.000 a=0.000 p=(-0.747,-0.000,1.250) n=(-0.000,1.000,-0.000)
[DEBUG] [W] i=2 w=RL si=2 lp=(0.760,-0.100,-1.250) o=(0.760,0.334,-1.250) wp=(0.747,0.320,-1.250) mw=(-0.013,-0.014,0.000) pe2=(-0.013,0.357,0.000) grounded=1 contactSamples=1 contactDistance=0.320 sl=0.371 c=0.089 cv=-0.015 sf=3474.514 df=-44.171 af=3430.344 Fz=2906.565 Fx=0.000 Fy=-0.000 k=0.000 a=0.000 p=(0.747,-0.000,-1.250) n=(-0.000,1.000,-0.000)
[DEBUG] [W] i=3 w=RR si=3 lp=(-0.760,-0.100,-1.250) o=(-0.760,0.334,-1.250) wp=(-0.747,0.320,-1.250) mw=(0.013,-0.014,0.000) pe2=(0.013,0.357,0.000) grounded=1 contactSamples=1 contactDistance=0.320 sl=0.371 c=0.089 cv=-0.015 sf=3474.514 df=-44.171 af=3430.344 Fz=2906.565 Fx=0.000 Fy=-0.000 k=0.000 a=0.000 p=(-0.747,-0.000,-1.250) n=(-0.000,1.000,-0.000)
[DEBUG] [Cornering] steerInput=0.000 frontSteerAngle=-0.000 yawRateY=0.000 rollRateZ=0.000 leftLoad=5813.129 rightLoad=5813.129 leftMinusRight=0.000
[INFO] [EnergyDelta] step=4080 t=34.000000 deltaFromBaseline=-11.557129 stepDelta=1.651367 integratedPowerA=163.647949 integratedPowerB=-70.202209 integratedSpringPower=-173.126740 integratedDamperPower=80.191322 integratedPowerBalanceResidual=0.510323
[INFO] [State] t=34.000000 y=0.434126 z=0.000000 vy=-0.000565 vz=0.000000 energy=5731.325684 compression=0.089213,0.089213,0.089213,0.089213
[DEBUG] [Energy] x=0.000 y=0.434 z=0.000 vx=0.000 vy=0.001 vz=0.000 total=5729.702 potential=5110.613 linear=0.000 angular=0.000 wheels=0.000 suspension=619.089 suspensionPower=6.104 suspensionResidual=-196.020
[DEBUG] [W] i=0 w=FL si=0 lp=(0.760,-0.100,1.250) o=(0.760,0.334,1.250) wp=(0.747,0.320,1.250) mw=(-0.013,-0.014,0.000) pe2=(-0.013,0.357,0.000) grounded=1 contactSamples=1 contactDistance=0.320 sl=0.371 c=0.089 cv=0.015 sf=3479.299 df=36.818 af=3516.117 Fz=2978.834 Fx=0.000 Fy=-0.000 k=0.000 a=0.000 p=(0.747,-0.000,1.250) n=(-0.000,1.000,-0.000)
[DEBUG] [W] i=1 w=FR si=1 lp=(-0.760,-0.100,1.250) o=(-0.760,0.334,1.250) wp=(-0.747,0.320,1.250) mw=(0.013,-0.014,0.000) pe2=(0.013,0.357,0.000) grounded=1 contactSamples=1 contactDistance=0.320 sl=0.371 c=0.089 cv=0.015 sf=3479.299 df=36.818 af=3516.117 Fz=2978.834 Fx=0.000 Fy=-0.000 k=0.000 a=0.000 p=(-0.747,-0.000,1.250) n=(-0.000,1.000,-0.000)
[DEBUG] [W] i=2 w=RL si=2 lp=(0.760,-0.100,-1.250) o=(0.760,0.334,-1.250) wp=(0.747,0.320,-1.250) mw=(-0.013,-0.014,0.000) pe2=(-0.013,0.357,0.000) grounded=1 contactSamples=1 contactDistance=0.320 sl=0.371 c=0.089 cv=0.015 sf=3479.299 df=36.818 af=3516.117 Fz=2978.834 Fx=0.000 Fy=-0.000 k=0.000 a=0.000 p=(0.747,-0.000,-1.250) n=(-0.000,1.000,-0.000)
[DEBUG] [W] i=3 w=RR si=3 lp=(-0.760,-0.100,-1.250) o=(-0.760,0.334,-1.250) wp=(-0.747,0.320,-1.250) mw=(0.013,-0.014,0.000) pe2=(0.013,0.357,0.000) grounded=1 contactSamples=1 contactDistance=0.320 sl=0.371 c=0.089 cv=0.015 sf=3479.299 df=36.818 af=3516.117 Fz=2978.834 Fx=0.000 Fy=-0.000 k=0.000 a=0.000 p=(-0.747,-0.000,-1.250) n=(-0.000,1.000,-0.000)
[DEBUG] [Cornering] steerInput=0.000 frontSteerAngle=-0.000 yawRateY=0.000 rollRateZ=0.000 leftLoad=5957.667 rightLoad=5957.667 leftMinusRight=0.000
[DEBUG] [W] i=0 w=FL si=0 lp=(0.760,-0.100,1.250) o=(0.760,0.334,1.250) wp=(0.747,0.320,1.250) mw=(-0.013,-0.014,0.000) pe2=(-0.013,0.357,0.000) grounded=1 contactSamples=1 contactDistance=0.320 sl=0.371 c=0.089 cv=-0.015 sf=3474.513 df=-44.192 af=3430.321 Fz=2906.546 Fx=0.000 Fy=-0.000 k=0.000 a=0.000 p=(0.747,-0.000,1.250) n=(-0.000,1.000,-0.000)
[DEBUG] [W] i=1 w=FR si=1 lp=(-0.760,-0.100,1.250) o=(-0.760,0.334,1.250) wp=(-0.747,0.320,1.250) mw=(0.013,-0.014,0.000) pe2=(0.013,0.357,0.000) grounded=1 contactSamples=1 contactDistance=0.320 sl=0.371 c=0.089 cv=-0.015 sf=3474.513 df=-44.192 af=3430.321 Fz=2906.546 Fx=0.000 Fy=-0.000 k=0.000 a=0.000 p=(-0.747,-0.000,1.250) n=(-0.000,1.000,-0.000)
[DEBUG] [W] i=2 w=RL si=2 lp=(0.760,-0.100,-1.250) o=(0.760,0.334,-1.250) wp=(0.747,0.320,-1.250) mw=(-0.013,-0.014,0.000) pe2=(-0.013,0.357,0.000) grounded=1 contactSamples=1 contactDistance=0.320 sl=0.371 c=0.089 cv=-0.015 sf=3474.513 df=-44.192 af=3430.321 Fz=2906.546 Fx=0.000 Fy=-0.000 k=0.000 a=0.000 p=(0.747,-0.000,-1.250) n=(-0.000,1.000,-0.000)
[DEBUG] [W] i=3 w=RR si=3 lp=(-0.760,-0.100,-1.250) o=(-0.760,0.334,-1.250) wp=(-0.747,0.320,-1.250) mw=(0.013,-0.014,0.000) pe2=(0.013,0.357,0.000) grounded=1 contactSamples=1 contactDistance=0.320 sl=0.371 c=0.089 cv=-0.015 sf=3474.513 df=-44.192 af=3430.321 Fz=2906.546 Fx=0.000 Fy=-0.000 k=0.000 a=0.000 p=(-0.747,-0.000,-1.250) n=(-0.000,1.000,-0.000)
[DEBUG] [Cornering] steerInput=0.000 frontSteerAngle=-0.000 yawRateY=0.000 rollRateZ=0.000 leftLoad=5813.091 rightLoad=5813.091 leftMinusRight=0.000
[DEBUG] [W] i=0 w=FL si=0 lp=(0.760,-0.100,1.250) o=(0.760,0.334,1.250) wp=(0.747,0.320,1.250) mw=(-0.013,-0.014,0.000) pe2=(-0.013,0.357,0.000) grounded=1 contactSamples=1 contactDistance=0.320 sl=0.371 c=0.089 cv=0.000 sf=3479.301 df=0.000 af=3479.301 Fz=2947.643 Fx=0.000 Fy=-0.000 k=0.000 a=0.000 p=(0.747,-0.000,1.250) n=(-0.000,1.000,-0.000)
[DEBUG] [W] i=1 w=FR si=1 lp=(-0.760,-0.100,1.250) o=(-0.760,0.334,1.250) wp=(-0.747,0.320,1.250) mw=(0.013,-0.014,0.000) pe2=(0.013,0.357,0.000) grounded=1 contactSamples=1 contactDistance=0.320 sl=0.371 c=0.089 cv=0.000 sf=3479.301 df=0.000 af=3479.301 Fz=2947.643 Fx=0.000 Fy=-0.000 k=0.000 a=0.000 p=(-0.747,-0.000,1.250) n=(-0.000,1.000,-0.000)
[DEBUG] [W] i=2 w=RL si=2 lp=(0.760,-0.100,-1.250) o=(0.760,0.334,-1.250) wp=(0.747,0.320,-1.250) mw=(-0.013,-0.014,0.000) pe2=(-0.013,0.357,0.000) grounded=1 contactSamples=1 contactDistance=0.320 sl=0.371 c=0.089 cv=0.000 sf=3479.301 df=0.000 af=3479.301 Fz=2947.643 Fx=0.000 Fy=-0.000 k=0.000 a=0.000 p=(0.747,-0.000,-1.250) n=(-0.000,1.000,-0.000)
[DEBUG] [W] i=3 w=RR si=3 lp=(-0.760,-0.100,-1.250) o=(-0.760,0.334,-1.250) wp=(-0.747,0.320,-1.250) mw=(0.013,-0.014,0.000) pe2=(0.013,0.357,0.000) grounded=1 contactSamples=1 contactDistance=0.320 sl=0.371 c=0.089 cv=0.000 sf=3479.301 df=0.000 af=3479.301 Fz=2947.643 Fx=0.000 Fy=-0.000 k=0.000 a=0.000 p=(-0.747,-0.000,-1.250) n=(-0.000,1.000,-0.000)
[DEBUG] [Cornering] steerInput=0.000 frontSteerAngle=-0.000 yawRateY=0.000 rollRateZ=0.000 leftLoad=5895.286 rightLoad=5895.286 leftMinusRight=0.000
[DEBUG] [W] i=0 w=FL si=0 lp=(0.760,-0.100,1.250) o=(0.760,0.334,1.250) wp=(0.747,0.320,1.250) mw=(-0.013,-0.014,0.000) pe2=(-0.013,0.357,0.000) grounded=1 contactSamples=1 contactDistance=0.320 sl=0.371 c=0.089 cv=-0.015 sf=3474.513 df=-44.181 af=3430.332 Fz=2906.555 Fx=0.000 Fy=-0.000 k=0.000 a=0.000 p=(0.747,-0.000,1.250) n=(-0.000,1.000,-0.000)
[DEBUG] [W] i=1 w=FR si=1 lp=(-0.760,-0.100,1.250) o=(-0.760,0.334,1.250) wp=(-0.747,0.320,1.250) mw=(0.013,-0.014,0.000) pe2=(0.013,0.357,0.000) grounded=1 contactSamples=1 contactDistance=0.320 sl=0.371 c=0.089 cv=-0.015 sf=3474.513 df=-44.181 af=3430.332 Fz=2906.555 Fx=0.000 Fy=-0.000 k=0.000 a=0.000 p=(-0.747,-0.000,1.250) n=(-0.000,1.000,-0.000)
[DEBUG] [W] i=2 w=RL si=2 lp=(0.760,-0.100,-1.250) o=(0.760,0.334,-1.250) wp=(0.747,0.320,-1.250) mw=(-0.013,-0.014,0.000) pe2=(-0.013,0.357,0.000) grounded=1 contactSamples=1 contactDistance=0.320 sl=0.371 c=0.089 cv=-0.015 sf=3474.513 df=-44.181 af=3430.332 Fz=2906.555 Fx=0.000 Fy=-0.000 k=0.000 a=0.000 p=(0.747,-0.000,-1.250) n=(-0.000,1.000,-0.000)
[DEBUG] [W] i=3 w=RR si=3 lp=(-0.760,-0.100,-1.250) o=(-0.760,0.334,-1.250) wp=(-0.747,0.320,-1.250) mw=(0.013,-0.014,0.000) pe2=(0.013,0.357,0.000) grounded=1 contactSamples=1 contactDistance=0.320 sl=0.371 c=0.089 cv=-0.015 sf=3474.513 df=-44.181 af=3430.332 Fz=2906.555 Fx=0.000 Fy=-0.000 k=0.000 a=0.000 p=(-0.747,-0.000,-1.250) n=(-0.000,1.000,-0.000)
[DEBUG] [Cornering] steerInput=0.000 frontSteerAngle=-0.000 yawRateY=0.000 rollRateZ=0.000 leftLoad=5813.110 rightLoad=5813.110 leftMinusRight=0.000
[DEBUG] [W] i=0 w=FL si=0 lp=(0.760,-0.100,1.250) o=(0.760,0.334,1.250) wp=(0.747,0.320,1.250) mw=(-0.013,-0.014,0.000) pe2=(-0.013,0.357,0.000) grounded=1 contactSamples=1 contactDistance=0.320 sl=0.371 c=0.089 cv=0.000 sf=3474.513 df=0.000 af=3474.513 Fz=2943.990 Fx=0.000 Fy=-0.000 k=0.000 a=0.000 p=(0.747,-0.000,1.250) n=(-0.000,1.000,-0.000)
[DEBUG] [W] i=1 w=FR si=1 lp=(-0.760,-0.100,1.250) o=(-0.760,0.334,1.250) wp=(-0.747,0.320,1.250) mw=(0.013,-0.014,0.000) pe2=(0.013,0.357,0.000) grounded=1 contactSamples=1 contactDistance=0.320 sl=0.371 c=0.089 cv=0.000 sf=3474.513 df=0.000 af=3474.513 Fz=2943.990 Fx=0.000 Fy=-0.000 k=0.000 a=0.000 p=(-0.747,-0.000,1.250) n=(-0.000,1.000,-0.000)
[DEBUG] [W] i=2 w=RL si=2 lp=(0.760,-0.100,-1.250) o=(0.760,0.334,-1.250) wp=(0.747,0.320,-1.250) mw=(-0.013,-0.014,0.000) pe2=(-0.013,0.357,0.000) grounded=1 contactSamples=1 contactDistance=0.320 sl=0.371 c=0.089 cv=0.000 sf=3474.513 df=0.000 af=3474.513 Fz=2943.990 Fx=0.000 Fy=-0.000 k=0.000 a=0.000 p=(0.747,-0.000,-1.250) n=(-0.000,1.000,-0.000)
[DEBUG] [W] i=3 w=RR si=3 lp=(-0.760,-0.100,-1.250) o=(-0.760,0.334,-1.250) wp=(-0.747,0.320,-1.250) mw=(0.013,-0.014,0.000) pe2=(0.013,0.357,0.000) grounded=1 contactSamples=1 contactDistance=0.320 sl=0.371 c=0.089 cv=0.000 sf=3474.513 df=0.000 af=3474.513 Fz=2943.990 Fx=0.000 Fy=-0.000 k=0.000 a=0.000 p=(-0.747,-0.000,-1.250) n=(-0.000,1.000,-0.000)
[DEBUG] [Cornering] steerInput=0.000 frontSteerAngle=-0.000 yawRateY=0.000 rollRateZ=0.000 leftLoad=5887.980 rightLoad=5887.980 leftMinusRight=0.000
[INFO] [EnergyDelta] step=4140 t=34.500000 deltaFromBaseline=-11.559570 stepDelta=1.662109 integratedPowerA=163.613098 integratedPowerB=-71.297821 integratedSpringPower=-173.062775 integratedDamperPower=81.265022 integratedPowerBalanceResidual=0.517525
[INFO] [State] t=34.500000 y=0.434126 z=0.000000 vy=-0.000453 vz=0.000000 energy=5731.323242 compression=0.089213,0.089213,0.089213,0.089213
[DEBUG] [Energy] x=0.000 y=0.434 z=0.000 vx=0.000 vy=0.000 vz=0.000 total=5729.676 potential=5110.586 linear=0.000 angular=0.000 wheels=0.000 suspension=619.090 suspensionPower=5.717 suspensionResidual=-196.311
[DEBUG] [W] i=0 w=FL si=0 lp=(0.760,-0.100,1.250) o=(0.760,0.334,1.250) wp=(0.747,0.320,1.250) mw=(-0.013,-0.014,0.000) pe2=(-0.013,0.357,0.000) grounded=1 contactSamples=1 contactDistance=0.320 sl=0.371 c=0.089 cv=-0.015 sf=3474.513 df=-44.181 af=3430.332 Fz=2906.555 Fx=0.000 Fy=-0.000 k=0.000 a=0.000 p=(0.747,-0.000,1.250) n=(-0.000,1.000,-0.000)
[DEBUG] [W] i=1 w=FR si=1 lp=(-0.760,-0.100,1.250) o=(-0.760,0.334,1.250) wp=(-0.747,0.320,1.250) mw=(0.013,-0.014,0.000) pe2=(0.013,0.357,0.000) grounded=1 contactSamples=1 contactDistance=0.320 sl=0.371 c=0.089 cv=-0.015 sf=3474.513 df=-44.181 af=3430.332 Fz=2906.555 Fx=0.000 Fy=-0.000 k=0.000 a=0.000 p=(-0.747,-0.000,1.250) n=(-0.000,1.000,-0.000)
[DEBUG] [W] i=2 w=RL si=2 lp=(0.760,-0.100,-1.250) o=(0.760,0.334,-1.250) wp=(0.747,0.320,-1.250) mw=(-0.013,-0.014,0.000) pe2=(-0.013,0.357,0.000) grounded=1 contactSamples=1 contactDistance=0.320 sl=0.371 c=0.089 cv=-0.015 sf=3474.513 df=-44.181 af=3430.332 Fz=2906.555 Fx=0.000 Fy=-0.000 k=0.000 a=0.000 p=(0.747,-0.000,-1.250) n=(-0.000,1.000,-0.000)
[DEBUG] [W] i=3 w=RR si=3 lp=(-0.760,-0.100,-1.250) o=(-0.760,0.334,-1.250) wp=(-0.747,0.320,-1.250) mw=(0.013,-0.014,0.000) pe2=(0.013,0.357,0.000) grounded=1 contactSamples=1 contactDistance=0.320 sl=0.371 c=0.089 cv=-0.015 sf=3474.513 df=-44.181 af=3430.332 Fz=2906.555 Fx=0.000 Fy=-0.000 k=0.000 a=0.000 p=(-0.747,-0.000,-1.250) n=(-0.000,1.000,-0.000)
[DEBUG] [Cornering] steerInput=0.000 frontSteerAngle=-0.000 yawRateY=0.000 rollRateZ=0.000 leftLoad=5813.110 rightLoad=5813.110 leftMinusRight=0.000
[DEBUG] [W] i=0 w=FL si=0 lp=(0.760,-0.100,1.250) o=(0.760,0.334,1.250) wp=(0.747,0.320,1.250) mw=(-0.013,-0.014,0.000) pe2=(-0.013,0.357,0.000) grounded=1 contactSamples=1 contactDistance=0.320 sl=0.371 c=0.089 cv=0.015 sf=3479.299 df=36.809 af=3516.108 Fz=2978.826 Fx=0.000 Fy=-0.000 k=0.000 a=0.000 p=(0.747,-0.000,1.250) n=(-0.000,1.000,-0.000)
[DEBUG] [W] i=1 w=FR si=1 lp=(-0.760,-0.100,1.250) o=(-0.760,0.334,1.250) wp=(-0.747,0.320,1.250) mw=(0.013,-0.014,0.000) pe2=(0.013,0.357,0.000) grounded=1 contactSamples=1 contactDistance=0.320 sl=0.371 c=0.089 cv=0.015 sf=3479.299 df=36.809 af=3516.108 Fz=2978.826 Fx=0.000 Fy=-0.000 k=0.000 a=0.000 p=(-0.747,-0.000,1.250) n=(-0.000,1.000,-0.000)
[DEBUG] [W] i=2 w=RL si=2 lp=(0.760,-0.100,-1.250) o=(0.760,0.334,-1.250) wp=(0.747,0.320,-1.250) mw=(-0.013,-0.014,0.000) pe2=(-0.013,0.357,0.000) grounded=1 contactSamples=1 contactDistance=0.320 sl=0.371 c=0.089 cv=0.015 sf=3479.299 df=36.809 af=3516.108 Fz=2978.826 Fx=0.000 Fy=-0.000 k=0.000 a=0.000 p=(0.747,-0.000,-1.250) n=(-0.000,1.000,-0.000)
[DEBUG] [W] i=3 w=RR si=3 lp=(-0.760,-0.100,-1.250) o=(-0.760,0.334,-1.250) wp=(-0.747,0.320,-1.250) mw=(0.013,-0.014,0.000) pe2=(0.013,0.357,0.000) grounded=1 contactSamples=1 contactDistance=0.320 sl=0.371 c=0.089 cv=0.015 sf=3479.299 df=36.809 af=3516.108 Fz=2978.826 Fx=0.000 Fy=-0.000 k=0.000 a=0.000 p=(-0.747,-0.000,-1.250) n=(-0.000,1.000,-0.000)
[DEBUG] [Cornering] steerInput=0.000 frontSteerAngle=-0.000 yawRateY=0.000 rollRateZ=0.000 leftLoad=5957.652 rightLoad=5957.652 leftMinusRight=0.000
[DEBUG] [W] i=0 w=FL si=0 lp=(0.760,-0.100,1.250) o=(0.760,0.334,1.250) wp=(0.747,0.320,1.250) mw=(-0.013,-0.014,0.000) pe2=(-0.013,0.357,0.000) grounded=1 contactSamples=1 contactDistance=0.320 sl=0.371 c=0.089 cv=0.015 sf=3479.301 df=36.827 af=3516.127 Fz=2978.842 Fx=0.000 Fy=-0.000 k=0.000 a=0.000 p=(0.747,-0.000,1.250) n=(-0.000,1.000,-0.000)
[DEBUG] [W] i=1 w=FR si=1 lp=(-0.760,-0.100,1.250) o=(-0.760,0.334,1.250) wp=(-0.747,0.320,1.250) mw=(0.013,-0.014,0.000) pe2=(0.013,0.357,0.000) grounded=1 contactSamples=1 contactDistance=0.320 sl=0.371 c=0.089 cv=0.015 sf=3479.301 df=36.827 af=3516.127 Fz=2978.842 Fx=0.000 Fy=-0.000 k=0.000 a=0.000 p=(-0.747,-0.000,1.250) n=(-0.000,1.000,-0.000)
[DEBUG] [W] i=2 w=RL si=2 lp=(0.760,-0.100,-1.250) o=(0.760,0.334,-1.250) wp=(0.747,0.320,-1.250) mw=(-0.013,-0.014,0.000) pe2=(-0.013,0.357,0.000) grounded=1 contactSamples=1 contactDistance=0.320 sl=0.371 c=0.089 cv=0.015 sf=3479.301 df=36.827 af=3516.127 Fz=2978.842 Fx=0.000 Fy=-0.000 k=0.000 a=0.000 p=(0.747,-0.000,-1.250) n=(-0.000,1.000,-0.000)
[DEBUG] [W] i=3 w=RR si=3 lp=(-0.760,-0.100,-1.250) o=(-0.760,0.334,-1.250) wp=(-0.747,0.320,-1.250) mw=(0.013,-0.014,0.000) pe2=(0.013,0.357,0.000) grounded=1 contactSamples=1 contactDistance=0.320 sl=0.371 c=0.089 cv=0.015 sf=3479.301 df=36.827 af=3516.127 Fz=2978.842 Fx=0.000 Fy=-0.000 k=0.000 a=0.000 p=(-0.747,-0.000,-1.250) n=(-0.000,1.000,-0.000)
[DEBUG] [Cornering] steerInput=0.000 frontSteerAngle=-0.000 yawRateY=0.000 rollRateZ=0.000 leftLoad=5957.684 rightLoad=5957.684 leftMinusRight=0.000
[DEBUG] [W] i=0 w=FL si=0 lp=(0.760,-0.100,1.250) o=(0.760,0.334,1.250) wp=(0.747,0.320,1.250) mw=(-0.013,-0.014,0.000) pe2=(-0.013,0.357,0.000) grounded=1 contactSamples=1 contactDistance=0.320 sl=0.371 c=0.089 cv=0.015 sf=3479.301 df=36.827 af=3516.127 Fz=2978.842 Fx=0.000 Fy=-0.000 k=0.000 a=0.000 p=(0.747,-0.000,1.250) n=(-0.000,1.000,-0.000)
[DEBUG] [W] i=1 w=FR si=1 lp=(-0.760,-0.100,1.250) o=(-0.760,0.334,1.250) wp=(-0.747,0.320,1.250) mw=(0.013,-0.014,0.000) pe2=(0.013,0.357,0.000) grounded=1 contactSamples=1 contactDistance=0.320 sl=0.371 c=0.089 cv=0.015 sf=3479.301 df=36.827 af=3516.127 Fz=2978.842 Fx=0.000 Fy=-0.000 k=0.000 a=0.000 p=(-0.747,-0.000,1.250) n=(-0.000,1.000,-0.000)
[DEBUG] [W] i=2 w=RL si=2 lp=(0.760,-0.100,-1.250) o=(0.760,0.334,-1.250) wp=(0.747,0.320,-1.250) mw=(-0.013,-0.014,0.000) pe2=(-0.013,0.357,0.000) grounded=1 contactSamples=1 contactDistance=0.320 sl=0.371 c=0.089 cv=0.015 sf=3479.301 df=36.827 af=3516.127 Fz=2978.842 Fx=0.000 Fy=-0.000 k=0.000 a=0.000 p=(0.747,-0.000,-1.250) n=(-0.000,1.000,-0.000)
[DEBUG] [W] i=3 w=RR si=3 lp=(-0.760,-0.100,-1.250) o=(-0.760,0.334,-1.250) wp=(-0.747,0.320,-1.250) mw=(0.013,-0.014,0.000) pe2=(0.013,0.357,0.000) grounded=1 contactSamples=1 contactDistance=0.320 sl=0.371 c=0.089 cv=0.015 sf=3479.301 df=36.827 af=3516.127 Fz=2978.842 Fx=0.000 Fy=-0.000 k=0.000 a=0.000 p=(-0.747,-0.000,-1.250) n=(-0.000,1.000,-0.000)
[DEBUG] [Cornering] steerInput=0.000 frontSteerAngle=-0.000 yawRateY=0.000 rollRateZ=0.000 leftLoad=5957.684 rightLoad=5957.684 leftMinusRight=0.000
[DEBUG] [W] i=0 w=FL si=0 lp=(0.760,-0.100,1.250) o=(0.760,0.334,1.250) wp=(0.747,0.320,1.250) mw=(-0.013,-0.014,0.000) pe2=(-0.013,0.357,0.000) grounded=1 contactSamples=1 contactDistance=0.320 sl=0.371 c=0.089 cv=0.015 sf=3479.301 df=36.827 af=3516.127 Fz=2978.842 Fx=0.000 Fy=-0.000 k=0.000 a=0.000 p=(0.747,-0.000,1.250) n=(-0.000,1.000,-0.000)
[DEBUG] [W] i=1 w=FR si=1 lp=(-0.760,-0.100,1.250) o=(-0.760,0.334,1.250) wp=(-0.747,0.320,1.250) mw=(0.013,-0.014,0.000) pe2=(0.013,0.357,0.000) grounded=1 contactSamples=1 contactDistance=0.320 sl=0.371 c=0.089 cv=0.015 sf=3479.301 df=36.827 af=3516.127 Fz=2978.842 Fx=0.000 Fy=-0.000 k=0.000 a=0.000 p=(-0.747,-0.000,1.250) n=(-0.000,1.000,-0.000)
[DEBUG] [W] i=2 w=RL si=2 lp=(0.760,-0.100,-1.250) o=(0.760,0.334,-1.250) wp=(0.747,0.320,-1.250) mw=(-0.013,-0.014,0.000) pe2=(-0.013,0.357,0.000) grounded=1 contactSamples=1 contactDistance=0.320 sl=0.371 c=0.089 cv=0.015 sf=3479.301 df=36.827 af=3516.127 Fz=2978.842 Fx=0.000 Fy=-0.000 k=0.000 a=0.000 p=(0.747,-0.000,-1.250) n=(-0.000,1.000,-0.000)
[DEBUG] [W] i=3 w=RR si=3 lp=(-0.760,-0.100,-1.250) o=(-0.760,0.334,-1.250) wp=(-0.747,0.320,-1.250) mw=(0.013,-0.014,0.000) pe2=(0.013,0.357,0.000) grounded=1 contactSamples=1 contactDistance=0.320 sl=0.371 c=0.089 cv=0.015 sf=3479.301 df=36.827 af=3516.127 Fz=2978.842 Fx=0.000 Fy=-0.000 k=0.000 a=0.000 p=(-0.747,-0.000,-1.250) n=(-0.000,1.000,-0.000)
[DEBUG] [Cornering] steerInput=0.000 frontSteerAngle=-0.000 yawRateY=0.000 rollRateZ=0.000 leftLoad=5957.684 rightLoad=5957.684 leftMinusRight=0.000
[INFO] [EnergyDelta] step=4200 t=35.000000 deltaFromBaseline=-13.193848 stepDelta=-1.648438 integratedPowerA=163.653870 integratedPowerB=-70.742767 integratedSpringPower=-174.707367 integratedDamperPower=82.320595 integratedPowerBalanceResidual=0.524330
[INFO] [State] t=35.000000 y=0.434132 z=0.000000 vy=0.000599 vz=0.000000 energy=5729.688965 compression=0.089090,0.089090,0.089090,0.089090
[DEBUG] [Energy] x=0.000 y=0.434 z=0.000 vx=0.000 vy=-0.000 vz=0.000 total=5731.361 potential=5110.565 linear=0.000 angular=0.000 wheels=0.000 suspension=620.797 suspensionPower=-5.208 suspensionResidual=201.921
[DEBUG] [W] i=0 w=FL si=0 lp=(0.760,-0.100,1.250) o=(0.760,0.334,1.250) wp=(0.747,0.320,1.250) mw=(-0.013,-0.014,0.000) pe2=(-0.013,0.357,0.000) grounded=1 contactSamples=1 contactDistance=0.320 sl=0.371 c=0.089 cv=0.015 sf=3479.301 df=36.827 af=3516.127 Fz=2978.842 Fx=0.000 Fy=-0.000 k=0.000 a=0.000 p=(0.747,-0.000,1.250) n=(-0.000,1.000,-0.000)
[DEBUG] [W] i=1 w=FR si=1 lp=(-0.760,-0.100,1.250) o=(-0.760,0.334,1.250) wp=(-0.747,0.320,1.250) mw=(0.013,-0.014,0.000) pe2=(0.013,0.357,0.000) grounded=1 contactSamples=1 contactDistance=0.320 sl=0.371 c=0.089 cv=0.015 sf=3479.301 df=36.827 af=3516.127 Fz=2978.842 Fx=0.000 Fy=-0.000 k=0.000 a=0.000 p=(-0.747,-0.000,1.250) n=(-0.000,1.000,-0.000)
[DEBUG] [W] i=2 w=RL si=2 lp=(0.760,-0.100,-1.250) o=(0.760,0.334,-1.250) wp=(0.747,0.320,-1.250) mw=(-0.013,-0.014,0.000) pe2=(-0.013,0.357,0.000) grounded=1 contactSamples=1 contactDistance=0.320 sl=0.371 c=0.089 cv=0.015 sf=3479.301 df=36.827 af=3516.127 Fz=2978.842 Fx=0.000 Fy=-0.000 k=0.000 a=0.000 p=(0.747,-0.000,-1.250) n=(-0.000,1.000,-0.000)
[DEBUG] [W] i=3 w=RR si=3 lp=(-0.760,-0.100,-1.250) o=(-0.760,0.334,-1.250) wp=(-0.747,0.320,-1.250) mw=(0.013,-0.014,0.000) pe2=(0.013,0.357,0.000) grounded=1 contactSamples=1 contactDistance=0.320 sl=0.371 c=0.089 cv=0.015 sf=3479.301 df=36.827 af=3516.127 Fz=2978.842 Fx=0.000 Fy=-0.000 k=0.000 a=0.000 p=(-0.747,-0.000,-1.250) n=(-0.000,1.000,-0.000)
[DEBUG] [Cornering] steerInput=0.000 frontSteerAngle=-0.000 yawRateY=0.000 rollRateZ=0.000 leftLoad=5957.684 rightLoad=5957.684 leftMinusRight=0.000
[DEBUG] [W] i=0 w=FL si=0 lp=(0.760,-0.100,1.250) o=(0.760,0.334,1.250) wp=(0.747,0.320,1.250) mw=(-0.013,-0.014,0.000) pe2=(-0.013,0.357,0.000) grounded=1 contactSamples=1 contactDistance=0.320 sl=0.371 c=0.089 cv=0.015 sf=3479.299 df=36.818 af=3516.117 Fz=2978.834 Fx=0.000 Fy=-0.000 k=0.000 a=0.000 p=(0.747,-0.000,1.250) n=(-0.000,1.000,-0.000)
[DEBUG] [W] i=1 w=FR si=1 lp=(-0.760,-0.100,1.250) o=(-0.760,0.334,1.250) wp=(-0.747,0.320,1.250) mw=(0.013,-0.014,0.000) pe2=(0.013,0.357,0.000) grounded=1 contactSamples=1 contactDistance=0.320 sl=0.371 c=0.089 cv=0.015 sf=3479.299 df=36.818 af=3516.117 Fz=2978.834 Fx=0.000 Fy=-0.000 k=0.000 a=0.000 p=(-0.747,-0.000,1.250) n=(-0.000,1.000,-0.000)
[DEBUG] [W] i=2 w=RL si=2 lp=(0.760,-0.100,-1.250) o=(0.760,0.334,-1.250) wp=(0.747,0.320,-1.250) mw=(-0.013,-0.014,0.000) pe2=(-0.013,0.357,0.000) grounded=1 contactSamples=1 contactDistance=0.320 sl=0.371 c=0.089 cv=0.015 sf=3479.299 df=36.818 af=3516.117 Fz=2978.834 Fx=0.000 Fy=-0.000 k=0.000 a=0.000 p=(0.747,-0.000,-1.250) n=(-0.000,1.000,-0.000)
[DEBUG] [W] i=3 w=RR si=3 lp=(-0.760,-0.100,-1.250) o=(-0.760,0.334,-1.250) wp=(-0.747,0.320,-1.250) mw=(0.013,-0.014,0.000) pe2=(0.013,0.357,0.000) grounded=1 contactSamples=1 contactDistance=0.320 sl=0.371 c=0.089 cv=0.015 sf=3479.299 df=36.818 af=3516.117 Fz=2978.834 Fx=0.000 Fy=-0.000 k=0.000 a=0.000 p=(-0.747,-0.000,-1.250) n=(-0.000,1.000,-0.000)
[DEBUG] [Cornering] steerInput=0.000 frontSteerAngle=-0.000 yawRateY=0.000 rollRateZ=0.000 leftLoad=5957.667 rightLoad=5957.667 leftMinusRight=0.000
[DEBUG] [W] i=0 w=FL si=0 lp=(0.760,-0.100,1.250) o=(0.760,0.334,1.250) wp=(0.747,0.320,1.250) mw=(-0.013,-0.014,0.000) pe2=(-0.013,0.357,0.000) grounded=1 contactSamples=1 contactDistance=0.320 sl=0.371 c=0.089 cv=0.015 sf=3479.299 df=36.818 af=3516.117 Fz=2978.834 Fx=0.000 Fy=-0.000 k=0.000 a=0.000 p=(0.747,-0.000,1.250) n=(-0.000,1.000,-0.000)
[DEBUG] [W] i=1 w=FR si=1 lp=(-0.760,-0.100,1.250) o=(-0.760,0.334,1.250) wp=(-0.747,0.320,1.250) mw=(0.013,-0.014,0.000) pe2=(0.013,0.357,0.000) grounded=1 contactSamples=1 contactDistance=0.320 sl=0.371 c=0.089 cv=0.015 sf=3479.299 df=36.818 af=3516.117 Fz=2978.834 Fx=0.000 Fy=-0.000 k=0.000 a=0.000 p=(-0.747,-0.000,1.250) n=(-0.000,1.000,-0.000)
[DEBUG] [W] i=2 w=RL si=2 lp=(0.760,-0.100,-1.250) o=(0.760,0.334,-1.250) wp=(0.747,0.320,-1.250) mw=(-0.013,-0.014,0.000) pe2=(-0.013,0.357,0.000) grounded=1 contactSamples=1 contactDistance=0.320 sl=0.371 c=0.089 cv=0.015 sf=3479.299 df=36.818 af=3516.117 Fz=2978.834 Fx=0.000 Fy=-0.000 k=0.000 a=0.000 p=(0.747,-0.000,-1.250) n=(-0.000,1.000,-0.000)
[DEBUG] [W] i=3 w=RR si=3 lp=(-0.760,-0.100,-1.250) o=(-0.760,0.334,-1.250) wp=(-0.747,0.320,-1.250) mw=(0.013,-0.014,0.000) pe2=(0.013,0.357,0.000) grounded=1 contactSamples=1 contactDistance=0.320 sl=0.371 c=0.089 cv=0.015 sf=3479.299 df=36.818 af=3516.117 Fz=2978.834 Fx=0.000 Fy=-0.000 k=0.000 a=0.000 p=(-0.747,-0.000,-1.250) n=(-0.000,1.000,-0.000)
[DEBUG] [Cornering] steerInput=0.000 frontSteerAngle=-0.000 yawRateY=0.000 rollRateZ=0.000 leftLoad=5957.667 rightLoad=5957.667 leftMinusRight=0.000
[DEBUG] [W] i=0 w=FL si=0 lp=(0.760,-0.100,1.250) o=(0.760,0.334,1.250) wp=(0.747,0.320,1.250) mw=(-0.013,-0.014,0.000) pe2=(-0.013,0.357,0.000) grounded=1 contactSamples=1 contactDistance=0.320 sl=0.371 c=0.089 cv=0.015 sf=3479.299 df=36.818 af=3516.117 Fz=2978.834 Fx=0.000 Fy=-0.000 k=0.000 a=0.000 p=(0.747,-0.000,1.250) n=(-0.000,1.000,-0.000)
[DEBUG] [W] i=1 w=FR si=1 lp=(-0.760,-0.100,1.250) o=(-0.760,0.334,1.250) wp=(-0.747,0.320,1.250) mw=(0.013,-0.014,0.000) pe2=(0.013,0.357,0.000) grounded=1 contactSamples=1 contactDistance=0.320 sl=0.371 c=0.089 cv=0.015 sf=3479.299 df=36.818 af=3516.117 Fz=2978.834 Fx=0.000 Fy=-0.000 k=0.000 a=0.000 p=(-0.747,-0.000,1.250) n=(-0.000,1.000,-0.000)
[DEBUG] [W] i=2 w=RL si=2 lp=(0.760,-0.100,-1.250) o=(0.760,0.334,-1.250) wp=(0.747,0.320,-1.250) mw=(-0.013,-0.014,0.000) pe2=(-0.013,0.357,0.000) grounded=1 contactSamples=1 contactDistance=0.320 sl=0.371 c=0.089 cv=0.015 sf=3479.299 df=36.818 af=3516.117 Fz=2978.834 Fx=0.000 Fy=-0.000 k=0.000 a=0.000 p=(0.747,-0.000,-1.250) n=(-0.000,1.000,-0.000)
[DEBUG] [W] i=3 w=RR si=3 lp=(-0.760,-0.100,-1.250) o=(-0.760,0.334,-1.250) wp=(-0.747,0.320,-1.250) mw=(0.013,-0.014,0.000) pe2=(0.013,0.357,0.000) grounded=1 contactSamples=1 contactDistance=0.320 sl=0.371 c=0.089 cv=0.015 sf=3479.299 df=36.818 af=3516.117 Fz=2978.834 Fx=0.000 Fy=-0.000 k=0.000 a=0.000 p=(-0.747,-0.000,-1.250) n=(-0.000,1.000,-0.000)
[DEBUG] [Cornering] steerInput=0.000 frontSteerAngle=-0.000 yawRateY=0.000 rollRateZ=0.000 leftLoad=5957.667 rightLoad=5957.667 leftMinusRight=0.000
[DEBUG] [W] i=0 w=FL si=0 lp=(0.760,-0.100,1.250) o=(0.760,0.334,1.250) wp=(0.747,0.320,1.250) mw=(-0.013,-0.014,0.000) pe2=(-0.013,0.357,0.000) grounded=1 contactSamples=1 contactDistance=0.320 sl=0.371 c=0.089 cv=0.015 sf=3479.301 df=36.818 af=3516.118 Fz=2978.835 Fx=0.000 Fy=-0.000 k=0.000 a=0.000 p=(0.747,-0.000,1.250) n=(-0.000,1.000,-0.000)
[DEBUG] [W] i=1 w=FR si=1 lp=(-0.760,-0.100,1.250) o=(-0.760,0.334,1.250) wp=(-0.747,0.320,1.250) mw=(0.013,-0.014,0.000) pe2=(0.013,0.357,0.000) grounded=1 contactSamples=1 contactDistance=0.320 sl=0.371 c=0.089 cv=0.015 sf=3479.301 df=36.818 af=3516.118 Fz=2978.835 Fx=0.000 Fy=-0.000 k=0.000 a=0.000 p=(-0.747,-0.000,1.250) n=(-0.000,1.000,-0.000)
[DEBUG] [W] i=2 w=RL si=2 lp=(0.760,-0.100,-1.250) o=(0.760,0.334,-1.250) wp=(0.747,0.320,-1.250) mw=(-0.013,-0.014,0.000) pe2=(-0.013,0.357,0.000) grounded=1 contactSamples=1 contactDistance=0.320 sl=0.371 c=0.089 cv=0.015 sf=3479.301 df=36.818 af=3516.118 Fz=2978.835 Fx=0.000 Fy=-0.000 k=0.000 a=0.000 p=(0.747,-0.000,-1.250) n=(-0.000,1.000,-0.000)
[DEBUG] [W] i=3 w=RR si=3 lp=(-0.760,-0.100,-1.250) o=(-0.760,0.334,-1.250) wp=(-0.747,0.320,-1.250) mw=(0.013,-0.014,0.000) pe2=(0.013,0.357,0.000) grounded=1 contactSamples=1 contactDistance=0.320 sl=0.371 c=0.089 cv=0.015 sf=3479.301 df=36.818 af=3516.118 Fz=2978.835 Fx=0.000 Fy=-0.000 k=0.000 a=0.000 p=(-0.747,-0.000,-1.250) n=(-0.000,1.000,-0.000)
[DEBUG] [Cornering] steerInput=0.000 frontSteerAngle=-0.000 yawRateY=0.000 rollRateZ=0.000 leftLoad=5957.669 rightLoad=5957.669 leftMinusRight=0.000
[INFO] [EnergyDelta] step=4260 t=35.500000 deltaFromBaseline=-13.216309 stepDelta=-1.656738 integratedPowerA=163.598206 integratedPowerB=-71.817688 integratedSpringPower=-174.643097 integratedDamperPower=83.394234 integratedPowerBalanceResidual=0.531654
[INFO] [State] t=35.500000 y=0.434130 z=0.000000 vy=0.000508 vz=0.000000 energy=5729.666504 compression=0.089090,0.089090,0.089090,0.089090
[DEBUG] [Energy] x=0.000 y=0.434 z=0.000 vx=0.000 vy=-0.000 vz=0.000 total=5731.336 potential=5110.540 linear=0.000 angular=0.000 wheels=0.000 suspension=620.796 suspensionPower=-4.746 suspensionResidual=202.332
[DEBUG] [W] i=0 w=FL si=0 lp=(0.760,-0.100,1.250) o=(0.760,0.334,1.250) wp=(0.747,0.320,1.250) mw=(-0.013,-0.014,0.000) pe2=(-0.013,0.357,0.000) grounded=1 contactSamples=1 contactDistance=0.320 sl=0.371 c=0.089 cv=0.015 sf=3479.301 df=36.818 af=3516.118 Fz=2978.835 Fx=0.000 Fy=-0.000 k=0.000 a=0.000 p=(0.747,-0.000,1.250) n=(-0.000,1.000,-0.000)
[DEBUG] [W] i=1 w=FR si=1 lp=(-0.760,-0.100,1.250) o=(-0.760,0.334,1.250) wp=(-0.747,0.320,1.250) mw=(0.013,-0.014,0.000) pe2=(0.013,0.357,0.000) grounded=1 contactSamples=1 contactDistance=0.320 sl=0.371 c=0.089 cv=0.015 sf=3479.301 df=36.818 af=3516.118 Fz=2978.835 Fx=0.000 Fy=-0.000 k=0.000 a=0.000 p=(-0.747,-0.000,1.250) n=(-0.000,1.000,-0.000)
[DEBUG] [W] i=2 w=RL si=2 lp=(0.760,-0.100,-1.250) o=(0.760,0.334,-1.250) wp=(0.747,0.320,-1.250) mw=(-0.013,-0.014,0.000) pe2=(-0.013,0.357,0.000) grounded=1 contactSamples=1 contactDistance=0.320 sl=0.371 c=0.089 cv=0.015 sf=3479.301 df=36.818 af=3516.118 Fz=2978.835 Fx=0.000 Fy=-0.000 k=0.000 a=0.000 p=(0.747,-0.000,-1.250) n=(-0.000,1.000,-0.000)
[DEBUG] [W] i=3 w=RR si=3 lp=(-0.760,-0.100,-1.250) o=(-0.760,0.334,-1.250) wp=(-0.747,0.320,-1.250) mw=(0.013,-0.014,0.000) pe2=(0.013,0.357,0.000) grounded=1 contactSamples=1 contactDistance=0.320 sl=0.371 c=0.089 cv=0.015 sf=3479.301 df=36.818 af=3516.118 Fz=2978.835 Fx=0.000 Fy=-0.000 k=0.000 a=0.000 p=(-0.747,-0.000,-1.250) n=(-0.000,1.000,-0.000)
[DEBUG] [Cornering] steerInput=0.000 frontSteerAngle=-0.000 yawRateY=0.000 rollRateZ=0.000 leftLoad=5957.669 rightLoad=5957.669 leftMinusRight=0.000
[DEBUG] [W] i=0 w=FL si=0 lp=(0.760,-0.100,1.250) o=(0.760,0.334,1.250) wp=(0.747,0.320,1.250) mw=(-0.013,-0.014,0.000) pe2=(-0.013,0.357,0.000) grounded=1 contactSamples=1 contactDistance=0.320 sl=0.371 c=0.089 cv=0.015 sf=3479.301 df=36.818 af=3516.118 Fz=2978.835 Fx=0.000 Fy=-0.000 k=0.000 a=0.000 p=(0.747,-0.000,1.250) n=(-0.000,1.000,-0.000)
[DEBUG] [W] i=1 w=FR si=1 lp=(-0.760,-0.100,1.250) o=(-0.760,0.334,1.250) wp=(-0.747,0.320,1.250) mw=(0.013,-0.014,0.000) pe2=(0.013,0.357,0.000) grounded=1 contactSamples=1 contactDistance=0.320 sl=0.371 c=0.089 cv=0.015 sf=3479.301 df=36.818 af=3516.118 Fz=2978.835 Fx=0.000 Fy=-0.000 k=0.000 a=0.000 p=(-0.747,-0.000,1.250) n=(-0.000,1.000,-0.000)
[DEBUG] [W] i=2 w=RL si=2 lp=(0.760,-0.100,-1.250) o=(0.760,0.334,-1.250) wp=(0.747,0.320,-1.250) mw=(-0.013,-0.014,0.000) pe2=(-0.013,0.357,0.000) grounded=1 contactSamples=1 contactDistance=0.320 sl=0.371 c=0.089 cv=0.015 sf=3479.301 df=36.818 af=3516.118 Fz=2978.835 Fx=0.000 Fy=-0.000 k=0.000 a=0.000 p=(0.747,-0.000,-1.250) n=(-0.000,1.000,-0.000)
[DEBUG] [W] i=3 w=RR si=3 lp=(-0.760,-0.100,-1.250) o=(-0.760,0.334,-1.250) wp=(-0.747,0.320,-1.250) mw=(0.013,-0.014,0.000) pe2=(0.013,0.357,0.000) grounded=1 contactSamples=1 contactDistance=0.320 sl=0.371 c=0.089 cv=0.015 sf=3479.301 df=36.818 af=3516.118 Fz=2978.835 Fx=0.000 Fy=-0.000 k=0.000 a=0.000 p=(-0.747,-0.000,-1.250) n=(-0.000,1.000,-0.000)
[DEBUG] [Cornering] steerInput=0.000 frontSteerAngle=-0.000 yawRateY=0.000 rollRateZ=0.000 leftLoad=5957.669 rightLoad=5957.669 leftMinusRight=0.000
[DEBUG] [W] i=0 w=FL si=0 lp=(0.760,-0.100,1.250) o=(0.760,0.334,1.250) wp=(0.747,0.320,1.250) mw=(-0.013,-0.014,0.000) pe2=(-0.013,0.357,0.000) grounded=1 contactSamples=1 contactDistance=0.320 sl=0.371 c=0.089 cv=0.015 sf=3479.301 df=36.827 af=3516.127 Fz=2978.842 Fx=0.000 Fy=-0.000 k=0.000 a=0.000 p=(0.747,-0.000,1.250) n=(-0.000,1.000,-0.000)
[DEBUG] [W] i=1 w=FR si=1 lp=(-0.760,-0.100,1.250) o=(-0.760,0.334,1.250) wp=(-0.747,0.320,1.250) mw=(0.013,-0.014,0.000) pe2=(0.013,0.357,0.000) grounded=1 contactSamples=1 contactDistance=0.320 sl=0.371 c=0.089 cv=0.015 sf=3479.301 df=36.827 af=3516.127 Fz=2978.842 Fx=0.000 Fy=-0.000 k=0.000 a=0.000 p=(-0.747,-0.000,1.250) n=(-0.000,1.000,-0.000)
[DEBUG] [W] i=2 w=RL si=2 lp=(0.760,-0.100,-1.250) o=(0.760,0.334,-1.250) wp=(0.747,0.320,-1.250) mw=(-0.013,-0.014,0.000) pe2=(-0.013,0.357,0.000) grounded=1 contactSamples=1 contactDistance=0.320 sl=0.371 c=0.089 cv=0.015 sf=3479.301 df=36.827 af=3516.127 Fz=2978.842 Fx=0.000 Fy=-0.000 k=0.000 a=0.000 p=(0.747,-0.000,-1.250) n=(-0.000,1.000,-0.000)
[DEBUG] [W] i=3 w=RR si=3 lp=(-0.760,-0.100,-1.250) o=(-0.760,0.334,-1.250) wp=(-0.747,0.320,-1.250) mw=(0.013,-0.014,0.000) pe2=(0.013,0.357,0.000) grounded=1 contactSamples=1 contactDistance=0.320 sl=0.371 c=0.089 cv=0.015 sf=3479.301 df=36.827 af=3516.127 Fz=2978.842 Fx=0.000 Fy=-0.000 k=0.000 a=0.000 p=(-0.747,-0.000,-1.250) n=(-0.000,1.000,-0.000)
[DEBUG] [Cornering] steerInput=0.000 frontSteerAngle=-0.000 yawRateY=0.000 rollRateZ=0.000 leftLoad=5957.684 rightLoad=5957.684 leftMinusRight=0.000
[DEBUG] [W] i=0 w=FL si=0 lp=(0.760,-0.100,1.250) o=(0.760,0.334,1.250) wp=(0.747,0.320,1.250) mw=(-0.013,-0.014,0.000) pe2=(-0.013,0.357,0.000) grounded=1 contactSamples=1 contactDistance=0.320 sl=0.371 c=0.089 cv=0.015 sf=3479.299 df=36.809 af=3516.108 Fz=2978.826 Fx=0.000 Fy=-0.000 k=0.000 a=0.000 p=(0.747,-0.000,1.250) n=(-0.000,1.000,-0.000)
[DEBUG] [W] i=1 w=FR si=1 lp=(-0.760,-0.100,1.250) o=(-0.760,0.334,1.250) wp=(-0.747,0.320,1.250) mw=(0.013,-0.014,0.000) pe2=(0.013,0.357,0.000) grounded=1 contactSamples=1 contactDistance=0.320 sl=0.371 c=0.089 cv=0.015 sf=3479.299 df=36.809 af=3516.108 Fz=2978.826 Fx=0.000 Fy=-0.000 k=0.000 a=0.000 p=(-0.747,-0.000,1.250) n=(-0.000,1.000,-0.000)
[DEBUG] [W] i=2 w=RL si=2 lp=(0.760,-0.100,-1.250) o=(0.760,0.334,-1.250) wp=(0.747,0.320,-1.250) mw=(-0.013,-0.014,0.000) pe2=(-0.013,0.357,0.000) grounded=1 contactSamples=1 contactDistance=0.320 sl=0.371 c=0.089 cv=0.015 sf=3479.299 df=36.809 af=3516.108 Fz=2978.826 Fx=0.000 Fy=-0.000 k=0.000 a=0.000 p=(0.747,-0.000,-1.250) n=(-0.000,1.000,-0.000)
[DEBUG] [W] i=3 w=RR si=3 lp=(-0.760,-0.100,-1.250) o=(-0.760,0.334,-1.250) wp=(-0.747,0.320,-1.250) mw=(0.013,-0.014,0.000) pe2=(0.013,0.357,0.000) grounded=1 contactSamples=1 contactDistance=0.320 sl=0.371 c=0.089 cv=0.015 sf=3479.299 df=36.809 af=3516.108 Fz=2978.826 Fx=0.000 Fy=-0.000 k=0.000 a=0.000 p=(-0.747,-0.000,-1.250) n=(-0.000,1.000,-0.000)
[DEBUG] [Cornering] steerInput=0.000 frontSteerAngle=-0.000 yawRateY=0.000 rollRateZ=0.000 leftLoad=5957.652 rightLoad=5957.652 leftMinusRight=0.000
[DEBUG] [W] i=0 w=FL si=0 lp=(0.760,-0.100,1.250) o=(0.760,0.334,1.250) wp=(0.747,0.320,1.250) mw=(-0.013,-0.014,0.000) pe2=(-0.013,0.357,0.000) grounded=1 contactSamples=1 contactDistance=0.320 sl=0.371 c=0.089 cv=0.015 sf=3479.299 df=36.809 af=3516.108 Fz=2978.826 Fx=0.000 Fy=-0.000 k=0.000 a=0.000 p=(0.747,-0.000,1.250) n=(-0.000,1.000,-0.000)
[DEBUG] [W] i=1 w=FR si=1 lp=(-0.760,-0.100,1.250) o=(-0.760,0.334,1.250) wp=(-0.747,0.320,1.250) mw=(0.013,-0.014,0.000) pe2=(0.013,0.357,0.000) grounded=1 contactSamples=1 contactDistance=0.320 sl=0.371 c=0.089 cv=0.015 sf=3479.299 df=36.809 af=3516.108 Fz=2978.826 Fx=0.000 Fy=-0.000 k=0.000 a=0.000 p=(-0.747,-0.000,1.250) n=(-0.000,1.000,-0.000)
[DEBUG] [W] i=2 w=RL si=2 lp=(0.760,-0.100,-1.250) o=(0.760,0.334,-1.250) wp=(0.747,0.320,-1.250) mw=(-0.013,-0.014,0.000) pe2=(-0.013,0.357,0.000) grounded=1 contactSamples=1 contactDistance=0.320 sl=0.371 c=0.089 cv=0.015 sf=3479.299 df=36.809 af=3516.108 Fz=2978.826 Fx=0.000 Fy=-0.000 k=0.000 a=0.000 p=(0.747,-0.000,-1.250) n=(-0.000,1.000,-0.000)
[DEBUG] [W] i=3 w=RR si=3 lp=(-0.760,-0.100,-1.250) o=(-0.760,0.334,-1.250) wp=(-0.747,0.320,-1.250) mw=(0.013,-0.014,0.000) pe2=(0.013,0.357,0.000) grounded=1 contactSamples=1 contactDistance=0.320 sl=0.371 c=0.089 cv=0.015 sf=3479.299 df=36.809 af=3516.108 Fz=2978.826 Fx=0.000 Fy=-0.000 k=0.000 a=0.000 p=(-0.747,-0.000,-1.250) n=(-0.000,1.000,-0.000)
[DEBUG] [Cornering] steerInput=0.000 frontSteerAngle=-0.000 yawRateY=0.000 rollRateZ=0.000 leftLoad=5957.652 rightLoad=5957.652 leftMinusRight=0.000
[INFO] [EnergyDelta] step=4320 t=36.000000 deltaFromBaseline=-13.193848 stepDelta=-1.648438 integratedPowerA=163.589111 integratedPowerB=-72.897247 integratedSpringPower=-174.581696 integratedDamperPower=84.428017 integratedPowerBalanceResidual=0.538185
[INFO] [State] t=36.000000 y=0.434132 z=0.000000 vy=0.000592 vz=0.000000 energy=5729.688965 compression=0.089090,0.089090,0.089090,0.089090
[DEBUG] [Energy] x=0.000 y=0.434 z=0.000 vx=0.000 vy=-0.000 vz=0.000 total=5729.657 potential=5110.568 linear=0.000 angular=0.000 wheels=0.000 suspension=619.089 suspensionPower=-5.426 suspensionResidual=-5.476
[DEBUG] [W] i=0 w=FL si=0 lp=(0.760,-0.100,1.250) o=(0.760,0.334,1.250) wp=(0.747,0.320,1.250) mw=(-0.013,-0.014,0.000) pe2=(-0.013,0.357,0.000) grounded=1 contactSamples=1 contactDistance=0.320 sl=0.371 c=0.089 cv=0.015 sf=3479.301 df=36.827 af=3516.127 Fz=2978.842 Fx=0.000 Fy=-0.000 k=0.000 a=0.000 p=(0.747,-0.000,1.250) n=(-0.000,1.000,-0.000)
[DEBUG] [W] i=1 w=FR si=1 lp=(-0.760,-0.100,1.250) o=(-0.760,0.334,1.250) wp=(-0.747,0.320,1.250) mw=(0.013,-0.014,0.000) pe2=(0.013,0.357,0.000) grounded=1 contactSamples=1 contactDistance=0.320 sl=0.371 c=0.089 cv=0.015 sf=3479.301 df=36.827 af=3516.127 Fz=2978.842 Fx=0.000 Fy=-0.000 k=0.000 a=0.000 p=(-0.747,-0.000,1.250) n=(-0.000,1.000,-0.000)
[DEBUG] [W] i=2 w=RL si=2 lp=(0.760,-0.100,-1.250) o=(0.760,0.334,-1.250) wp=(0.747,0.320,-1.250) mw=(-0.013,-0.014,0.000) pe2=(-0.013,0.357,0.000) grounded=1 contactSamples=1 contactDistance=0.320 sl=0.371 c=0.089 cv=0.015 sf=3479.301 df=36.827 af=3516.127 Fz=2978.842 Fx=0.000 Fy=-0.000 k=0.000 a=0.000 p=(0.747,-0.000,-1.250) n=(-0.000,1.000,-0.000)
[DEBUG] [W] i=3 w=RR si=3 lp=(-0.760,-0.100,-1.250) o=(-0.760,0.334,-1.250) wp=(-0.747,0.320,-1.250) mw=(0.013,-0.014,0.000) pe2=(0.013,0.357,0.000) grounded=1 contactSamples=1 contactDistance=0.320 sl=0.371 c=0.089 cv=0.015 sf=3479.301 df=36.827 af=3516.127 Fz=2978.842 Fx=0.000 Fy=-0.000 k=0.000 a=0.000 p=(-0.747,-0.000,-1.250) n=(-0.000,1.000,-0.000)
[DEBUG] [Cornering] steerInput=0.000 frontSteerAngle=-0.000 yawRateY=0.000 rollRateZ=0.000 leftLoad=5957.684 rightLoad=5957.684 leftMinusRight=0.000
[DEBUG] [W] i=0 w=FL si=0 lp=(0.760,-0.100,1.250) o=(0.760,0.334,1.250) wp=(0.747,0.320,1.250) mw=(-0.013,-0.014,0.000) pe2=(-0.013,0.357,0.000) grounded=1 contactSamples=1 contactDistance=0.320 sl=0.371 c=0.089 cv=0.015 sf=3479.301 df=36.818 af=3516.118 Fz=2978.835 Fx=0.000 Fy=-0.000 k=0.000 a=0.000 p=(0.747,-0.000,1.250) n=(-0.000,1.000,-0.000)
[DEBUG] [W] i=1 w=FR si=1 lp=(-0.760,-0.100,1.250) o=(-0.760,0.334,1.250) wp=(-0.747,0.320,1.250) mw=(0.013,-0.014,0.000) pe2=(0.013,0.357,0.000) grounded=1 contactSamples=1 contactDistance=0.320 sl=0.371 c=0.089 cv=0.015 sf=3479.301 df=36.818 af=3516.118 Fz=2978.835 Fx=0.000 Fy=-0.000 k=0.000 a=0.000 p=(-0.747,-0.000,1.250) n=(-0.000,1.000,-0.000)
[DEBUG] [W] i=2 w=RL si=2 lp=(0.760,-0.100,-1.250) o=(0.760,0.334,-1.250) wp=(0.747,0.320,-1.250) mw=(-0.013,-0.014,0.000) pe2=(-0.013,0.357,0.000) grounded=1 contactSamples=1 contactDistance=0.320 sl=0.371 c=0.089 cv=0.015 sf=3479.301 df=36.818 af=3516.118 Fz=2978.835 Fx=0.000 Fy=-0.000 k=0.000 a=0.000 p=(0.747,-0.000,-1.250) n=(-0.000,1.000,-0.000)
[DEBUG] [W] i=3 w=RR si=3 lp=(-0.760,-0.100,-1.250) o=(-0.760,0.334,-1.250) wp=(-0.747,0.320,-1.250) mw=(0.013,-0.014,0.000) pe2=(0.013,0.357,0.000) grounded=1 contactSamples=1 contactDistance=0.320 sl=0.371 c=0.089 cv=0.015 sf=3479.301 df=36.818 af=3516.118 Fz=2978.835 Fx=0.000 Fy=-0.000 k=0.000 a=0.000 p=(-0.747,-0.000,-1.250) n=(-0.000,1.000,-0.000)
[DEBUG] [Cornering] steerInput=0.000 frontSteerAngle=-0.000 yawRateY=0.000 rollRateZ=0.000 leftLoad=5957.669 rightLoad=5957.669 leftMinusRight=0.000
[DEBUG] [W] i=0 w=FL si=0 lp=(0.760,-0.100,1.250) o=(0.760,0.334,1.250) wp=(0.747,0.320,1.250) mw=(-0.013,-0.014,0.000) pe2=(-0.013,0.357,0.000) grounded=1 contactSamples=1 contactDistance=0.320 sl=0.371 c=0.089 cv=0.015 sf=3479.301 df=36.818 af=3516.118 Fz=2978.835 Fx=0.000 Fy=-0.000 k=0.000 a=0.000 p=(0.747,-0.000,1.250) n=(-0.000,1.000,-0.000)
[DEBUG] [W] i=1 w=FR si=1 lp=(-0.760,-0.100,1.250) o=(-0.760,0.334,1.250) wp=(-0.747,0.320,1.250) mw=(0.013,-0.014,0.000) pe2=(0.013,0.357,0.000) grounded=1 contactSamples=1 contactDistance=0.320 sl=0.371 c=0.089 cv=0.015 sf=3479.301 df=36.818 af=3516.118 Fz=2978.835 Fx=0.000 Fy=-0.000 k=0.000 a=0.000 p=(-0.747,-0.000,1.250) n=(-0.000,1.000,-0.000)
[DEBUG] [W] i=2 w=RL si=2 lp=(0.760,-0.100,-1.250) o=(0.760,0.334,-1.250) wp=(0.747,0.320,-1.250) mw=(-0.013,-0.014,0.000) pe2=(-0.013,0.357,0.000) grounded=1 contactSamples=1 contactDistance=0.320 sl=0.371 c=0.089 cv=0.015 sf=3479.301 df=36.818 af=3516.118 Fz=2978.835 Fx=0.000 Fy=-0.000 k=0.000 a=0.000 p=(0.747,-0.000,-1.250) n=(-0.000,1.000,-0.000)
[DEBUG] [W] i=3 w=RR si=3 lp=(-0.760,-0.100,-1.250) o=(-0.760,0.334,-1.250) wp=(-0.747,0.320,-1.250) mw=(0.013,-0.014,0.000) pe2=(0.013,0.357,0.000) grounded=1 contactSamples=1 contactDistance=0.320 sl=0.371 c=0.089 cv=0.015 sf=3479.301 df=36.818 af=3516.118 Fz=2978.835 Fx=0.000 Fy=-0.000 k=0.000 a=0.000 p=(-0.747,-0.000,-1.250) n=(-0.000,1.000,-0.000)
[DEBUG] [Cornering] steerInput=0.000 frontSteerAngle=-0.000 yawRateY=0.000 rollRateZ=0.000 leftLoad=5957.669 rightLoad=5957.669 leftMinusRight=0.000
[DEBUG] [W] i=0 w=FL si=0 lp=(0.760,-0.100,1.250) o=(0.760,0.334,1.250) wp=(0.747,0.320,1.250) mw=(-0.013,-0.014,0.000) pe2=(-0.013,0.357,0.000) grounded=1 contactSamples=1 contactDistance=0.320 sl=0.371 c=0.089 cv=0.015 sf=3479.301 df=36.818 af=3516.118 Fz=2978.835 Fx=0.000 Fy=-0.000 k=0.000 a=0.000 p=(0.747,-0.000,1.250) n=(-0.000,1.000,-0.000)
[DEBUG] [W] i=1 w=FR si=1 lp=(-0.760,-0.100,1.250) o=(-0.760,0.334,1.250) wp=(-0.747,0.320,1.250) mw=(0.013,-0.014,0.000) pe2=(0.013,0.357,0.000) grounded=1 contactSamples=1 contactDistance=0.320 sl=0.371 c=0.089 cv=0.015 sf=3479.301 df=36.818 af=3516.118 Fz=2978.835 Fx=0.000 Fy=-0.000 k=0.000 a=0.000 p=(-0.747,-0.000,1.250) n=(-0.000,1.000,-0.000)
[DEBUG] [W] i=2 w=RL si=2 lp=(0.760,-0.100,-1.250) o=(0.760,0.334,-1.250) wp=(0.747,0.320,-1.250) mw=(-0.013,-0.014,0.000) pe2=(-0.013,0.357,0.000) grounded=1 contactSamples=1 contactDistance=0.320 sl=0.371 c=0.089 cv=0.015 sf=3479.301 df=36.818 af=3516.118 Fz=2978.835 Fx=0.000 Fy=-0.000 k=0.000 a=0.000 p=(0.747,-0.000,-1.250) n=(-0.000,1.000,-0.000)
[DEBUG] [W] i=3 w=RR si=3 lp=(-0.760,-0.100,-1.250) o=(-0.760,0.334,-1.250) wp=(-0.747,0.320,-1.250) mw=(0.013,-0.014,0.000) pe2=(0.013,0.357,0.000) grounded=1 contactSamples=1 contactDistance=0.320 sl=0.371 c=0.089 cv=0.015 sf=3479.301 df=36.818 af=3516.118 Fz=2978.835 Fx=0.000 Fy=-0.000 k=0.000 a=0.000 p=(-0.747,-0.000,-1.250) n=(-0.000,1.000,-0.000)
[DEBUG] [Cornering] steerInput=0.000 frontSteerAngle=-0.000 yawRateY=0.000 rollRateZ=0.000 leftLoad=5957.669 rightLoad=5957.669 leftMinusRight=0.000
[DEBUG] [W] i=0 w=FL si=0 lp=(0.760,-0.100,1.250) o=(0.760,0.334,1.250) wp=(0.747,0.320,1.250) mw=(-0.013,-0.014,0.000) pe2=(-0.013,0.357,0.000) grounded=1 contactSamples=1 contactDistance=0.320 sl=0.371 c=0.089 cv=-0.015 sf=3474.513 df=-44.192 af=3430.321 Fz=2906.546 Fx=0.000 Fy=-0.000 k=0.000 a=0.000 p=(0.747,-0.000,1.250) n=(-0.000,1.000,-0.000)
[DEBUG] [W] i=1 w=FR si=1 lp=(-0.760,-0.100,1.250) o=(-0.760,0.334,1.250) wp=(-0.747,0.320,1.250) mw=(0.013,-0.014,0.000) pe2=(0.013,0.357,0.000) grounded=1 contactSamples=1 contactDistance=0.320 sl=0.371 c=0.089 cv=-0.015 sf=3474.513 df=-44.192 af=3430.321 Fz=2906.546 Fx=0.000 Fy=-0.000 k=0.000 a=0.000 p=(-0.747,-0.000,1.250) n=(-0.000,1.000,-0.000)
[DEBUG] [W] i=2 w=RL si=2 lp=(0.760,-0.100,-1.250) o=(0.760,0.334,-1.250) wp=(0.747,0.320,-1.250) mw=(-0.013,-0.014,0.000) pe2=(-0.013,0.357,0.000) grounded=1 contactSamples=1 contactDistance=0.320 sl=0.371 c=0.089 cv=-0.015 sf=3474.513 df=-44.192 af=3430.321 Fz=2906.546 Fx=0.000 Fy=-0.000 k=0.000 a=0.000 p=(0.747,-0.000,-1.250) n=(-0.000,1.000,-0.000)
[DEBUG] [W] i=3 w=RR si=3 lp=(-0.760,-0.100,-1.250) o=(-0.760,0.334,-1.250) wp=(-0.747,0.320,-1.250) mw=(0.013,-0.014,0.000) pe2=(0.013,0.357,0.000) grounded=1 contactSamples=1 contactDistance=0.320 sl=0.371 c=0.089 cv=-0.015 sf=3474.513 df=-44.192 af=3430.321 Fz=2906.546 Fx=0.000 Fy=-0.000 k=0.000 a=0.000 p=(-0.747,-0.000,-1.250) n=(-0.000,1.000,-0.000)
[DEBUG] [Cornering] steerInput=0.000 frontSteerAngle=-0.000 yawRateY=0.000 rollRateZ=0.000 leftLoad=5813.091 rightLoad=5813.091 leftMinusRight=0.000
[INFO] [EnergyDelta] step=4380 t=36.500000 deltaFromBaseline=-11.530273 stepDelta=1.653809 integratedPowerA=163.513672 integratedPowerB=-75.677734 integratedSpringPower=-172.810333 integratedDamperPower=85.519661 integratedPowerBalanceResidual=0.545265
[INFO] [State] t=36.500000 y=0.434128 z=0.000000 vy=-0.000538 vz=0.000000 energy=5731.352539 compression=0.089213,0.089213,0.089213,0.089213
[DEBUG] [W] i=0 w=FL si=0 lp=(0.760,-0.100,1.250) o=(0.760,0.334,1.250) wp=(0.747,0.320,1.250) mw=(-0.013,-0.014,0.000) pe2=(-0.013,0.357,0.000) grounded=1 contactSamples=1 contactDistance=0.320 sl=0.371 c=0.089 cv=0.015 sf=3479.301 df=36.818 af=3516.118 Fz=2978.835 Fx=0.000 Fy=-0.000 k=0.000 a=0.000 p=(0.747,-0.000,1.250) n=(-0.000,1.000,-0.000)
[DEBUG] [W] i=1 w=FR si=1 lp=(-0.760,-0.100,1.250) o=(-0.760,0.334,1.250) wp=(-0.747,0.320,1.250) mw=(0.013,-0.014,0.000) pe2=(0.013,0.357,0.000) grounded=1 contactSamples=1 contactDistance=0.320 sl=0.371 c=0.089 cv=0.015 sf=3479.301 df=36.818 af=3516.118 Fz=2978.835 Fx=0.000 Fy=-0.000 k=0.000 a=0.000 p=(-0.747,-0.000,1.250) n=(-0.000,1.000,-0.000)
[DEBUG] [W] i=2 w=RL si=2 lp=(0.760,-0.100,-1.250) o=(0.760,0.334,-1.250) wp=(0.747,0.320,-1.250) mw=(-0.013,-0.014,0.000) pe2=(-0.013,0.357,0.000) grounded=1 contactSamples=1 contactDistance=0.320 sl=0.371 c=0.089 cv=0.015 sf=3479.301 df=36.818 af=3516.118 Fz=2978.835 Fx=0.000 Fy=-0.000 k=0.000 a=0.000 p=(0.747,-0.000,-1.250) n=(-0.000,1.000,-0.000)
[DEBUG] [W] i=3 w=RR si=3 lp=(-0.760,-0.100,-1.250) o=(-0.760,0.334,-1.250) wp=(-0.747,0.320,-1.250) mw=(0.013,-0.014,0.000) pe2=(0.013,0.357,0.000) grounded=1 contactSamples=1 contactDistance=0.320 sl=0.371 c=0.089 cv=0.015 sf=3479.301 df=36.818 af=3516.118 Fz=2978.835 Fx=0.000 Fy=-0.000 k=0.000 a=0.000 p=(-0.747,-0.000,-1.250) n=(-0.000,1.000,-0.000)
[DEBUG] [Cornering] steerInput=0.000 frontSteerAngle=-0.000 yawRateY=0.000 rollRateZ=0.000 leftLoad=5957.669 rightLoad=5957.669 leftMinusRight=0.000
[DEBUG] [Energy] x=0.000 y=0.434 z=0.000 vx=0.000 vy=-0.000 vz=0.000 total=5731.363 potential=5110.566 linear=0.000 angular=0.000 wheels=0.000 suspension=620.797 suspensionPower=-5.884 suspensionResidual=201.245
[DEBUG] [W] i=0 w=FL si=0 lp=(0.760,-0.100,1.250) o=(0.760,0.334,1.250) wp=(0.747,0.320,1.250) mw=(-0.013,-0.014,0.000) pe2=(-0.013,0.357,0.000) grounded=1 contactSamples=1 contactDistance=0.320 sl=0.371 c=0.089 cv=0.015 sf=3479.301 df=36.827 af=3516.127 Fz=2978.842 Fx=0.000 Fy=-0.000 k=0.000 a=0.000 p=(0.747,-0.000,1.250) n=(-0.000,1.000,-0.000)
[DEBUG] [W] i=1 w=FR si=1 lp=(-0.760,-0.100,1.250) o=(-0.760,0.334,1.250) wp=(-0.747,0.320,1.250) mw=(0.013,-0.014,0.000) pe2=(0.013,0.357,0.000) grounded=1 contactSamples=1 contactDistance=0.320 sl=0.371 c=0.089 cv=0.015 sf=3479.301 df=36.827 af=3516.127 Fz=2978.842 Fx=0.000 Fy=-0.000 k=0.000 a=0.000 p=(-0.747,-0.000,1.250) n=(-0.000,1.000,-0.000)
[DEBUG] [W] i=2 w=RL si=2 lp=(0.760,-0.100,-1.250) o=(0.760,0.334,-1.250) wp=(0.747,0.320,-1.250) mw=(-0.013,-0.014,0.000) pe2=(-0.013,0.357,0.000) grounded=1 contactSamples=1 contactDistance=0.320 sl=0.371 c=0.089 cv=0.015 sf=3479.301 df=36.827 af=3516.127 Fz=2978.842 Fx=0.000 Fy=-0.000 k=0.000 a=0.000 p=(0.747,-0.000,-1.250) n=(-0.000,1.000,-0.000)
[DEBUG] [W] i=3 w=RR si=3 lp=(-0.760,-0.100,-1.250) o=(-0.760,0.334,-1.250) wp=(-0.747,0.320,-1.250) mw=(0.013,-0.014,0.000) pe2=(0.013,0.357,0.000) grounded=1 contactSamples=1 contactDistance=0.320 sl=0.371 c=0.089 cv=0.015 sf=3479.301 df=36.827 af=3516.127 Fz=2978.842 Fx=0.000 Fy=-0.000 k=0.000 a=0.000 p=(-0.747,-0.000,-1.250) n=(-0.000,1.000,-0.000)
[DEBUG] [Cornering] steerInput=0.000 frontSteerAngle=-0.000 yawRateY=0.000 rollRateZ=0.000 leftLoad=5957.684 rightLoad=5957.684 leftMinusRight=0.000
[DEBUG] [W] i=0 w=FL si=0 lp=(0.760,-0.100,1.250) o=(0.760,0.334,1.250) wp=(0.747,0.320,1.250) mw=(-0.013,-0.014,0.000) pe2=(-0.013,0.357,0.000) grounded=1 contactSamples=1 contactDistance=0.320 sl=0.371 c=0.089 cv=-0.015 sf=3474.514 df=-44.181 af=3430.333 Fz=2906.556 Fx=0.000 Fy=-0.000 k=0.000 a=0.000 p=(0.747,-0.000,1.250) n=(-0.000,1.000,-0.000)
[DEBUG] [W] i=1 w=FR si=1 lp=(-0.760,-0.100,1.250) o=(-0.760,0.334,1.250) wp=(-0.747,0.320,1.250) mw=(0.013,-0.014,0.000) pe2=(0.013,0.357,0.000) grounded=1 contactSamples=1 contactDistance=0.320 sl=0.371 c=0.089 cv=-0.015 sf=3474.514 df=-44.181 af=3430.333 Fz=2906.556 Fx=0.000 Fy=-0.000 k=0.000 a=0.000 p=(-0.747,-0.000,1.250) n=(-0.000,1.000,-0.000)
[DEBUG] [W] i=2 w=RL si=2 lp=(0.760,-0.100,-1.250) o=(0.760,0.334,-1.250) wp=(0.747,0.320,-1.250) mw=(-0.013,-0.014,0.000) pe2=(-0.013,0.357,0.000) grounded=1 contactSamples=1 contactDistance=0.320 sl=0.371 c=0.089 cv=-0.015 sf=3474.514 df=-44.181 af=3430.333 Fz=2906.556 Fx=0.000 Fy=-0.000 k=0.000 a=0.000 p=(0.747,-0.000,-1.250) n=(-0.000,1.000,-0.000)
[DEBUG] [W] i=3 w=RR si=3 lp=(-0.760,-0.100,-1.250) o=(-0.760,0.334,-1.250) wp=(-0.747,0.320,-1.250) mw=(0.013,-0.014,0.000) pe2=(0.013,0.357,0.000) grounded=1 contactSamples=1 contactDistance=0.320 sl=0.371 c=0.089 cv=-0.015 sf=3474.514 df=-44.181 af=3430.333 Fz=2906.556 Fx=0.000 Fy=-0.000 k=0.000 a=0.000 p=(-0.747,-0.000,-1.250) n=(-0.000,1.000,-0.000)
[DEBUG] [Cornering] steerInput=0.000 frontSteerAngle=-0.000 yawRateY=0.000 rollRateZ=0.000 leftLoad=5813.111 rightLoad=5813.111 leftMinusRight=0.000
[DEBUG] [W] i=0 w=FL si=0 lp=(0.760,-0.100,1.250) o=(0.760,0.334,1.250) wp=(0.747,0.320,1.250) mw=(-0.013,-0.014,0.000) pe2=(-0.013,0.357,0.000) grounded=1 contactSamples=1 contactDistance=0.320 sl=0.371 c=0.089 cv=-0.015 sf=3474.514 df=-44.181 af=3430.333 Fz=2906.556 Fx=0.000 Fy=-0.000 k=0.000 a=0.000 p=(0.747,-0.000,1.250) n=(-0.000,1.000,-0.000)
[DEBUG] [W] i=1 w=FR si=1 lp=(-0.760,-0.100,1.250) o=(-0.760,0.334,1.250) wp=(-0.747,0.320,1.250) mw=(0.013,-0.014,0.000) pe2=(0.013,0.357,0.000) grounded=1 contactSamples=1 contactDistance=0.320 sl=0.371 c=0.089 cv=-0.015 sf=3474.514 df=-44.181 af=3430.333 Fz=2906.556 Fx=0.000 Fy=-0.000 k=0.000 a=0.000 p=(-0.747,-0.000,1.250) n=(-0.000,1.000,-0.000)
[DEBUG] [W] i=2 w=RL si=2 lp=(0.760,-0.100,-1.250) o=(0.760,0.334,-1.250) wp=(0.747,0.320,-1.250) mw=(-0.013,-0.014,0.000) pe2=(-0.013,0.357,0.000) grounded=1 contactSamples=1 contactDistance=0.320 sl=0.371 c=0.089 cv=-0.015 sf=3474.514 df=-44.181 af=3430.333 Fz=2906.556 Fx=0.000 Fy=-0.000 k=0.000 a=0.000 p=(0.747,-0.000,-1.250) n=(-0.000,1.000,-0.000)
[DEBUG] [W] i=3 w=RR si=3 lp=(-0.760,-0.100,-1.250) o=(-0.760,0.334,-1.250) wp=(-0.747,0.320,-1.250) mw=(0.013,-0.014,0.000) pe2=(0.013,0.357,0.000) grounded=1 contactSamples=1 contactDistance=0.320 sl=0.371 c=0.089 cv=-0.015 sf=3474.514 df=-44.181 af=3430.333 Fz=2906.556 Fx=0.000 Fy=-0.000 k=0.000 a=0.000 p=(-0.747,-0.000,-1.250) n=(-0.000,1.000,-0.000)
[DEBUG] [Cornering] steerInput=0.000 frontSteerAngle=-0.000 yawRateY=0.000 rollRateZ=0.000 leftLoad=5813.111 rightLoad=5813.111 leftMinusRight=0.000
[DEBUG] [W] i=0 w=FL si=0 lp=(0.760,-0.100,1.250) o=(0.760,0.334,1.250) wp=(0.747,0.320,1.250) mw=(-0.013,-0.014,0.000) pe2=(-0.013,0.357,0.000) grounded=1 contactSamples=1 contactDistance=0.320 sl=0.371 c=0.089 cv=0.000 sf=3479.301 df=0.000 af=3479.301 Fz=2947.643 Fx=0.000 Fy=-0.000 k=0.000 a=0.000 p=(0.747,-0.000,1.250) n=(-0.000,1.000,-0.000)
[DEBUG] [W] i=1 w=FR si=1 lp=(-0.760,-0.100,1.250) o=(-0.760,0.334,1.250) wp=(-0.747,0.320,1.250) mw=(0.013,-0.014,0.000) pe2=(0.013,0.357,0.000) grounded=1 contactSamples=1 contactDistance=0.320 sl=0.371 c=0.089 cv=0.000 sf=3479.301 df=0.000 af=3479.301 Fz=2947.643 Fx=0.000 Fy=-0.000 k=0.000 a=0.000 p=(-0.747,-0.000,1.250) n=(-0.000,1.000,-0.000)
[DEBUG] [W] i=2 w=RL si=2 lp=(0.760,-0.100,-1.250) o=(0.760,0.334,-1.250) wp=(0.747,0.320,-1.250) mw=(-0.013,-0.014,0.000) pe2=(-0.013,0.357,0.000) grounded=1 contactSamples=1 contactDistance=0.320 sl=0.371 c=0.089 cv=0.000 sf=3479.301 df=0.000 af=3479.301 Fz=2947.643 Fx=0.000 Fy=-0.000 k=0.000 a=0.000 p=(0.747,-0.000,-1.250) n=(-0.000,1.000,-0.000)
[DEBUG] [W] i=3 w=RR si=3 lp=(-0.760,-0.100,-1.250) o=(-0.760,0.334,-1.250) wp=(-0.747,0.320,-1.250) mw=(0.013,-0.014,0.000) pe2=(0.013,0.357,0.000) grounded=1 contactSamples=1 contactDistance=0.320 sl=0.371 c=0.089 cv=0.000 sf=3479.301 df=0.000 af=3479.301 Fz=2947.643 Fx=0.000 Fy=-0.000 k=0.000 a=0.000 p=(-0.747,-0.000,-1.250) n=(-0.000,1.000,-0.000)
[DEBUG] [Cornering] steerInput=0.000 frontSteerAngle=-0.000 yawRateY=0.000 rollRateZ=0.000 leftLoad=5895.286 rightLoad=5895.286 leftMinusRight=0.000
[INFO] [EnergyDelta] step=4440 t=37.000004 deltaFromBaseline=-13.177734 stepDelta=-1.653320 integratedPowerA=163.538513 integratedPowerB=-75.149384 integratedSpringPower=-174.451630 integratedDamperPower=86.615028 integratedPowerBalanceResidual=0.552528
[INFO] [State] t=37.000004 y=0.434133 z=0.000000 vy=0.000543 vz=0.000000 energy=5729.705078 compression=0.089090,0.089090,0.089090,0.089090
[DEBUG] [W] i=0 w=FL si=0 lp=(0.760,-0.100,1.250) o=(0.760,0.334,1.250) wp=(0.747,0.320,1.250) mw=(-0.013,-0.014,0.000) pe2=(-0.013,0.357,0.000) grounded=1 contactSamples=1 contactDistance=0.320 sl=0.371 c=0.089 cv=-0.015 sf=3474.514 df=-44.181 af=3430.333 Fz=2906.556 Fx=0.000 Fy=-0.000 k=0.000 a=0.000 p=(0.747,-0.000,1.250) n=(-0.000,1.000,-0.000)
[DEBUG] [W] i=1 w=FR si=1 lp=(-0.760,-0.100,1.250) o=(-0.760,0.334,1.250) wp=(-0.747,0.320,1.250) mw=(0.013,-0.014,0.000) pe2=(0.013,0.357,0.000) grounded=1 contactSamples=1 contactDistance=0.320 sl=0.371 c=0.089 cv=-0.015 sf=3474.514 df=-44.181 af=3430.333 Fz=2906.556 Fx=0.000 Fy=-0.000 k=0.000 a=0.000 p=(-0.747,-0.000,1.250) n=(-0.000,1.000,-0.000)
[DEBUG] [W] i=2 w=RL si=2 lp=(0.760,-0.100,-1.250) o=(0.760,0.334,-1.250) wp=(0.747,0.320,-1.250) mw=(-0.013,-0.014,0.000) pe2=(-0.013,0.357,0.000) grounded=1 contactSamples=1 contactDistance=0.320 sl=0.371 c=0.089 cv=-0.015 sf=3474.514 df=-44.181 af=3430.333 Fz=2906.556 Fx=0.000 Fy=-0.000 k=0.000 a=0.000 p=(0.747,-0.000,-1.250) n=(-0.000,1.000,-0.000)
[DEBUG] [W] i=3 w=RR si=3 lp=(-0.760,-0.100,-1.250) o=(-0.760,0.334,-1.250) wp=(-0.747,0.320,-1.250) mw=(0.013,-0.014,0.000) pe2=(0.013,0.357,0.000) grounded=1 contactSamples=1 contactDistance=0.320 sl=0.371 c=0.089 cv=-0.015 sf=3474.514 df=-44.181 af=3430.333 Fz=2906.556 Fx=0.000 Fy=-0.000 k=0.000 a=0.000 p=(-0.747,-0.000,-1.250) n=(-0.000,1.000,-0.000)
[DEBUG] [Cornering] steerInput=0.000 frontSteerAngle=-0.000 yawRateY=0.000 rollRateZ=0.000 leftLoad=5813.111 rightLoad=5813.111 leftMinusRight=0.000
[DEBUG] [Energy] x=0.000 y=0.434 z=0.000 vx=0.000 vy=-0.001 vz=0.000 total=5731.335 potential=5110.539 linear=0.000 angular=0.000 wheels=0.000 suspension=620.796 suspensionPower=-6.278 suspensionResidual=200.801
[DEBUG] [W] i=0 w=FL si=0 lp=(0.760,-0.100,1.250) o=(0.760,0.334,1.250) wp=(0.747,0.320,1.250) mw=(-0.013,-0.014,0.000) pe2=(-0.013,0.357,0.000) grounded=1 contactSamples=1 contactDistance=0.320 sl=0.371 c=0.089 cv=-0.015 sf=3474.514 df=-44.181 af=3430.333 Fz=2906.556 Fx=0.000 Fy=-0.000 k=0.000 a=0.000 p=(0.747,-0.000,1.250) n=(-0.000,1.000,-0.000)
[DEBUG] [W] i=1 w=FR si=1 lp=(-0.760,-0.100,1.250) o=(-0.760,0.334,1.250) wp=(-0.747,0.320,1.250) mw=(0.013,-0.014,0.000) pe2=(0.013,0.357,0.000) grounded=1 contactSamples=1 contactDistance=0.320 sl=0.371 c=0.089 cv=-0.015 sf=3474.514 df=-44.181 af=3430.333 Fz=2906.556 Fx=0.000 Fy=-0.000 k=0.000 a=0.000 p=(-0.747,-0.000,1.250) n=(-0.000,1.000,-0.000)
[DEBUG] [W] i=2 w=RL si=2 lp=(0.760,-0.100,-1.250) o=(0.760,0.334,-1.250) wp=(0.747,0.320,-1.250) mw=(-0.013,-0.014,0.000) pe2=(-0.013,0.357,0.000) grounded=1 contactSamples=1 contactDistance=0.320 sl=0.371 c=0.089 cv=-0.015 sf=3474.514 df=-44.181 af=3430.333 Fz=2906.556 Fx=0.000 Fy=-0.000 k=0.000 a=0.000 p=(0.747,-0.000,-1.250) n=(-0.000,1.000,-0.000)
[DEBUG] [W] i=3 w=RR si=3 lp=(-0.760,-0.100,-1.250) o=(-0.760,0.334,-1.250) wp=(-0.747,0.320,-1.250) mw=(0.013,-0.014,0.000) pe2=(0.013,0.357,0.000) grounded=1 contactSamples=1 contactDistance=0.320 sl=0.371 c=0.089 cv=-0.015 sf=3474.514 df=-44.181 af=3430.333 Fz=2906.556 Fx=0.000 Fy=-0.000 k=0.000 a=0.000 p=(-0.747,-0.000,-1.250) n=(-0.000,1.000,-0.000)
[DEBUG] [Cornering] steerInput=0.000 frontSteerAngle=-0.000 yawRateY=0.000 rollRateZ=0.000 leftLoad=5813.111 rightLoad=5813.111 leftMinusRight=0.000
[DEBUG] [W] i=0 w=FL si=0 lp=(0.760,-0.100,1.250) o=(0.760,0.334,1.250) wp=(0.747,0.320,1.250) mw=(-0.013,-0.014,0.000) pe2=(-0.013,0.357,0.000) grounded=1 contactSamples=1 contactDistance=0.320 sl=0.371 c=0.089 cv=-0.015 sf=3474.514 df=-44.171 af=3430.344 Fz=2906.565 Fx=0.000 Fy=-0.000 k=0.000 a=0.000 p=(0.747,-0.000,1.250) n=(-0.000,1.000,-0.000)
[DEBUG] [W] i=1 w=FR si=1 lp=(-0.760,-0.100,1.250) o=(-0.760,0.334,1.250) wp=(-0.747,0.320,1.250) mw=(0.013,-0.014,0.000) pe2=(0.013,0.357,0.000) grounded=1 contactSamples=1 contactDistance=0.320 sl=0.371 c=0.089 cv=-0.015 sf=3474.514 df=-44.171 af=3430.344 Fz=2906.565 Fx=0.000 Fy=-0.000 k=0.000 a=0.000 p=(-0.747,-0.000,1.250) n=(-0.000,1.000,-0.000)
[DEBUG] [W] i=2 w=RL si=2 lp=(0.760,-0.100,-1.250) o=(0.760,0.334,-1.250) wp=(0.747,0.320,-1.250) mw=(-0.013,-0.014,0.000) pe2=(-0.013,0.357,0.000) grounded=1 contactSamples=1 contactDistance=0.320 sl=0.371 c=0.089 cv=-0.015 sf=3474.514 df=-44.171 af=3430.344 Fz=2906.565 Fx=0.000 Fy=-0.000 k=0.000 a=0.000 p=(0.747,-0.000,-1.250) n=(-0.000,1.000,-0.000)
[DEBUG] [W] i=3 w=RR si=3 lp=(-0.760,-0.100,-1.250) o=(-0.760,0.334,-1.250) wp=(-0.747,0.320,-1.250) mw=(0.013,-0.014,0.000) pe2=(0.013,0.357,0.000) grounded=1 contactSamples=1 contactDistance=0.320 sl=0.371 c=0.089 cv=-0.015 sf=3474.514 df=-44.171 af=3430.344 Fz=2906.565 Fx=0.000 Fy=-0.000 k=0.000 a=0.000 p=(-0.747,-0.000,-1.250) n=(-0.000,1.000,-0.000)
[DEBUG] [Cornering] steerInput=0.000 frontSteerAngle=-0.000 yawRateY=0.000 rollRateZ=0.000 leftLoad=5813.129 rightLoad=5813.129 leftMinusRight=0.000
[DEBUG] [W] i=0 w=FL si=0 lp=(0.760,-0.100,1.250) o=(0.760,0.334,1.250) wp=(0.747,0.320,1.250) mw=(-0.013,-0.014,0.000) pe2=(-0.013,0.357,0.000) grounded=1 contactSamples=1 contactDistance=0.320 sl=0.371 c=0.089 cv=0.015 sf=3479.299 df=36.809 af=3516.108 Fz=2978.826 Fx=0.000 Fy=-0.000 k=0.000 a=0.000 p=(0.747,-0.000,1.250) n=(-0.000,1.000,-0.000)
[DEBUG] [W] i=1 w=FR si=1 lp=(-0.760,-0.100,1.250) o=(-0.760,0.334,1.250) wp=(-0.747,0.320,1.250) mw=(0.013,-0.014,0.000) pe2=(0.013,0.357,0.000) grounded=1 contactSamples=1 contactDistance=0.320 sl=0.371 c=0.089 cv=0.015 sf=3479.299 df=36.809 af=3516.108 Fz=2978.826 Fx=0.000 Fy=-0.000 k=0.000 a=0.000 p=(-0.747,-0.000,1.250) n=(-0.000,1.000,-0.000)
[DEBUG] [W] i=2 w=RL si=2 lp=(0.760,-0.100,-1.250) o=(0.760,0.334,-1.250) wp=(0.747,0.320,-1.250) mw=(-0.013,-0.014,0.000) pe2=(-0.013,0.357,0.000) grounded=1 contactSamples=1 contactDistance=0.320 sl=0.371 c=0.089 cv=0.015 sf=3479.299 df=36.809 af=3516.108 Fz=2978.826 Fx=0.000 Fy=-0.000 k=0.000 a=0.000 p=(0.747,-0.000,-1.250) n=(-0.000,1.000,-0.000)
[DEBUG] [W] i=3 w=RR si=3 lp=(-0.760,-0.100,-1.250) o=(-0.760,0.334,-1.250) wp=(-0.747,0.320,-1.250) mw=(0.013,-0.014,0.000) pe2=(0.013,0.357,0.000) grounded=1 contactSamples=1 contactDistance=0.320 sl=0.371 c=0.089 cv=0.015 sf=3479.299 df=36.809 af=3516.108 Fz=2978.826 Fx=0.000 Fy=-0.000 k=0.000 a=0.000 p=(-0.747,-0.000,-1.250) n=(-0.000,1.000,-0.000)
[DEBUG] [Cornering] steerInput=0.000 frontSteerAngle=-0.000 yawRateY=0.000 rollRateZ=0.000 leftLoad=5957.652 rightLoad=5957.652 leftMinusRight=0.000
[DEBUG] [W] i=0 w=FL si=0 lp=(0.760,-0.100,1.250) o=(0.760,0.334,1.250) wp=(0.747,0.320,1.250) mw=(-0.013,-0.014,0.000) pe2=(-0.013,0.357,0.000) grounded=1 contactSamples=1 contactDistance=0.320 sl=0.371 c=0.089 cv=0.015 sf=3479.299 df=36.809 af=3516.108 Fz=2978.826 Fx=0.000 Fy=-0.000 k=0.000 a=0.000 p=(0.747,-0.000,1.250) n=(-0.000,1.000,-0.000)
[DEBUG] [W] i=1 w=FR si=1 lp=(-0.760,-0.100,1.250) o=(-0.760,0.334,1.250) wp=(-0.747,0.320,1.250) mw=(0.013,-0.014,0.000) pe2=(0.013,0.357,0.000) grounded=1 contactSamples=1 contactDistance=0.320 sl=0.371 c=0.089 cv=0.015 sf=3479.299 df=36.809 af=3516.108 Fz=2978.826 Fx=0.000 Fy=-0.000 k=0.000 a=0.000 p=(-0.747,-0.000,1.250) n=(-0.000,1.000,-0.000)
[DEBUG] [W] i=2 w=RL si=2 lp=(0.760,-0.100,-1.250) o=(0.760,0.334,-1.250) wp=(0.747,0.320,-1.250) mw=(-0.013,-0.014,0.000) pe2=(-0.013,0.357,0.000) grounded=1 contactSamples=1 contactDistance=0.320 sl=0.371 c=0.089 cv=0.015 sf=3479.299 df=36.809 af=3516.108 Fz=2978.826 Fx=0.000 Fy=-0.000 k=0.000 a=0.000 p=(0.747,-0.000,-1.250) n=(-0.000,1.000,-0.000)
[DEBUG] [W] i=3 w=RR si=3 lp=(-0.760,-0.100,-1.250) o=(-0.760,0.334,-1.250) wp=(-0.747,0.320,-1.250) mw=(0.013,-0.014,0.000) pe2=(0.013,0.357,0.000) grounded=1 contactSamples=1 contactDistance=0.320 sl=0.371 c=0.089 cv=0.015 sf=3479.299 df=36.809 af=3516.108 Fz=2978.826 Fx=0.000 Fy=-0.000 k=0.000 a=0.000 p=(-0.747,-0.000,-1.250) n=(-0.000,1.000,-0.000)
[DEBUG] [Cornering] steerInput=0.000 frontSteerAngle=-0.000 yawRateY=0.000 rollRateZ=0.000 leftLoad=5957.652 rightLoad=5957.652 leftMinusRight=0.000
[INFO] [EnergyDelta] step=4500 t=37.500004 deltaFromBaseline=-13.209961 stepDelta=-1.651855 integratedPowerA=163.473633 integratedPowerB=-76.214752 integratedSpringPower=-174.387909 integratedDamperPower=87.688515 integratedPowerBalanceResidual=0.559486
[INFO] [State] t=37.500004 y=0.434130 z=0.000000 vy=0.000554 vz=0.000000 energy=5729.672852 compression=0.089090,0.089090,0.089090,0.089090
[DEBUG] [W] i=0 w=FL si=0 lp=(0.760,-0.100,1.250) o=(0.760,0.334,1.250) wp=(0.747,0.320,1.250) mw=(-0.013,-0.014,0.000) pe2=(-0.013,0.357,0.000) grounded=1 contactSamples=1 contactDistance=0.320 sl=0.371 c=0.089 cv=0.015 sf=3479.299 df=36.818 af=3516.117 Fz=2978.834 Fx=0.000 Fy=-0.000 k=0.000 a=0.000 p=(0.747,-0.000,1.250) n=(-0.000,1.000,-0.000)
[DEBUG] [W] i=1 w=FR si=1 lp=(-0.760,-0.100,1.250) o=(-0.760,0.334,1.250) wp=(-0.747,0.320,1.250) mw=(0.013,-0.014,0.000) pe2=(0.013,0.357,0.000) grounded=1 contactSamples=1 contactDistance=0.320 sl=0.371 c=0.089 cv=0.015 sf=3479.299 df=36.818 af=3516.117 Fz=2978.834 Fx=0.000 Fy=-0.000 k=0.000 a=0.000 p=(-0.747,-0.000,1.250) n=(-0.000,1.000,-0.000)
[DEBUG] [W] i=2 w=RL si=2 lp=(0.760,-0.100,-1.250) o=(0.760,0.334,-1.250) wp=(0.747,0.320,-1.250) mw=(-0.013,-0.014,0.000) pe2=(-0.013,0.357,0.000) grounded=1 contactSamples=1 contactDistance=0.320 sl=0.371 c=0.089 cv=0.015 sf=3479.299 df=36.818 af=3516.117 Fz=2978.834 Fx=0.000 Fy=-0.000 k=0.000 a=0.000 p=(0.747,-0.000,-1.250) n=(-0.000,1.000,-0.000)
[DEBUG] [W] i=3 w=RR si=3 lp=(-0.760,-0.100,-1.250) o=(-0.760,0.334,-1.250) wp=(-0.747,0.320,-1.250) mw=(0.013,-0.014,0.000) pe2=(0.013,0.357,0.000) grounded=1 contactSamples=1 contactDistance=0.320 sl=0.371 c=0.089 cv=0.015 sf=3479.299 df=36.818 af=3516.117 Fz=2978.834 Fx=0.000 Fy=-0.000 k=0.000 a=0.000 p=(-0.747,-0.000,-1.250) n=(-0.000,1.000,-0.000)
[DEBUG] [Cornering] steerInput=0.000 frontSteerAngle=-0.000 yawRateY=0.000 rollRateZ=0.000 leftLoad=5957.667 rightLoad=5957.667 leftMinusRight=0.000
[DEBUG] [Energy] x=0.000 y=0.434 z=0.000 vx=0.000 vy=-0.001 vz=0.000 total=5731.321 potential=5110.524 linear=0.000 angular=0.000 wheels=0.000 suspension=620.797 suspensionPower=-6.673 suspensionResidual=200.507
[DEBUG] [W] i=0 w=FL si=0 lp=(0.760,-0.100,1.250) o=(0.760,0.334,1.250) wp=(0.747,0.320,1.250) mw=(-0.013,-0.014,0.000) pe2=(-0.013,0.357,0.000) grounded=1 contactSamples=1 contactDistance=0.320 sl=0.371 c=0.089 cv=0.015 sf=3479.301 df=36.818 af=3516.118 Fz=2978.835 Fx=0.000 Fy=-0.000 k=0.000 a=0.000 p=(0.747,-0.000,1.250) n=(-0.000,1.000,-0.000)
[DEBUG] [W] i=1 w=FR si=1 lp=(-0.760,-0.100,1.250) o=(-0.760,0.334,1.250) wp=(-0.747,0.320,1.250) mw=(0.013,-0.014,0.000) pe2=(0.013,0.357,0.000) grounded=1 contactSamples=1 contactDistance=0.320 sl=0.371 c=0.089 cv=0.015 sf=3479.301 df=36.818 af=3516.118 Fz=2978.835 Fx=0.000 Fy=-0.000 k=0.000 a=0.000 p=(-0.747,-0.000,1.250) n=(-0.000,1.000,-0.000)
[DEBUG] [W] i=2 w=RL si=2 lp=(0.760,-0.100,-1.250) o=(0.760,0.334,-1.250) wp=(0.747,0.320,-1.250) mw=(-0.013,-0.014,0.000) pe2=(-0.013,0.357,0.000) grounded=1 contactSamples=1 contactDistance=0.320 sl=0.371 c=0.089 cv=0.015 sf=3479.301 df=36.818 af=3516.118 Fz=2978.835 Fx=0.000 Fy=-0.000 k=0.000 a=0.000 p=(0.747,-0.000,-1.250) n=(-0.000,1.000,-0.000)
[DEBUG] [W] i=3 w=RR si=3 lp=(-0.760,-0.100,-1.250) o=(-0.760,0.334,-1.250) wp=(-0.747,0.320,-1.250) mw=(0.013,-0.014,0.000) pe2=(0.013,0.357,0.000) grounded=1 contactSamples=1 contactDistance=0.320 sl=0.371 c=0.089 cv=0.015 sf=3479.301 df=36.818 af=3516.118 Fz=2978.835 Fx=0.000 Fy=-0.000 k=0.000 a=0.000 p=(-0.747,-0.000,-1.250) n=(-0.000,1.000,-0.000)
[DEBUG] [Cornering] steerInput=0.000 frontSteerAngle=-0.000 yawRateY=0.000 rollRateZ=0.000 leftLoad=5957.669 rightLoad=5957.669 leftMinusRight=0.000
[DEBUG] [W] i=0 w=FL si=0 lp=(0.760,-0.100,1.250) o=(0.760,0.334,1.250) wp=(0.747,0.320,1.250) mw=(-0.013,-0.014,0.000) pe2=(-0.013,0.357,0.000) grounded=1 contactSamples=1 contactDistance=0.320 sl=0.371 c=0.089 cv=-0.015 sf=3474.513 df=-44.181 af=3430.332 Fz=2906.555 Fx=0.000 Fy=-0.000 k=0.000 a=0.000 p=(0.747,-0.000,1.250) n=(-0.000,1.000,-0.000)
[DEBUG] [W] i=1 w=FR si=1 lp=(-0.760,-0.100,1.250) o=(-0.760,0.334,1.250) wp=(-0.747,0.320,1.250) mw=(0.013,-0.014,0.000) pe2=(0.013,0.357,0.000) grounded=1 contactSamples=1 contactDistance=0.320 sl=0.371 c=0.089 cv=-0.015 sf=3474.513 df=-44.181 af=3430.332 Fz=2906.555 Fx=0.000 Fy=-0.000 k=0.000 a=0.000 p=(-0.747,-0.000,1.250) n=(-0.000,1.000,-0.000)
[DEBUG] [W] i=2 w=RL si=2 lp=(0.760,-0.100,-1.250) o=(0.760,0.334,-1.250) wp=(0.747,0.320,-1.250) mw=(-0.013,-0.014,0.000) pe2=(-0.013,0.357,0.000) grounded=1 contactSamples=1 contactDistance=0.320 sl=0.371 c=0.089 cv=-0.015 sf=3474.513 df=-44.181 af=3430.332 Fz=2906.555 Fx=0.000 Fy=-0.000 k=0.000 a=0.000 p=(0.747,-0.000,-1.250) n=(-0.000,1.000,-0.000)
[DEBUG] [W] i=3 w=RR si=3 lp=(-0.760,-0.100,-1.250) o=(-0.760,0.334,-1.250) wp=(-0.747,0.320,-1.250) mw=(0.013,-0.014,0.000) pe2=(0.013,0.357,0.000) grounded=1 contactSamples=1 contactDistance=0.320 sl=0.371 c=0.089 cv=-0.015 sf=3474.513 df=-44.181 af=3430.332 Fz=2906.555 Fx=0.000 Fy=-0.000 k=0.000 a=0.000 p=(-0.747,-0.000,-1.250) n=(-0.000,1.000,-0.000)
[DEBUG] [Cornering] steerInput=0.000 frontSteerAngle=-0.000 yawRateY=0.000 rollRateZ=0.000 leftLoad=5813.110 rightLoad=5813.110 leftMinusRight=0.000
[DEBUG] [W] i=0 w=FL si=0 lp=(0.760,-0.100,1.250) o=(0.760,0.334,1.250) wp=(0.747,0.320,1.250) mw=(-0.013,-0.014,0.000) pe2=(-0.013,0.357,0.000) grounded=1 contactSamples=1 contactDistance=0.320 sl=0.371 c=0.089 cv=0.015 sf=3479.299 df=36.818 af=3516.117 Fz=2978.834 Fx=0.000 Fy=-0.000 k=0.000 a=0.000 p=(0.747,-0.000,1.250) n=(-0.000,1.000,-0.000)
[DEBUG] [W] i=1 w=FR si=1 lp=(-0.760,-0.100,1.250) o=(-0.760,0.334,1.250) wp=(-0.747,0.320,1.250) mw=(0.013,-0.014,0.000) pe2=(0.013,0.357,0.000) grounded=1 contactSamples=1 contactDistance=0.320 sl=0.371 c=0.089 cv=0.015 sf=3479.299 df=36.818 af=3516.117 Fz=2978.834 Fx=0.000 Fy=-0.000 k=0.000 a=0.000 p=(-0.747,-0.000,1.250) n=(-0.000,1.000,-0.000)
[DEBUG] [W] i=2 w=RL si=2 lp=(0.760,-0.100,-1.250) o=(0.760,0.334,-1.250) wp=(0.747,0.320,-1.250) mw=(-0.013,-0.014,0.000) pe2=(-0.013,0.357,0.000) grounded=1 contactSamples=1 contactDistance=0.320 sl=0.371 c=0.089 cv=0.015 sf=3479.299 df=36.818 af=3516.117 Fz=2978.834 Fx=0.000 Fy=-0.000 k=0.000 a=0.000 p=(0.747,-0.000,-1.250) n=(-0.000,1.000,-0.000)
[DEBUG] [W] i=3 w=RR si=3 lp=(-0.760,-0.100,-1.250) o=(-0.760,0.334,-1.250) wp=(-0.747,0.320,-1.250) mw=(0.013,-0.014,0.000) pe2=(0.013,0.357,0.000) grounded=1 contactSamples=1 contactDistance=0.320 sl=0.371 c=0.089 cv=0.015 sf=3479.299 df=36.818 af=3516.117 Fz=2978.834 Fx=0.000 Fy=-0.000 k=0.000 a=0.000 p=(-0.747,-0.000,-1.250) n=(-0.000,1.000,-0.000)
[DEBUG] [Cornering] steerInput=0.000 frontSteerAngle=-0.000 yawRateY=0.000 rollRateZ=0.000 leftLoad=5957.667 rightLoad=5957.667 leftMinusRight=0.000
[DEBUG] [W] i=0 w=FL si=0 lp=(0.760,-0.100,1.250) o=(0.760,0.334,1.250) wp=(0.747,0.320,1.250) mw=(-0.013,-0.014,0.000) pe2=(-0.013,0.357,0.000) grounded=1 contactSamples=1 contactDistance=0.320 sl=0.371 c=0.089 cv=-0.015 sf=3474.514 df=-44.181 af=3430.333 Fz=2906.556 Fx=0.000 Fy=-0.000 k=0.000 a=0.000 p=(0.747,-0.000,1.250) n=(-0.000,1.000,-0.000)
[DEBUG] [W] i=1 w=FR si=1 lp=(-0.760,-0.100,1.250) o=(-0.760,0.334,1.250) wp=(-0.747,0.320,1.250) mw=(0.013,-0.014,0.000) pe2=(0.013,0.357,0.000) grounded=1 contactSamples=1 contactDistance=0.320 sl=0.371 c=0.089 cv=-0.015 sf=3474.514 df=-44.181 af=3430.333 Fz=2906.556 Fx=0.000 Fy=-0.000 k=0.000 a=0.000 p=(-0.747,-0.000,1.250) n=(-0.000,1.000,-0.000)
[DEBUG] [W] i=2 w=RL si=2 lp=(0.760,-0.100,-1.250) o=(0.760,0.334,-1.250) wp=(0.747,0.320,-1.250) mw=(-0.013,-0.014,0.000) pe2=(-0.013,0.357,0.000) grounded=1 contactSamples=1 contactDistance=0.320 sl=0.371 c=0.089 cv=-0.015 sf=3474.514 df=-44.181 af=3430.333 Fz=2906.556 Fx=0.000 Fy=-0.000 k=0.000 a=0.000 p=(0.747,-0.000,-1.250) n=(-0.000,1.000,-0.000)
[DEBUG] [W] i=3 w=RR si=3 lp=(-0.760,-0.100,-1.250) o=(-0.760,0.334,-1.250) wp=(-0.747,0.320,-1.250) mw=(0.013,-0.014,0.000) pe2=(0.013,0.357,0.000) grounded=1 contactSamples=1 contactDistance=0.320 sl=0.371 c=0.089 cv=-0.015 sf=3474.514 df=-44.181 af=3430.333 Fz=2906.556 Fx=0.000 Fy=-0.000 k=0.000 a=0.000 p=(-0.747,-0.000,-1.250) n=(-0.000,1.000,-0.000)
[DEBUG] [Cornering] steerInput=0.000 frontSteerAngle=-0.000 yawRateY=0.000 rollRateZ=0.000 leftLoad=5813.111 rightLoad=5813.111 leftMinusRight=0.000
[INFO] [EnergyDelta] step=4560 t=38.000004 deltaFromBaseline=-11.551758 stepDelta=1.656738 integratedPowerA=163.393860 integratedPowerB=-78.949127 integratedSpringPower=-172.618805 integratedDamperPower=88.740486 integratedPowerBalanceResidual=0.566414
[INFO] [State] t=38.000004 y=0.434126 z=0.000000 vy=-0.000504 vz=0.000000 energy=5731.331055 compression=0.089213,0.089213,0.089213,0.089213
[DEBUG] [W] i=0 w=FL si=0 lp=(0.760,-0.100,1.250) o=(0.760,0.334,1.250) wp=(0.747,0.320,1.250) mw=(-0.013,-0.014,0.000) pe2=(-0.013,0.357,0.000) grounded=1 contactSamples=1 contactDistance=0.320 sl=0.371 c=0.089 cv=-0.015 sf=3474.514 df=-44.181 af=3430.333 Fz=2906.556 Fx=0.000 Fy=-0.000 k=0.000 a=0.000 p=(0.747,-0.000,1.250) n=(-0.000,1.000,-0.000)
[DEBUG] [W] i=1 w=FR si=1 lp=(-0.760,-0.100,1.250) o=(-0.760,0.334,1.250) wp=(-0.747,0.320,1.250) mw=(0.013,-0.014,0.000) pe2=(0.013,0.357,0.000) grounded=1 contactSamples=1 contactDistance=0.320 sl=0.371 c=0.089 cv=-0.015 sf=3474.514 df=-44.181 af=3430.333 Fz=2906.556 Fx=0.000 Fy=-0.000 k=0.000 a=0.000 p=(-0.747,-0.000,1.250) n=(-0.000,1.000,-0.000)
[DEBUG] [W] i=2 w=RL si=2 lp=(0.760,-0.100,-1.250) o=(0.760,0.334,-1.250) wp=(0.747,0.320,-1.250) mw=(-0.013,-0.014,0.000) pe2=(-0.013,0.357,0.000) grounded=1 contactSamples=1 contactDistance=0.320 sl=0.371 c=0.089 cv=-0.015 sf=3474.514 df=-44.181 af=3430.333 Fz=2906.556 Fx=0.000 Fy=-0.000 k=0.000 a=0.000 p=(0.747,-0.000,-1.250) n=(-0.000,1.000,-0.000)
[DEBUG] [W] i=3 w=RR si=3 lp=(-0.760,-0.100,-1.250) o=(-0.760,0.334,-1.250) wp=(-0.747,0.320,-1.250) mw=(0.013,-0.014,0.000) pe2=(0.013,0.357,0.000) grounded=1 contactSamples=1 contactDistance=0.320 sl=0.371 c=0.089 cv=-0.015 sf=3474.514 df=-44.181 af=3430.333 Fz=2906.556 Fx=0.000 Fy=-0.000 k=0.000 a=0.000 p=(-0.747,-0.000,-1.250) n=(-0.000,1.000,-0.000)
[DEBUG] [Cornering] steerInput=0.000 frontSteerAngle=-0.000 yawRateY=0.000 rollRateZ=0.000 leftLoad=5813.111 rightLoad=5813.111 leftMinusRight=0.000
[DEBUG] [Energy] x=0.000 y=0.434 z=0.000 vx=0.000 vy=-0.000 vz=0.000 total=5731.353 potential=5110.557 linear=0.000 angular=0.000 wheels=0.000 suspension=620.797 suspensionPower=-5.349 suspensionResidual=201.780
[DEBUG] [W] i=0 w=FL si=0 lp=(0.760,-0.100,1.250) o=(0.760,0.334,1.250) wp=(0.747,0.320,1.250) mw=(-0.013,-0.014,0.000) pe2=(-0.013,0.357,0.000) grounded=1 contactSamples=1 contactDistance=0.320 sl=0.371 c=0.089 cv=0.015 sf=3479.299 df=36.809 af=3516.108 Fz=2978.826 Fx=0.000 Fy=-0.000 k=0.000 a=0.000 p=(0.747,-0.000,1.250) n=(-0.000,1.000,-0.000)
[DEBUG] [W] i=1 w=FR si=1 lp=(-0.760,-0.100,1.250) o=(-0.760,0.334,1.250) wp=(-0.747,0.320,1.250) mw=(0.013,-0.014,0.000) pe2=(0.013,0.357,0.000) grounded=1 contactSamples=1 contactDistance=0.320 sl=0.371 c=0.089 cv=0.015 sf=3479.299 df=36.809 af=3516.108 Fz=2978.826 Fx=0.000 Fy=-0.000 k=0.000 a=0.000 p=(-0.747,-0.000,1.250) n=(-0.000,1.000,-0.000)
[DEBUG] [W] i=2 w=RL si=2 lp=(0.760,-0.100,-1.250) o=(0.760,0.334,-1.250) wp=(0.747,0.320,-1.250) mw=(-0.013,-0.014,0.000) pe2=(-0.013,0.357,0.000) grounded=1 contactSamples=1 contactDistance=0.320 sl=0.371 c=0.089 cv=0.015 sf=3479.299 df=36.809 af=3516.108 Fz=2978.826 Fx=0.000 Fy=-0.000 k=0.000 a=0.000 p=(0.747,-0.000,-1.250) n=(-0.000,1.000,-0.000)
[DEBUG] [W] i=3 w=RR si=3 lp=(-0.760,-0.100,-1.250) o=(-0.760,0.334,-1.250) wp=(-0.747,0.320,-1.250) mw=(0.013,-0.014,0.000) pe2=(0.013,0.357,0.000) grounded=1 contactSamples=1 contactDistance=0.320 sl=0.371 c=0.089 cv=0.015 sf=3479.299 df=36.809 af=3516.108 Fz=2978.826 Fx=0.000 Fy=-0.000 k=0.000 a=0.000 p=(-0.747,-0.000,-1.250) n=(-0.000,1.000,-0.000)
[DEBUG] [Cornering] steerInput=0.000 frontSteerAngle=-0.000 yawRateY=0.000 rollRateZ=0.000 leftLoad=5957.652 rightLoad=5957.652 leftMinusRight=0.000
[DEBUG] [W] i=0 w=FL si=0 lp=(0.760,-0.100,1.250) o=(0.760,0.334,1.250) wp=(0.747,0.320,1.250) mw=(-0.013,-0.014,0.000) pe2=(-0.013,0.357,0.000) grounded=1 contactSamples=1 contactDistance=0.320 sl=0.371 c=0.089 cv=0.015 sf=3479.299 df=36.809 af=3516.108 Fz=2978.826 Fx=0.000 Fy=-0.000 k=0.000 a=0.000 p=(0.747,-0.000,1.250) n=(-0.000,1.000,-0.000)
[DEBUG] [W] i=1 w=FR si=1 lp=(-0.760,-0.100,1.250) o=(-0.760,0.334,1.250) wp=(-0.747,0.320,1.250) mw=(0.013,-0.014,0.000) pe2=(0.013,0.357,0.000) grounded=1 contactSamples=1 contactDistance=0.320 sl=0.371 c=0.089 cv=0.015 sf=3479.299 df=36.809 af=3516.108 Fz=2978.826 Fx=0.000 Fy=-0.000 k=0.000 a=0.000 p=(-0.747,-0.000,1.250) n=(-0.000,1.000,-0.000)
[DEBUG] [W] i=2 w=RL si=2 lp=(0.760,-0.100,-1.250) o=(0.760,0.334,-1.250) wp=(0.747,0.320,-1.250) mw=(-0.013,-0.014,0.000) pe2=(-0.013,0.357,0.000) grounded=1 contactSamples=1 contactDistance=0.320 sl=0.371 c=0.089 cv=0.015 sf=3479.299 df=36.809 af=3516.108 Fz=2978.826 Fx=0.000 Fy=-0.000 k=0.000 a=0.000 p=(0.747,-0.000,-1.250) n=(-0.000,1.000,-0.000)
[DEBUG] [W] i=3 w=RR si=3 lp=(-0.760,-0.100,-1.250) o=(-0.760,0.334,-1.250) wp=(-0.747,0.320,-1.250) mw=(0.013,-0.014,0.000) pe2=(0.013,0.357,0.000) grounded=1 contactSamples=1 contactDistance=0.320 sl=0.371 c=0.089 cv=0.015 sf=3479.299 df=36.809 af=3516.108 Fz=2978.826 Fx=0.000 Fy=-0.000 k=0.000 a=0.000 p=(-0.747,-0.000,-1.250) n=(-0.000,1.000,-0.000)
[DEBUG] [Cornering] steerInput=0.000 frontSteerAngle=-0.000 yawRateY=0.000 rollRateZ=0.000 leftLoad=5957.652 rightLoad=5957.652 leftMinusRight=0.000
[DEBUG] [W] i=0 w=FL si=0 lp=(0.760,-0.100,1.250) o=(0.760,0.334,1.250) wp=(0.747,0.320,1.250) mw=(-0.013,-0.014,0.000) pe2=(-0.013,0.357,0.000) grounded=1 contactSamples=1 contactDistance=0.320 sl=0.371 c=0.089 cv=0.015 sf=3479.299 df=36.809 af=3516.108 Fz=2978.826 Fx=0.000 Fy=-0.000 k=0.000 a=0.000 p=(0.747,-0.000,1.250) n=(-0.000,1.000,-0.000)
[DEBUG] [W] i=1 w=FR si=1 lp=(-0.760,-0.100,1.250) o=(-0.760,0.334,1.250) wp=(-0.747,0.320,1.250) mw=(0.013,-0.014,0.000) pe2=(0.013,0.357,0.000) grounded=1 contactSamples=1 contactDistance=0.320 sl=0.371 c=0.089 cv=0.015 sf=3479.299 df=36.809 af=3516.108 Fz=2978.826 Fx=0.000 Fy=-0.000 k=0.000 a=0.000 p=(-0.747,-0.000,1.250) n=(-0.000,1.000,-0.000)
[DEBUG] [W] i=2 w=RL si=2 lp=(0.760,-0.100,-1.250) o=(0.760,0.334,-1.250) wp=(0.747,0.320,-1.250) mw=(-0.013,-0.014,0.000) pe2=(-0.013,0.357,0.000) grounded=1 contactSamples=1 contactDistance=0.320 sl=0.371 c=0.089 cv=0.015 sf=3479.299 df=36.809 af=3516.108 Fz=2978.826 Fx=0.000 Fy=-0.000 k=0.000 a=0.000 p=(0.747,-0.000,-1.250) n=(-0.000,1.000,-0.000)
[DEBUG] [W] i=3 w=RR si=3 lp=(-0.760,-0.100,-1.250) o=(-0.760,0.334,-1.250) wp=(-0.747,0.320,-1.250) mw=(0.013,-0.014,0.000) pe2=(0.013,0.357,0.000) grounded=1 contactSamples=1 contactDistance=0.320 sl=0.371 c=0.089 cv=0.015 sf=3479.299 df=36.809 af=3516.108 Fz=2978.826 Fx=0.000 Fy=-0.000 k=0.000 a=0.000 p=(-0.747,-0.000,-1.250) n=(-0.000,1.000,-0.000)
[DEBUG] [Cornering] steerInput=0.000 frontSteerAngle=-0.000 yawRateY=0.000 rollRateZ=0.000 leftLoad=5957.652 rightLoad=5957.652 leftMinusRight=0.000
[DEBUG] [W] i=0 w=FL si=0 lp=(0.760,-0.100,1.250) o=(0.760,0.334,1.250) wp=(0.747,0.320,1.250) mw=(-0.013,-0.014,0.000) pe2=(-0.013,0.357,0.000) grounded=1 contactSamples=1 contactDistance=0.320 sl=0.371 c=0.089 cv=-0.015 sf=3474.513 df=-44.192 af=3430.321 Fz=2906.546 Fx=0.000 Fy=-0.000 k=0.000 a=0.000 p=(0.747,-0.000,1.250) n=(-0.000,1.000,-0.000)
[DEBUG] [W] i=1 w=FR si=1 lp=(-0.760,-0.100,1.250) o=(-0.760,0.334,1.250) wp=(-0.747,0.320,1.250) mw=(0.013,-0.014,0.000) pe2=(0.013,0.357,0.000) grounded=1 contactSamples=1 contactDistance=0.320 sl=0.371 c=0.089 cv=-0.015 sf=3474.513 df=-44.192 af=3430.321 Fz=2906.546 Fx=0.000 Fy=-0.000 k=0.000 a=0.000 p=(-0.747,-0.000,1.250) n=(-0.000,1.000,-0.000)
[DEBUG] [W] i=2 w=RL si=2 lp=(0.760,-0.100,-1.250) o=(0.760,0.334,-1.250) wp=(0.747,0.320,-1.250) mw=(-0.013,-0.014,0.000) pe2=(-0.013,0.357,0.000) grounded=1 contactSamples=1 contactDistance=0.320 sl=0.371 c=0.089 cv=-0.015 sf=3474.513 df=-44.192 af=3430.321 Fz=2906.546 Fx=0.000 Fy=-0.000 k=0.000 a=0.000 p=(0.747,-0.000,-1.250) n=(-0.000,1.000,-0.000)
[DEBUG] [W] i=3 w=RR si=3 lp=(-0.760,-0.100,-1.250) o=(-0.760,0.334,-1.250) wp=(-0.747,0.320,-1.250) mw=(0.013,-0.014,0.000) pe2=(0.013,0.357,0.000) grounded=1 contactSamples=1 contactDistance=0.320 sl=0.371 c=0.089 cv=-0.015 sf=3474.513 df=-44.192 af=3430.321 Fz=2906.546 Fx=0.000 Fy=-0.000 k=0.000 a=0.000 p=(-0.747,-0.000,-1.250) n=(-0.000,1.000,-0.000)
[DEBUG] [Cornering] steerInput=0.000 frontSteerAngle=-0.000 yawRateY=0.000 rollRateZ=0.000 leftLoad=5813.091 rightLoad=5813.091 leftMinusRight=0.000
[INFO] [EnergyDelta] step=4620 t=38.500004 deltaFromBaseline=-11.519531 stepDelta=1.658203 integratedPowerA=163.393616 integratedPowerB=-80.079102 integratedSpringPower=-172.555084 integratedDamperPower=89.814003 integratedPowerBalanceResidual=0.573433
[INFO] [State] t=38.500004 y=0.434129 z=0.000000 vy=-0.000492 vz=0.000000 energy=5731.363281 compression=0.089213,0.089213,0.089213,0.089213
[DEBUG] [W] i=0 w=FL si=0 lp=(0.760,-0.100,1.250) o=(0.760,0.334,1.250) wp=(0.747,0.320,1.250) mw=(-0.013,-0.014,0.000) pe2=(-0.013,0.357,0.000) grounded=1 contactSamples=1 contactDistance=0.320 sl=0.371 c=0.089 cv=-0.015 sf=3474.513 df=-44.192 af=3430.321 Fz=2906.546 Fx=0.000 Fy=-0.000 k=0.000 a=0.000 p=(0.747,-0.000,1.250) n=(-0.000,1.000,-0.000)
[DEBUG] [W] i=1 w=FR si=1 lp=(-0.760,-0.100,1.250) o=(-0.760,0.334,1.250) wp=(-0.747,0.320,1.250) mw=(0.013,-0.014,0.000) pe2=(0.013,0.357,0.000) grounded=1 contactSamples=1 contactDistance=0.320 sl=0.371 c=0.089 cv=-0.015 sf=3474.513 df=-44.192 af=3430.321 Fz=2906.546 Fx=0.000 Fy=-0.000 k=0.000 a=0.000 p=(-0.747,-0.000,1.250) n=(-0.000,1.000,-0.000)
[DEBUG] [W] i=2 w=RL si=2 lp=(0.760,-0.100,-1.250) o=(0.760,0.334,-1.250) wp=(0.747,0.320,-1.250) mw=(-0.013,-0.014,0.000) pe2=(-0.013,0.357,0.000) grounded=1 contactSamples=1 contactDistance=0.320 sl=0.371 c=0.089 cv=-0.015 sf=3474.513 df=-44.192 af=3430.321 Fz=2906.546 Fx=0.000 Fy=-0.000 k=0.000 a=0.000 p=(0.747,-0.000,-1.250) n=(-0.000,1.000,-0.000)
[DEBUG] [W] i=3 w=RR si=3 lp=(-0.760,-0.100,-1.250) o=(-0.760,0.334,-1.250) wp=(-0.747,0.320,-1.250) mw=(0.013,-0.014,0.000) pe2=(0.013,0.357,0.000) grounded=1 contactSamples=1 contactDistance=0.320 sl=0.371 c=0.089 cv=-0.015 sf=3474.513 df=-44.192 af=3430.321 Fz=2906.546 Fx=0.000 Fy=-0.000 k=0.000 a=0.000 p=(-0.747,-0.000,-1.250) n=(-0.000,1.000,-0.000)
[DEBUG] [Cornering] steerInput=0.000 frontSteerAngle=-0.000 yawRateY=0.000 rollRateZ=0.000 leftLoad=5813.091 rightLoad=5813.091 leftMinusRight=0.000
[DEBUG] [Energy] x=0.000 y=0.434 z=0.000 vx=0.000 vy=-0.000 vz=0.000 total=5731.354 potential=5110.558 linear=0.000 angular=0.000 wheels=0.000 suspension=620.797 suspensionPower=-5.746 suspensionResidual=201.434
[DEBUG] [W] i=0 w=FL si=0 lp=(0.760,-0.100,1.250) o=(0.760,0.334,1.250) wp=(0.747,0.320,1.250) mw=(-0.013,-0.014,0.000) pe2=(-0.013,0.357,0.000) grounded=1 contactSamples=1 contactDistance=0.320 sl=0.371 c=0.089 cv=0.015 sf=3479.299 df=36.818 af=3516.117 Fz=2978.834 Fx=0.000 Fy=-0.000 k=0.000 a=0.000 p=(0.747,-0.000,1.250) n=(-0.000,1.000,-0.000)
[DEBUG] [W] i=1 w=FR si=1 lp=(-0.760,-0.100,1.250) o=(-0.760,0.334,1.250) wp=(-0.747,0.320,1.250) mw=(0.013,-0.014,0.000) pe2=(0.013,0.357,0.000) grounded=1 contactSamples=1 contactDistance=0.320 sl=0.371 c=0.089 cv=0.015 sf=3479.299 df=36.818 af=3516.117 Fz=2978.834 Fx=0.000 Fy=-0.000 k=0.000 a=0.000 p=(-0.747,-0.000,1.250) n=(-0.000,1.000,-0.000)
[DEBUG] [W] i=2 w=RL si=2 lp=(0.760,-0.100,-1.250) o=(0.760,0.334,-1.250) wp=(0.747,0.320,-1.250) mw=(-0.013,-0.014,0.000) pe2=(-0.013,0.357,0.000) grounded=1 contactSamples=1 contactDistance=0.320 sl=0.371 c=0.089 cv=0.015 sf=3479.299 df=36.818 af=3516.117 Fz=2978.834 Fx=0.000 Fy=-0.000 k=0.000 a=0.000 p=(0.747,-0.000,-1.250) n=(-0.000,1.000,-0.000)
[DEBUG] [W] i=3 w=RR si=3 lp=(-0.760,-0.100,-1.250) o=(-0.760,0.334,-1.250) wp=(-0.747,0.320,-1.250) mw=(0.013,-0.014,0.000) pe2=(0.013,0.357,0.000) grounded=1 contactSamples=1 contactDistance=0.320 sl=0.371 c=0.089 cv=0.015 sf=3479.299 df=36.818 af=3516.117 Fz=2978.834 Fx=0.000 Fy=-0.000 k=0.000 a=0.000 p=(-0.747,-0.000,-1.250) n=(-0.000,1.000,-0.000)
[DEBUG] [Cornering] steerInput=0.000 frontSteerAngle=-0.000 yawRateY=0.000 rollRateZ=0.000 leftLoad=5957.667 rightLoad=5957.667 leftMinusRight=0.000
[DEBUG] [W] i=0 w=FL si=0 lp=(0.760,-0.100,1.250) o=(0.760,0.334,1.250) wp=(0.747,0.320,1.250) mw=(-0.013,-0.014,0.000) pe2=(-0.013,0.357,0.000) grounded=1 contactSamples=1 contactDistance=0.320 sl=0.371 c=0.089 cv=-0.015 sf=3474.513 df=-44.192 af=3430.321 Fz=2906.546 Fx=0.000 Fy=-0.000 k=0.000 a=0.000 p=(0.747,-0.000,1.250) n=(-0.000,1.000,-0.000)
[DEBUG] [W] i=1 w=FR si=1 lp=(-0.760,-0.100,1.250) o=(-0.760,0.334,1.250) wp=(-0.747,0.320,1.250) mw=(0.013,-0.014,0.000) pe2=(0.013,0.357,0.000) grounded=1 contactSamples=1 contactDistance=0.320 sl=0.371 c=0.089 cv=-0.015 sf=3474.513 df=-44.192 af=3430.321 Fz=2906.546 Fx=0.000 Fy=-0.000 k=0.000 a=0.000 p=(-0.747,-0.000,1.250) n=(-0.000,1.000,-0.000)
[DEBUG] [W] i=2 w=RL si=2 lp=(0.760,-0.100,-1.250) o=(0.760,0.334,-1.250) wp=(0.747,0.320,-1.250) mw=(-0.013,-0.014,0.000) pe2=(-0.013,0.357,0.000) grounded=1 contactSamples=1 contactDistance=0.320 sl=0.371 c=0.089 cv=-0.015 sf=3474.513 df=-44.192 af=3430.321 Fz=2906.546 Fx=0.000 Fy=-0.000 k=0.000 a=0.000 p=(0.747,-0.000,-1.250) n=(-0.000,1.000,-0.000)
[DEBUG] [W] i=3 w=RR si=3 lp=(-0.760,-0.100,-1.250) o=(-0.760,0.334,-1.250) wp=(-0.747,0.320,-1.250) mw=(0.013,-0.014,0.000) pe2=(0.013,0.357,0.000) grounded=1 contactSamples=1 contactDistance=0.320 sl=0.371 c=0.089 cv=-0.015 sf=3474.513 df=-44.192 af=3430.321 Fz=2906.546 Fx=0.000 Fy=-0.000 k=0.000 a=0.000 p=(-0.747,-0.000,-1.250) n=(-0.000,1.000,-0.000)
[DEBUG] [Cornering] steerInput=0.000 frontSteerAngle=-0.000 yawRateY=0.000 rollRateZ=0.000 leftLoad=5813.091 rightLoad=5813.091 leftMinusRight=0.000
[DEBUG] [W] i=0 w=FL si=0 lp=(0.760,-0.100,1.250) o=(0.760,0.334,1.250) wp=(0.747,0.320,1.250) mw=(-0.013,-0.014,0.000) pe2=(-0.013,0.357,0.000) grounded=1 contactSamples=1 contactDistance=0.320 sl=0.371 c=0.089 cv=0.015 sf=3479.299 df=36.818 af=3516.117 Fz=2978.834 Fx=0.000 Fy=-0.000 k=0.000 a=0.000 p=(0.747,-0.000,1.250) n=(-0.000,1.000,-0.000)
[DEBUG] [W] i=1 w=FR si=1 lp=(-0.760,-0.100,1.250) o=(-0.760,0.334,1.250) wp=(-0.747,0.320,1.250) mw=(0.013,-0.014,0.000) pe2=(0.013,0.357,0.000) grounded=1 contactSamples=1 contactDistance=0.320 sl=0.371 c=0.089 cv=0.015 sf=3479.299 df=36.818 af=3516.117 Fz=2978.834 Fx=0.000 Fy=-0.000 k=0.000 a=0.000 p=(-0.747,-0.000,1.250) n=(-0.000,1.000,-0.000)
[DEBUG] [W] i=2 w=RL si=2 lp=(0.760,-0.100,-1.250) o=(0.760,0.334,-1.250) wp=(0.747,0.320,-1.250) mw=(-0.013,-0.014,0.000) pe2=(-0.013,0.357,0.000) grounded=1 contactSamples=1 contactDistance=0.320 sl=0.371 c=0.089 cv=0.015 sf=3479.299 df=36.818 af=3516.117 Fz=2978.834 Fx=0.000 Fy=-0.000 k=0.000 a=0.000 p=(0.747,-0.000,-1.250) n=(-0.000,1.000,-0.000)
[DEBUG] [W] i=3 w=RR si=3 lp=(-0.760,-0.100,-1.250) o=(-0.760,0.334,-1.250) wp=(-0.747,0.320,-1.250) mw=(0.013,-0.014,0.000) pe2=(0.013,0.357,0.000) grounded=1 contactSamples=1 contactDistance=0.320 sl=0.371 c=0.089 cv=0.015 sf=3479.299 df=36.818 af=3516.117 Fz=2978.834 Fx=0.000 Fy=-0.000 k=0.000 a=0.000 p=(-0.747,-0.000,-1.250) n=(-0.000,1.000,-0.000)
[DEBUG] [Cornering] steerInput=0.000 frontSteerAngle=-0.000 yawRateY=0.000 rollRateZ=0.000 leftLoad=5957.667 rightLoad=5957.667 leftMinusRight=0.000
[DEBUG] [W] i=0 w=FL si=0 lp=(0.760,-0.100,1.250) o=(0.760,0.334,1.250) wp=(0.747,0.320,1.250) mw=(-0.013,-0.014,0.000) pe2=(-0.013,0.357,0.000) grounded=1 contactSamples=1 contactDistance=0.320 sl=0.371 c=0.089 cv=0.015 sf=3479.299 df=36.818 af=3516.117 Fz=2978.834 Fx=0.000 Fy=-0.000 k=0.000 a=0.000 p=(0.747,-0.000,1.250) n=(-0.000,1.000,-0.000)
[DEBUG] [W] i=1 w=FR si=1 lp=(-0.760,-0.100,1.250) o=(-0.760,0.334,1.250) wp=(-0.747,0.320,1.250) mw=(0.013,-0.014,0.000) pe2=(0.013,0.357,0.000) grounded=1 contactSamples=1 contactDistance=0.320 sl=0.371 c=0.089 cv=0.015 sf=3479.299 df=36.818 af=3516.117 Fz=2978.834 Fx=0.000 Fy=-0.000 k=0.000 a=0.000 p=(-0.747,-0.000,1.250) n=(-0.000,1.000,-0.000)
[DEBUG] [W] i=2 w=RL si=2 lp=(0.760,-0.100,-1.250) o=(0.760,0.334,-1.250) wp=(0.747,0.320,-1.250) mw=(-0.013,-0.014,0.000) pe2=(-0.013,0.357,0.000) grounded=1 contactSamples=1 contactDistance=0.320 sl=0.371 c=0.089 cv=0.015 sf=3479.299 df=36.818 af=3516.117 Fz=2978.834 Fx=0.000 Fy=-0.000 k=0.000 a=0.000 p=(0.747,-0.000,-1.250) n=(-0.000,1.000,-0.000)
[DEBUG] [W] i=3 w=RR si=3 lp=(-0.760,-0.100,-1.250) o=(-0.760,0.334,-1.250) wp=(-0.747,0.320,-1.250) mw=(0.013,-0.014,0.000) pe2=(0.013,0.357,0.000) grounded=1 contactSamples=1 contactDistance=0.320 sl=0.371 c=0.089 cv=0.015 sf=3479.299 df=36.818 af=3516.117 Fz=2978.834 Fx=0.000 Fy=-0.000 k=0.000 a=0.000 p=(-0.747,-0.000,-1.250) n=(-0.000,1.000,-0.000)
[DEBUG] [Cornering] steerInput=0.000 frontSteerAngle=-0.000 yawRateY=0.000 rollRateZ=0.000 leftLoad=5957.667 rightLoad=5957.667 leftMinusRight=0.000
[INFO] [EnergyDelta] step=4680 t=39.000004 deltaFromBaseline=-11.521484 stepDelta=0.041016 integratedPowerA=163.357788 integratedPowerB=-81.215424 integratedSpringPower=-172.488861 integratedDamperPower=90.927406 integratedPowerBalanceResidual=0.580910
[INFO] [State] t=39.000004 y=0.434129 z=0.000000 vy=0.000415 vz=0.000000 energy=5731.361328 compression=0.089213,0.089213,0.089213,0.089213
[DEBUG] [W] i=0 w=FL si=0 lp=(0.760,-0.100,1.250) o=(0.760,0.334,1.250) wp=(0.747,0.320,1.250) mw=(-0.013,-0.014,0.000) pe2=(-0.013,0.357,0.000) grounded=1 contactSamples=1 contactDistance=0.320 sl=0.371 c=0.089 cv=0.015 sf=3479.301 df=36.818 af=3516.118 Fz=2978.835 Fx=0.000 Fy=-0.000 k=0.000 a=0.000 p=(0.747,-0.000,1.250) n=(-0.000,1.000,-0.000)
[DEBUG] [W] i=1 w=FR si=1 lp=(-0.760,-0.100,1.250) o=(-0.760,0.334,1.250) wp=(-0.747,0.320,1.250) mw=(0.013,-0.014,0.000) pe2=(0.013,0.357,0.000) grounded=1 contactSamples=1 contactDistance=0.320 sl=0.371 c=0.089 cv=0.015 sf=3479.301 df=36.818 af=3516.118 Fz=2978.835 Fx=0.000 Fy=-0.000 k=0.000 a=0.000 p=(-0.747,-0.000,1.250) n=(-0.000,1.000,-0.000)
[DEBUG] [W] i=2 w=RL si=2 lp=(0.760,-0.100,-1.250) o=(0.760,0.334,-1.250) wp=(0.747,0.320,-1.250) mw=(-0.013,-0.014,0.000) pe2=(-0.013,0.357,0.000) grounded=1 contactSamples=1 contactDistance=0.320 sl=0.371 c=0.089 cv=0.015 sf=3479.301 df=36.818 af=3516.118 Fz=2978.835 Fx=0.000 Fy=-0.000 k=0.000 a=0.000 p=(0.747,-0.000,-1.250) n=(-0.000,1.000,-0.000)
[DEBUG] [W] i=3 w=RR si=3 lp=(-0.760,-0.100,-1.250) o=(-0.760,0.334,-1.250) wp=(-0.747,0.320,-1.250) mw=(0.013,-0.014,0.000) pe2=(0.013,0.357,0.000) grounded=1 contactSamples=1 contactDistance=0.320 sl=0.371 c=0.089 cv=0.015 sf=3479.301 df=36.818 af=3516.118 Fz=2978.835 Fx=0.000 Fy=-0.000 k=0.000 a=0.000 p=(-0.747,-0.000,-1.250) n=(-0.000,1.000,-0.000)
[DEBUG] [Cornering] steerInput=0.000 frontSteerAngle=-0.000 yawRateY=0.000 rollRateZ=0.000 leftLoad=5957.669 rightLoad=5957.669 leftMinusRight=0.000
[DEBUG] [Energy] x=0.000 y=0.434 z=0.000 vx=0.000 vy=0.000 vz=0.000 total=5729.670 potential=5110.581 linear=0.000 angular=0.000 wheels=0.000 suspension=619.089 suspensionPower=5.265 suspensionResidual=-196.859
[DEBUG] [W] i=0 w=FL si=0 lp=(0.760,-0.100,1.250) o=(0.760,0.334,1.250) wp=(0.747,0.320,1.250) mw=(-0.013,-0.014,0.000) pe2=(-0.013,0.357,0.000) grounded=1 contactSamples=1 contactDistance=0.320 sl=0.371 c=0.089 cv=-0.015 sf=3474.513 df=-44.181 af=3430.332 Fz=2906.555 Fx=0.000 Fy=-0.000 k=0.000 a=0.000 p=(0.747,-0.000,1.250) n=(-0.000,1.000,-0.000)
[DEBUG] [W] i=1 w=FR si=1 lp=(-0.760,-0.100,1.250) o=(-0.760,0.334,1.250) wp=(-0.747,0.320,1.250) mw=(0.013,-0.014,0.000) pe2=(0.013,0.357,0.000) grounded=1 contactSamples=1 contactDistance=0.320 sl=0.371 c=0.089 cv=-0.015 sf=3474.513 df=-44.181 af=3430.332 Fz=2906.555 Fx=0.000 Fy=-0.000 k=0.000 a=0.000 p=(-0.747,-0.000,1.250) n=(-0.000,1.000,-0.000)
[DEBUG] [W] i=2 w=RL si=2 lp=(0.760,-0.100,-1.250) o=(0.760,0.334,-1.250) wp=(0.747,0.320,-1.250) mw=(-0.013,-0.014,0.000) pe2=(-0.013,0.357,0.000) grounded=1 contactSamples=1 contactDistance=0.320 sl=0.371 c=0.089 cv=-0.015 sf=3474.513 df=-44.181 af=3430.332 Fz=2906.555 Fx=0.000 Fy=-0.000 k=0.000 a=0.000 p=(0.747,-0.000,-1.250) n=(-0.000,1.000,-0.000)
[DEBUG] [W] i=3 w=RR si=3 lp=(-0.760,-0.100,-1.250) o=(-0.760,0.334,-1.250) wp=(-0.747,0.320,-1.250) mw=(0.013,-0.014,0.000) pe2=(0.013,0.357,0.000) grounded=1 contactSamples=1 contactDistance=0.320 sl=0.371 c=0.089 cv=-0.015 sf=3474.513 df=-44.181 af=3430.332 Fz=2906.555 Fx=0.000 Fy=-0.000 k=0.000 a=0.000 p=(-0.747,-0.000,-1.250) n=(-0.000,1.000,-0.000)
[DEBUG] [Cornering] steerInput=0.000 frontSteerAngle=-0.000 yawRateY=0.000 rollRateZ=0.000 leftLoad=5813.110 rightLoad=5813.110 leftMinusRight=0.000
[DEBUG] [W] i=0 w=FL si=0 lp=(0.760,-0.100,1.250) o=(0.760,0.334,1.250) wp=(0.747,0.320,1.250) mw=(-0.013,-0.014,0.000) pe2=(-0.013,0.357,0.000) grounded=1 contactSamples=1 contactDistance=0.320 sl=0.371 c=0.089 cv=-0.015 sf=3474.513 df=-44.181 af=3430.332 Fz=2906.555 Fx=0.000 Fy=-0.000 k=0.000 a=0.000 p=(0.747,-0.000,1.250) n=(-0.000,1.000,-0.000)
[DEBUG] [W] i=1 w=FR si=1 lp=(-0.760,-0.100,1.250) o=(-0.760,0.334,1.250) wp=(-0.747,0.320,1.250) mw=(0.013,-0.014,0.000) pe2=(0.013,0.357,0.000) grounded=1 contactSamples=1 contactDistance=0.320 sl=0.371 c=0.089 cv=-0.015 sf=3474.513 df=-44.181 af=3430.332 Fz=2906.555 Fx=0.000 Fy=-0.000 k=0.000 a=0.000 p=(-0.747,-0.000,1.250) n=(-0.000,1.000,-0.000)
[DEBUG] [W] i=2 w=RL si=2 lp=(0.760,-0.100,-1.250) o=(0.760,0.334,-1.250) wp=(0.747,0.320,-1.250) mw=(-0.013,-0.014,0.000) pe2=(-0.013,0.357,0.000) grounded=1 contactSamples=1 contactDistance=0.320 sl=0.371 c=0.089 cv=-0.015 sf=3474.513 df=-44.181 af=3430.332 Fz=2906.555 Fx=0.000 Fy=-0.000 k=0.000 a=0.000 p=(0.747,-0.000,-1.250) n=(-0.000,1.000,-0.000)
[DEBUG] [W] i=3 w=RR si=3 lp=(-0.760,-0.100,-1.250) o=(-0.760,0.334,-1.250) wp=(-0.747,0.320,-1.250) mw=(0.013,-0.014,0.000) pe2=(0.013,0.357,0.000) grounded=1 contactSamples=1 contactDistance=0.320 sl=0.371 c=0.089 cv=-0.015 sf=3474.513 df=-44.181 af=3430.332 Fz=2906.555 Fx=0.000 Fy=-0.000 k=0.000 a=0.000 p=(-0.747,-0.000,-1.250) n=(-0.000,1.000,-0.000)
[DEBUG] [Cornering] steerInput=0.000 frontSteerAngle=-0.000 yawRateY=0.000 rollRateZ=0.000 leftLoad=5813.110 rightLoad=5813.110 leftMinusRight=0.000
[DEBUG] [W] i=0 w=FL si=0 lp=(0.760,-0.100,1.250) o=(0.760,0.334,1.250) wp=(0.747,0.320,1.250) mw=(-0.013,-0.014,0.000) pe2=(-0.013,0.357,0.000) grounded=1 contactSamples=1 contactDistance=0.320 sl=0.371 c=0.089 cv=-0.015 sf=3474.513 df=-44.181 af=3430.332 Fz=2906.555 Fx=0.000 Fy=-0.000 k=0.000 a=0.000 p=(0.747,-0.000,1.250) n=(-0.000,1.000,-0.000)
[DEBUG] [W] i=1 w=FR si=1 lp=(-0.760,-0.100,1.250) o=(-0.760,0.334,1.250) wp=(-0.747,0.320,1.250) mw=(0.013,-0.014,0.000) pe2=(0.013,0.357,0.000) grounded=1 contactSamples=1 contactDistance=0.320 sl=0.371 c=0.089 cv=-0.015 sf=3474.513 df=-44.181 af=3430.332 Fz=2906.555 Fx=0.000 Fy=-0.000 k=0.000 a=0.000 p=(-0.747,-0.000,1.250) n=(-0.000,1.000,-0.000)
[DEBUG] [W] i=2 w=RL si=2 lp=(0.760,-0.100,-1.250) o=(0.760,0.334,-1.250) wp=(0.747,0.320,-1.250) mw=(-0.013,-0.014,0.000) pe2=(-0.013,0.357,0.000) grounded=1 contactSamples=1 contactDistance=0.320 sl=0.371 c=0.089 cv=-0.015 sf=3474.513 df=-44.181 af=3430.332 Fz=2906.555 Fx=0.000 Fy=-0.000 k=0.000 a=0.000 p=(0.747,-0.000,-1.250) n=(-0.000,1.000,-0.000)
[DEBUG] [W] i=3 w=RR si=3 lp=(-0.760,-0.100,-1.250) o=(-0.760,0.334,-1.250) wp=(-0.747,0.320,-1.250) mw=(0.013,-0.014,0.000) pe2=(0.013,0.357,0.000) grounded=1 contactSamples=1 contactDistance=0.320 sl=0.371 c=0.089 cv=-0.015 sf=3474.513 df=-44.181 af=3430.332 Fz=2906.555 Fx=0.000 Fy=-0.000 k=0.000 a=0.000 p=(-0.747,-0.000,-1.250) n=(-0.000,1.000,-0.000)
[DEBUG] [Cornering] steerInput=0.000 frontSteerAngle=-0.000 yawRateY=0.000 rollRateZ=0.000 leftLoad=5813.110 rightLoad=5813.110 leftMinusRight=0.000
[DEBUG] [W] i=0 w=FL si=0 lp=(0.760,-0.100,1.250) o=(0.760,0.334,1.250) wp=(0.747,0.320,1.250) mw=(-0.013,-0.014,0.000) pe2=(-0.013,0.357,0.000) grounded=1 contactSamples=1 contactDistance=0.320 sl=0.371 c=0.089 cv=-0.015 sf=3474.513 df=-44.181 af=3430.332 Fz=2906.555 Fx=0.000 Fy=-0.000 k=0.000 a=0.000 p=(0.747,-0.000,1.250) n=(-0.000,1.000,-0.000)
[DEBUG] [W] i=1 w=FR si=1 lp=(-0.760,-0.100,1.250) o=(-0.760,0.334,1.250) wp=(-0.747,0.320,1.250) mw=(0.013,-0.014,0.000) pe2=(0.013,0.357,0.000) grounded=1 contactSamples=1 contactDistance=0.320 sl=0.371 c=0.089 cv=-0.015 sf=3474.513 df=-44.181 af=3430.332 Fz=2906.555 Fx=0.000 Fy=-0.000 k=0.000 a=0.000 p=(-0.747,-0.000,1.250) n=(-0.000,1.000,-0.000)
[DEBUG] [W] i=2 w=RL si=2 lp=(0.760,-0.100,-1.250) o=(0.760,0.334,-1.250) wp=(0.747,0.320,-1.250) mw=(-0.013,-0.014,0.000) pe2=(-0.013,0.357,0.000) grounded=1 contactSamples=1 contactDistance=0.320 sl=0.371 c=0.089 cv=-0.015 sf=3474.513 df=-44.181 af=3430.332 Fz=2906.555 Fx=0.000 Fy=-0.000 k=0.000 a=0.000 p=(0.747,-0.000,-1.250) n=(-0.000,1.000,-0.000)
[DEBUG] [W] i=3 w=RR si=3 lp=(-0.760,-0.100,-1.250) o=(-0.760,0.334,-1.250) wp=(-0.747,0.320,-1.250) mw=(0.013,-0.014,0.000) pe2=(0.013,0.357,0.000) grounded=1 contactSamples=1 contactDistance=0.320 sl=0.371 c=0.089 cv=-0.015 sf=3474.513 df=-44.181 af=3430.332 Fz=2906.555 Fx=0.000 Fy=-0.000 k=0.000 a=0.000 p=(-0.747,-0.000,-1.250) n=(-0.000,1.000,-0.000)
[DEBUG] [Cornering] steerInput=0.000 frontSteerAngle=-0.000 yawRateY=0.000 rollRateZ=0.000 leftLoad=5813.110 rightLoad=5813.110 leftMinusRight=0.000
[INFO] [EnergyDelta] step=4740 t=39.500004 deltaFromBaseline=-11.541016 stepDelta=1.664062 integratedPowerA=163.304871 integratedPowerB=-82.293121 integratedSpringPower=-172.424591 integratedDamperPower=92.001015 integratedPowerBalanceResidual=0.588173
[INFO] [State] t=39.500004 y=0.434127 z=0.000000 vy=-0.000440 vz=0.000000 energy=5731.341797 compression=0.089213,0.089213,0.089213,0.089213
[DEBUG] [W] i=0 w=FL si=0 lp=(0.760,-0.100,1.250) o=(0.760,0.334,1.250) wp=(0.747,0.320,1.250) mw=(-0.013,-0.014,0.000) pe2=(-0.013,0.357,0.000) grounded=1 contactSamples=1 contactDistance=0.320 sl=0.371 c=0.089 cv=-0.015 sf=3474.513 df=-44.181 af=3430.332 Fz=2906.555 Fx=0.000 Fy=-0.000 k=0.000 a=0.000 p=(0.747,-0.000,1.250) n=(-0.000,1.000,-0.000)
[DEBUG] [W] i=1 w=FR si=1 lp=(-0.760,-0.100,1.250) o=(-0.760,0.334,1.250) wp=(-0.747,0.320,1.250) mw=(0.013,-0.014,0.000) pe2=(0.013,0.357,0.000) grounded=1 contactSamples=1 contactDistance=0.320 sl=0.371 c=0.089 cv=-0.015 sf=3474.513 df=-44.181 af=3430.332 Fz=2906.555 Fx=0.000 Fy=-0.000 k=0.000 a=0.000 p=(-0.747,-0.000,1.250) n=(-0.000,1.000,-0.000)
[DEBUG] [W] i=2 w=RL si=2 lp=(0.760,-0.100,-1.250) o=(0.760,0.334,-1.250) wp=(0.747,0.320,-1.250) mw=(-0.013,-0.014,0.000) pe2=(-0.013,0.357,0.000) grounded=1 contactSamples=1 contactDistance=0.320 sl=0.371 c=0.089 cv=-0.015 sf=3474.513 df=-44.181 af=3430.332 Fz=2906.555 Fx=0.000 Fy=-0.000 k=0.000 a=0.000 p=(0.747,-0.000,-1.250) n=(-0.000,1.000,-0.000)
[DEBUG] [W] i=3 w=RR si=3 lp=(-0.760,-0.100,-1.250) o=(-0.760,0.334,-1.250) wp=(-0.747,0.320,-1.250) mw=(0.013,-0.014,0.000) pe2=(0.013,0.357,0.000) grounded=1 contactSamples=1 contactDistance=0.320 sl=0.371 c=0.089 cv=-0.015 sf=3474.513 df=-44.181 af=3430.332 Fz=2906.555 Fx=0.000 Fy=-0.000 k=0.000 a=0.000 p=(-0.747,-0.000,-1.250) n=(-0.000,1.000,-0.000)
[DEBUG] [Cornering] steerInput=0.000 frontSteerAngle=-0.000 yawRateY=0.000 rollRateZ=0.000 leftLoad=5813.110 rightLoad=5813.110 leftMinusRight=0.000
[DEBUG] [Energy] x=0.000 y=0.434 z=0.000 vx=0.000 vy=0.000 vz=0.000 total=5729.660 potential=5110.570 linear=0.000 angular=0.000 wheels=0.000 suspension=619.090 suspensionPower=4.877 suspensionResidual=-197.151
[DEBUG] [W] i=0 w=FL si=0 lp=(0.760,-0.100,1.250) o=(0.760,0.334,1.250) wp=(0.747,0.320,1.250) mw=(-0.013,-0.014,0.000) pe2=(-0.013,0.357,0.000) grounded=1 contactSamples=1 contactDistance=0.320 sl=0.371 c=0.089 cv=0.015 sf=3479.299 df=36.809 af=3516.108 Fz=2978.826 Fx=0.000 Fy=-0.000 k=0.000 a=0.000 p=(0.747,-0.000,1.250) n=(-0.000,1.000,-0.000)
[DEBUG] [W] i=1 w=FR si=1 lp=(-0.760,-0.100,1.250) o=(-0.760,0.334,1.250) wp=(-0.747,0.320,1.250) mw=(0.013,-0.014,0.000) pe2=(0.013,0.357,0.000) grounded=1 contactSamples=1 contactDistance=0.320 sl=0.371 c=0.089 cv=0.015 sf=3479.299 df=36.809 af=3516.108 Fz=2978.826 Fx=0.000 Fy=-0.000 k=0.000 a=0.000 p=(-0.747,-0.000,1.250) n=(-0.000,1.000,-0.000)
[DEBUG] [W] i=2 w=RL si=2 lp=(0.760,-0.100,-1.250) o=(0.760,0.334,-1.250) wp=(0.747,0.320,-1.250) mw=(-0.013,-0.014,0.000) pe2=(-0.013,0.357,0.000) grounded=1 contactSamples=1 contactDistance=0.320 sl=0.371 c=0.089 cv=0.015 sf=3479.299 df=36.809 af=3516.108 Fz=2978.826 Fx=0.000 Fy=-0.000 k=0.000 a=0.000 p=(0.747,-0.000,-1.250) n=(-0.000,1.000,-0.000)
[DEBUG] [W] i=3 w=RR si=3 lp=(-0.760,-0.100,-1.250) o=(-0.760,0.334,-1.250) wp=(-0.747,0.320,-1.250) mw=(0.013,-0.014,0.000) pe2=(0.013,0.357,0.000) grounded=1 contactSamples=1 contactDistance=0.320 sl=0.371 c=0.089 cv=0.015 sf=3479.299 df=36.809 af=3516.108 Fz=2978.826 Fx=0.000 Fy=-0.000 k=0.000 a=0.000 p=(-0.747,-0.000,-1.250) n=(-0.000,1.000,-0.000)
[DEBUG] [Cornering] steerInput=0.000 frontSteerAngle=-0.000 yawRateY=0.000 rollRateZ=0.000 leftLoad=5957.652 rightLoad=5957.652 leftMinusRight=0.000
[DEBUG] [W] i=0 w=FL si=0 lp=(0.760,-0.100,1.250) o=(0.760,0.334,1.250) wp=(0.747,0.320,1.250) mw=(-0.013,-0.014,0.000) pe2=(-0.013,0.357,0.000) grounded=1 contactSamples=1 contactDistance=0.320 sl=0.371 c=0.089 cv=-0.015 sf=3474.514 df=-44.171 af=3430.344 Fz=2906.565 Fx=0.000 Fy=-0.000 k=0.000 a=0.000 p=(0.747,-0.000,1.250) n=(-0.000,1.000,-0.000)
[DEBUG] [W] i=1 w=FR si=1 lp=(-0.760,-0.100,1.250) o=(-0.760,0.334,1.250) wp=(-0.747,0.320,1.250) mw=(0.013,-0.014,0.000) pe2=(0.013,0.357,0.000) grounded=1 contactSamples=1 contactDistance=0.320 sl=0.371 c=0.089 cv=-0.015 sf=3474.514 df=-44.171 af=3430.344 Fz=2906.565 Fx=0.000 Fy=-0.000 k=0.000 a=0.000 p=(-0.747,-0.000,1.250) n=(-0.000,1.000,-0.000)
[DEBUG] [W] i=2 w=RL si=2 lp=(0.760,-0.100,-1.250) o=(0.760,0.334,-1.250) wp=(0.747,0.320,-1.250) mw=(-0.013,-0.014,0.000) pe2=(-0.013,0.357,0.000) grounded=1 contactSamples=1 contactDistance=0.320 sl=0.371 c=0.089 cv=-0.015 sf=3474.514 df=-44.171 af=3430.344 Fz=2906.565 Fx=0.000 Fy=-0.000 k=0.000 a=0.000 p=(0.747,-0.000,-1.250) n=(-0.000,1.000,-0.000)
[DEBUG] [W] i=3 w=RR si=3 lp=(-0.760,-0.100,-1.250) o=(-0.760,0.334,-1.250) wp=(-0.747,0.320,-1.250) mw=(0.013,-0.014,0.000) pe2=(0.013,0.357,0.000) grounded=1 contactSamples=1 contactDistance=0.320 sl=0.371 c=0.089 cv=-0.015 sf=3474.514 df=-44.171 af=3430.344 Fz=2906.565 Fx=0.000 Fy=-0.000 k=0.000 a=0.000 p=(-0.747,-0.000,-1.250) n=(-0.000,1.000,-0.000)
[DEBUG] [Cornering] steerInput=0.000 frontSteerAngle=-0.000 yawRateY=0.000 rollRateZ=0.000 leftLoad=5813.129 rightLoad=5813.129 leftMinusRight=0.000
[DEBUG] [W] i=0 w=FL si=0 lp=(0.760,-0.100,1.250) o=(0.760,0.334,1.250) wp=(0.747,0.320,1.250) mw=(-0.013,-0.014,0.000) pe2=(-0.013,0.357,0.000) grounded=1 contactSamples=1 contactDistance=0.320 sl=0.371 c=0.089 cv=-0.015 sf=3474.514 df=-44.171 af=3430.344 Fz=2906.565 Fx=0.000 Fy=-0.000 k=0.000 a=0.000 p=(0.747,-0.000,1.250) n=(-0.000,1.000,-0.000)
[DEBUG] [W] i=1 w=FR si=1 lp=(-0.760,-0.100,1.250) o=(-0.760,0.334,1.250) wp=(-0.747,0.320,1.250) mw=(0.013,-0.014,0.000) pe2=(0.013,0.357,0.000) grounded=1 contactSamples=1 contactDistance=0.320 sl=0.371 c=0.089 cv=-0.015 sf=3474.514 df=-44.171 af=3430.344 Fz=2906.565 Fx=0.000 Fy=-0.000 k=0.000 a=0.000 p=(-0.747,-0.000,1.250) n=(-0.000,1.000,-0.000)
[DEBUG] [W] i=2 w=RL si=2 lp=(0.760,-0.100,-1.250) o=(0.760,0.334,-1.250) wp=(0.747,0.320,-1.250) mw=(-0.013,-0.014,0.000) pe2=(-0.013,0.357,0.000) grounded=1 contactSamples=1 contactDistance=0.320 sl=0.371 c=0.089 cv=-0.015 sf=3474.514 df=-44.171 af=3430.344 Fz=2906.565 Fx=0.000 Fy=-0.000 k=0.000 a=0.000 p=(0.747,-0.000,-1.250) n=(-0.000,1.000,-0.000)
[DEBUG] [W] i=3 w=RR si=3 lp=(-0.760,-0.100,-1.250) o=(-0.760,0.334,-1.250) wp=(-0.747,0.320,-1.250) mw=(0.013,-0.014,0.000) pe2=(0.013,0.357,0.000) grounded=1 contactSamples=1 contactDistance=0.320 sl=0.371 c=0.089 cv=-0.015 sf=3474.514 df=-44.171 af=3430.344 Fz=2906.565 Fx=0.000 Fy=-0.000 k=0.000 a=0.000 p=(-0.747,-0.000,-1.250) n=(-0.000,1.000,-0.000)
[DEBUG] [Cornering] steerInput=0.000 frontSteerAngle=-0.000 yawRateY=0.000 rollRateZ=0.000 leftLoad=5813.129 rightLoad=5813.129 leftMinusRight=0.000
[DEBUG] [W] i=0 w=FL si=0 lp=(0.760,-0.100,1.250) o=(0.760,0.334,1.250) wp=(0.747,0.320,1.250) mw=(-0.013,-0.014,0.000) pe2=(-0.013,0.357,0.000) grounded=1 contactSamples=1 contactDistance=0.320 sl=0.371 c=0.089 cv=0.015 sf=3479.301 df=36.818 af=3516.118 Fz=2978.835 Fx=0.000 Fy=-0.000 k=0.000 a=0.000 p=(0.747,-0.000,1.250) n=(-0.000,1.000,-0.000)
[DEBUG] [W] i=1 w=FR si=1 lp=(-0.760,-0.100,1.250) o=(-0.760,0.334,1.250) wp=(-0.747,0.320,1.250) mw=(0.013,-0.014,0.000) pe2=(0.013,0.357,0.000) grounded=1 contactSamples=1 contactDistance=0.320 sl=0.371 c=0.089 cv=0.015 sf=3479.301 df=36.818 af=3516.118 Fz=2978.835 Fx=0.000 Fy=-0.000 k=0.000 a=0.000 p=(-0.747,-0.000,1.250) n=(-0.000,1.000,-0.000)
[DEBUG] [W] i=2 w=RL si=2 lp=(0.760,-0.100,-1.250) o=(0.760,0.334,-1.250) wp=(0.747,0.320,-1.250) mw=(-0.013,-0.014,0.000) pe2=(-0.013,0.357,0.000) grounded=1 contactSamples=1 contactDistance=0.320 sl=0.371 c=0.089 cv=0.015 sf=3479.301 df=36.818 af=3516.118 Fz=2978.835 Fx=0.000 Fy=-0.000 k=0.000 a=0.000 p=(0.747,-0.000,-1.250) n=(-0.000,1.000,-0.000)
[DEBUG] [W] i=3 w=RR si=3 lp=(-0.760,-0.100,-1.250) o=(-0.760,0.334,-1.250) wp=(-0.747,0.320,-1.250) mw=(0.013,-0.014,0.000) pe2=(0.013,0.357,0.000) grounded=1 contactSamples=1 contactDistance=0.320 sl=0.371 c=0.089 cv=0.015 sf=3479.301 df=36.818 af=3516.118 Fz=2978.835 Fx=0.000 Fy=-0.000 k=0.000 a=0.000 p=(-0.747,-0.000,-1.250) n=(-0.000,1.000,-0.000)
[DEBUG] [Cornering] steerInput=0.000 frontSteerAngle=-0.000 yawRateY=0.000 rollRateZ=0.000 leftLoad=5957.669 rightLoad=5957.669 leftMinusRight=0.000
[INFO] [Summary] minY=0.420000 maxAbsZ=0.000000 maxEnergy=5742.882812 maxAbsEnergyStepDelta=1.668945 finalMeasuredEnergy=5731.357910 measuredEnergyDelta=-11.524902 integratedPowerA=163.287170 integratedPowerB=-83.447632 integratedSpringPower=-172.358490 integratedDamperPower=93.114296 integratedPowerBalanceResidual=0.595345 finalY=0.434132 finalZ=0.000000
[INFO] [EnergyPeak] step=0 t=0.000000 total=5742.882812 potential=4944.240234 linear=0.000000 angular=0.000000 spring=798.642517 y=0.420000 vy=0.000000 vz=0.000000 wx=0.000000 wy=0.000000 wz=0.000000
[INFO] [EnergyPeakWheel] name=FL grounded=1 length=0.358812 compression=0.101188 compressionVelocity=0.000000 springForce=3946.331055 damperForce=0.000000 suspensionPower=0.000000 residual=0.000000 mountA=(0.550000,0.620000,1.250000) mountB=(0.746738,0.319933,1.250000) mountAVel=(0.000000,0.000000,0.000000) mountBVel=(0.000000,0.000000,0.000000) relativeVel=(0.000000,0.000000,0.000000) springAxis=(0.548304,-0.836279,0.000000) powerA=0.000000 powerB=0.000000 springPower=0.000000 damperPower=0.000000 powerBalanceResidual=0.000000 force=(-2163.790283,3300.233398,-0.000000)
[INFO] [EnergyPeakWheel] name=FR grounded=1 length=0.358812 compression=0.101188 compressionVelocity=0.000000 springForce=3946.331055 damperForce=0.000000 suspensionPower=0.000000 residual=0.000000 mountA=(-0.550000,0.620000,1.250000) mountB=(-0.746738,0.319933,1.250000) mountAVel=(0.000000,0.000000,0.000000) mountBVel=(0.000000,0.000000,0.000000) relativeVel=(0.000000,0.000000,0.000000) springAxis=(-0.548304,-0.836279,0.000000) powerA=0.000000 powerB=0.000000 springPower=0.000000 damperPower=0.000000 powerBalanceResidual=0.000000 force=(2163.790283,3300.233398,-0.000000)
[INFO] [EnergyPeakWheel] name=RL grounded=1 length=0.358812 compression=0.101188 compressionVelocity=0.000000 springForce=3946.331055 damperForce=0.000000 suspensionPower=0.000000 residual=0.000000 mountA=(0.550000,0.620000,-1.250000) mountB=(0.746738,0.319933,-1.250000) mountAVel=(0.000000,0.000000,0.000000) mountBVel=(0.000000,0.000000,0.000000) relativeVel=(0.000000,0.000000,0.000000) springAxis=(0.548304,-0.836279,0.000000) powerA=0.000000 powerB=0.000000 springPower=0.000000 damperPower=0.000000 powerBalanceResidual=0.000000 force=(-2163.790283,3300.233398,-0.000000)
[INFO] [EnergyPeakWheel] name=RR grounded=1 length=0.358812 compression=0.101188 compressionVelocity=0.000000 springForce=3946.331055 damperForce=0.000000 suspensionPower=0.000000 residual=0.000000 mountA=(-0.550000,0.620000,-1.250000) mountB=(-0.746738,0.319933,-1.250000) mountAVel=(0.000000,0.000000,0.000000) mountBVel=(0.000000,0.000000,0.000000) relativeVel=(0.000000,0.000000,0.000000) springAxis=(-0.548304,-0.836279,0.000000) powerA=0.000000 powerB=0.000000 springPower=0.000000 damperPower=0.000000 powerBalanceResidual=0.000000 force=(2163.790283,3300.233398,-0.000000)
[INFO] [PASS] Suspension remained stable and energy did not increase
